{
  "embedding_files": [
    "new_1776234282846_gt_589.1s_f100.jpg",
    "new_1776234282846_gt_2.1s_f10.jpg",
    "gt_53.6s_f4.jpg",
    "gt_65.7s_f15.jpg",
    "gt_76.0s_f29.jpg",
    "gt_324.5s_f107.jpg",
    "new_1776234282846_gt_503.3s_f69.jpg",
    "gt_217.1s_f71.jpg"
  ],
  "backup_files": [
    "new_1776234282846_gt_184.5s_f32.jpg",
    "new_1776234282846_gt_383.1s_f55.jpg"
  ],
  "scores": {
    "gt_217.1s_f71.jpg": 16.0436,
    "gt_324.5s_f107.jpg": 8.2506,
    "gt_53.6s_f4.jpg": 25.6922,
    "gt_65.7s_f15.jpg": 23.0781,
    "gt_76.0s_f29.jpg": 19.153,
    "new_1776234282846_gt_184.5s_f32.jpg": 288.5749,
    "new_1776234282846_gt_2.1s_f10.jpg": 163.7039,
    "new_1776234282846_gt_383.1s_f55.jpg": 264.5531,
    "new_1776234282846_gt_503.3s_f69.jpg": 280.5361,
    "new_1776234282846_gt_589.1s_f100.jpg": 311.2876
  },
  "approved_files": [
    "gt_217.1s_f71.jpg",
    "gt_324.5s_f107.jpg",
    "new_1776234282846_gt_184.5s_f32.jpg",
    "new_1776234282846_gt_2.1s_f10.jpg",
    "new_1776234282846_gt_383.1s_f55.jpg",
    "new_1776234282846_gt_503.3s_f69.jpg",
    "new_1776234282846_gt_589.1s_f100.jpg",
    "gt_53.6s_f4.jpg",
    "gt_65.7s_f15.jpg",
    "gt_76.0s_f29.jpg"
  ],
  "mean_embedding": [
    0.02188865654170513,
    0.0305998045951128,
    0.060606326907873154,
    -0.023169131949543953,
    0.05678950995206833,
    -0.01767711155116558,
    0.019861022010445595,
    0.005897935945540667,
    -0.07456745952367783,
    0.006810221821069717,
    0.027683204039931297,
    0.01634807139635086,
    -0.012919723987579346,
    0.009865858592092991,
    -0.05793903395533562,
    0.026039713993668556,
    -0.03155312314629555,
    -0.0011715007713064551,
    0.01091228611767292,
    0.04340948909521103,
    0.001904211938381195,
    -0.0013267375761643052,
    -0.007202880922704935,
    -0.05423785001039505,
    0.03981111943721771,
    -0.0636126771569252,
    -0.03662905469536781,
    0.005095796659588814,
    0.09281174838542938,
    0.005045089405030012,
    0.024839749559760094,
    -0.022815117612481117,
    -0.04060890153050423,
    0.034812986850738525,
    0.010362725704908371,
    0.06730080395936966,
    -0.06249494105577469,
    -0.06045065447688103,
    0.0838865339756012,
    -0.02416263520717621,
    0.012819225899875164,
    -0.0028559972997754812,
    -0.03400460258126259,
    0.035753633826971054,
    -0.0022544099483639,
    0.00026688227080740035,
    0.039213500916957855,
    -0.0005606982740573585,
    0.021091634407639503,
    0.017797263339161873,
    0.01728670299053192,
    0.048823680728673935,
    -0.06326835602521896,
    -0.005938919726759195,
    -0.037691421806812286,
    0.029159465804696083,
    -0.04353480041027069,
    0.0036050542257726192,
    0.008332595229148865,
    -0.024705519899725914,
    0.009973899461328983,
    0.05271397903561592,
    -0.03787163645029068,
    0.02885081246495247,
    -0.03939378634095192,
    0.007957903668284416,
    0.02268502674996853,
    -0.09554056823253632,
    0.011773889884352684,
    -0.02337324060499668,
    0.019395992159843445,
    -0.010094947181642056,
    -0.04066130891442299,
    0.017569497227668762,
    -0.0373799204826355,
    0.06273756921291351,
    0.037235088646411896,
    0.004113373812288046,
    -0.015894202515482903,
    0.05430411547422409,
    0.07308494299650192,
    -0.028915124014019966,
    -0.052325520664453506,
    -0.044215984642505646,
    0.08006217330694199,
    -0.05149497464299202,
    0.005980632733553648,
    -0.04419437795877457,
    -0.008522565476596355,
    0.06310902535915375,
    0.0035058576613664627,
    0.007127304095774889,
    0.01109990943223238,
    -0.021241337060928345,
    -0.030936039984226227,
    -0.009813209064304829,
    -0.003447942668572068,
    0.016487767919898033,
    0.05743962898850441,
    -0.010247255675494671,
    0.026426484808325768,
    -0.030700357630848885,
    0.09068208187818527,
    0.04092264920473099,
    0.011422013863921165,
    -0.03954034298658371,
    -0.0037341986317187548,
    -0.08636876940727234,
    -0.022864114493131638,
    -0.005981290712952614,
    -0.04867204278707504,
    0.05172645300626755,
    0.02889280952513218,
    0.03153111785650253,
    0.022101381793618202,
    -0.01832284778356552,
    0.0056882379576563835,
    -0.014048597775399685,
    -0.02419806271791458,
    0.041679006069898605,
    -0.11395785957574844,
    -0.02541225776076317,
    0.044766321778297424,
    0.033555127680301666,
    0.012935236096382141,
    0.026429513469338417,
    -0.028981003910303116,
    0.019772158935666084,
    0.040099482983350754,
    0.015485446900129318,
    0.009654829278588295,
    0.007918826304376125,
    -0.027092155069112778,
    -0.020040985196828842,
    -0.00738529535010457,
    0.0030024235602468252,
    -0.019111299887299538,
    -0.034301456063985825,
    0.012470533140003681,
    0.0024769881274551153,
    0.02502170205116272,
    0.020544758066534996,
    0.009166561998426914,
    0.046516302973032,
    -0.06623154133558273,
    -0.03499768301844597,
    -0.0012468693312257528,
    0.008539948612451553,
    -0.06028832122683525,
    -0.06157143414020538,
    0.004412658046931028,
    -0.047581952065229416,
    -0.06671012938022614,
    0.05389513075351715,
    0.010158530436456203,
    -0.014648349024355412,
    0.0014589140191674232,
    -0.001242720172740519,
    0.05670368671417236,
    0.04770052060484886,
    -0.05269987881183624,
    0.10453785955905914,
    -0.021335506811738014,
    0.038296911865472794,
    -0.005324197467416525,
    -0.023234855383634567,
    -0.13854503631591797,
    -0.014960556291043758,
    0.005076507572084665,
    0.025860507041215897,
    0.09295899420976639,
    -0.005380092654377222,
    -0.041946928948163986,
    0.015357066877186298,
    -0.04824410006403923,
    -0.042812906205654144,
    -0.056747015565633774,
    -0.005832941737025976,
    -0.008831670507788658,
    -0.04211091250181198,
    -0.07804548740386963,
    0.006653773598372936,
    -0.01462427619844675,
    -0.012164173647761345,
    -0.045659422874450684,
    -0.02742471732199192,
    0.01695808209478855,
    -0.006930309347808361,
    0.055390141904354095,
    0.02678026631474495,
    0.03399839252233505,
    0.026787014678120613,
    -0.006678651552647352,
    0.039454445242881775,
    -0.0015438824193552136,
    -0.09704931825399399,
    -0.012147484347224236,
    0.022984568029642105,
    0.029912594705820084,
    -0.06522665917873383,
    -0.012216736562550068,
    -0.027779189869761467,
    -0.0714295357465744,
    -0.006304662209004164,
    0.027207309380173683,
    0.03922305256128311,
    -0.0017869242001324892,
    0.01581699587404728,
    -0.0029032041784375906,
    -0.07330190390348434,
    -0.08046220988035202,
    0.02791072428226471,
    0.030224062502384186,
    0.03975160792469978,
    -0.0590796023607254,
    0.046682532876729965,
    -0.08048202097415924,
    -0.003804743057116866,
    -0.019901936873793602,
    -0.008540920913219452,
    0.0013512808363884687,
    0.013830438256263733,
    0.007565654814243317,
    -0.04203064739704132,
    -0.005951726343482733,
    0.002960007870569825,
    0.02369687519967556,
    -0.00992564670741558,
    0.05354417860507965,
    0.014116737060248852,
    0.01799190230667591,
    -0.023003092035651207,
    -0.04965302348136902,
    0.010621536523103714,
    -0.06790155172348022,
    0.061329979449510574,
    0.08114268630743027,
    -0.0027947290800511837,
    0.01971667818725109,
    0.038571421056985855,
    0.046264003962278366,
    -0.05904905125498772,
    0.020123761147260666,
    0.037496741861104965,
    0.020648008212447166,
    -0.052298080176115036,
    0.0027981847524642944,
    0.0742247998714447,
    -0.05316970869898796,
    0.0494023822247982,
    0.06185457110404968,
    -0.05162589251995087,
    -0.009182484820485115,
    0.005668134428560734,
    0.04464765638113022,
    -0.02315283752977848,
    0.008141748607158661,
    -0.05509126931428909,
    0.07600279897451401,
