{
  "embedding_files": [
    "gt_217.1s_f41.jpg",
    "gt_117.2s_f33.jpg",
    "gt_324.5s_f115.jpg"
  ],
  "backup_files": [],
  "scores": {
    "gt_217.1s_f41.jpg": 141.8268,
    "gt_117.2s_f33.jpg": 88.1906,
    "gt_324.5s_f115.jpg": 63.8883
  },
  "approved_files": [
    "gt_217.1s_f41.jpg",
    "gt_117.2s_f33.jpg",
    "gt_324.5s_f115.jpg"
  ],
  "mean_embedding": [
    -0.052754126489162445,
    -0.003474903292953968,
    0.011795757338404655,
    -0.061938460916280746,
    0.033207766711711884,
    -0.0033217084128409624,
    -0.018200671300292015,
    0.03979166969656944,
    0.006165148690342903,
    0.04395028576254845,
    0.03175089508295059,
    0.08760673552751541,
    -0.07411578297615051,
    -0.02353082410991192,
    -0.03777996823191643,
    0.03791239857673645,
    -0.028656192123889923,
    0.021322067826986313,
    0.0449901819229126,
    -0.024799061939120293,
    0.03525394946336746,
    -0.027446307241916656,
    0.05624403432011604,
    -0.03482671454548836,
    0.000851364922709763,
    -0.009707154706120491,
    0.061452507972717285,
    -0.043151963502168655,
    -0.0018164244247600436,
    0.07760598510503769,
    0.024093110114336014,
    0.04451435059309006,
    -0.03975835070014,
    0.04327188804745674,
    0.10730063915252686,
    -0.010155384428799152,
    0.00562145235016942,
    0.04621628671884537,
    0.09930361062288284,
    0.026967056095600128,
    0.039531510323286057,
    -0.028866302222013474,
    -0.05565406754612923,
    0.0410827174782753,
    -0.02892310358583927,
    -0.027460137382149696,
    -0.02712971903383732,
    -0.03803493082523346,
    0.021348750218749046,
    0.004705728963017464,
    -0.006357930134981871,
    0.07678968459367752,
    -0.025751758366823196,
    0.005094371270388365,
    0.01030177902430296,
    -0.005812504328787327,
    -0.02514948882162571,
    -0.0580027773976326,
    -0.059611037373542786,
    -0.051401134580373764,
    0.031243247911334038,
    -0.02218896523118019,
    -0.07572047412395477,
    0.10009391605854034,
    0.05983038246631622,
    0.02968967892229557,
    0.020806889981031418,
    -0.02637229673564434,
    -0.04665237292647362,
    0.007260275539010763,
    0.02681019902229309,
    -0.012727808207273483,
    0.04172823950648308,
    -0.02807813324034214,
    -0.020673051476478577,
    -0.039272911846637726,
    0.025818193331360817,
    -0.04298560321331024,
    0.0016329901991412044,
    0.08026061952114105,
    -0.011273385025560856,
    0.037818677723407745,
    -0.018639210611581802,
    0.05065209046006203,
    0.04183047637343407,
    0.015166162513196468,
    0.03794214501976967,
    -0.02260722406208515,
    -0.03802952915430069,
    0.10366760939359665,
    -0.0705978125333786,
    0.04691978543996811,
    -0.0036734724417328835,
    -0.04919658601284027,
    0.08199436217546463,
    0.023470385000109673,
    -0.04629531875252724,
    -0.10010356456041336,
    -0.0826416090130806,
    -0.0014489006716758013,
    0.040160469710826874,
    -0.06158646568655968,
    0.08780906349420547,
    0.06643472611904144,
    0.04817443713545799,
    0.007079434115439653,
    0.027840638533234596,
    -0.04769544303417206,
    -0.012942962348461151,
    0.04165926203131676,
    -0.06961517035961151,
    0.04254443198442459,
    0.001382668735459447,
    -0.00804939679801464,
    0.037831492722034454,
    0.00013967051927465945,
    0.0009248243877664208,
    -0.06854940205812454,
    -0.005166992545127869,
    0.06412611156702042,
    -0.021984372287988663,
    0.014255101792514324,
    0.0149298794567585,
    -0.01750754751265049,
    0.03993992507457733,
    -0.014078634791076183,
    0.03623116388916969,
    -0.0017199255526065826,
    0.023453857749700546,
    -0.009649930521845818,
    0.02163764089345932,
    -0.006240843795239925,
    -0.12556877732276917,
    0.011212528683245182,
    -0.012129317037761211,
    -0.013361900113523006,
    0.06242450699210167,
    -0.010262694209814072,
    0.03315581753849983,
    0.003069560509175062,
    0.0005835902993567288,
    0.0007394531276077032,
    -0.03655967861413956,
    0.005435807630419731,
    -0.007197017781436443,
    0.06639797240495682,
    0.004859889857470989,
    -0.012895017862319946,
    -0.1225619688630104,
    0.0030804963316768408,
    -0.002236252883449197,
    0.00430902699008584,
    0.012616729363799095,
    0.09990870952606201,
    -0.0386185459792614,
    0.02791668474674225,
    0.05098966136574745,
    -0.033034130930900574,
    0.03840995952486992,
    -0.017073029652237892,
    0.008348352275788784,
    0.04840009659528732,
    0.009927074424922466,
    -0.0005324285593815148,
    -0.020809950307011604,
    0.0007889968110248446,
    -0.022375650703907013,
    -0.011191507801413536,
    -0.12739591300487518,
    -0.0646011158823967,
    -0.009322907775640488,
    0.043214984238147736,
    0.019236166030168533,
    0.042171500623226166,
    -0.016001157462596893,
    -0.02181430160999298,
    -0.061773840337991714,
    0.004911540076136589,
    0.034980349242687225,
    0.015314563177525997,
    0.018866639584302902,
    -0.039628125727176666,
    -0.10375979542732239,
    -0.002656647702679038,
    -0.04472185671329498,
    -0.010008609853684902,
    -0.014052641578018665,
    -0.002295342506840825,
    0.07089639455080032,
    0.057313673198223114,
    0.009592907503247261,
    -0.025653056800365448,
    -0.07234466820955276,
    0.019993314519524574,
    -0.015992246568202972,
    -0.03670642524957657,
    0.039298590272665024,
    -0.04253574088215828,
    0.00640903739258647,
    -0.09422655403614044,
    -0.01794329658150673,
    -0.04525477811694145,
    0.06516507267951965,
    0.08761342614889145,
    0.02384248375892639,
    0.013663919642567635,
    0.03370463475584984,
    -0.04505210742354393,
    -0.012390275485813618,
    -0.07521668076515198,
    -0.0024597623851150274,
    0.10153421759605408,
    -0.057332683354616165,
    0.001993681536987424,
    -0.024775635451078415,
    0.033847540616989136,
    -0.030236100777983665,
    -0.04274311661720276,
    0.015632864087820053,
    0.03315333276987076,
    0.007855133153498173,
    0.09750141203403473,
    -0.02839902974665165,
    0.007256150245666504,
    -0.006319412961602211,
    -0.09369835257530212,
    -0.04330567270517349,
    0.06573507934808731,
    0.07504888623952866,
    0.029993344098329544,
    0.08478894084692001,
    -0.0544717013835907,
    -0.02688557468354702,
    -0.007355550769716501,
    0.08548259735107422,
    0.0028942024800926447,
    0.03138960152864456,
    -0.023506218567490578,
    -0.007236570585519075,
    -0.012736169621348381,
    0.007421757560223341,
    -0.04399126395583153,
    0.009156503714621067,
    0.028237372636795044,
    0.05508296936750412,
    0.09721873700618744,
    0.05134472995996475,
    -0.0349733866751194,
    -0.030684398487210274,
    0.00885679479688406,
    0.02639579214155674,
    -0.027659427374601364,
    0.011519999243319035,
    0.02061859518289566,
    0.00032235411345027387,
    -0.06242950260639191,
    -0.017649883404374123,
    -0.052316952496767044,
    -0.031323011964559555,
    -0.006525994744151831,
    -0.002181015908718109,
    -0.02028905786573887,
    0.01564105413854122,
    0.03651054576039314,
    0.05037230625748634,
    -0.0534149669110775,
    0.023922599852085114,
    0.02427336573600769,
    -0.050579071044921875,
    -0.030248494818806648,
    0.053041499108076096,
    -0.019071539863944054,
    -0.042307715862989426,
    -0.019459811970591545,
    -0.061909619718790054,
    0.004227389581501484,
    -0.03238318860530853,
    -0.026653369888663292,
    -0.0030707826372236013,
    -0.09183941036462784,
    -0.012784767895936966,
    -0.025643842294812202,
    -0.01820557191967964,
    -0.06535349041223526,
    -0.01182494405657053,
    0.0013633264461532235,
    0.03135637938976288,
    -0.026277784258127213,
    0.055927179753780365,
    -0.01931164786219597,
    0.026468489319086075,
    -0.018308138474822044,
