{
  "embedding_files": [
    "gt_179.3s_f154.jpg",
    "gt_140.2s_f120.jpg",
    "gt_35.4s_f33.jpg",
    "gt_213.3s_f176.jpg",
    "gt_69.1s_f64.jpg"
  ],
  "backup_files": [
    "gt_102.8s_f95.jpg",
    "gt_2.0s_f1.jpg"
  ],
  "scores": {
    "gt_35.4s_f33.jpg": 21.5943,
    "gt_69.1s_f64.jpg": 19.3679,
    "gt_2.0s_f1.jpg": 17.9416,
    "gt_102.8s_f95.jpg": 16.3065,
    "gt_140.2s_f120.jpg": 25.1307,
    "gt_179.3s_f154.jpg": 25.7623,
    "gt_213.3s_f176.jpg": 20.0899
  },
  "approved_files": [
    "gt_179.3s_f154.jpg",
    "gt_140.2s_f120.jpg",
    "gt_35.4s_f33.jpg",
    "gt_213.3s_f176.jpg",
    "gt_69.1s_f64.jpg",
    "gt_2.0s_f1.jpg",
    "gt_102.8s_f95.jpg"
  ],
  "mean_embedding": [
    0.12352190911769867,
    -0.011537326499819756,
    0.032007649540901184,
    0.045806460082530975,
    -0.008488518185913563,
    0.06359225511550903,
    0.031588710844516754,
    0.03461632505059242,
    0.06805317848920822,
    -0.025392580777406693,
    0.03640701621770859,
    -0.022784745320677757,
    -0.08233123272657394,
    0.06503908336162567,
    0.060928087681531906,
    -0.010134257376194,
    -0.024638142436742783,
    -0.03428523987531662,
    0.03509073704481125,
    -0.06712321937084198,
    0.022764917463064194,
    -0.044143665581941605,
    -0.06198834255337715,
    0.060722559690475464,
    0.03593790531158447,
    -0.011770116165280342,
    -0.019048115238547325,
    -0.020141450688242912,
    -0.039816249161958694,
    -0.0009122634073719382,
    -0.03804634511470795,
    -0.004969382658600807,
    -0.04056166484951973,
    -0.060298461467027664,
    0.04993603378534317,
    -0.003095061518251896,
    0.0695548877120018,
    0.009459384717047215,
    -0.0360586978495121,
    -0.020192189142107964,
    0.04757067933678627,
    0.05256359651684761,
    -0.027943367138504982,
    -0.01059754565358162,
    -0.0192136000841856,
    -0.07671093940734863,
    -0.0303584486246109,
    -0.006842573639005423,
    -0.015097889117896557,
    -0.020263077691197395,
    -0.07332830876111984,
    0.008459774777293205,
    0.009085720404982567,
    0.004440422635525465,
    0.02016160637140274,
    0.07593969255685806,
    0.09468360245227814,
    0.009851020760834217,
    0.015028947964310646,
    -0.019575290381908417,
    -0.05197380110621452,
    -0.010343548841774464,
    0.011905490420758724,
    0.01119222678244114,
    -0.02315595932304859,
    -0.05378788337111473,
    0.018408967182040215,
    0.09953541308641434,
    0.09509284794330597,
    0.05959003046154976,
    -0.03211755305528641,
    -0.11256042122840881,
    0.040951117873191833,
    0.015284921042621136,
    0.011127853766083717,
    0.050397466868162155,
    -0.00035745318746194243,
    0.034849029034376144,
    0.04820607602596283,
    0.036145228892564774,
    -0.07158009707927704,
    0.08790189772844315,
    -0.01795154996216297,
    -0.01676221936941147,
    0.0425373911857605,
    0.09385444968938828,
    0.008337888866662979,
    -0.07652324438095093,
    0.02024376392364502,
    0.018702510744333267,
    -0.02111823484301567,
    0.003935323096811771,
    -0.017488155514001846,
    0.04534504562616348,
    -0.07130571454763412,
    -0.04656697437167168,
    0.06402474641799927,
    0.03136707469820976,
    -0.04598969593644142,
    -0.10972412675619125,
    -0.07750187069177628,
    0.0572468638420105,
    0.03298475965857506,
    0.008529406040906906,
    0.04313315823674202,
    -0.013348032720386982,
    0.04509419575333595,
    0.04561953246593475,
    0.04875483363866806,
    -0.025668853893876076,
    -0.013684754259884357,
    0.03589477762579918,
    -0.03042476810514927,
    -0.02839481085538864,
    -0.038123659789562225,
    0.009281220845878124,
    -0.011589919216930866,
    0.0006387511966750026,
    0.045775871723890305,
    0.06531858444213867,
    -0.10034678131341934,
    -0.025826824828982353,
    0.038087572902441025,
    0.0313643217086792,
    0.05134059488773346,
    -0.020634828135371208,
    0.044433046132326126,
    0.012705194763839245,
    -0.015328148379921913,
    0.02784857712686062,
    -0.026689887046813965,
    -0.047961633652448654,
    -0.0520685538649559,
    -0.03055582009255886,
    0.04959438368678093,
    -0.036624129861593246,
    0.003857540665194392,
    0.024351902306079865,
    -0.014678485691547394,
    0.029690103605389595,
    0.021259522065520287,
    0.030292775481939316,
    0.036468688398599625,
    0.06215321645140648,
    -0.008140691556036472,
    -0.11837150901556015,
    -0.035599756985902786,
    -0.02901342511177063,
    -0.04617162048816681,
    -0.01679067872464657,
    0.018665265291929245,
    0.05451774597167969,
    -0.014608470723032951,
    -0.005018164403736591,
    -0.037491317838430405,
    0.04577382653951645,
    0.06953734904527664,
    -0.057206347584724426,
    -0.018449267372488976,
    0.030352910980582237,
    -0.007418176159262657,
    0.0331466868519783,
    0.0730755403637886,
    -0.026502715423703194,
    -0.04117134213447571,
    0.06219405680894852,
    -0.017897631973028183,
    -0.018673568964004517,
    -0.062285415828228,
    0.01791577972471714,
    0.042010609060525894,
    -0.025106284767389297,
    0.05475364625453949,
    0.029706677421927452,
    -0.05239930376410484,
    -0.027051446959376335,
    -0.022188125178217888,
    0.05132346972823143,
    0.09999542683362961,
    -0.1140882670879364,
    -0.05372330918908119,
    0.02178828977048397,
    -0.0061093829572200775,
    0.07254816591739655,
    -0.011191819794476032,
    0.005981608759611845,
    0.05901886522769928,
    -0.059343889355659485,
    -0.006852170918136835,
    0.05445624887943268,
    0.021737923845648766,
    0.013742078095674515,
    0.06358188390731812,
    0.0038930687587708235,
    0.047377973794937134,
    0.020920487120747566,
    0.05386174097657204,
    -0.011765476316213608,
    -0.002763213589787483,
    0.03986810892820358,
    0.019022053107619286,
    0.03229707479476929,
    0.015290411189198494,
    -0.05319054797291756,
    -0.10012473911046982,
    -0.005674608051776886,
    0.006793240085244179,
    0.012942369095981121,
    0.021489299833774567,
    0.03078133426606655,
    0.062026940286159515,
    0.023524563759565353,
    -0.06039334833621979,
    -0.027516797184944153,
    0.02227238565683365,
    -0.011633645743131638,
    -0.004724336322396994,
    -0.0647030770778656,
    -0.010492461733520031,
    0.0034561380743980408,
    0.03900784254074097,
    -0.054092392325401306,
    0.04876115918159485,
    -0.021537840366363525,
    0.052244868129491806,
    -0.007305876351892948,
    0.01589091680943966,
    0.05785595253109932,
    -0.03790844976902008,
    0.031403739005327225,
    0.06286405771970749,
    -0.09429589658975601,
    0.04957873746752739,
    -0.01774432323873043,
    -0.060894519090652466,
    0.034658219665288925,
    0.020123133435845375,
    -0.02091469243168831,
    -0.006457003299146891,
    -0.023387933149933815,
    0.020724831148982048,
    0.032713379710912704,
    0.014872407540678978,
    -0.0360097736120224,
    0.03257724270224571,
    -0.009054640308022499,
    -0.01471868995577097,
    0.019743239507079124,
    0.02725617028772831,
    0.02792557142674923,
    -0.017170503735542297,
    -0.004689736757427454,
    0.0633193776011467,
    -0.006476799491792917,
    0.0705883577466011,
    0.04236934334039688,
    0.04389384761452675,
    0.017504481598734856,
    0.010402506217360497,
    -0.03816136717796326,
    0.07743687927722931,
    -0.07084766030311584,
    0.017385294660925865,
    0.0067289420403540134,
    0.014903095550835133,
    0.051845014095306396,
    0.0006922765751369298,
    0.05822063609957695,
    -0.006079019978642464,
    -0.005764639005064964,
    -0.08693822473287582,
    -0.05721775069832802,
    -0.03408137336373329,
    0.005849188659340143,
    -0.054459210485219955,
    0.0003577175666578114,
    0.06780270487070084,
    0.06758026778697968,
    0.038927339017391205,
    0.018963592126965523,
    -0.0007751764496788383,
