{
  "embedding_files": [
    "gt_1051.3s_f128.jpg",
    "gt_310.5s_f0.jpg",
    "gt_890.5s_f106.jpg",
    "gt_742.8s_f85.jpg",
    "gt_431.4s_f30.jpg",
    "gt_101.1s_f22.jpg",
    "gt_112.1s_f29.jpg",
    "gt_123.1s_f38.jpg",
    "gt_134.7s_f46.jpg",
    "gt_75.3s_f4.jpg"
  ],
  "backup_files": [],
  "scores": {
    "gt_310.5s_f0.jpg": 10.99,
    "gt_742.8s_f85.jpg": 10.0035,
    "gt_431.4s_f30.jpg": 8.2402,
    "gt_890.5s_f106.jpg": 10.1231,
    "gt_1051.3s_f128.jpg": 33.426
  },
  "approved_files": [
    "gt_1051.3s_f128.jpg",
    "gt_310.5s_f0.jpg",
    "gt_890.5s_f106.jpg",
    "gt_742.8s_f85.jpg",
    "gt_431.4s_f30.jpg",
    "gt_101.1s_f22.jpg",
    "gt_112.1s_f29.jpg",
    "gt_123.1s_f38.jpg",
    "gt_134.7s_f46.jpg",
    "gt_75.3s_f4.jpg"
  ],
  "mean_embedding": [
    0.0032601431012153625,
    0.045820627361536026,
    -0.03114313818514347,
    0.00861507747322321,
    -0.0363808237016201,
    0.02178279124200344,
    0.00826166570186615,
    -0.002259225584566593,
    -0.007149349432438612,
    0.006998582277446985,
    0.09635687619447708,
    -0.014934105798602104,
    -0.017565051093697548,
    0.012812173925340176,
    -0.09732969850301743,
    -0.013688822276890278,
    -0.0806918516755104,
    -0.06628140062093735,
    0.02485794574022293,
    -0.03559520095586777,
    -0.012894605286419392,
    0.021379686892032623,
    -0.03620130941271782,
    -0.05609837546944618,
    -0.038169749081134796,
    -0.0400865413248539,
    -0.06384552270174026,
    -0.14094357192516327,
    -0.01588854007422924,
    -0.009604808874428272,
    0.03822462260723114,
    -0.0362652912735939,
    -0.047004569321870804,
    -0.030288832262158394,
    -0.018597761169075966,
    -0.034372664988040924,
    0.02163059264421463,
    -0.07703821361064911,
    0.018041009083390236,
    0.09194546192884445,
    -0.026465168222784996,
    -0.015559503808617592,
    -0.036028895527124405,
    -0.0008296092273667455,
    -0.013832212425768375,
    -0.008416704833507538,
    0.01938767358660698,
    0.022524772211909294,
    0.035325776785612106,
    0.032746851444244385,
    -0.001271607237868011,
    0.03351800516247749,
    0.023817317560315132,
    0.021330570802092552,
    0.02815018780529499,
    -0.00811337772756815,
    0.01899338699877262,
    -0.0358649417757988,
    0.04280545189976692,
    -0.03513660654425621,
    -0.00029022147646173835,
    0.022809404879808426,
    0.05608450993895531,
    0.030085833743214607,
    0.08799933642148972,
    0.05811161547899246,
    -0.0070968130603432655,
    -0.029136255383491516,
    -0.006825194228440523,
    0.014501034282147884,
    0.009836687706410885,
    0.02213028073310852,
    0.036475807428359985,
    -0.11938019096851349,
    -0.03155595436692238,
    0.020422663539648056,
    0.022271260619163513,
    0.0007348702638410032,
    0.06358320266008377,
    0.0004469144041649997,
    0.012035427615046501,
    -0.034703709185123444,
    0.014535598456859589,
    0.032795313745737076,
    -0.07547292113304138,
    0.04722609370946884,
    -0.03606712445616722,
    -0.006768031045794487,
    0.008407038636505604,
    -0.0038449536077678204,
    0.03554781898856163,
    -0.001805656822398305,
    -0.030523493885993958,
    -0.03787579759955406,
    -0.05751168727874756,
    -0.05774687975645065,
    0.005113757681101561,
    0.0029628018382936716,
    0.019529256969690323,
    -0.009113372303545475,
    -0.03173886612057686,
    0.04939224570989609,
    0.11110115796327591,
    0.023560533300042152,
    0.02994188480079174,
    -0.03786922246217728,
    0.0600021630525589,
    -0.09431072324514389,
    0.0054541584104299545,
    0.019994283095002174,
    0.06459064781665802,
    0.012063066475093365,
    -0.04581376910209656,
    0.02387627214193344,
    0.05271589756011963,
    0.024189310148358345,
    0.008448014967143536,
    -0.05572110414505005,
    0.035319507122039795,
    0.036124274134635925,
    -0.04246564954519272,
    0.0386386476457119,
    0.09280053526163101,
    0.034625276923179626,
    -0.05196099728345871,
    -0.027478056028485298,
    0.012416488490998745,
    -0.025257712230086327,
    -0.04891110956668854,
    -0.01272652205079794,
    -0.03826691210269928,
    0.05890941247344017,
    -0.0236812736839056,
    -0.06220347806811333,
    -0.06559227406978607,
    -0.053368594497442245,
    0.029132692143321037,
    -0.059698302298784256,
    -0.018808109685778618,
    -0.07709453254938126,
    -0.008105066604912281,
    -0.020056290552020073,
    0.007851159200072289,
    0.08266730606555939,
    0.017964497208595276,
    -0.020269710570573807,
    -0.0035253202077001333,
    0.012437875382602215,
    0.048033323138952255,
    -0.048869192600250244,
    -0.04713359847664833,
    -0.04716682806611061,
    -0.05376057326793671,
    0.002731356071308255,
    0.07344382256269455,
    -0.07879745960235596,
    0.07968460768461227,
    0.0723109319806099,
    -0.028769727796316147,
    0.08800018578767776,
    0.018818721175193787,
    -0.05893669277429581,
    -0.022907184436917305,
    -0.011454871855676174,
    -0.008524332195520401,
    0.04437774792313576,
    0.035762954503297806,
    0.04810914769768715,
    -0.012081296183168888,
    -0.019475018605589867,
    0.027839237824082375,
    0.03986958786845207,
    -0.05305558070540428,
    0.05970342829823494,
    -0.012590673752129078,
    -0.055276382714509964,
    -0.0034981509670615196,
    0.0022015117574483156,
    0.008138434961438179,
    0.06870640069246292,
    0.024338390678167343,
    0.0024454097729176283,
    -0.0017530600307509303,
    -0.039624664932489395,
    0.029108580201864243,
    0.04061990603804588,
    0.06911277025938034,
    -0.001569424755871296,
    0.006414605770260096,
    -0.015994368121027946,
    -0.11394525319337845,
    -0.03343263268470764,
    -0.016936389729380608,
    0.002217009197920561,
    -0.07139536738395691,
    -0.04521042853593826,
    0.0353650227189064,
    -0.061335571110248566,
    0.02931845374405384,
    -0.06409841775894165,
    0.027960393577814102,
    -0.0820155069231987,
    -0.0620107427239418,
    0.01664309948682785,
    0.026120394468307495,
    0.024859605357050896,
    -0.04598592594265938,
    0.027726484462618828,
    -0.03040570393204689,
    -0.05261223763227463,
    -0.006158676464110613,
    0.06183350086212158,
    0.01846958138048649,
    -0.0008431869791820645,
    -0.010442335158586502,
    0.06549130380153656,
    -0.0133826220408082,
    -0.028860190883278847,
    0.02004675753414631,
    -0.04655977338552475,
    -0.04516329988837242,
    0.053870633244514465,
    -0.005985655821859837,
    0.05550779774785042,
    0.06978368014097214,
    0.022766558453440666,
    0.045863304287195206,
    0.06003015860915184,
    -0.007984516210854053,
    -0.036092523485422134,
    -0.019193721935153008,
    0.02419465035200119,
    0.02964388206601143,
    0.03747999668121338,
    0.012578715570271015,
    -0.04031128063797951,
    0.01668747328221798,
    -0.021024318411946297,
    0.08081717044115067,
    -0.06158466637134552,
    -0.00941491685807705,
    -0.07605911046266556,
    -0.024955879896879196,
    0.04436974227428436,
    0.068513885140419,
    0.032382313162088394,
    -0.05189935863018036,
    0.037856653332710266,
    0.06072431430220604,
    -0.03921857848763466,
    0.02067645639181137,
    -0.030927453190088272,
    0.10415221005678177,
    -0.04736253246665001,
    0.015515406616032124,
    -0.012738614343106747,
    -0.05815877392888069,
    -0.026331070810556412,
    -0.056254398077726364,
    0.0040368493646383286,
    -0.04959411546587944,
    -0.0928124487400055,
    0.09456822276115417,
    -0.025480547919869423,
    -0.03613351285457611,
    -0.03571060672402382,
    -0.05595861375331879,
    -0.046631522476673126,
    -0.011565938591957092,
    -0.009708723053336143,
    0.01579885557293892,
    -0.054107192903757095,
    0.011256312020123005,
    0.03938492760062218,
    -0.059605032205581665,
    0.05264481529593468,
    -0.038545820862054825,
