{
  "embedding_files": [
    "gt_1051.3s_f128.jpg",
    "gt_310.5s_f0.jpg",
    "gt_890.5s_f106.jpg",
    "gt_742.8s_f85.jpg",
    "gt_431.4s_f30.jpg"
  ],
  "backup_files": [],
  "scores": {
    "gt_310.5s_f0.jpg": 10.99,
    "gt_742.8s_f85.jpg": 10.0035,
    "gt_431.4s_f30.jpg": 8.2402,
    "gt_890.5s_f106.jpg": 10.1231,
    "gt_1051.3s_f128.jpg": 33.426
  },
  "approved_files": [
    "gt_1051.3s_f128.jpg",
    "gt_310.5s_f0.jpg",
    "gt_890.5s_f106.jpg",
    "gt_742.8s_f85.jpg",
    "gt_431.4s_f30.jpg"
  ],
  "mean_embedding": [
    -0.0012886240147054195,
    0.07998637855052948,
    -0.02200859598815441,
    -0.02461080811917782,
    -0.040147565305233,
    0.049405381083488464,
    0.0033941795118153095,
    0.00761138740926981,
    -0.027220090851187706,
    -0.017679350450634956,
    0.07708489894866943,
    -0.02835230715572834,
    -0.014643947593867779,
    0.024677883833646774,
    -0.07856158167123795,
    0.0020181017462164164,
    -0.04487153887748718,
    -0.03255369886755943,
    0.04398535192012787,
    0.0003919567971024662,
    -0.009658953174948692,
    0.03667473793029785,
    0.004831103142350912,
    -0.030499713495373726,
    -0.04301294684410095,
    -0.07985681295394897,
    -0.05855555087327957,
    -0.1302935630083084,
    -0.007514379918575287,
    0.0013447385281324387,
    0.026806483045220375,
    -0.024869808927178383,
    -0.025168243795633316,
    -0.025211244821548462,
    -0.003956742584705353,
    -0.05304669961333275,
    0.039307113736867905,
    -0.073688805103302,
    0.013547677546739578,
    0.06738735735416412,
    -0.02423112653195858,
    -0.09274116158485413,
    -0.030661966651678085,
    -0.0026016421616077423,
    -0.003634301945567131,
    -0.011392856948077679,
    0.003980327397584915,
    0.004781254101544619,
    0.04746254161000252,
    0.03569525107741356,
    0.013950425200164318,
    0.03841688483953476,
    -0.0006037127459421754,
    0.04032627120614052,
    0.01198369450867176,
    -0.010701002553105354,
    0.04323960095643997,
    -0.0376347191631794,
    0.049484845250844955,
    -0.034149304032325745,
    0.018140403553843498,
    0.03166975826025009,
    0.062048327177762985,
    0.007038823328912258,
    0.11880706995725632,
    0.03689800575375557,
    0.007673884276300669,
    -0.04408971592783928,
    -0.03878384828567505,
    0.02275054156780243,
    0.026132741943001747,
    0.024658948183059692,
    0.04099271818995476,
    -0.13178309798240662,
    -0.015987249091267586,
    0.013177013956010342,
    0.049132149666547775,
    0.008262550458312035,
    0.0526985339820385,
    0.04096157103776932,
    -0.013056192547082901,
    -0.042347028851509094,
    0.008879591710865498,
    0.010034890845417976,
    -0.09294100105762482,
    0.05235329642891884,
    -0.026365354657173157,
    -0.028911836445331573,
    0.014003094285726547,
    0.0013276459649205208,
    0.03296016529202461,
    0.008963948115706444,
    -0.03018924407660961,
    -0.047910597175359726,
    -0.032837800681591034,
    -0.06497985869646072,
    0.013820195570588112,
    -0.02267625741660595,
    0.018324140459299088,
    -0.032779183238744736,
    -0.019266631454229355,
    0.04496966302394867,
    0.10544611513614655,
    0.0007326837512664497,
    0.03105870634317398,
    -0.05442262440919876,
    0.06013691797852516,
    -0.13279485702514648,
    -0.0019455786095932126,
    0.003555537201464176,
    0.04624594748020172,
    0.026702968403697014,
    -0.05403260141611099,
    0.03616264835000038,
    0.045958418399095535,
    0.032206520438194275,
    0.004300872329622507,
    -0.027712706476449966,
    0.003521644975990057,
    0.013611835427582264,
    -0.03468836098909378,
    -0.010501489974558353,
    0.07519832253456116,
    0.026248132809996605,
    -0.04551038146018982,
    -0.04516835883259773,
    0.01978900656104088,
    -0.0421900749206543,
    -0.0583941824734211,
    -0.022616218775510788,
    -0.040938347578048706,
    0.06792142242193222,
    -0.024414191022515297,
    -0.07084616273641586,
    -0.05686888471245766,
    -0.04075407236814499,
    0.030991030856966972,
    -0.08491668105125427,
    -0.00734553812071681,
    -0.08158290386199951,
    -0.03642593324184418,
    -0.02957642450928688,
    0.016561543568968773,
    0.07115855813026428,
    0.06304828822612762,
    -0.0056451368145644665,
    -0.005779841914772987,
    0.03232153505086899,
    0.031011762097477913,
    -0.04638434946537018,
    -0.05254606157541275,
    -0.057361673563718796,
    -0.01520673930644989,
    0.03012925572693348,
    0.016137467697262764,
    -0.04372132197022438,
    0.05693349242210388,
    0.049107737839221954,
    -0.03231535106897354,
    0.06362692266702652,
    0.031787239015102386,
    -0.03713943436741829,
    -0.025731004774570465,
    -0.002730450825765729,
    -0.02504212222993374,
    0.0660494938492775,
    0.03293674439191818,
    0.04316901043057442,
    0.012181523256003857,
    0.02206314168870449,
    0.021070383489131927,
    0.043925151228904724,
    -0.013587197288870811,
    0.07136134058237076,
    -0.0038218193221837282,
    -0.01692265085875988,
    0.0047327931970357895,
    0.03254075348377228,
    0.06470617651939392,
    0.06940753757953644,
    0.032430484890937805,
    0.040180664509534836,
    -0.04212450981140137,
    -0.02834262140095234,
    0.006770886480808258,
    0.04942692816257477,
    0.062000710517168045,
    0.014564466662704945,
    0.0023020305670797825,
    -0.0016689557814970613,
    -0.13076001405715942,
    -0.059532683342695236,
    -0.04231272265315056,
    0.00892273522913456,
    -0.0721186101436615,
    -0.01679481752216816,
    0.04376988112926483,
    -0.0642779991030693,
    0.020745065063238144,
    -0.06332018226385117,
    0.004410373978316784,
    -0.06739653646945953,
    -0.02493828535079956,
    0.0349312461912632,
    0.027386704459786415,
    0.018462156876921654,
    -0.061071619391441345,
    -0.010304483585059643,
    -0.02070554904639721,
    -0.06292051821947098,
    -0.011005407199263573,
    0.059373389929533005,
    0.023987838998436928,
    -0.03844096139073372,
    0.0022734212689101696,
    0.05638611689209938,
    -0.0324459969997406,
    -0.005627364851534367,
    0.02774309366941452,
    -0.05704421550035477,
    -0.022690940648317337,
    0.07137323170900345,
    0.00451594777405262,
    0.06370775401592255,
    0.05098460987210274,
    -0.008507035672664642,
    0.028135284781455994,
    0.05520646646618843,
    -0.018132498487830162,
    -0.03919195756316185,
    -0.01812225766479969,
    0.015402776189148426,
    0.01199869904667139,
    0.03118526004254818,
    0.04950307309627533,
    -0.032329220324754715,
    0.0501413457095623,
    0.007936828769743443,
    0.06185931712388992,
    -0.08087512105703354,
    -0.007290341891348362,
    -0.06943970918655396,
    0.0024137236177921295,
    0.015776487067341805,
    0.07535063475370407,
    0.023165104910731316,
    -0.04144098609685898,
    0.07791977375745773,
    0.07467307895421982,
    -0.053524915128946304,
    0.0003809707995969802,
    -0.0660930722951889,
    0.10174111276865005,
    -0.02906554378569126,
    0.04412572830915451,
    0.004240266978740692,
    -0.04730686545372009,
    -0.024021970108151436,
    -0.05439513921737671,
    0.015755077823996544,
    -0.024298693984746933,
    -0.0663718655705452,
    0.07863207161426544,
    0.0010442333295941353,
    -0.015253019519150257,
    -0.023635584861040115,
    -0.041953884065151215,
    -0.05554066598415375,
    -0.030276596546173096,
    0.004676793236285448,
    0.04654596000909805,
    -0.04890962317585945,
    0.0013480422785505652,
    0.03569330275058746,
    -0.055304355919361115,
    0.06318017095327377,
    -0.042478594928979874,
    -0.016349630430340767,
    0.03574509918689728,
    -0.005853624548763037,
    0.042863719165325165,
    0.0555240772664547,
    0.04704870656132698,
    0.06742268800735474,
    -0.026343272998929024,
    -0.0009639178169891238,
    0.04580927640199661,
