{
  "embedding_files": [
    "gt_384.7s_f43.jpg",
    "gt_534.6s_f104.jpg",
    "gt_219.5s_f3.jpg"
  ],
  "backup_files": [],
  "scores": {
    "gt_384.7s_f43.jpg": 16.5995,
    "gt_534.6s_f104.jpg": 6.4325,
    "gt_219.5s_f3.jpg": 1.6212
  },
  "approved_files": [
    "gt_384.7s_f43.jpg",
    "gt_534.6s_f104.jpg",
    "gt_219.5s_f3.jpg"
  ],
  "mean_embedding": [
    0.017865825444459915,
    -0.008837338536977768,
    0.04053887352347374,
    0.024351967498660088,
    -0.007306037936359644,
    0.07561612874269485,
    -0.08802078664302826,
    0.03021341748535633,
    -0.04502939060330391,
    0.05272253602743149,
    0.03805240988731384,
    0.024173742160201073,
    0.016859665513038635,
    -0.053440600633621216,
    0.06739582866430283,
    0.023569487035274506,
    0.034511689096689224,
    -0.04545382410287857,
    -0.01788567379117012,
    -0.01566721312701702,
    0.07909829914569855,
    -0.02333826571702957,
    0.006008546333760023,
    -0.05320798605680466,
    0.044899068772792816,
    -0.010370120406150818,
    -0.01849955879151821,
    -0.06618198752403259,
    -0.01344758179038763,
    -0.003502210136502981,
    -0.042664188891649246,
    -0.03479340672492981,
    0.003729536896571517,
    0.10966751724481583,
    0.02823522314429283,
    0.015714580193161964,
    -0.02917029894888401,
    0.0388258658349514,
    -0.005017525050789118,
    0.04101048782467842,
    0.07025456428527832,
    -0.010282783769071102,
    0.03462032973766327,
    -0.001994394464418292,
    0.07260662317276001,
    0.02041718177497387,
    -0.10139792412519455,
    -0.0052103763446211815,
    -0.02398817427456379,
    0.03341452032327652,
    0.022232472896575928,
    0.03328932076692581,
    0.015587875619530678,
    0.06442020833492279,
    0.035691648721694946,
    0.04910780116915703,
    0.02314014360308647,
    0.007123282644897699,
    0.01742398552596569,
    -0.05826680362224579,
    -0.005256057716906071,
    -0.03484581783413887,
    0.032292354851961136,
    0.023231957107782364,
    -0.007535543758422136,
    -0.03013019450008869,
    0.012703296728432178,
    -0.0749967098236084,
    0.037163350731134415,
    -0.020182806998491287,
    0.0660378485918045,
    -0.062396470457315445,
    0.04610097408294678,
    0.020097415894269943,
    0.06090611219406128,
    0.03095536306500435,
    0.016854779794812202,
    0.04812495410442352,
    0.021990440785884857,
    -0.034455906599760056,
    -0.007623749319463968,
    -0.03953816741704941,
    -0.06082889810204506,
    -0.0093257836997509,
    -0.010479687713086605,
    0.04437384009361267,
    -0.020681090652942657,
    -0.020567236468195915,
    -0.05997433140873909,
    -0.021997064352035522,
    -0.001607067883014679,
    0.01277660671621561,
    0.045176055282354355,
    0.01870385743677616,
    0.027312472462654114,
    -0.00924504641443491,
    -0.025691473856568336,
    -0.06581960618495941,
    -0.005606468301266432,
    0.005417836830019951,
    -0.030310990288853645,
    -0.05270286276936531,
    0.04581661522388458,
    0.02859535813331604,
    0.02982986904680729,
    0.031413957476615906,
    -0.04971051961183548,
    -0.06546404957771301,
    -0.014491509646177292,
    0.04845575615763664,
    0.015420184470713139,
    -0.02445741929113865,
    0.025442620739340782,
    0.05499714985489845,
    -0.07207928597927094,
    -0.03404643014073372,
    -0.06648220121860504,
    0.056083668023347855,
    0.03772266209125519,
    -0.01756954751908779,
    -0.07809782028198242,
    -0.004176560323685408,
    0.03482424467802048,
    0.01954289898276329,
    -0.03088364377617836,
    0.004174717701971531,
    -0.03007456474006176,
    0.007382216397672892,
    -0.07616275548934937,
    0.03082548826932907,
    0.005147237796336412,
    0.0557667538523674,
    -0.052538421005010605,
    -0.054181791841983795,
    -0.04901934415102005,
    -0.0452471487224102,
    0.029637428000569344,
    -0.04200199246406555,
    -0.02786693535745144,
    0.019231079146265984,
    0.007869797758758068,
    0.05660100281238556,
    -0.07037699222564697,
    -0.02221476472914219,
    -0.014012166298925877,
    0.02452017553150654,
    -0.06620945781469345,
    0.03468649461865425,
    0.030103769153356552,
    -0.02247506193816662,
    -0.057874295860528946,
    -0.015202810056507587,
    0.00042851068428717554,
    -0.00480677979066968,
    -0.01812131330370903,
    -0.06790141761302948,
    -0.023154519498348236,
    -0.028009433299303055,
    -0.006074888631701469,
    0.12347419559955597,
    -0.003355585504323244,
    -0.053551625460386276,
    0.005527745466679335,
    0.05836272984743118,
    -0.012706044130027294,
    -0.057509809732437134,
    -0.03700941056013107,
    -0.03225555643439293,
    -0.04399468004703522,
    -0.03814445808529854,
    0.03810904547572136,
    0.07476344704627991,
    0.045070450752973557,
    -0.006735525093972683,
    0.0459999218583107,
    -0.037338677793741226,
    0.012766409665346146,
    0.024982798844575882,
    0.035793766379356384,
    0.024113893508911133,
    0.023609675467014313,
    -0.06541291624307632,
    0.008927613496780396,
    -0.010570758022367954,
    0.006700226105749607,
    -0.0037923012860119343,
    0.06295333802700043,
    0.012000221759080887,
    -0.032172419130802155,
    0.021814925596117973,
    -0.01258750818669796,
    0.06273696571588516,
    0.011088588275015354,
    -0.03793018311262131,
    -0.038897331804037094,
    -0.014870906248688698,
    0.12632599472999573,
    0.006075744517147541,
    -0.023304656147956848,
    0.025862133130431175,
    -0.010477001778781414,
    -0.008657450787723064,
    0.04350791499018669,
    0.033792708069086075,
    0.06719257682561874,
    -0.03519826382398605,
    0.004914218559861183,
    0.015455380082130432,
    0.0952766016125679,
    -0.0038688494823873043,
    0.020733490586280823,
    0.061022982001304626,
    -0.12118107825517654,
    0.010370333679020405,
    -0.0961858481168747,
    -0.003250905778259039,
    0.04334626346826553,
    0.011269236914813519,
    0.03056778386235237,
    0.056358084082603455,
    0.009894127026200294,
    -0.0263155959546566,
    -0.05615907162427902,
    -0.008654159493744373,
    0.029794875532388687,
    0.0865231305360794,
    -0.02579013630747795,
    0.09537043422460556,
    -0.017642861232161522,
    0.050302453339099884,
    -0.006976099219173193,
    0.01757938601076603,
    0.0007766800699755549,
    0.035503506660461426,
    0.00961229670792818,
    -0.029124882072210312,
    -0.0828375518321991,
    0.020919162780046463,
    0.03069332242012024,
    0.027392851188778877,
    -0.011276070959866047,
    -0.03590010106563568,
    -0.014375296421349049,
    -0.04644112288951874,
    0.057124558836221695,
    0.06866142153739929,
    0.03503406420350075,
    -0.0018901051953434944,
    -0.07144735753536224,
    0.009270232170820236,
    -0.017878515645861626,
    0.009259833954274654,
    0.043545834720134735,
    -0.013898351229727268,
    -0.013082643039524555,
    -0.009222863242030144,
    0.07167934626340866,
    0.004816183354705572,
    -0.022437220439314842,
    -0.009050815366208553,
    -0.0540102981030941,
    -0.06058507040143013,
    -0.025082672014832497,
    0.0741616040468216,
    -0.05031232163310051,
    0.03187227621674538,
    0.029631726443767548,
    -0.011487509123980999,
    -0.053612276911735535,
    0.035833436995744705,
    -0.003863840363919735,
    0.006435228977352381,
    -0.021105146035552025,
    -0.029516171663999557,
    0.04959900677204132,
    0.08034563809633255,
    -0.03508562594652176,
    0.0738210678100586,
    0.0444105789065361,
    -0.06157732382416725,
    0.05466168001294136,
    -0.0555189773440361,
    -0.0530785471200943,
    -0.07101436704397202,
    0.022185737267136574,
    0.02619669958949089,
    -0.025075221434235573,
    0.04915327951312065,
    -0.032848063856363297,
    -0.014301272109150887,
    0.007979577407240868,
    -0.00666779326274991,
    -0.0031134760938584805,
