{
  "embedding_files": [
    "gt_179.4s_f174.jpg",
    "gt_162.7s_f146.jpg",
    "gt_58.0s_f1.jpg",
    "gt_67.2s_f4.jpg",
    "gt_128.3s_f95.jpg"
  ],
  "backup_files": [
    "gt_111.1s_f78.jpg",
    "gt_384.7s_f43.jpg",
    "gt_93.8s_f51.jpg",
    "gt_77.5s_f24.jpg",
    "gt_101.7s_f47.jpg"
  ],
  "scores": {
    "gt_384.7s_f43.jpg": 16.5995,
    "gt_58.0s_f1.jpg": 31.5512,
    "gt_93.8s_f51.jpg": 16.0698,
    "gt_77.5s_f24.jpg": 15.1395,
    "gt_111.1s_f78.jpg": 23.1676,
    "gt_128.3s_f95.jpg": 25.0296,
    "gt_162.7s_f146.jpg": 46.075,
    "gt_179.4s_f174.jpg": 52.8524,
    "gt_67.2s_f4.jpg": 26.915,
    "gt_101.7s_f47.jpg": 8.8576
  },
  "approved_files": [
    "gt_384.7s_f43.jpg",
    "gt_534.6s_f104.jpg",
    "gt_219.5s_f3.jpg"
  ],
  "mean_embedding": [
    0.02290339209139347,
    -0.02098463661968708,
    0.05565677210688591,
    0.027976641431450844,
    -0.007274720352143049,
    0.08810106664896011,
    -0.08286690711975098,
    0.024176403880119324,
    -0.028223730623722076,
    0.04840731620788574,
    0.03995710238814354,
    0.031074097380042076,
    -0.0003646870900411159,
    -0.04675178974866867,
    0.06517016142606735,
    0.012648058123886585,
    0.027580726891756058,
    -0.038679853081703186,
    -0.014536488801240921,
    -0.0281441081315279,
    0.08111796528100967,
    -0.03460244834423065,
    0.025461072102189064,
    -0.07309220731258392,
    0.04716198518872261,
    -0.02376365289092064,
    -0.004475398454815149,
    -0.05572434514760971,
    -0.01718779467046261,
    -0.01202500518411398,
    -0.04423416033387184,
    -0.04956629127264023,
    -0.002148089464753866,
    0.11518317461013794,
    0.02914152853190899,
    0.016235435381531715,
    -0.031808041036129,
    0.01943266950547695,
    -0.012706015259027481,
    0.02799929492175579,
    0.07667281478643417,
    0.015547364950180054,
    0.04639627784490585,
    -0.013282990083098412,
    0.06287277489900589,
    0.024686068296432495,
    -0.09095088392496109,
    -0.015797505155205727,
    -0.015713168308138847,
    0.03509042039513588,
    0.016545161604881287,
    0.015322674997150898,
    0.015067960135638714,
    0.062479887157678604,
    0.0430319681763649,
    0.0497436560690403,
    0.024248842149972916,
    0.019521618261933327,
    0.016205517575144768,
    -0.06372203677892685,
    0.01159993652254343,
    -0.055273741483688354,
    0.044912684708833694,
    0.01570400409400463,
    -0.005468551069498062,
    -0.00874448660761118,
    0.009708672761917114,
    -0.08166885375976562,
    0.02663002908229828,
    -0.0007265869062393904,
    0.052726708352565765,
    -0.05670495331287384,
    0.0467074029147625,
    0.014435322023928165,
    0.06731174886226654,
    0.03724122419953346,
    0.012562451884150505,
    0.058488983660936356,
    -0.00442063994705677,
    -0.04224682226777077,
    -0.009156081825494766,
    -0.02769400365650654,
    -0.06792925298213959,
    -0.011208239011466503,
    -0.013758048415184021,
    0.03958684578537941,
    -0.04781331121921539,
    -0.026311581954360008,
    -0.0587925985455513,
    -0.02642248570919037,
    -0.01475662924349308,
    -0.0022321066353470087,
    0.03679894283413887,
    0.014721699059009552,
    0.03920973837375641,
    -0.0012209478300064802,
    -0.023392068222165108,
    -0.08383040130138397,
    0.011360006406903267,
    0.002299476182088256,
    -0.02351028099656105,
    -0.06278172135353088,
    0.045164842158555984,
    0.0361751988530159,
    0.028318973258137703,
    0.04426676407456398,
    -0.05056105926632881,
    -0.06819935888051987,
    -0.01525247935205698,
    0.027953095734119415,
    0.012942361645400524,
    -0.026205211877822876,
    0.002724374644458294,
    0.04967297241091728,
    -0.060622792690992355,
    -0.017433136701583862,
    -0.05069159343838692,
    0.06371220201253891,
    0.04509764909744263,
    -0.02184336446225643,
    -0.07147322595119476,
    -0.005735055543482304,
    0.03174285590648651,
    0.0058417608961462975,
    -0.04651249572634697,
    0.013317636214196682,
    -0.0337187796831131,
    0.021214909851551056,
    -0.05805682763457298,
    0.026802968233823776,
    -0.004436643328517675,
    0.059260834008455276,
    -0.039862360805273056,
    -0.04947282001376152,
    -0.035229939967393875,
    -0.05283312499523163,
    0.009623945690691471,
    -0.013542857952415943,
    -0.022158155217766762,
    0.005365246906876564,
    0.006182624958455563,
    0.03709181025624275,
    -0.09463416785001755,
    -0.03565569221973419,
    -0.009999278001487255,
    0.024412700906395912,
    -0.07837189733982086,
    0.04019160941243172,
    0.027275145053863525,
    -0.013000190258026123,
    -0.06584475189447403,
    -0.02387375570833683,
    0.014772625640034676,
    -0.016761934384703636,
    -0.006209638435393572,
    -0.0843326672911644,
    -0.01718796230852604,
    -0.03918794170022011,
    -0.011857162229716778,
    0.09609290957450867,
    -0.004237222485244274,
    -0.05697428062558174,
    0.009246980771422386,
    0.059787020087242126,
    -0.012525367550551891,
    -0.052309390157461166,
    -0.020408369600772858,
    -0.03245574235916138,
    -0.054970983415842056,
    -0.026399778202176094,
    0.04321330785751343,
    0.07880795001983643,
    0.040584761649370193,
    -0.0027423836290836334,
    0.030167613178491592,
    -0.053399380296468735,
    0.035727765411138535,
    0.03550075739622116,
    0.05003480613231659,
    0.019186673685908318,
    0.023751651868224144,
    -0.08779843896627426,
    0.03189260512590408,
    -0.009053350426256657,
    0.003310942556709051,
    -0.020392408594489098,
    0.051375530660152435,
    0.006628368049860001,
    -0.03820495307445526,
    0.03847326710820198,
    -0.0026703893672674894,
    0.07517465949058533,
    0.016251953318715096,
    -0.041100725531578064,
    -0.04651897773146629,
    -0.012841339223086834,
    0.13346043229103088,
    0.005146670620888472,
    -0.05671234056353569,
    0.026773672550916672,
    -0.011271092109382153,
    -0.002137743169441819,
    0.04387998580932617,
    0.03659684211015701,
    0.0493253730237484,
    -0.022288808599114418,
    -0.006710509303957224,
    0.017470940947532654,
    0.09971366077661514,
    -0.004512614570558071,
    0.02636679820716381,
    0.06998467445373535,
    -0.11331170052289963,
    0.012171031907200813,
    -0.10012184828519821,
    0.0028762018773704767,
    0.05162537470459938,
    0.0312208104878664,
    0.05211875960230827,
    0.0414750874042511,
    0.016955364495515823,
    -0.02171218767762184,
    -0.05545962229371071,
    -0.01855018176138401,
    0.020703177899122238,
    0.080523781478405,
    -0.007829662412405014,
    0.1008564904332161,
    -0.04386676847934723,
    0.05561227723956108,
    0.0035703624598681927,
    0.018324147909879684,
    0.010597527027130127,
    0.04011018946766853,
    0.02057209610939026,
    -0.024301163852214813,
    -0.08112242072820663,
    0.02715059369802475,
    0.02138325572013855,
    0.0183684304356575,
    -0.008234097622334957,
    -0.05465089529752731,
    -0.015268540941178799,
    -0.03315649554133415,
    0.0536467544734478,
    0.056179553270339966,
    0.03706689924001694,
    -0.011670184321701527,
    -0.06748159229755402,
    0.01962694711983204,
    -0.016528651118278503,
    0.021830976009368896,
    0.033207815140485764,
    -0.01960073970258236,
    -0.013960236683487892,
    -0.02120911329984665,
    0.06255929917097092,
    -0.006898316089063883,
    -0.017657984048128128,
    -0.0022480858024209738,
    -0.047269295901060104,
    -0.0766005739569664,
    -0.0128303999081254,
    0.06935138255357742,
    -0.054131705313920975,
    0.01618235372006893,
    0.026543505489826202,
    0.0047643124125897884,
    -0.04379203915596008,
    0.02553996443748474,
    0.01132528018206358,
    0.001903213676996529,
    -0.022104648873209953,
    -0.020741593092679977,
    0.05135950818657875,
    0.08509314060211182,
    -0.03488818183541298,
    0.058598507195711136,
