{
  "embedding_files": [
    "gt_384.7s_f43.jpg",
    "gt_534.6s_f104.jpg",
    "gt_219.5s_f3.jpg"
  ],
  "backup_files": [],
  "scores": {
    "gt_384.7s_f43.jpg": 16.5995,
    "gt_534.6s_f104.jpg": 6.4325,
    "gt_219.5s_f3.jpg": 1.6212
  },
  "approved_files": [
    "gt_384.7s_f43.jpg",
    "gt_534.6s_f104.jpg",
    "gt_219.5s_f3.jpg"
  ],
  "mean_embedding": [
    0.022883594036102295,
    -0.02098606713116169,
    0.055649541318416595,
    0.027978630736470222,
    -0.007282134611159563,
    0.08810547739267349,
    -0.08286375552415848,
    0.024168211966753006,
    -0.028218841180205345,
    0.048407841473817825,
    0.039962731301784515,
    0.031076420098543167,
    -0.0003699462104123086,
    -0.046749088913202286,
    0.0651528462767601,
    0.012649059295654297,
    0.02757468819618225,
    -0.038686614483594894,
    -0.014536810107529163,
    -0.028151243925094604,
    0.08112414926290512,
    -0.03460488095879555,
    0.02545986697077751,
    -0.07309447228908539,
    0.04715380817651749,
    -0.023761538788676262,
    -0.004480533767491579,
    -0.055720482021570206,
    -0.01719086803495884,
    -0.012023387476801872,
    -0.04424505680799484,
    -0.04956831410527229,
    -0.0021565742790699005,
    0.11517386138439178,
    0.02913357876241207,
    0.01623210869729519,
    -0.03180025890469551,
    0.01943862810730934,
    -0.012714342214167118,
    0.02799046039581299,
    0.07667097449302673,
    0.015565533190965652,
    0.04640224203467369,
    -0.013305158354341984,
    0.06287618726491928,
    0.024695459753274918,
    -0.09096455574035645,
    -0.015800075605511665,
    -0.015721794217824936,
    0.03509578853845596,
    0.016533365473151207,
    0.015310650691390038,
    0.015066186897456646,
    0.06247429922223091,
    0.04302701726555824,
    0.04972971975803375,
    0.024262715131044388,
    0.019528796896338463,
    0.016206003725528717,
    -0.06373404711484909,
    0.011598187498748302,
    -0.055267564952373505,
    0.044910233467817307,
    0.015720441937446594,
    -0.005463135428726673,
    -0.008739235810935497,
    0.009718355722725391,
    -0.08167221397161484,
    0.026633378118276596,
    -0.0007249442278407514,
    0.05271770432591438,
    -0.05669673532247543,
    0.04669095203280449,
    0.014430050738155842,
    0.06733100861310959,
    0.03724455088376999,
    0.012569007463753223,
    0.05848780646920204,
    -0.004422252997756004,
    -0.042249538004398346,
    -0.009149990044534206,
    -0.027686946094036102,
    -0.06790859252214432,
    -0.011216233484447002,
    -0.013753458857536316,
    0.039588719606399536,
    -0.04779355227947235,
    -0.026319162920117378,
    -0.05878189206123352,
    -0.026426995173096657,
    -0.014750164933502674,
    -0.0022428047377616167,
    0.03680653125047684,
    0.01471281424164772,
    0.039211515337228775,
    -0.0012197630712762475,
    -0.023404808714985847,
    -0.08382737636566162,
    0.011350884102284908,
    0.002282731933519244,
    -0.023501744493842125,
    -0.06278108060359955,
    0.04515688866376877,
    0.03617624565958977,
    0.02832171507179737,
    0.04426557570695877,
    -0.050560735166072845,
    -0.06819581240415573,
    -0.015255166217684746,
    0.027952874079346657,
    0.012943599373102188,
    -0.026192357763648033,
    0.002713001798838377,
    0.049665387719869614,
    -0.060626205056905746,
    -0.017434239387512207,
    -0.050689276307821274,
    0.06370648741722107,
    0.045093949884176254,
    -0.021833091974258423,
    -0.0714658573269844,
    -0.00574536994099617,
    0.03175868093967438,
    0.005828327499330044,
    -0.046511001884937286,
    0.01331214141100645,
    -0.033723313361406326,
    0.0212099589407444,
    -0.058051057159900665,
    0.02681025117635727,
    -0.0044362167827785015,
    0.05925916135311127,
    -0.03986259549856186,
    -0.0494895800948143,
    -0.03522806614637375,
    -0.05282452329993248,
    0.009617993608117104,
    -0.013540380634367466,
    -0.022156881168484688,
    0.00537026347592473,
    0.00618027662858367,
    0.03709367662668228,
    -0.09462909400463104,
    -0.03566591441631317,
    -0.009999739937484264,
    0.02442334033548832,
    -0.0783863514661789,
    0.04018203541636467,
    0.027281880378723145,
    -0.013007729314267635,
    -0.06585203856229782,
    -0.023864159360527992,
    0.014768915250897408,
    -0.01676548272371292,
    -0.006210068706423044,
    -0.08432642370462418,
    -0.01717810519039631,
    -0.039187103509902954,
    -0.011851087212562561,
    0.09608533978462219,
    -0.0042593213729560375,
    -0.05698738247156143,
    0.009251739829778671,
    0.059797096997499466,
    -0.012524913065135479,
    -0.05229474604129791,
    -0.02040853165090084,
    -0.032481372356414795,
    -0.05498185753822327,
    -0.02642706222832203,
    0.04323166608810425,
    0.0788150206208229,
    0.04058254137635231,
    -0.0027510744985193014,
    0.03016047738492489,
    -0.053398773074150085,
    0.03572291508316994,
    0.03550731763243675,
    0.05003088712692261,
    0.01921132393181324,
    0.023760126903653145,
    -0.08779462426900864,
    0.0318925604224205,
    -0.009049163199961185,
    0.003323675598949194,
    -0.02037336677312851,
    0.05137952044606209,
    0.006627338472753763,
    -0.03820010647177696,
    0.03845959156751633,
    -0.0026602502912282944,
    0.07517373561859131,
    0.016263514757156372,
    -0.0411008857190609,
    -0.04650764912366867,
    -0.01282533910125494,
    0.13345670700073242,
    0.005128513090312481,
    -0.05670000985264778,
    0.026777638122439384,
    -0.011279350146651268,
    -0.0021385792642831802,
    0.04387785494327545,
    0.03659510612487793,
    0.04931476712226868,
    -0.02227521501481533,
    -0.0067094191908836365,
    0.0174695011228323,
    0.0996987521648407,
    -0.00452756742015481,
    0.026384249329566956,
    0.06998342275619507,
    -0.11330254375934601,
    0.012158474884927273,
    -0.10012266039848328,
    0.0028674877248704433,
    0.05163371562957764,
    0.0312234815210104,
    0.052107930183410645,
    0.04149184003472328,
    0.016945023089647293,
    -0.02171475999057293,
    -0.05545533448457718,
    -0.018547937273979187,
    0.02069508284330368,
    0.0805235430598259,
    -0.007813701406121254,
    0.1008615493774414,
    -0.04386954754590988,
    0.05560866370797157,
    0.003573060967028141,
    0.018333785235881805,
    0.010594330728054047,
    0.04011194035410881,
    0.020568139851093292,
    -0.024317676201462746,
    -0.08110535889863968,
    0.027139738202095032,
    0.021383656188845634,
    0.018393078818917274,
    -0.008239218965172768,
    -0.05463995039463043,
    -0.015261772088706493,
    -0.03315190598368645,
    0.053651366382837296,
    0.0561625175178051,
    0.037057064473629,
    -0.011669502593576908,
    -0.06747978180646896,
    0.019636955112218857,
    -0.01653253473341465,
    0.021825430914759636,
    0.03321724757552147,
    -0.01960771717131138,
    -0.013957275077700615,
    -0.0211985781788826,
    0.06257010996341705,
    -0.0068997894413769245,
    -0.017664050683379173,
    -0.0022625054698437452,
    -0.04726257547736168,
    -0.07658684253692627,
    -0.01283390261232853,
    0.06934815645217896,
    -0.054135847836732864,
    0.016182541847229004,
    0.026553021743893623,
    0.004786126781255007,
    -0.04378947243094444,
    0.025527600198984146,
    0.011327671818435192,
    0.0019105118699371815,
    -0.022122422233223915,
    -0.020742371678352356,
    0.05136757344007492,
    0.08509576320648193,
    -0.03487836942076683,
    0.05858781188726425,
    0.03438682481646538,
    -0.0722561702132225,
    0.03690500184893608,
    -0.06690052151679993,
    -0.04108954221010208,
    -0.06316810846328735,
    0.030620543286204338,
    0.01933196932077408,
    -0.027381662279367447,
    0.040962688624858856,
    -0.0326775498688221,
    -0.011993843130767345,
    0.018465818837285042,
    -0.014573455788195133,
    -0.0012333854101598263,
