{
  "embedding_files": [
    "gt_219.5s_f8.jpg",
    "new_1776234524291_gt_1051.3s_f135.jpg",
    "new_1776234524291_gt_589.5s_f66.jpg",
    "new_1776234524291_gt_310.5s_f18.jpg",
    "gt_534.6s_f113.jpg",
    "gt_111.1s_f82.jpg",
    "gt_58.0s_f13.jpg"
  ],
  "backup_files": [
    "gt_26.2s_f17.jpg",
    "gt_384.7s_f71.jpg",
    "gt_80.2s_f44.jpg"
  ],
  "scores": {
    "gt_26.2s_f17.jpg": 6.8604,
    "gt_80.2s_f44.jpg": 4.7609,
    "gt_219.5s_f8.jpg": 96.7829,
    "gt_534.6s_f113.jpg": 11.0433,
    "gt_384.7s_f71.jpg": 6.7088,
    "new_1776234524291_gt_1051.3s_f135.jpg": 91.2382,
    "new_1776234524291_gt_310.5s_f18.jpg": 24.613,
    "new_1776234524291_gt_589.5s_f66.jpg": 72.1098,
    "gt_111.1s_f82.jpg": 5.4569,
    "gt_58.0s_f13.jpg": 4.3053
  },
  "approved_files": [
    "gt_219.5s_f8.jpg",
    "gt_534.6s_f113.jpg",
    "gt_26.2s_f17.jpg",
    "gt_384.7s_f71.jpg",
    "gt_80.2s_f44.jpg",
    "new_1776234524291_gt_1051.3s_f135.jpg",
    "new_1776234524291_gt_310.5s_f18.jpg",
    "new_1776234524291_gt_589.5s_f66.jpg",
    "gt_111.1s_f82.jpg",
    "gt_58.0s_f13.jpg"
  ],
  "mean_embedding": [
    -0.017930997535586357,
    -0.0013792462414130569,
    0.04996955022215843,
    0.011893285438418388,
    -0.0005883220583200455,
    -0.00290824961848557,
    0.004747083410620689,
    0.01727120764553547,
    0.07370636612176895,
    0.029866434633731842,
    0.04586483910679817,
    -0.04842149093747139,
    -0.09234531223773956,
    0.04430798813700676,
    -0.06246963143348694,
    -0.02230442315340042,
    -0.016232650727033615,
    -0.0435902364552021,
    -0.022645967081189156,
    -0.012881076894700527,
    0.05192508548498154,
    -0.0021547412034124136,
    -0.057129763066768646,
    0.06636188924312592,
    0.022164437919855118,
    0.005249939393252134,
    -0.05575897917151451,
    -0.11202888935804367,
    0.0066927289590239525,
    0.01881726086139679,
    -0.017139313742518425,
    -0.030946435406804085,
    -0.0016442729393020272,
    0.03377259150147438,
    0.007014275062829256,
    0.026195881888270378,
    -0.0005863003898411989,
    -0.013425047509372234,
    -0.02758127823472023,
    0.02013963647186756,
    -0.008562525734305382,
    0.0480898953974247,
    -0.052934546023607254,
    -0.0170368030667305,
    0.03292865306138992,
    0.03928453475236893,
    -0.0855058804154396,
    -0.04378510266542435,
    -0.0075492579489946365,
    -0.06744560599327087,
    -0.051479946821928024,
    -0.03143058717250824,
    -0.02086636610329151,
    -0.0019481470808386803,
    0.00676463870331645,
    0.03322232887148857,
    0.10803268104791641,
    -0.03608100861310959,
    0.05350349843502045,
    -0.06027476489543915,
    0.017398029565811157,
    0.06469104439020157,
    0.041890498250722885,
    0.08143053203821182,
    0.029878290370106697,
    0.01572432555258274,
    -0.031175002455711365,
    -0.05776160955429077,
    0.10327674448490143,
    -0.0004743311437778175,
    0.008133791387081146,
    -0.021592000499367714,
    -0.009504922665655613,
    -0.0631377100944519,
    -0.10580772906541824,
    0.043592553585767746,
    0.05406913533806801,
    0.009174404665827751,
    0.007005409337580204,
    -0.00034726157900877297,
    -0.019760817289352417,
    -0.05941417068243027,
    -0.0009957628790289164,
    -0.06750451028347015,
    0.010586803779006004,
    0.06449608504772186,
    0.04456867650151253,
    0.02889719232916832,
    -0.00999729335308075,
    -0.06427371501922607,
    0.02337551862001419,
    0.017522508278489113,
    0.022289907559752464,
    -0.06628462672233582,
    -0.07765277475118637,
    0.053216904401779175,
    -0.002286111004650593,
    0.008511323481798172,
    -0.05455263704061508,
    -0.006995621137320995,
    -0.017521977424621582,
    0.030175840482115746,
    0.018727781251072884,
    0.05830395594239235,
    0.08444318175315857,
    -0.011738217435777187,
    0.013414650224149227,
    -0.0755494013428688,
    0.06033175438642502,
    -0.06430938839912415,
    -0.020942194387316704,
    -0.031524788588285446,
    -0.03497454524040222,
    -0.05261639505624771,
    -0.004757252521812916,
    0.05055055022239685,
    -0.08121296763420105,
    -0.05189913138747215,
    -0.06626437604427338,
    0.03404366597533226,
    -0.07637807726860046,
    -0.027395470067858696,
    0.020214609801769257,
    -0.03091577999293804,
    -0.03515953570604324,
    0.037749506533145905,
    -0.03909164294600487,
    -0.04238469526171684,
    -0.026414871215820312,
    -0.021386124193668365,
    -0.004403833299875259,
    0.04284442961215973,
    -0.00760834664106369,
    0.035709038376808167,
    -0.04340152069926262,
    0.02219935692846775,
    -0.005191132891923189,
    0.035371169447898865,
    -0.06099408119916916,
    -0.03129339963197708,
    -0.006439395248889923,
    -0.04232384264469147,
    0.02429192326962948,
    0.09479793161153793,
    0.040042828768491745,
    -0.010835263878107071,
    -0.045819301158189774,
    0.012706389650702477,
    -0.049587883055210114,
    -0.03509284183382988,
    -0.0007062741206027567,
    0.01809559017419815,
    -0.031279634684324265,
    0.03835948556661606,
    -0.015822548419237137,
    -0.003616472240537405,
    0.1049739271402359,
    -0.019169937819242477,
    -0.008067426271736622,
    0.09494677931070328,
    -0.045093316584825516,
    -0.00361818284727633,
    0.05155399069190025,
    0.005699508357793093,
    -0.04306020215153694,
    0.09392522275447845,
    -0.0833447054028511,
    -0.002778255846351385,
    -0.06384219229221344,
    -0.0137301255017519,
    0.03888345882296562,
    -0.013155140914022923,
    -0.050073761492967606,
    0.06768175959587097,
    -0.030952759087085724,
    -0.010217052884399891,
    0.03989700227975845,
    0.07231055200099945,
    -0.05004575848579407,
    -0.003621165407821536,
    -0.015216135419905186,
    -0.06251039355993271,
    -0.036771029233932495,
    -0.033063486218452454,
    0.01369720883667469,
    0.012542182579636574,
    -0.02244938164949417,
    -0.019925571978092194,
    0.05365529656410217,
    0.03247082233428955,
    -0.003218378173187375,
    0.011009661480784416,
    -0.04147128760814667,
    0.08792836964130402,
    0.010089918039739132,
    -0.0679948627948761,
    0.04640047997236252,
    -0.017378363758325577,
    0.03660489246249199,
    -0.01193048432469368,
    0.018915493041276932,
    -0.0314331017434597,
    -0.037118636071681976,
    0.02732296846807003,
    -0.009858961217105389,
    -0.011586474254727364,
    0.060161709785461426,
    0.01672019250690937,
    0.007836507633328438,
    0.009394778870046139,
    0.07053110003471375,
    -0.06594382971525192,
    0.02329302951693535,
    -0.028109721839427948,
    -0.06306793540716171,
    0.03291173279285431,
    -0.029586363583803177,
    0.001461262465454638,
    -0.014164764434099197,
    0.022445373237133026,
    -0.015480839647352695,
    0.05290466174483299,
    0.0018761323299258947,
    0.0018456493271514773,
    0.0013519718777388334,
    -0.008844807744026184,
    -0.03969378024339676,
    0.14859087765216827,
    0.058991413563489914,
    -0.010037127882242203,
    -0.1081879511475563,
    0.015760768204927444,
    0.006357433740049601,
    -0.023542748764157295,
    0.040438663214445114,
    0.07189911603927612,
    0.04997779056429863,
    -0.03880598023533821,
    0.04775552451610565,
    0.05788605287671089,
    -0.055940259248018265,
    -0.055726584047079086,
    0.006463098339736462,
    -0.0012323716655373573,
    0.04629858583211899,
    -0.029122646898031235,
    0.02532234787940979,
    -0.057273030281066895,
    0.03692664951086044,
    -0.014003593474626541,
    0.05795355886220932,
    0.016662664711475372,
    0.0548136904835701,
    -0.026889558881521225,
    -0.026795396581292152,
    0.05812771990895271,
    -0.07143662869930267,
    -0.010591951198875904,
    0.02185096964240074,
    -0.011968137696385384,
    -0.025090442970395088,
    -0.08970936387777328,
    0.01657829061150551,
    0.037866342812776566,
