{
  "embedding_files": [
    "gt_219.5s_f8.jpg",
    "new_1776234524291_gt_1051.3s_f135.jpg",
    "new_1776234524291_gt_589.5s_f66.jpg",
    "new_1776234524291_gt_310.5s_f18.jpg",
    "gt_534.6s_f113.jpg",
    "gt_111.1s_f82.jpg",
    "gt_58.0s_f13.jpg"
  ],
  "backup_files": [
    "gt_80.2s_f44.jpg",
    "gt_26.2s_f17.jpg",
    "gt_384.7s_f71.jpg"
  ],
  "scores": {
    "gt_26.2s_f17.jpg": 6.8604,
    "gt_80.2s_f44.jpg": 4.7609,
    "gt_219.5s_f8.jpg": 96.7829,
    "gt_534.6s_f113.jpg": 11.0433,
    "gt_384.7s_f71.jpg": 6.7088,
    "new_1776234524291_gt_1051.3s_f135.jpg": 91.2382,
    "new_1776234524291_gt_310.5s_f18.jpg": 24.613,
    "new_1776234524291_gt_589.5s_f66.jpg": 72.1098,
    "gt_111.1s_f82.jpg": 5.4569,
    "gt_58.0s_f13.jpg": 4.3053
  },
  "approved_files": [
    "gt_219.5s_f8.jpg",
    "gt_534.6s_f113.jpg",
    "gt_26.2s_f17.jpg",
    "gt_384.7s_f71.jpg",
    "gt_80.2s_f44.jpg",
    "new_1776234524291_gt_1051.3s_f135.jpg",
    "new_1776234524291_gt_310.5s_f18.jpg",
    "new_1776234524291_gt_589.5s_f66.jpg",
    "gt_111.1s_f82.jpg",
    "gt_58.0s_f13.jpg"
  ],
  "mean_embedding": [
    -0.01793419010937214,
    -0.001348842866718769,
    0.04996001347899437,
    0.011890881694853306,
    -0.0005835526972077787,
    -0.0028598657809197903,
    0.004766208119690418,
    0.01729140616953373,
    0.07370575517416,
    0.02992844395339489,
    0.04587218537926674,
    -0.04839569330215454,
    -0.09233696758747101,
    0.0443432554602623,
    -0.06249590218067169,
    -0.022318199276924133,
    -0.016227012500166893,
    -0.04358929395675659,
    -0.022662848234176636,
    -0.01290811225771904,
    0.05193962901830673,
    -0.0021262483205646276,
    -0.05713510885834694,
    0.06637141853570938,
    0.022137116640806198,
    0.005238521844148636,
    -0.05574542284011841,
    -0.1120385229587555,
    0.006654847878962755,
    0.01880444772541523,
    -0.017166705802083015,
    -0.030957059934735298,
    -0.0016725343884900212,
    0.03376983106136322,
    0.007015621289610863,
    0.02619084157049656,
    -0.0005651414394378662,
    -0.01339750923216343,
    -0.027555951848626137,
    0.020205624401569366,
    -0.008536914363503456,
    0.04810194671154022,
    -0.05292825028300285,
    -0.01704423315823078,
    0.032932575792074203,
    0.039260171353816986,
    -0.08549201488494873,
    -0.043788664042949677,
    -0.007559226825833321,
    -0.06745600700378418,
    -0.051463931798934937,
    -0.03147687017917633,
    -0.020914889872074127,
    -0.0019544598180800676,
    0.006795076187700033,
    0.03320444002747536,
    0.10800590366125107,
    -0.03604941815137863,
    0.0534876324236393,
    -0.0602734237909317,
    0.017370015382766724,
    0.06467261910438538,
    0.04189017415046692,
    0.08145174384117126,
    0.029841119423508644,
    0.01574777625501156,
    -0.031186401844024658,
    -0.05774170160293579,
    0.10325493663549423,
    -0.0004983923281542957,
    0.008114189840853214,
    -0.021600427106022835,
    -0.009535485878586769,
    -0.06312702596187592,
    -0.10580049455165863,
    0.043607134371995926,
    0.05409819260239601,
    0.009185445494949818,
    0.006991229485720396,
    -0.00035294622648507357,
    -0.0197660680860281,
    -0.05944231152534485,
    -0.0009675605688244104,
    -0.06753066182136536,
    0.0106130326166749,
    0.0645403116941452,
    0.04454737529158592,
    0.028873572126030922,
    -0.009999087080359459,
    -0.06421826779842377,
    0.02334715612232685,
    0.017499471083283424,
    0.022268524393439293,
    -0.06628194451332092,
    -0.07763020694255829,
    0.05323011800646782,
    -0.0022852979600429535,
    0.00850953534245491,
    -0.054557643830776215,
    -0.006986620370298624,
    -0.01753999851644039,
    0.030207158997654915,
    0.01872873120009899,
    0.05826861783862114,
    0.08448439836502075,
    -0.01175941713154316,
    0.013437854126095772,
    -0.07550592720508575,
    0.06032337620854378,
    -0.06434313952922821,
    -0.020948020741343498,
    -0.03152422234416008,
    -0.03496763855218887,
    -0.05262771248817444,
    -0.00475207669660449,
    0.050524190068244934,
    -0.08120008558034897,
    -0.05191606655716896,
    -0.06626886874437332,
    0.03404969349503517,
    -0.07643657177686691,
    -0.027375517413020134,
    0.02020990289747715,
    -0.030904775485396385,
    -0.0351184643805027,
    0.03774511441588402,
    -0.039082083851099014,
    -0.042381029576063156,
    -0.026416180655360222,
    -0.0213861595839262,
    -0.00442698085680604,
    0.04280858859419823,
    -0.007571709342300892,
    0.03570760786533356,
    -0.0433831512928009,
    0.02220550924539566,
    -0.005205616820603609,
    0.03538421168923378,
    -0.061003103852272034,
    -0.03127795457839966,
    -0.006431289482861757,
    -0.042296331375837326,
    0.024280155077576637,
    0.09478448331356049,
    0.04001377150416374,
    -0.01084719505161047,
    -0.04583241045475006,
    0.012703838758170605,
    -0.04957381635904312,
    -0.03506743535399437,
    -0.0006931701209396124,
    0.0181173887103796,
    -0.03128959611058235,
    0.038344863802194595,
    -0.015804577618837357,
    -0.0036217772867530584,
    0.10501076281070709,
    -0.019156066700816154,
    -0.008124945685267448,
    0.0949804037809372,
    -0.04509277269244194,
    -0.0035866238176822662,
    0.05153948813676834,
    0.005709794349968433,
    -0.04306454211473465,
    0.09394364804029465,
    -0.08334650844335556,
    -0.002714012749493122,
    -0.06386236101388931,
    -0.013742816634476185,
    0.03889337182044983,
    -0.013179490342736244,
    -0.05008624121546745,
    0.0676649883389473,
    -0.03095201775431633,
    -0.010208857245743275,
    0.03984224796295166,
    0.0723094791173935,
    -0.050059277564287186,
    -0.0036034204531461,
    -0.01520908810198307,
    -0.06251814216375351,
    -0.03676942363381386,
    -0.03306253254413605,
    0.013735356740653515,
    0.012530406937003136,
    -0.022450730204582214,
    -0.019910233095288277,
    0.05365656688809395,
    0.032465238124132156,
    -0.0032479241490364075,
    0.011011852882802486,
    -0.04148560017347336,
    0.08795613050460815,
    0.010130641050636768,
    -0.06801892071962357,
    0.04639800637960434,
    -0.0173925943672657,
    0.03661416098475456,
    -0.011882394552230835,
    0.018901105970144272,
    -0.03143959492444992,
    -0.0371374674141407,
    0.02733421139419079,
    -0.00983506627380848,
    -0.011578071862459183,
    0.060158856213092804,
    0.016720013692975044,
    0.007811268325895071,
    0.009428611025214195,
    0.07052409648895264,
    -0.0659206211566925,
    0.023259520530700684,
    -0.02811400592327118,
    -0.06303159147500992,
    0.032923731952905655,
    -0.029597027227282524,
    0.0014496350195258856,
    -0.014166233129799366,
    0.0224318690598011,
    -0.015511511825025082,
    0.05289489030838013,
    0.00190501578617841,
    0.0018596885493025184,
    0.001345873693935573,
    -0.008849704638123512,
    -0.039682310074567795,
    0.14856664836406708,
    0.05899188667535782,
    -0.010032464750111103,
    -0.10820060223340988,
    0.015792321413755417,
    0.006361247971653938,
    -0.023563023656606674,
    0.04047759249806404,
    0.07189790159463882,
    0.04993879422545433,
    -0.03879784792661667,
    0.04774810001254082,
    0.057874225080013275,
    -0.05597533658146858,
    -0.055741436779499054,
    0.006490159314125776,
    -0.001198435202240944,
    0.04630086198449135,
    -0.02914823405444622,
    0.025274349376559258,
    -0.05719691887497902,
    0.036913249641656876,
    -0.014006644487380981,
    0.05791579186916351,
    0.0166627187281847,
    0.054850779473781586,
    -0.026847776025533676,
    -0.026795778423547745,
    0.058116327971220016,
    -0.07145251333713531,
    -0.01061761099845171,
    0.02184995822608471,
    -0.011971992440521717,
    -0.025075362995266914,
    -0.08972718566656113,
    0.01657259836792946,
    0.03783595934510231,
    -0.010043438524007797,
