{
  "embedding_files": [
    "gt_219.5s_f8.jpg",
    "new_1776234524291_gt_1051.3s_f135.jpg",
    "new_1776234524291_gt_589.5s_f66.jpg",
    "new_1776234524291_gt_310.5s_f18.jpg",
    "gt_534.6s_f113.jpg"
  ],
  "backup_files": [
    "gt_111.1s_f82.jpg",
    "gt_26.2s_f17.jpg",
    "gt_384.7s_f71.jpg",
    "gt_58.0s_f13.jpg",
    "gt_80.2s_f44.jpg"
  ],
  "scores": {
    "gt_26.2s_f17.jpg": 6.8604,
    "gt_80.2s_f44.jpg": 4.7609,
    "gt_219.5s_f8.jpg": 96.7829,
    "gt_534.6s_f113.jpg": 11.0433,
    "gt_384.7s_f71.jpg": 6.7088,
    "new_1776234524291_gt_1051.3s_f135.jpg": 91.2382,
    "new_1776234524291_gt_310.5s_f18.jpg": 24.613,
    "new_1776234524291_gt_589.5s_f66.jpg": 72.1098,
    "gt_111.1s_f82.jpg": 5.4569,
    "gt_58.0s_f13.jpg": 4.3053
  },
  "approved_files": [
    "gt_219.5s_f8.jpg",
    "gt_534.6s_f113.jpg",
    "gt_26.2s_f17.jpg",
    "gt_384.7s_f71.jpg",
    "gt_80.2s_f44.jpg",
    "new_1776234524291_gt_1051.3s_f135.jpg",
    "new_1776234524291_gt_310.5s_f18.jpg",
    "new_1776234524291_gt_589.5s_f66.jpg",
    "gt_111.1s_f82.jpg",
    "gt_58.0s_f13.jpg"
  ],
  "mean_embedding": [
    -0.01875489018857479,
    -0.00042053774814121425,
    0.051585592329502106,
    0.010472765192389488,
    0.00036798883229494095,
    -0.003444811562076211,
    0.006954723037779331,
    0.017188724130392075,
    0.0726630836725235,
    0.030666697770357132,
    0.04666002467274666,
    -0.04770033806562424,
    -0.09064929187297821,
    0.043757133185863495,
    -0.06381554156541824,
    -0.02361374720931053,
    -0.01578931324183941,
    -0.042867258191108704,
    -0.023752115666866302,
    -0.013229730539023876,
    0.05313098058104515,
    -0.0014071055920794606,
    -0.061147067695856094,
    0.07307500392198563,
    0.0171880554407835,
    0.007556347642093897,
    -0.05410316213965416,
    -0.10759863257408142,
    0.005434267222881317,
    0.022560084238648415,
    -0.016036605462431908,
    -0.028922870755195618,
    -0.0019037388265132904,
    0.03289048373699188,
    0.0051680514588952065,
    0.027556292712688446,
    0.0024706292897462845,
    -0.012249947525560856,
    -0.03357439488172531,
    0.014273043721914291,
    -0.007550093345344067,
    0.0558084212243557,
    -0.05675468221306801,
    -0.021306777372956276,
    0.035803187638521194,
    0.03382188081741333,
    -0.08805444836616516,
    -0.042029667645692825,
    -0.008263022638857365,
    -0.06470571458339691,
    -0.051146697252988815,
    -0.03499781712889671,
    -0.018132532015442848,
    -0.0015846489695832133,
    0.0050454698503017426,
    0.0344611331820488,
    0.10866683721542358,
    -0.033778004348278046,
    0.05548826977610588,
    -0.05866101011633873,
    0.014277967624366283,
    0.058084309101104736,
    0.03996671736240387,
    0.08040165901184082,
    0.03171165660023689,
    0.021292945370078087,
    -0.03262127563357353,
    -0.06325076520442963,
    0.10378096997737885,
    0.005034180358052254,
    0.00685421098023653,
    -0.013541167601943016,
    -0.009210211224853992,
    -0.06261585652828217,
    -0.10369130969047546,
    0.04198798909783363,
    0.051451221108436584,
    0.007336387876421213,
    0.001109384000301361,
    -0.00025208061560988426,
    -0.020951813086867332,
    -0.0551631897687912,
    -0.0008831056184135377,
    -0.07131943106651306,
    0.00925527699291706,
    0.06169726327061653,
    0.04370119795203209,
    0.027072405442595482,
    -0.010890331119298935,
    -0.05964859947562218,
    0.024103760719299316,
    0.0195502657443285,
    0.023050807416439056,
    -0.06637656688690186,
    -0.07528325170278549,
    0.05517188832163811,
    -0.00004078478741575964,
    0.007185723632574081,
    -0.056628014892339706,
    -0.008354236371815205,
    -0.019738586619496346,
    0.029253074899315834,
    0.019891807809472084,
    0.06069868803024292,
    0.08708038181066513,
    -0.011706646531820297,
    0.016059188172221184,
    -0.07030702382326126,
    0.05754784122109413,
    -0.06426239758729935,
    -0.026252316311001778,
    -0.030794383957982063,
    -0.034396082162857056,
    -0.05197345092892647,
    -0.00478436890989542,
    0.05412919819355011,
    -0.07883333414793015,
    -0.05451497063040733,
    -0.06895621120929718,
    0.03201577812433243,
    -0.07756853848695755,
    -0.02737872302532196,
    0.01717974804341793,
    -0.02923266403377056,
    -0.03189534693956375,
    0.034713614732027054,
    -0.03775365650653839,
    -0.041666265577077866,
    -0.02609873004257679,
    -0.018680140376091003,
    -0.0063561731949448586,
    0.038484763354063034,
    -0.008612826466560364,
    0.03343839943408966,
    -0.041617415845394135,
    0.024773009121418,
    -0.003994492348283529,
    0.035809747874736786,
    -0.0656886026263237,
    -0.033582836389541626,
    -0.00871847290545702,
    -0.038705725222826004,
    0.023698905482888222,
    0.09426062554121017,
    0.04114411398768425,
    -0.01506592333316803,
    -0.04889482259750366,
    0.012830563820898533,
    -0.05213942378759384,
    -0.03686635568737984,
    0.0027008673641830683,
    0.023341985419392586,
    -0.02519037388265133,
    0.03883805125951767,
    -0.01567832939326763,
    -0.0010500723728910089,
    0.10545342415571213,
    -0.019014736637473106,
    -0.00970757007598877,
    0.08667328208684921,
    -0.043673325330019,
    0.00011423604883020744,
    0.05351860821247101,
    0.004404466599225998,
    -0.043247826397418976,
    0.09365339577198029,
    -0.0866536796092987,
    -0.002065489301458001,
    -0.06557322293519974,
    -0.01407601311802864,
    0.04046244919300079,
    -0.017727822065353394,
    -0.053596727550029755,
    0.06680639833211899,
    -0.029640987515449524,
    -0.007622062228620052,
    0.038913097232580185,
    0.07344555109739304,
    -0.05090458691120148,
    -0.006479346193373203,
    -0.016918333247303963,
    -0.06350693106651306,
    -0.034660983830690384,
    -0.03259790316224098,
    0.014469355344772339,
    0.011334068141877651,
    -0.01787606254220009,
    -0.02043473906815052,
    0.052315160632133484,
    0.028233956545591354,
    0.0006125318468548357,
    0.00928584486246109,
    -0.041642505675554276,
    0.0884813591837883,
    0.008213256485760212,
    -0.06705422699451447,
    0.04366477206349373,
    -0.015834564343094826,
    0.029731644317507744,
    -0.015394258312880993,
    0.020652974024415016,
    -0.02970278076827526,
    -0.033184297382831573,
    0.02779325470328331,
    -0.01321509201079607,
    -0.012026648037135601,
    0.0564863495528698,
    0.017918087542057037,
    0.0057829138822853565,
    0.007142231799662113,
    0.07541224360466003,
    -0.06817664951086044,
    0.01959730125963688,
    -0.02714613452553749,
    -0.061372723430395126,
    0.032767705619335175,
    -0.02608528546988964,
    0.0075913998298347,
    -0.011385245248675346,
    0.021155385300517082,
    -0.016998285427689552,
    0.05576612800359726,
    0.006534337066113949,
    0.0032982374541461468,
    -0.00009362950368085876,
    -0.008453912101686,
    -0.042895879596471786,
    0.14816895127296448,
    0.0635148361325264,
    -0.007707451470196247,
    -0.10590106248855591,
    0.015823442488908768,
    0.008484654128551483,
    -0.023106800392270088,
    0.04025431349873543,
    0.07113176584243774,
    0.055639609694480896,
    -0.04043342173099518,
    0.04462725669145584,
    0.057740744203329086,
    -0.05282168462872505,
    -0.05818336457014084,
    0.002730998443439603,
    -0.004584860056638718,
    0.04466479644179344,
    -0.033589959144592285,
    0.02779180370271206,
    -0.059318091720342636,
    0.03601876273751259,
    -0.011773127131164074,
    0.05890811234712601,
    0.013628601096570492,
    0.04928748682141304,
    -0.026106543838977814,
    -0.031804416328668594,
    0.056765295565128326,
    -0.07128047943115234,
    -0.010369768366217613,
    0.022913502529263496,
    -0.014564454555511475,
    -0.021836208179593086,
    -0.08613907545804977,
    0.013778343796730042,
    0.03663385286927223,
