{
  "embedding_files": [
    "gt_742.8s_f78.jpg",
    "gt_310.5s_f8.jpg",
    "gt_1051.3s_f134.jpg",
    "gt_431.4s_f38.jpg",
    "gt_589.5s_f54.jpg"
  ],
  "backup_files": [
    "new_1776234563271_gt_499.6s_f67.jpg",
    "new_1776234563271_gt_300.2s_f22.jpg",
    "new_1776234563271_gt_579.2s_f92.jpg",
    "new_1776234563271_gt_211.2s_f4.jpg",
    "new_1776234563271_gt_399.0s_f52.jpg"
  ],
  "scores": {
    "gt_310.5s_f8.jpg": 56.133,
    "gt_431.4s_f38.jpg": 37.6397,
    "gt_589.5s_f54.jpg": 36.0272,
    "gt_742.8s_f78.jpg": 66.7038,
    "gt_1051.3s_f134.jpg": 49.2792
  },
  "approved_files": [
    "gt_742.8s_f78.jpg",
    "gt_310.5s_f8.jpg",
    "gt_1051.3s_f134.jpg",
    "gt_431.4s_f38.jpg",
    "gt_589.5s_f54.jpg",
    "new_1776234563271_gt_211.2s_f4.jpg",
    "new_1776234563271_gt_300.2s_f22.jpg",
    "new_1776234563271_gt_399.0s_f52.jpg",
    "new_1776234563271_gt_499.6s_f67.jpg",
    "new_1776234563271_gt_579.2s_f92.jpg"
  ],
  "mean_embedding": [
    0.0529632642865181,
    0.018371840938925743,
    0.05433414876461029,
    -0.013488072901964188,
    0.017861736938357353,
    -0.013870407827198505,
    0.004002627916634083,
    -0.07040398567914963,
    -0.008173201233148575,
    0.03791424632072449,
    0.0017154922243207693,
    0.018565310165286064,
    -0.07410594820976257,
    -0.05604559928178787,
    0.03156575188040733,
    0.009806420654058456,
    0.030354272574186325,
    0.017779814079403877,
    -0.005289008840918541,
    -0.04092658683657646,
    0.005501283798366785,
    -0.039023250341415405,
    -0.018880506977438927,
    0.037383608520030975,
    0.023584872484207153,
    0.02689317986369133,
    -0.010946348309516907,
    0.012654224410653114,
    0.05938684567809105,
    0.007236342411488295,
    0.019168373197317123,
    0.04346397891640663,
    -0.04391315579414368,
    -0.06545331329107285,
    0.038022130727767944,
    -0.004928082227706909,
    0.0012732477625831962,
    -0.0046423873864114285,
    -0.03269709646701813,
    0.002249144483357668,
    0.00042388876318000257,
    -0.045439451932907104,
    -0.052383821457624435,
    -0.02832898683845997,
    0.09431658685207367,
    0.006405174266546965,
    0.043687671422958374,
    0.004866785369813442,
    -0.011896112933754921,
    -0.020252462476491928,
    0.004989653825759888,
    -0.014126794412732124,
    0.07864225655794144,
    0.033586300909519196,
    0.05227671563625336,
    0.03663121536374092,
    0.06494985520839691,
    0.04713531583547592,
    0.046988967806100845,
    0.03685157373547554,
    -0.03668208420276642,
    0.028928928077220917,
    -0.03393039479851723,
    -0.05267086252570152,
    0.021604331210255623,
    0.04412424564361572,
    -0.08897104114294052,
    0.020868876948952675,
    0.004203676246106625,
    0.02166817896068096,
    0.004555361345410347,
    -0.003562169848009944,
    0.04823422431945801,
    -0.020231937989592552,
    0.06332677602767944,
    -0.015231211669743061,
    0.028742993250489235,
    0.013105636462569237,
    0.023002009838819504,
    0.13379108905792236,
    0.010748784057796001,
    -0.05003796145319939,
    -0.002152929315343499,
    0.07195042073726654,
    0.0019894649740308523,
    0.05704878270626068,
    -0.03282454237341881,
    -0.04978727549314499,
    -0.025751285254955292,
    -0.019625477492809296,
    -0.038819991052150726,
    -0.03908525034785271,
    -0.02630920149385929,
    0.018906963989138603,
    -0.018052974715828896,
    -0.027819860726594925,
    0.06381289660930634,
    0.025646857917308807,
    -0.03040209412574768,
    -0.05796743929386139,
    -0.01573934033513069,
    -0.011716362088918686,
    -0.00674071442335844,
    0.04397188499569893,
    0.057965878397226334,
    0.05835900828242302,
    0.020706787705421448,
    0.015905646607279778,
    0.09392392635345459,
    -0.023292113095521927,
    0.040550969541072845,
    0.038268234580755234,
    0.04637826234102249,
    -0.003971662372350693,
    -0.06468048691749573,
    0.02818160317838192,
    0.007241671904921532,
    0.033139023929834366,
    -0.028342321515083313,
    -0.06266524642705917,
    -0.02045758254826069,
    0.033635709434747696,
    0.02133757807314396,
    0.012285715900361538,
    0.008524522185325623,
    -0.029717853292822838,
    0.0173234473913908,
    -0.004344439134001732,
    -0.0605040043592453,
    -0.010176494717597961,
    0.03215036913752556,
    0.058710016310214996,
    -0.09054961800575256,
    -0.017028622329235077,
    0.003936820663511753,
    -0.0720156729221344,
    -0.016370441764593124,
    0.0016669615870341659,
    -0.09243372082710266,
    -0.03176077827811241,
    -0.050214849412441254,
    -0.061024803668260574,
    0.020858965814113617,
    -0.06060931831598282,
    0.03867746889591217,
    0.055106837302446365,
    -0.0007414688589051366,
    0.04312310367822647,
    -0.038804665207862854,
    -0.011422793380916119,
    0.003922787494957447,
    -0.04989279806613922,
    -0.00406054500490427,
    -0.04985256493091583,
    -0.013982155360281467,
    -0.013543304055929184,
    0.024368813261389732,
    -0.05726238340139389,
    0.028147796168923378,
    0.04331650957465172,
    0.046160705387592316,
    -0.006095678545534611,
    -0.0019677733071148396,
    -0.003366057761013508,
    -0.0289334524422884,
    -0.048239924013614655,
    -0.004348624963313341,
    0.0032759932801127434,
    -0.06069551408290863,
    0.00814563874155283,
    0.033768147230148315,
    0.05536798760294914,
    0.0396198034286499,
    0.0017945735016837716,
    0.02097184583544731,
    -0.003528325352817774,
    -0.011613684706389904,
    -0.03385220095515251,
    0.0010034266160801053,
    0.054623525589704514,
    -0.049657221883535385,
    0.02314993552863598,
    -0.07232756167650223,
    0.00018233856826554984,
    0.03580527752637863,
    -0.03503584489226341,
    -0.020601455122232437,
    0.018553052097558975,
    -0.022413481026887894,
    0.04362745210528374,
    -0.05306043103337288,
    0.058271780610084534,
    0.029585009440779686,
    0.013926143757998943,
    -0.06682457774877548,
    -0.009938611648976803,
    0.08048243820667267,
    0.03551120683550835,
    -0.02624860592186451,
    0.013796677812933922,
    -0.029360368847846985,
    0.07150360941886902,
    0.060608625411987305,
    0.02564743533730507,
    -0.03503638878464699,
    0.056027330458164215,
    -0.003718990134075284,
    -0.08507506549358368,
    0.004147453233599663,
    -0.0359308160841465,
    -0.010995778255164623,
    -0.009374876506626606,
    -0.05216839909553528,
    0.05776806175708771,
    -0.1077432706952095,
    -0.03803735971450806,
    -0.0620204359292984,
    0.03961589187383652,
    0.007172561250627041,
    -0.055776920169591904,
    0.01769177056849003,
    0.08689860254526138,
    0.01231236569583416,
    0.015943162143230438,
    0.03863724693655968,
    0.03327181935310364,
    0.032141461968421936,
    0.06280411779880524,
    0.09861040115356445,
    -0.049104031175374985,
    0.001981831155717373,
    0.005717084743082523,
    -0.05306653305888176,
    -0.0555984191596508,
    0.03871515020728111,
    -0.003392205573618412,
    0.03424658998847008,
    0.045184891670942307,
    -0.011735321953892708,
    0.04186563566327095,
    0.04585666581988335,
    -0.06975705921649933,
    -0.03561637923121452,
    0.015570353716611862,
    0.051644161343574524,
    0.05132179707288742,
    0.059206876903772354,
    0.02867589332163334,
    -0.014700124971568584,
    -0.1095823347568512,
    0.006985932122915983,
    -0.01967231184244156,
    -0.05509807914495468,
    0.030529826879501343,
    0.014362459070980549,
    -0.007845412939786911,
    -0.03296284005045891,
    -0.04767990484833717,
    0.07722600549459457,
    -0.041879504919052124,
    0.0282212495803833,
    -0.0596839040517807,
    -0.029592234641313553,
    0.00045951263746246696,
    0.024006787687540054,
    0.04484674334526062,
    0.04000845178961754,
    0.040691401809453964,
    -0.01613021083176136,
    0.026910655200481415,
