{
  "embedding_files": [
    "gt_742.8s_f78.jpg",
    "gt_310.5s_f8.jpg",
    "gt_1051.3s_f134.jpg",
    "gt_431.4s_f38.jpg",
    "gt_589.5s_f54.jpg"
  ],
  "backup_files": [
    "new_1776234563271_gt_211.2s_f4.jpg",
    "new_1776234563271_gt_300.2s_f22.jpg",
    "new_1776234563271_gt_399.0s_f52.jpg",
    "new_1776234563271_gt_499.6s_f67.jpg",
    "new_1776234563271_gt_579.2s_f92.jpg"
  ],
  "scores": {
    "gt_310.5s_f8.jpg": 56.133,
    "gt_431.4s_f38.jpg": 37.6397,
    "gt_589.5s_f54.jpg": 36.0272,
    "gt_742.8s_f78.jpg": 66.7038,
    "gt_1051.3s_f134.jpg": 49.2792
  },
  "approved_files": [
    "gt_742.8s_f78.jpg",
    "gt_310.5s_f8.jpg",
    "gt_1051.3s_f134.jpg",
    "gt_431.4s_f38.jpg",
    "gt_589.5s_f54.jpg",
    "new_1776234563271_gt_211.2s_f4.jpg",
    "new_1776234563271_gt_300.2s_f22.jpg",
    "new_1776234563271_gt_399.0s_f52.jpg",
    "new_1776234563271_gt_499.6s_f67.jpg",
    "new_1776234563271_gt_579.2s_f92.jpg"
  ],
  "mean_embedding": [
    0.044892266392707825,
    0.010319974273443222,
    0.049479514360427856,
    -0.030065197497606277,
    0.017232278361916542,
    -0.012280491180717945,
    0.00252653774805367,
    -0.0726373940706253,
    -0.01129645761102438,
    0.03026556968688965,
    0.00039446415030397475,
    0.017242232337594032,
    -0.07182072103023529,
    -0.060324836522340775,
    0.029910018667578697,
    0.012238513678312302,
    0.02078409679234028,
    0.012771173380315304,
    -0.004641268402338028,
    -0.05541708692908287,
    0.005312375258654356,
    -0.037828654050827026,
    -0.008962083607912064,
    0.03721168264746666,
    0.03776857629418373,
    0.01857621967792511,
    -0.022344792261719704,
    0.010175317525863647,
    0.059913262724876404,
    0.00984437856823206,
    0.008268565870821476,
    0.039551157504320145,
    -0.04389936476945877,
    -0.06333152204751968,
    0.03923039883375168,
    -0.0151002062484622,
    -0.0033782157115638256,
    -0.007296235300600529,
    -0.026094337925314903,
    0.007901903241872787,
    0.003030074294656515,
    -0.046898987144231796,
    -0.05497493967413902,
    -0.02220047451555729,
    0.09140385687351227,
    0.006027757190167904,
    0.04120980203151703,
    -0.0015439018607139587,
    -0.009693472646176815,
    -0.01248583197593689,
    0.012721134349703789,
    -0.012203391641378403,
    0.0750451385974884,
    0.03305414691567421,
    0.05597786605358124,
    0.03787659853696823,
    0.06343326717615128,
    0.03357305750250816,
    0.04698873683810234,
    0.0401744619011879,
    -0.03370993956923485,
    0.03142429143190384,
    -0.031933240592479706,
    -0.04300706833600998,
    0.020213378593325615,
    0.04624948278069496,
    -0.08574362844228745,
    0.021688049659132957,
    0.0002772641892079264,
    0.02133236825466156,
    0.00864357315003872,
    -0.012613248080015182,
    0.05195247754454613,
    -0.018237333744764328,
    0.06773398071527481,
    -0.022859664633870125,
    0.029610715806484222,
    0.017619850113987923,
    0.029382135719060898,
    0.14031711220741272,
    0.007678304333239794,
    -0.05434385687112808,
    0.00398426316678524,
    0.06772340089082718,
    0.004670592024922371,
    0.05554642155766487,
    -0.03340410813689232,
    -0.055628202855587006,
    -0.032927900552749634,
    -0.030250199139118195,
    -0.0325993187725544,
    -0.046107217669487,
    -0.029868461191654205,
    0.02007870003581047,
    -0.01574351079761982,
    -0.032929349690675735,
    0.06088341400027275,
    0.027092186734080315,
    -0.03523464500904083,
    -0.053243834525346756,
    -0.011022951453924179,
    -0.015042671002447605,
    0.006192116532474756,
    0.04806671664118767,
    0.056958604604005814,
    0.058374449610710144,
    0.011771815828979015,
    0.01301357802003622,
    0.09801080077886581,
    -0.019922364503145218,
    0.03397112712264061,
    0.05156366899609566,
    0.04609271511435509,
    -0.008145257830619812,
    -0.05894140899181366,
    0.027701519429683685,
    0.010550369508564472,
    0.03642546758055687,
    -0.02062338776886463,
    -0.06171944737434387,
    -0.021662872284650803,
    0.03966822475194931,
    0.027708491310477257,
    0.019986441358923912,
    0.004339094273746014,
    -0.030025487765669823,
    0.019622694700956345,
    0.0020774658769369125,
    -0.05904462933540344,
    -0.017903154715895653,
    0.031092338263988495,
    0.06191547214984894,
    -0.0865226462483406,
    -0.012326979078352451,
    -0.0011910790344700217,
    -0.07145416736602783,
    -0.011424623429775238,
    0.0016264286823570728,
    -0.09610433131456375,
    -0.028135715052485466,
    -0.05434758961200714,
    -0.06383370608091354,
    0.02363899163901806,
    -0.04763517156243324,
    0.039561498910188675,
    0.059944793581962585,
    0.0018870844505727291,
    0.04050062969326973,
    -0.03198445960879326,
    -0.0003490474191494286,
    2.7316589694237337e-05,
    -0.04628174379467964,
    -0.009682637639343739,
    -0.05989003926515579,
    -0.016086947172880173,
    -0.014408309943974018,
    0.026983577758073807,
    -0.05753626674413681,
    0.025467799976468086,
    0.03996387869119644,
    0.06035662814974785,
    -0.014451744966208935,
    -0.005169584881514311,
    -0.006504849996417761,
    -0.035586878657341,
    -0.04044855758547783,
    0.002848055912181735,
    0.005646253935992718,
    -0.0650433674454689,
    0.00975948665291071,
    0.029500607401132584,
    0.06118261069059372,
    0.028923960402607918,
    -0.0009233392192982137,
    0.02363761141896248,
    -0.015456580556929111,
    -0.011486455798149109,
    -0.024482784792780876,
    0.00825379230082035,
    0.05644146353006363,
    -0.04226265102624893,
    0.02143898233771324,
    -0.06875627487897873,
    0.008736499585211277,
    0.0445999838411808,
    -0.02586006186902523,
    -0.022426890209317207,
    0.015336865559220314,
    -0.013448415324091911,
    0.03732704743742943,
    -0.052666064351797104,
    0.050980787724256516,
    0.03399819880723953,
    0.010567093268036842,
    -0.06627029925584793,
    -0.011664526537060738,
    0.07508779317140579,
    0.027615375816822052,
    -0.03126237541437149,
    0.013662070035934448,
    -0.029524262994527817,
    0.06944569945335388,
    0.047784581780433655,
    0.017713434994220734,
    -0.036445628851652145,
    0.054767169058322906,
    -0.006622608285397291,
    -0.08280350267887115,
    0.010572703555226326,
    -0.034446634352207184,
    -0.014231894165277481,
    -0.0020135228987783194,
    -0.05549882352352142,
    0.05708455666899681,
    -0.11206135153770447,
    -0.035865332931280136,
    -0.057991642504930496,
    0.041920579969882965,
    0.0047534191980957985,
    -0.054112181067466736,
    0.011840082705020905,
    0.08207443356513977,
    0.008281052112579346,
    0.01994144544005394,
    0.03780245780944824,
    0.03384833782911301,
    0.03754163160920143,
    0.06202154979109764,
    0.09921473264694214,
    -0.05885884910821915,
    0.006714772433042526,
    -0.0038364690262824297,
    -0.05318637564778328,
    -0.05818944051861763,
    0.03443310782313347,
    -0.002033798024058342,
    0.034112267196178436,
    0.04678028076887131,
    0.001432933029718697,
    0.04277140647172928,
    0.05118730664253235,
    -0.072463259100914,
    -0.04892634227871895,
    0.02183588221669197,
    0.04607649892568588,
    0.050856657326221466,
    0.057368166744709015,
    0.02135375142097473,
    -0.010452131740748882,
    -0.1182970255613327,
    0.002619033446535468,
    -0.016178622841835022,
    -0.06174442544579506,
    0.03222750127315521,
    0.0046515497379004955,
    -0.01509176753461361,
    -0.035322971642017365,
    -0.04281148314476013,
    0.075593963265419,
    -0.02408522181212902,
    0.028301116079092026,
    -0.053831055760383606,
    -0.02415328100323677,
    0.003353056265041232,
    0.020101599395275116,
    0.04258337244391441,
    0.03852294012904167,
    0.04184744879603386,
    -0.018563471734523773,
    0.02843860723078251,
