{
  "embedding_files": [
    "gt_217.1s_f71.jpg",
    "gt_324.5s_f107.jpg",
    "gt_117.2s_f22.jpg",
    "new_1776234282846_gt_184.5s_f32.jpg",
    "new_1776234282846_gt_2.1s_f10.jpg"
  ],
  "backup_files": [
    "new_1776234282846_gt_383.1s_f55.jpg",
    "new_1776234282846_gt_503.3s_f69.jpg",
    "new_1776234282846_gt_589.1s_f100.jpg"
  ],
  "scores": {
    "gt_217.1s_f71.jpg": 16.0436,
    "gt_324.5s_f107.jpg": 8.2506,
    "gt_117.2s_f22.jpg": 7.7907
  },
  "approved_files": [
    "gt_217.1s_f71.jpg",
    "gt_324.5s_f107.jpg",
    "gt_117.2s_f22.jpg",
    "new_1776234282846_gt_184.5s_f32.jpg",
    "new_1776234282846_gt_2.1s_f10.jpg",
    "new_1776234282846_gt_383.1s_f55.jpg",
    "new_1776234282846_gt_503.3s_f69.jpg",
    "new_1776234282846_gt_589.1s_f100.jpg"
  ],
  "mean_embedding": [
    0.019032811746001244,
    0.03276839852333069,
    0.05600132793188095,
    -0.010645129717886448,
    0.05525348335504532,
    -0.022764233872294426,
    0.003433512756600976,
    -0.008243177086114883,
    -0.07017260044813156,
    -0.011956899426877499,
    0.058734674006700516,
    0.03792369365692139,
    -0.03790665417909622,
    0.019998054951429367,
    -0.050118912011384964,
    0.06096891313791275,
    -0.037605658173561096,
    -0.04222434386610985,
    0.011876022443175316,
    0.03236592933535576,
    0.008301102556288242,
    -0.0158440712839365,
    0.013062270358204842,
    -0.02730114758014679,
    0.02779691480100155,
    -0.03901073336601257,
    -0.007944673299789429,
    0.002056407043710351,
    0.08267492800951004,
    -0.01074113417416811,
    0.002845006762072444,
    0.008300619199872017,
    -0.04819367453455925,
    0.024537529796361923,
    0.0003549949615262449,
    0.049583274871110916,
    -0.061429716646671295,
    -0.03428575396537781,
    0.046940382570028305,
    -0.043874628841876984,
    -0.010087371803820133,
    0.005075226537883282,
    -0.03163963556289673,
    0.008995055221021175,
    0.003270372049883008,
    -0.003999378532171249,
    0.05169985443353653,
    -0.005715483333915472,
    0.008678396232426167,
    0.022414449602365494,
    0.032926931977272034,
    0.05169103667140007,
    -0.06294415146112442,
    -0.018469465896487236,
    -0.00625435309484601,
    0.048571545630693436,
    -0.03782074898481369,
    0.009634118527173996,
    -0.00378051633015275,
    -0.06117415800690651,
    0.02392902970314026,
    0.06259980797767639,
    -0.035915445536375046,
    0.017092708498239517,
    -0.03573799505829811,
    -0.00925400760024786,
    0.010109687224030495,
    -0.07422182708978653,
    0.024458613246679306,
    -0.04157266020774841,
    0.0028996681794524193,
    -0.004413736518472433,
    -0.06073436141014099,
    0.008346728049218655,
    -0.07598686218261719,
    0.04077856242656708,
    0.05187264084815979,
    -0.001885981415398419,
    0.0008258585003204644,
    0.05087302252650261,
    0.05864792689681053,
    -0.004322350956499577,
    -0.04489104822278023,
    -0.02161877043545246,
    0.04486728087067604,
    -0.06224234402179718,
    -0.007457733619958162,
    -0.029904399067163467,
    0.0318707711994648,
    0.04168059676885605,
    -0.014529583044350147,
    0.010057478211820126,
    0.009712926112115383,
    -0.02299702912569046,
    -0.05731230229139328,
    -0.024902744218707085,
    -0.03244086354970932,
    -0.0002308260154677555,
    0.04728838428854942,
    -0.015266894362866879,
    0.07068521529436111,
    -0.00435893377289176,
    0.11038532108068466,
    0.0607277974486351,
    0.040746964514255524,
    6.758412382623646e-06,
    -0.021020762622356415,
    -0.06648601591587067,
    -0.027723753824830055,
    -0.014683544635772705,
    -0.05009682476520538,
    0.05559893697500229,
    0.019065605476498604,
    0.045122843235731125,
    0.04445663467049599,
    -0.01960536651313305,
    0.014063007198274136,
    0.00042117934208363295,
    -0.0013089965796098113,
    0.019339431077241898,
    -0.1321655660867691,
    -0.0623699426651001,
    0.10556376725435257,
    0.02863442711532116,
    0.013593984767794609,
    0.001047489233314991,
    -0.02329375222325325,
    -0.026388540863990784,
    0.016343114897608757,
    0.019948797300457954,
    0.02889937534928322,
    -0.022349964827299118,
    -0.06560441851615906,
    -0.04181649163365364,
    -0.0067422958090901375,
    -0.03582200035452843,
    -0.023925423622131348,
    -0.029578885063529015,
    -0.00798079464584589,
    0.011340130120515823,
    0.033271368592977524,
    -0.016125431284308434,
    0.02385549061000347,
    0.0874667689204216,
    -0.0738394558429718,
    -0.035561054944992065,
    -0.0011612239759415388,
    0.014172371476888657,
    -0.04455481842160225,
    -0.061449747532606125,
    -0.007361892145127058,
    -0.07273963838815689,
    -0.061412498354911804,
    0.01115450356155634,
    0.014440578408539295,
    -0.02763112634420395,
    0.013086281716823578,
    -0.017868805676698685,
    0.04651356115937233,
    0.024817273020744324,
    -0.06334994733333588,
    0.09605840593576431,
    0.011545834131538868,
    0.0065346467308700085,
    -0.03303937986493111,
    -0.020867131650447845,
    -0.11024913191795349,
    -0.024481214582920074,
    0.0014893708284944296,
    0.07304437458515167,
    0.059447769075632095,
    -0.05714868754148483,
    -0.006143877748399973,
    0.01950727589428425,
    -0.06145111843943596,
    -0.0601864792406559,
    -0.029823459684848785,
    0.02146126702427864,
    0.00852332916110754,
    -0.034513965249061584,
    -0.03840333968400955,
    0.012203638441860676,
    0.007337712217122316,
    0.010071968659758568,
    -0.012712148949503899,
    -0.05078119784593582,
    0.010872812010347843,
    0.039742108434438705,
    0.05010116845369339,
    0.029575826600193977,
    0.029021484777331352,
    0.0022695239167660475,
    0.018099145963788033,
    0.02576187252998352,
    -0.00830243993550539,
    -0.0657038539648056,
    0.0034095733426511288,
    -0.0036047419998794794,
    0.05453385412693024,
    -0.059031739830970764,
    0.024319341406226158,
    -0.02712099812924862,
    -0.09900394827127457,
    -0.028138374909758568,
    0.03395568206906319,
    0.024487679824233055,
    7.84997537266463e-05,
    0.03663584589958191,
    0.01240282878279686,
    -0.07046983391046524,
    -0.0845760703086853,
    0.04983226954936981,
    0.03485555201768875,
    0.04734540358185768,
    -0.03541955724358559,
    0.030050713568925858,
    -0.08202651888132095,
    -0.014257616363465786,
    -0.039745867252349854,
    -0.015488291159272194,
    0.0272354893386364,
    0.025028105825185776,
    0.0059480625204741955,
    -0.01616506278514862,
    -0.03138957917690277,
    -0.00578248780220747,
    0.014369762502610683,
    -0.0029075846541672945,
    0.03491944819688797,
    0.006965009029954672,
    0.01381709985435009,
    -0.05504457280039787,
    -0.03157736361026764,
    0.025250954553484917,
    -0.09239111095666885,
    0.06925316154956818,
    0.06259830296039581,
    0.006532818078994751,
    0.022558575496077538,
    0.04495731368660927,
    0.006211039610207081,
    -0.04566008597612381,
    0.035427533090114594,
    0.041393984109163284,
    0.05082990974187851,
    -0.07754449546337128,
    -0.004829686135053635,
    0.0525272861123085,
    -0.04558856785297394,
    0.015043502673506737,
    0.06518907845020294,
    -0.032227832823991776,
    0.015674609690904617,
    -0.006131635047495365,
    0.05901677906513214,
    -0.009176667779684067,
    0.027108045294880867,
    -0.06154373288154602,
    0.0855822041630745,
    0.003600906813517213,
    0.026425084099173546,
    -0.06601577997207642,
    0.06496241688728333,
    0.044280823320150375,
    -0.033077675849199295,
    -0.07191728800535202,
    -0.05325425788760185,
    -0.09370112419128418,
    0.00506547698751092,
    -0.013848286122083664,
    0.05289328843355179,
    -0.0709279403090477,
    0.028960568830370903,
    -0.023523980751633644,
    0.06689786165952682,
    0.08430088311433792,
