{
  "embedding_files": [
    "gt_217.1s_f71.jpg",
    "gt_324.5s_f107.jpg",
    "gt_117.2s_f22.jpg",
    "new_1776234282846_gt_184.5s_f32.jpg",
    "new_1776234282846_gt_2.1s_f10.jpg"
  ],
  "backup_files": [
    "new_1776234282846_gt_383.1s_f55.jpg",
    "new_1776234282846_gt_503.3s_f69.jpg",
    "new_1776234282846_gt_589.1s_f100.jpg"
  ],
  "scores": {
    "gt_217.1s_f71.jpg": 16.0436,
    "gt_324.5s_f107.jpg": 8.2506,
    "gt_117.2s_f22.jpg": 7.7907
  },
  "approved_files": [
    "gt_217.1s_f71.jpg",
    "gt_324.5s_f107.jpg",
    "gt_117.2s_f22.jpg",
    "new_1776234282846_gt_184.5s_f32.jpg",
    "new_1776234282846_gt_2.1s_f10.jpg",
    "new_1776234282846_gt_383.1s_f55.jpg",
    "new_1776234282846_gt_503.3s_f69.jpg",
    "new_1776234282846_gt_589.1s_f100.jpg"
  ],
  "mean_embedding": [
    0.01569562964141369,
    0.03116961009800434,
    0.05404629930853844,
    -0.009658817201852798,
    0.053961381316185,
    -0.009198802523314953,
    0.0021381627302616835,
    -0.0015114147681742907,
    -0.06587917357683182,
    -0.00819514598697424,
    0.058811698108911514,
    0.03904526308178902,
    -0.028883589431643486,
    0.022603346034884453,
    -0.04452642425894737,
    0.056248679757118225,
    -0.039782263338565826,
    -0.03728857636451721,
    0.010142958723008633,
    0.03632403165102005,
    -0.0004168023297097534,
    -0.02273031324148178,
    0.012825950980186462,
    -0.02937515452504158,
    0.02906545251607895,
    -0.04370729625225067,
    -0.0037585149984806776,
    0.002823570743203163,
    0.08499155938625336,
    -0.0002191213716287166,
    0.0016931782010942698,
    0.004053805954754353,
    -0.04901711270213127,
    0.03171846270561218,
    -0.0038453086744993925,
    0.03917977958917618,
    -0.06381329149007797,
    -0.032714758068323135,
    0.04371689260005951,
    -0.046102579683065414,
    -0.00939342100173235,
    -0.0007831299444660544,
    -0.025781504809856415,
    0.0031046089716255665,
    0.0045366445556283,
    0.0026719053275883198,
    0.046681422740221024,
    -0.009866896085441113,
    0.014933718368411064,
    0.017659123986959457,
    0.021743787452578545,
    0.04942985996603966,
    -0.06541954725980759,
    -0.01530296541750431,
    -0.011343145743012428,
    0.04504513368010521,
    -0.0363936610519886,
    0.008646858856081963,
    -0.00946276355534792,
    -0.06106334179639816,
    0.020401697605848312,
    0.06993652880191803,
    -0.03623932972550392,
    0.021950121968984604,
    -0.0437142588198185,
    0.001864868332631886,
    0.012561981566250324,
    -0.08307013660669327,
    0.022043518722057343,
    -0.038656339049339294,
    -0.0007408249075524509,
    -0.005776373203843832,
    -0.05507365241646767,
    0.011563500389456749,
    -0.07544904947280884,
    0.042148228734731674,
    0.04928475245833397,
    -0.0004876589810010046,
    0.00609003147110343,
    0.06437254697084427,
    0.055249590426683426,
    -0.009628628380596638,
    -0.04307786747813225,
    -0.02541661635041237,
    0.047308549284935,
    -0.0661800280213356,
    -0.013259460218250751,
    -0.02878798544406891,
    0.03429662063717842,
    0.048988696187734604,
    -0.006927400827407837,
    -0.00011956629896303639,
    0.008182155899703503,
    -0.02680232562124729,
    -0.058287113904953,
    -0.018881380558013916,
    -0.03422130271792412,
    0.007365266792476177,
    0.03894012048840523,
    -0.01590123027563095,
    0.07274115830659866,
    -0.0044842250645160675,
    0.11264051496982574,
    0.05756881460547447,
    0.03847045451402664,
    0.00013483675138559192,
    -0.024256162345409393,
    -0.06951623409986496,
    -0.032288216054439545,
    -0.007521082181483507,
    -0.04109078273177147,
    0.03664756566286087,
    0.02043040655553341,
    0.038262851536273956,
    0.04082036763429642,
    -0.015978477895259857,
    0.013140116818249226,
    -0.0024856491945683956,
    -0.003924740012735128,
    0.017940344288945198,
    -0.13200493156909943,
    -0.06274575740098953,
    0.10286097973585129,
    0.021965252235531807,
    0.009314324706792831,
    -0.0034361800644546747,
    -0.027712475508451462,
    -0.021112456917762756,
    0.025715913623571396,
    0.018487580120563507,
    0.028835318982601166,
    -0.016800258308649063,
    -0.059980131685733795,
    -0.03373315930366516,
    -0.006381429266184568,
    -0.030972186475992203,
    -0.020786244422197342,
    -0.028570672497153282,
    -0.003644997952505946,
    0.012274361215531826,
    0.024390170350670815,
    -0.015197532251477242,
    0.02263951115310192,
    0.09806783497333527,
    -0.07247203588485718,
    -0.03646818920969963,
    -0.0019649399910122156,
    0.016226856037974358,
    -0.0479331836104393,
    -0.05829787999391556,
    -0.014692762866616249,
    -0.06829436123371124,
    -0.05651253089308739,
    0.01676056906580925,
    0.02754025161266327,
    -0.026871029287576675,
    0.00949763972312212,
    -0.006955405231565237,
    0.05178110674023628,
    0.02425229176878929,
    -0.06762716174125671,
    0.0972755178809166,
    0.013495726510882378,
    -0.00016756013792473823,
    -0.03367619216442108,
    -0.015440057963132858,
    -0.10552557557821274,
    -0.02916170470416546,
    -0.00019425450591370463,
    0.067774698138237,
    0.06054992973804474,
    -0.0666065588593483,
    -0.008289486169815063,
    0.025135325267910957,
    -0.06267625838518143,
    -0.058135516941547394,
    -0.029857339337468147,
    0.03295235335826874,
    0.005767717957496643,
    -0.02573016844689846,
    -0.027614034712314606,
    0.008458396419882774,
    0.013921317644417286,
    -0.004784646909683943,
    -0.017186107113957405,
    -0.04651573300361633,
    -0.0003304801066406071,
    0.03840342536568642,
    0.04645860567688942,
    0.03720983862876892,
    0.01935473084449768,
    -0.00429565692320466,
    0.01621936447918415,
    0.02355540730059147,
    -0.00731824291869998,
    -0.06735380738973618,
    0.001092792022973299,
    -0.003358083311468363,
    0.059104278683662415,
    -0.07034850865602493,
    0.030649753287434578,
    -0.023979026824235916,
    -0.09746447205543518,
    -0.029533691704273224,
    0.027678197249770164,
    0.030902814120054245,
    0.011532054282724857,
    0.03256799653172493,
    0.017262518405914307,
    -0.06404058635234833,
    -0.08668903261423111,
    0.04733797907829285,
    0.033226773142814636,
    0.04734036326408386,
    -0.031211629509925842,
    0.024658208712935448,
    -0.07474535703659058,
    -0.01776241697371006,
    -0.03761729970574379,
    -0.029377887025475502,
    0.026394560933113098,
    0.027001818642020226,
    0.010082343593239784,
    -0.018315766006708145,
    -0.03663066402077675,
    -0.0008729717810638249,
    0.01747606322169304,
    0.0017381535144522786,
    0.0295473150908947,
    0.004675818607211113,
    0.005521860904991627,
    -0.04883274808526039,
    -0.03270193189382553,
    0.014687205664813519,
    -0.08705098181962967,
    0.07888422161340714,
    0.06367776542901993,
    0.009378508664667606,
    0.03851426765322685,
    0.05049191787838936,
    0.010828780941665173,
    -0.048274289816617966,
    0.0428621880710125,
    0.03723660856485367,
    0.04967127740383148,
    -0.07462605088949203,
    -0.00492847291752696,
    0.05882398784160614,
    -0.04192741960287094,
    0.015166286379098892,
    0.07544337213039398,
    -0.026094086468219757,
    0.006442631594836712,
    -0.005333072040230036,
    0.06976620107889175,
    -0.0011458677472546697,
    0.032253045588731766,
    -0.05831374600529671,
    0.08365677297115326,
    0.015610098838806152,
    0.037667419761419296,
    -0.07232918590307236,
    0.06623382121324539,
    0.04663073644042015,
    -0.03148430585861206,
    -0.07176817953586578,
    -0.04311193898320198,
    -0.09881056100130081,
    0.006420603487640619,
    -0.020771941170096397,
    0.0506022684276104,
    -0.0663389340043068,
    0.025974169373512268,
    -0.02178947813808918,
    0.05655435472726822,
    0.08350826054811478,
