{
  "embedding_files": [
    "gt_534.6s_f106.jpg",
    "gt_219.5s_f14.jpg",
    "gt_384.7s_f60.jpg"
  ],
  "backup_files": [],
  "scores": {
    "gt_534.6s_f106.jpg": 24.6378,
    "gt_219.5s_f14.jpg": 1.8247,
    "gt_384.7s_f60.jpg": 1.7031
  },
  "approved_files": [
    "gt_534.6s_f106.jpg",
    "gt_219.5s_f14.jpg",
    "gt_384.7s_f60.jpg"
  ],
  "mean_embedding": [
    -0.04914521053433418,
    -0.051441650837659836,
    0.04715500771999359,
    -0.014530755579471588,
    -0.01635820046067238,
    -0.0016707080649212003,
    -0.054455600678920746,
    -0.013855998404324055,
    0.0676637664437294,
    -0.010096749290823936,
    0.0047328840009868145,
    0.022795140743255615,
    0.040721189230680466,
    -0.04183758795261383,
    0.05019795149564743,
    0.02372654527425766,
    -0.016125405207276344,
    0.021458573639392853,
    -0.02919882722198963,
    0.02056187577545643,
    0.05543810874223709,
    -0.03112591803073883,
    0.048241451382637024,
    -0.11096256971359253,
    -0.06791535764932632,
    0.025073058903217316,
    -0.04771662503480911,
    -0.049164433032274246,
    -0.025013627484440804,
    -0.05825135111808777,
    0.095049649477005,
    0.03237337991595268,
    -0.03209644556045532,
    -0.06348773092031479,
    -0.01582513190805912,
    0.002819168148562312,
    0.02840607240796089,
    -0.04061293601989746,
    0.12752413749694824,
    -0.008927594870328903,
    0.00025557196931913495,
    -0.014596532098948956,
    0.0938553661108017,
    -0.001064313924871385,
    -0.05075925961136818,
    0.031076181679964066,
    -0.06507480144500732,
    -0.0024276794865727425,
    0.030976641923189163,
    0.04566969722509384,
    0.005813707131892443,
    -0.0489170104265213,
    -0.006243133917450905,
    -0.007164844311773777,
    0.08437120914459229,
    -0.03606637194752693,
    0.08225110173225403,
    0.04458874464035034,
    0.05833479389548302,
    -0.06813263893127441,
    -0.0029847328551113605,
    0.02347400039434433,
    -0.01586693339049816,
    -0.013680187053978443,
    -0.04075951501727104,
    0.01929488591849804,
    -0.05346706882119179,
    -0.014952706173062325,
    -0.023160545155405998,
    0.010678037069737911,
    0.015100623480975628,
    0.03376546502113342,
    0.06566711515188217,
    0.012881213799118996,
    0.0371629036962986,
    0.05964071303606033,
    0.04275982826948166,
    -0.02448999136686325,
    0.027436841279268265,
    -0.04258905351161957,
    0.05982676148414612,
    -0.0013668282190337777,
    -0.03752302750945091,
    0.0006646725232712924,
    -0.051652971655130386,
    -0.05049113184213638,
    0.050076115876436234,
    0.03194780275225639,
    -0.032474763691425323,
    0.02845670096576214,
    -0.02900206670165062,
    -0.06196800619363785,
    0.011266874149441719,
    -0.004571913741528988,
    0.05021499842405319,
    -0.04777956381440163,
    0.026646511629223824,
    -0.1100749522447586,
    -0.004248520825058222,
    0.0951748862862587,
    0.09829454869031906,
    -0.0975046157836914,
    -0.02429734729230404,
    0.07317951321601868,
    -0.05128209665417671,
    0.011771167628467083,
    -0.06667041778564453,
    -0.11073523759841919,
    -0.04532725736498833,
    0.001833145273849368,
    0.015434885397553444,
    -0.10091134905815125,
    0.008924727328121662,
    0.06765564531087875,
    0.037927351891994476,
    0.02534445747733116,
    -0.011220257729291916,
    -0.0581207200884819,
    -0.006321044638752937,
    0.023065872490406036,
    0.02845744974911213,
    -0.017507128417491913,
    0.05611883103847504,
    0.11331809312105179,
    -0.07817242294549942,
    -0.05277341976761818,
    -0.031401317566633224,
    -0.12048503011465073,
    0.05079224705696106,
    -0.013293853029608727,
    0.010630626231431961,
    0.003182033309713006,
    0.021773887798190117,
    0.005236155819147825,
    0.009639497846364975,
    -0.004965631291270256,
    -0.0474739633500576,
    -0.03864048421382904,
    0.075167216360569,
    -0.017595693469047546,
    0.07406418770551682,
    0.019049936905503273,
    -0.002475887071341276,
    -0.04026015102863312,
    -0.001332657178863883,
    0.06311826407909393,
    -0.03894065320491791,
    0.013508521020412445,
    -0.016695570200681686,
    0.02805032581090927,
    -0.005859131924808025,
    -0.014195220544934273,
    -0.08673097938299179,
    -0.034716103225946426,
    -0.03768633306026459,
    -0.010056738741695881,
    -0.03615236282348633,
    -0.05234524607658386,
    -0.0768156573176384,
    -0.012245268560945988,
    -0.00913949403911829,
    -0.015305506996810436,
    0.03226481005549431,
    -0.039629217237234116,
    0.06980785727500916,
    -0.02562912367284298,
    0.02834385633468628,
    -0.0007071688305586576,
    0.03814525902271271,
    0.00564402062445879,
    0.03985607996582985,
    -0.03623685613274574,
    0.09223979711532593,
    0.04986531659960747,
    -0.058204930275678635,
    -0.009470587596297264,
    0.08504359424114227,
    -0.009041215293109417,
    -0.028579231351614,
    -0.04578442499041557,
    -0.01660473272204399,
    -0.09684085845947266,
    0.01471634954214096,
    0.03254392370581627,
    -0.01078494917601347,
    0.04910478740930557,
    -0.04012276604771614,
    0.09059789031744003,
    -0.046114709228277206,
    -0.01679263450205326,
    0.04812924936413765,
    0.05057097226381302,
    -0.04429034888744354,
    0.008940104395151138,
    -0.0465637631714344,
    0.036790914833545685,
    0.025501320138573647,
    0.018667973577976227,
    -0.025726815685629845,
    -0.05973338335752487,
    -0.08491072803735733,
    -0.008779791183769703,
    -0.018405131995677948,
    0.005416010040789843,
    -0.09237829595804214,
    -0.04983329400420189,
    0.004141789861023426,
    0.0180639810860157,
    -0.03256116434931755,
    -0.017069179564714432,
    0.04512283578515053,
    -0.031045278534293175,
    0.0005113062215968966,
    0.02267150767147541,
    0.03203197941184044,
    -0.01814703457057476,
    -0.029222402721643448,
    0.012733218260109425,
    0.07411796599626541,
    -0.02612757310271263,
    0.0481601320207119,
    0.03872017562389374,
    -0.047452449798583984,
    -0.06584928184747696,
    -0.0281215850263834,
    0.020509714260697365,
    0.017145464196801186,
    -0.04989122971892357,
    0.016289500519633293,
    -0.02284190244972706,
    0.08649199455976486,
    -0.015551258809864521,
    0.019806994125247,
    0.009799746796488762,
    -0.018055692315101624,
    0.050054073333740234,
    0.02856454625725746,
    0.03236788138747215,
    0.0329737588763237,
    0.02204430103302002,
    0.025287918746471405,
    0.04735139012336731,
    -0.020256714895367622,
    -0.02209422178566456,
    -0.031402911990880966,
    0.0055299848318099976,
    0.03368590399622917,
    -0.11696980148553848,
    0.0355231910943985,
    -0.041076816618442535,
    -0.02340039238333702,
    -0.020522071048617363,
    -0.0011472422629594803,
    -0.03668264299631119,
    -0.02046874910593033,
    -0.09270845353603363,
    0.03326345607638359,
    -0.04455125331878662,
    -0.06107119470834732,
    0.09402526170015335,
    0.013103499077260494,
    -0.04850037023425102,
    0.06664858758449554,
    -0.011942137032747269,
    -0.016854582354426384,
    -0.04348360747098923,
    -0.04999784752726555,
    -0.002057192847132683,
    -0.013457278721034527,
    0.07948075234889984,
    -0.06267750263214111,
    -0.019556347280740738,
    -0.064397893846035,
    0.00039514523814432323,
    0.016195906326174736,
    0.05107792839407921,
    -0.009344707243144512,
    0.029862985014915466,
    0.004961999133229256,
    -0.05903630331158638,
    -0.07159621268510818,
    0.05690213292837143,
    -0.05950433760881424,
    -0.029268600046634674,
    0.03176698833703995,
    -0.03796114772558212,
    -0.033300235867500305,
    -0.0066002667881548405,
    0.01783488504588604,
    -0.04682645946741104,
    -0.011290019378066063,
    0.04688706621527672,
    0.04288633540272713,
    -0.00518773403018713,
