{
  "embedding_files": [
    "gt_58.0s_f5.jpg",
    "gt_128.3s_f102.jpg",
    "gt_101.7s_f51.jpg",
    "gt_111.1s_f74.jpg",
    "gt_93.8s_f54.jpg"
  ],
  "backup_files": [
    "gt_310.5s_f9.jpg",
    "gt_431.4s_f29.jpg",
    "gt_742.8s_f81.jpg",
    "gt_77.5s_f35.jpg",
    "gt_890.5s_f107.jpg"
  ],
  "scores": {
    "gt_742.8s_f81.jpg": 16.9727,
    "gt_431.4s_f29.jpg": 16.2766,
    "gt_310.5s_f9.jpg": 16.1421,
    "gt_890.5s_f107.jpg": 9.7492,
    "gt_58.0s_f5.jpg": 30.1971,
    "gt_93.8s_f54.jpg": 17.0146,
    "gt_77.5s_f35.jpg": 15.0248,
    "gt_111.1s_f74.jpg": 19.1702,
    "gt_128.3s_f102.jpg": 21.392,
    "gt_101.7s_f51.jpg": 20.923
  },
  "approved_files": [
    "gt_742.8s_f81.jpg",
    "gt_431.4s_f29.jpg",
    "gt_310.5s_f9.jpg",
    "gt_890.5s_f107.jpg",
    "gt_101.7s_f51.jpg",
    "gt_111.1s_f74.jpg",
    "gt_128.3s_f102.jpg",
    "gt_58.0s_f5.jpg",
    "gt_77.5s_f35.jpg",
    "gt_93.8s_f54.jpg"
  ],
  "mean_embedding": [
    0.012464629486203194,
    0.009241447784006596,
    0.002561236498877406,
    0.05264119803905487,
    -0.007473831996321678,
    0.02428770251572132,
    -0.05733431503176689,
    -0.0045934715308249,
    0.025869963690638542,
    -0.01427436526864767,
    0.05397147685289383,
    -0.01522903423756361,
    0.012802631594240665,
    -0.008618058636784554,
    -0.0013247219612821937,
    -0.022286340594291687,
    0.039270538836717606,
    -0.017218206077814102,
    -0.04259323328733444,
    0.02874431572854519,
    -0.030122926458716393,
    -0.0033864181023091078,
    0.027966130524873734,
    -0.032046686857938766,
    -0.092930868268013,
    -0.0744490921497345,
    -0.05249052867293358,
    -0.0656217634677887,
    0.04462246969342232,
    -0.013644727878272533,
    -0.031038986518979073,
    -0.0067773256450891495,
    0.059848230332136154,
    -0.02123410440981388,
    -0.004809374921023846,
    0.07597712427377701,
    -0.012209584005177021,
    0.038886331021785736,
    0.017683617770671844,
    -0.03879721835255623,
    0.059393253177404404,
    -0.041002873331308365,
    -0.006816650740802288,
    -0.005153909791260958,
    -0.0567207857966423,
    0.04301508888602257,
    0.0728086456656456,
    0.007490512914955616,
    -0.0016488278051838279,
    -0.027774304151535034,
    0.015442423522472382,
    -0.09493027627468109,
    0.04139715060591698,
    -0.05105460435152054,
    -0.019818922504782677,
    0.011639033444225788,
    -0.11065928637981415,
    -0.055232491344213486,
    -0.04627509042620659,
    0.052383262664079666,
    0.02869134396314621,
    0.031935855746269226,
    0.011152259074151516,
    0.009745093062520027,
    0.034285686910152435,
    0.01613813079893589,
    -0.023932352662086487,
    0.0033618879970163107,
    -0.038209326565265656,
    -0.0328463613986969,
    0.018591633066534996,
    -0.014800290577113628,
    -0.06343734264373779,
    0.0515701062977314,
    0.009272306226193905,
    0.03932410106062889,
    0.05485508590936661,
    0.04134955629706383,
    0.09171417355537415,
    0.012751617468893528,
    -0.017930148169398308,
    -0.01670791022479534,
    0.059802211821079254,
    0.04114224761724472,
    -0.0758778378367424,
    -0.02414293959736824,
    -0.032697245478630066,
    -0.020580220967531204,
    0.004805601667612791,
    -0.033069029450416565,
    0.0472959503531456,
    0.05790296196937561,
    0.014855178073048592,
    0.008458607830107212,
    0.01546078734099865,
    -0.046811603009700775,
    0.05445319414138794,
    -0.010318753309547901,
    -0.01809346303343773,
    -0.005209732800722122,
    0.053091127425432205,
    -0.010723753832280636,
    -0.004192912485450506,
    0.06904967129230499,
    0.05094302445650101,
    -0.023611389100551605,
    -0.029677530750632286,
    -0.02381923235952854,
    -0.005502467975020409,
    -0.01912226900458336,
    0.059041280299425125,
    -0.031154407188296318,
    0.023600345477461815,
    -0.017119191586971283,
    0.0044013699516654015,
    -0.10257875174283981,
    -0.06600604206323624,
    -0.0646335780620575,
    -0.03264447674155235,
    0.011456195265054703,
    0.006962636485695839,
    -0.01061990950256586,
    -0.02879999577999115,
    0.029498135671019554,
    -0.021349361166357994,
    0.011497359722852707,
    0.08492954820394516,
    0.04204970970749855,
    -0.004398406017571688,
    0.0825638696551323,
    0.018148835748434067,
    0.007668192498385906,
    -0.02165079116821289,
    0.03070061467587948,
    0.02401258610188961,
    0.011346659623086452,
    -0.005332753993570805,
    -0.033791400492191315,
    0.01793389581143856,
    0.03732525557279587,
    0.034236691892147064,
    0.015205799601972103,
    0.012415123172104359,
    -0.01839902624487877,
    -0.11980555206537247,
    -0.03605830296874046,
    0.014848507009446621,
    0.04830973967909813,
    -0.014823737554252148,
    0.08589443564414978,
    0.024089379236102104,
    0.0078064617700874805,
    -0.011880469508469105,
    0.023674199357628822,
    -0.07843053340911865,
    -0.08695406466722488,
    -0.02560831420123577,
    0.045467399060726166,
    0.043602827936410904,
    0.03340980410575867,
    0.009217048063874245,
    0.02722276747226715,
    0.0034065081272274256,
    -0.02156687341630459,
    0.04933060705661774,
    0.06516632437705994,
    -0.023173419758677483,
    0.007325559854507446,
    0.0033599762246012688,
    0.0033728680573403835,
    0.05856161564588547,
    0.03067208081483841,
    0.1316652148962021,
    0.02306354232132435,
    -0.002422061748802662,
    0.016152186319231987,
    0.01883087493479252,
    -0.07652074098587036,
    0.11956050992012024,
    0.033721838146448135,
    0.05450989305973053,
    0.017632698640227318,
    0.030300220474600792,
    -0.05097672715783119,
    -0.02806795760989189,
    -0.07696104049682617,
    0.020573966205120087,
    -0.016774019226431847,
    -0.007142689544707537,
    -0.00426098657771945,
    -0.001779080368578434,
    0.0331173837184906,
    0.003923661541193724,
    0.0022101704962551594,
    -0.0025866262149065733,
    0.1336458921432495,
    0.08071894943714142,
    0.0007150202873162925,
    -0.04404586926102638,
    -0.03476642444729805,
    0.08275607228279114,
    0.0018685978138819337,
    -0.008758051320910454,
    -0.01628207601606846,
    0.020025435835123062,
    -0.007348775397986174,
    -0.04615658149123192,
    -0.029175909236073494,
    -0.07790209352970123,
    0.060251783579587936,
    -0.04722443222999573,
    0.032267630100250244,
    -0.006336261052638292,
    0.004377652425318956,
    -0.025545485317707062,
    -0.040526121854782104,
    -0.01218890119343996,
    -0.019950155168771744,
    0.08308674395084381,
    0.00565694272518158,
    0.005576442927122116,
    -0.07269048690795898,
    -0.0721573755145073,
    0.017073048278689384,
    0.0286478903144598,
    0.022518698126077652,
    -0.02050378918647766,
    -0.035194046795368195,
    0.028141794726252556,
    0.06395084410905838,
    -0.01538279838860035,
    -0.039049774408340454,
    0.06070386618375778,
    -0.006654058117419481,
    0.02574634552001953,
    -0.02513042651116848,
    -0.030465444549918175,
    -0.03497639670968056,
    -0.04854149371385574,
    -0.04685446247458458,
    -0.05247707664966583,
    0.0024010364431887865,
    -0.015135698020458221,
    -0.079883873462677,
    -0.005841657519340515,
    -0.05863787606358528,
    -0.043123722076416016,
    0.03257748484611511,
    -0.0598042793571949,
    0.039499469101428986,
    0.053615886718034744,
    -0.05852784216403961,
    0.03212748095393181,
    0.002137096831575036,
    0.04457371309399605,
    0.0208586473017931,
    0.03698938339948654,
    0.06537153571844101,
    0.053298890590667725,
    -0.05923333391547203,
    -0.0535263754427433,
    0.020328007638454437,
    -0.035370856523513794,
    -0.022189106792211533,
    0.0038209445774555206,
    0.05426586791872978,
    0.004307066556066275,
    -0.04779540002346039,
    -0.0001798075099941343,
    -0.006421963218599558,
    -0.02711665630340576,
