{
  "embedding_files": [
    "gt_58.0s_f5.jpg",
    "gt_128.3s_f102.jpg",
    "gt_101.7s_f51.jpg",
    "gt_111.1s_f74.jpg",
    "gt_93.8s_f54.jpg",
    "gt_77.5s_f35.jpg"
  ],
  "backup_files": [
    "gt_742.8s_f81.jpg",
    "gt_431.4s_f29.jpg",
    "gt_890.5s_f107.jpg",
    "gt_310.5s_f9.jpg"
  ],
  "scores": {
    "gt_742.8s_f81.jpg": 16.9727,
    "gt_431.4s_f29.jpg": 16.2766,
    "gt_310.5s_f9.jpg": 16.1421,
    "gt_890.5s_f107.jpg": 9.7492,
    "gt_58.0s_f5.jpg": 30.1971,
    "gt_93.8s_f54.jpg": 17.0146,
    "gt_77.5s_f35.jpg": 15.0248,
    "gt_111.1s_f74.jpg": 19.1702,
    "gt_128.3s_f102.jpg": 21.392,
    "gt_101.7s_f51.jpg": 20.923
  },
  "approved_files": [
    "gt_742.8s_f81.jpg",
    "gt_431.4s_f29.jpg",
    "gt_310.5s_f9.jpg",
    "gt_890.5s_f107.jpg",
    "gt_101.7s_f51.jpg",
    "gt_111.1s_f74.jpg",
    "gt_128.3s_f102.jpg",
    "gt_58.0s_f5.jpg",
    "gt_77.5s_f35.jpg",
    "gt_93.8s_f54.jpg"
  ],
  "mean_embedding": [
    0.012112353928387165,
    0.013544796966016293,
    0.0025725874584168196,
    0.05420219525694847,
    -0.0054791709408164024,
    0.0237073116004467,
    -0.058239761739969254,
    0.00017683066835161299,
    0.024322858080267906,
    -0.013750165700912476,
    0.05383921414613724,
    -0.014772260561585426,
    0.01758858747780323,
    -0.010495885275304317,
    -0.0008936314843595028,
    -0.025923432782292366,
    0.03729577735066414,
    -0.018782464787364006,
    -0.04207274317741394,
    0.03027222864329815,
    -0.029930798336863518,
    -0.005396103486418724,
    0.025567524135112762,
    -0.02946082316339016,
    -0.09296251088380814,
    -0.07241608947515488,
    -0.052891794592142105,
    -0.0620763823390007,
    0.04421908035874367,
    -0.011172212660312653,
    -0.03588498383760452,
    -0.008793395012617111,
    0.060020361095666885,
    -0.018786782398819923,
    -0.003171906340867281,
    0.07357992231845856,
    -0.012505220249295235,
    0.03415452316403389,
    0.01780780591070652,
    -0.034695930778980255,
    0.05642309784889221,
    -0.04188350588083267,
    -0.010872081853449345,
    -0.009727180004119873,
    -0.055743083357810974,
    0.045659761875867844,
    0.07192689180374146,
    0.011549192480742931,
    0.0010056778555735946,
    -0.0292892474681139,
    0.021323492750525475,
    -0.09767666459083557,
    0.041381146758794785,
    -0.04683365300297737,
    -0.020193547010421753,
    0.011824017390608788,
    -0.11063014715909958,
    -0.05874282494187355,
    -0.04590105265378952,
    0.05322498828172684,
    0.02440628595650196,
    0.036838043481111526,
    0.013085602782666683,
    0.010068717412650585,
    0.032611869275569916,
    0.01774716190993786,
    -0.02426709234714508,
    0.0014261065516620874,
    -0.036800868809223175,
    -0.03398953750729561,
    0.01999702677130699,
    -0.012919670902192593,
    -0.0666951835155487,
    0.050354957580566406,
    0.008679765276610851,
    0.036759406328201294,
    0.05112793296575546,
    0.039138760417699814,
    0.093663290143013,
    0.015151371248066425,
    -0.021818259730935097,
    -0.013515884056687355,
    0.05896088853478432,
    0.04183486849069595,
    -0.07288762181997299,
    -0.021270770579576492,
    -0.03192984312772751,
    -0.025317152962088585,
    0.00571449426934123,
    -0.031154120340943336,
    0.04987768828868866,
    0.05851267650723457,
    0.020077379420399666,
    0.006835109554231167,
    0.0172320194542408,
    -0.046344541013240814,
    0.05274612456560135,
    -0.009456059895455837,
    -0.02100575715303421,
    -0.008430805057287216,
    0.05085211619734764,
    -0.014125576242804527,
    -0.0036785979755222797,
    0.06715409457683563,
    0.050004974007606506,
    -0.023093968629837036,
    -0.029457490891218185,
    -0.025371726602315903,
    -0.0044160690158605576,
    -0.016640884801745415,
    0.0591437965631485,
    -0.03463660180568695,
    0.02828480862081051,
    -0.02070268988609314,
    -0.00018748236470855772,
    -0.1019279956817627,
    -0.06836890429258347,
    -0.06298857182264328,
    -0.029778586700558662,
    0.013404184021055698,
    0.012735676020383835,
    -0.012099530547857285,
    -0.024350108578801155,
    0.02889484539628029,
    -0.020881926640868187,
    0.007391045801341534,
    0.08786968141794205,
    0.044957056641578674,
    -0.0009301184327341616,
    0.08478967845439911,
    0.014379539526998997,
    0.010617726482450962,
    -0.019999105483293533,
    0.03267023712396622,
    0.01969165913760662,
    0.011689410544931889,
    -0.004180830903351307,
    -0.03649686276912689,
    0.018677767366170883,
    0.03376922011375427,
    0.036655254662036896,
    0.01605464518070221,
    0.011939930729568005,
    -0.016640543937683105,
    -0.12050288915634155,
    -0.036839839071035385,
    0.018927305936813354,
    0.05096118524670601,
    -0.01939130760729313,
    0.0853998139500618,
    0.019344650208950043,
    0.010628190822899342,
    -0.014056400395929813,
    0.02396213635802269,
    -0.08059132099151611,
    -0.08321332186460495,
    -0.022214490920305252,
    0.05183466523885727,
    0.04590894281864166,
    0.03487982973456383,
    0.008165210485458374,
    0.029348691925406456,
    0.0023724534548819065,
    -0.0211140438914299,
    0.04759085923433304,
    0.06661929190158844,
    -0.026921749114990234,
    0.010523601435124874,
    0.00224010506644845,
    0.003591790795326233,
    0.061997558921575546,
    0.03580274432897568,
    0.13034121692180634,
    0.025605183094739914,
    0.0010106590343639255,
    0.016874931752681732,
    0.017174292355775833,
    -0.08036916702985764,
    0.12400329858064651,
    0.03429654985666275,
    0.05835198611021042,
    0.017541443929076195,
    0.027212731540203094,
    -0.04992573708295822,
    -0.027170369401574135,
    -0.07775834947824478,
    0.019316744059324265,
    -0.019375214353203773,
    -0.008731220848858356,
    -0.006691920571029186,
    -0.0017094187205657363,
    0.029964223504066467,
    0.0016485948581248522,
    0.005415054969489574,
    -0.00624611834064126,
    0.13140884041786194,
    0.07520834356546402,
    -0.004077357705682516,
    -0.04016717150807381,
    -0.034008413553237915,
    0.08025449514389038,
    0.004734485410153866,
    -0.009199821390211582,
    -0.013996458612382412,
    0.025571323931217194,
    -0.007389540784060955,
    -0.04259905219078064,
    -0.03225856274366379,
    -0.07947275042533875,
    0.05891181156039238,
    -0.05304095149040222,
    0.03262125328183174,
    -0.0063285231590271,
    0.0059056407772004604,
    -0.02602568082511425,
    -0.03840513527393341,
    -0.014792615547776222,
    -0.021661704406142235,
    0.08091682195663452,
    0.001755380304530263,
    0.003545654471963644,
    -0.07331162691116333,
    -0.07212471216917038,
    0.015218566171824932,
    0.030413348227739334,
    0.020163359120488167,
    -0.021020526066422462,
    -0.030492132529616356,
    0.02914029359817505,
    0.06366139650344849,
    -0.013765815645456314,
    -0.03933248668909073,
    0.060323964804410934,
    -0.008719714358448982,
    0.02579321525990963,
    -0.027764124795794487,
    -0.028167665004730225,
    -0.038471728563308716,
    -0.04501594975590706,
    -0.045671336352825165,
    -0.05465409532189369,
    0.0035366525407880545,
    -0.016532547771930695,
    -0.08351986110210419,
    -0.0048141018487513065,
    -0.05504387617111206,
    -0.04192477464675903,
    0.030033603310585022,
    -0.06308703124523163,
    0.03522122651338577,
    0.057078372687101364,
    -0.05552130565047264,
    0.03181898966431618,
    0.0036154058761894703,
    0.04407552629709244,
    0.023654375225305557,
    0.03776567801833153,
    0.06530304253101349,
    0.04981914907693863,
    -0.06386563181877136,
    -0.05347379669547081,
    0.017260108143091202,
    -0.03496084734797478,
    -0.02143270894885063,
    0.0029469088185578585,
    0.056293364614248276,
    0.004966112785041332,
    -0.04709383845329285,
    0.0005496850935742259,
    -0.006814298685640097,
