{
  "embedding_files": [
    "gt_324.5s_f90.jpg",
    "gt_117.2s_f0.jpg",
    "gt_217.1s_f42.jpg"
  ],
  "backup_files": [],
  "scores": {
    "gt_324.5s_f90.jpg": 12.2535,
    "gt_117.2s_f0.jpg": 9.4858,
    "gt_217.1s_f42.jpg": 6.6098
  },
  "approved_files": [
    "gt_324.5s_f90.jpg",
    "gt_117.2s_f0.jpg",
    "gt_217.1s_f42.jpg"
  ],
  "mean_embedding": [
    0.013466755859553814,
    -0.0009532225667499006,
    0.035602230578660965,
    -0.026434822008013725,
    0.06867311149835587,
    0.02182908169925213,
    0.01882915012538433,
    -0.0047925622202456,
    0.030923621729016304,
    -0.036528393626213074,
    0.036878157407045364,
    0.007515855599194765,
    0.026445401832461357,
    -0.03408879414200783,
    0.046266961842775345,
    -0.08343689143657684,
    -0.0907079428434372,
    -0.10894981026649475,
    0.06972983479499817,
    -0.06194204092025757,
    -0.0768587663769722,
    -0.013610761612653732,
    -0.03879639133810997,
    -0.050636932253837585,
    0.01416164543479681,
    0.028380125761032104,
    0.0016309863422065973,
    0.024903830140829086,
    -0.002144024008885026,
    0.05687877908349037,
    -0.0335378460586071,
    0.027391262352466583,
    0.020892146974802017,
    -0.03758415952324867,
    0.10206228494644165,
    -0.011287577450275421,
    -0.07947993278503418,
    0.07202320545911789,
    0.05508412793278694,
    -0.008543232455849648,
    -0.046748485416173935,
    0.06401266902685165,
    -0.05784154310822487,
    0.019068710505962372,
    -0.0584917850792408,
    -0.011348854750394821,
    0.020236093550920486,
    0.004221126902848482,
    -0.025750355795025826,
    -0.03624212369322777,
    -0.008267107419669628,
    -0.016679322347044945,
    -0.023230068385601044,
    -0.007323492784053087,
    -0.024180501699447632,
    0.03514043241739273,
    -0.03926122188568115,
    -0.0009336522198282182,
    0.030492037534713745,
    0.060901496559381485,
    -0.03189346194267273,
    0.01994958519935608,
    -0.0024601586628705263,
    0.0016659069806337357,
    -0.04995885491371155,
    -0.0024211371783167124,
    -0.04776060953736305,
    -0.039016447961330414,
    0.02529160864651203,
    -0.010040773078799248,
    0.03328980877995491,
    0.04645449295639992,
    0.00367620843462646,
    0.08390485495328903,
    0.0904824361205101,
    0.02574435994029045,
    0.0781160369515419,
    0.0722760558128357,
    0.08887993544340134,
    0.046791981905698776,
    0.024895763024687767,
    -0.04123878851532936,
    -0.0230807326734066,
    0.007860397920012474,
    -0.057446982711553574,
    0.07410996407270432,
    0.027627529576420784,
    -0.06658563762903214,
    -0.019301770254969597,
    0.028994116932153702,
    0.01512840110808611,
    -0.048091791570186615,
    0.004415326751768589,
    0.007527892477810383,
    0.023565690964460373,
    -0.08479433506727219,
    -0.0508456714451313,
    -0.009912434034049511,
    0.04113820195198059,
    -0.0072067356668412685,
    -0.030702190473675728,
    0.01575467549264431,
    -0.03983950987458229,
    0.04287179186940193,
    0.018514517694711685,
    0.12445478141307831,
    0.06107320263981819,
    -0.1205558329820633,
    -0.024871084839105606,
    0.03504348173737526,
    -0.011471545323729515,
    0.00966670922935009,
    0.08991801738739014,
    0.016581740230321884,
    -0.01342685241252184,
    0.03500579297542572,
    -0.030994892120361328,
    -0.07472313195466995,
    -0.05359537526965141,
    0.021059416234493256,
    -0.058505572378635406,
    -0.06183072552084923,
    0.0010695019736886024,
    -0.062212713062763214,
    -0.032490767538547516,
    -0.06427977979183197,
    0.022617848590016365,
    0.057281989604234695,
    0.05196543037891388,
    0.0033474662341177464,
    0.07102016359567642,
    0.04341284558176994,
    -0.04088098928332329,
    -0.0024703391827642918,
    -0.06333381682634354,
    -0.03766750171780586,
    0.0058974288403987885,
    0.03552112728357315,
    -0.03217645734548569,
    0.06476705521345139,
    -0.034026261419057846,
    -0.025640010833740234,
    0.011615981347858906,
    0.0471520833671093,
    0.031226666644215584,
    -0.07607191801071167,
    -0.01825805939733982,
    0.022260131314396858,
    -0.033407583832740784,
    -0.032868605107069016,
    -0.06503016501665115,
    -0.007332284469157457,
    -0.039542343467473984,
    -0.003453286597505212,
    0.024841638281941414,
    0.08710300177335739,
    -0.09396876394748688,
    -0.021926643326878548,
    -0.0038689824286848307,
    0.004188904073089361,
    0.08131660521030426,
    0.017861317843198776,
    -0.007757275830954313,
    -0.008220733143389225,
    -0.04934607073664665,
    -0.03127428516745567,
    -0.03727422282099724,
    -0.00966579094529152,
    -0.01718510314822197,
    -0.009744623675942421,
    0.06421081721782684,
    -0.03308721259236336,
    0.020474020391702652,
    0.06860721111297607,
    0.02643301524221897,
    -0.046925757080316544,
    -0.0034388897474855185,
    -0.01862313225865364,
    0.017678625881671906,
    0.014192014001309872,
    -0.06808411329984665,
    0.04081655293703079,
    -0.0015973078552633524,
    0.0011041447287425399,
    0.0661623477935791,
    -0.042699482291936874,
    0.07538199424743652,
    -0.052859410643577576,
    -0.019282612949609756,
    -0.01247146911919117,
    -0.08239655941724777,
    0.07249338924884796,
    -0.019570646807551384,
    -0.04753868281841278,
    -0.013409055769443512,
    -0.015909936279058456,
    0.006393895484507084,
    -0.0010391322430223227,
    -0.016905926167964935,
    -0.0009129851823672652,
    0.04146119952201843,
    0.048978909850120544,
    0.046389538794755936,
    0.045348770916461945,
    0.07944968342781067,
    -0.011288794688880444,
    -0.020533142611384392,
    0.0014402719680219889,
    -0.045435961335897446,
    -0.05897187441587448,
    0.031193071976304054,
    0.0632956475019455,
    -0.021546347066760063,
    -0.05654120817780495,
    0.003625955432653427,
    0.014057823456823826,
    0.008341358974575996,
    0.0591595396399498,
    -0.026123272255063057,
    -0.060867760330438614,
    -0.03174789622426033,
    -0.056691549718379974,
    -0.02259059064090252,
    0.008473863825201988,
    0.03468232974410057,
    0.024502716958522797,
    0.01821540854871273,
    0.052943818271160126,
    0.02444850280880928,
    0.016798995435237885,
    -0.06734874099493027,
    -0.044577572494745255,
    0.008237607777118683,
    -0.004743445198982954,
    -0.006313084624707699,
    0.03537580743432045,
    0.019062461331486702,
    -0.09547881782054901,
    0.0009987324010580778,
    0.049973033368587494,
    0.04728008806705475,
    -0.033176716417074203,
    -0.07012176513671875,
    0.0058990055695176125,
    0.027678973972797394,
    -0.055270496755838394,
    -0.10331950336694717,
    0.12335629761219025,
    -0.053487565368413925,
    -0.07125692814588547,
    0.09488529711961746,
    0.02729591354727745,
    0.0035584308207035065,
    -0.020885620266199112,
    -0.023651568219065666,
    0.09940396249294281,
    0.012627596035599709,
    0.032213449478149414,
    0.038105808198451996,
    -0.018762072548270226,
    0.06407609581947327,
    -0.04807514324784279,
    0.09681391716003418,
    -0.002000506268814206,
    0.0016479758778586984,
    0.08549874275922775,
    -0.04285334795713425,
    0.01465411763638258,
    0.026705266907811165,
    0.00519523723050952,
    0.009794381447136402,
    0.016208717599511147,
    0.02935585007071495,
    -0.0553559772670269,
    0.07839949429035187,
    0.006207132712006569,
    0.07065476477146149,
    0.07700887322425842,
    0.04746989533305168,
    -0.019453158602118492,
    0.03597146272659302,
    0.02666214294731617,
    0.04074419289827347,
    -0.01719638518989086,
    -0.019166570156812668,
    0.053862567991018295,
    0.013739978894591331,
    0.005957198794931173,
    0.04340417683124542,
    0.026940491050481796,
    0.028472265228629112,
    0.021583687514066696,
    -0.04002131521701813,
