{
  "embedding_files": [
    "gt_324.5s_f90.jpg",
    "gt_117.2s_f0.jpg",
    "gt_217.1s_f42.jpg"
  ],
  "backup_files": [],
  "scores": {
    "gt_324.5s_f90.jpg": 12.2535,
    "gt_117.2s_f0.jpg": 9.4858,
    "gt_217.1s_f42.jpg": 6.6098
  },
  "approved_files": [
    "gt_324.5s_f90.jpg",
    "gt_117.2s_f0.jpg",
    "gt_217.1s_f42.jpg"
  ],
  "mean_embedding": [
    0.011796592734754086,
    -0.0012921449961140752,
    0.03193637728691101,
    -0.029822953045368195,
    0.06522247195243835,
    0.020785527303814888,
    0.025073004886507988,
    -0.0035674935206770897,
    0.026792921125888824,
    -0.04122709855437279,
    0.03187645599246025,
    0.0045243194326758385,
    0.02760545164346695,
    -0.0380684919655323,
    0.04277779906988144,
    -0.0807303786277771,
    -0.08856158703565598,
    -0.11044534295797348,
    0.0697096437215805,
    -0.06385596841573715,
    -0.07884290814399719,
    -0.011290467344224453,
    -0.039827801287174225,
    -0.048832621425390244,
    0.014348767697811127,
    0.023495186120271683,
    0.006268355995416641,
    0.0197055134922266,
    -0.002935161115601659,
    0.06491858512163162,
    -0.030457068234682083,
    0.02630472555756569,
    0.017825759947299957,
    -0.036039505153894424,
    0.09911074489355087,
    -0.016159120947122574,
    -0.07539668679237366,
    0.06641624122858047,
    0.04716251790523529,
    -0.008355782367289066,
    -0.04429904744029045,
    0.060942474752664566,
    -0.055539172142744064,
    0.017784109339118004,
    -0.05400221049785614,
    -0.016503499820828438,
    0.020093010738492012,
    0.008913065306842327,
    -0.027907270938158035,
    -0.039545778185129166,
    -0.014118480496108532,
    -0.014067654497921467,
    -0.013751313090324402,
    -0.0018028385238721967,
    -0.026471225544810295,
    0.039693690836429596,
    -0.038387447595596313,
    -0.009444065392017365,
    0.03255704790353775,
    0.06003659963607788,
    -0.031263187527656555,
    0.022218890488147736,
    -0.0053155990317463875,
    0.004772537853568792,
    -0.05463508889079094,
    0.0011540921404957771,
    -0.04620063677430153,
    -0.04864929988980293,
    0.02667115069925785,
    -0.010572879575192928,
    0.027655012905597687,
    0.044593699276447296,
    0.0020476910285651684,
    0.08049948513507843,
    0.08542371541261673,
    0.017101434990763664,
    0.08049412816762924,
    0.06840391457080841,
    0.0923641100525856,
    0.05491592735052109,
    0.024493010714650154,
    -0.038837458938360214,
    -0.020387500524520874,
    0.008767585270106792,
    -0.05674991384148598,
    0.06901385635137558,
    0.020397940650582314,
    -0.06925316154956818,
    -0.016742795705795288,
    0.03699827939271927,
    0.018133901059627533,
    -0.05906197801232338,
    0.010492480359971523,
    0.006625606678426266,
    0.021290184929966927,
    -0.08486498147249222,
    -0.057919543236494064,
    -0.0015032509109005332,
    0.03700690343976021,
    -0.0031552615109831095,
    -0.0329274944961071,
    0.016627561300992966,
    -0.03657197952270508,
    0.04307210445404053,
    0.01220347173511982,
    0.12517118453979492,
    0.059247132390737534,
    -0.12643267214298248,
    -0.029494579881429672,
    0.034892115741968155,
    -0.007431690581142902,
    0.013440688140690327,
    0.09376198053359985,
    0.017793726176023483,
    -0.016176816076040268,
    0.029181407764554024,
    -0.0324833020567894,
    -0.07591880112886429,
    -0.0518353097140789,
    0.018937980756163597,
    -0.056716643273830414,
    -0.063513845205307,
    0.005205526947975159,
    -0.05250087380409241,
    -0.040816035121679306,
    -0.06457960605621338,
    0.01875881850719452,
    0.06096380203962326,
    0.054470356553792953,
    -0.00016433057317044586,
    0.0703967735171318,
    0.04951755329966545,
    -0.043926261365413666,
    -0.003513036295771599,
    -0.07133352011442184,
    -0.04107840731739998,
    0.007741086184978485,
    0.038255393505096436,
    -0.02611686661839485,
    0.06404060870409012,
    -0.03766199201345444,
    -0.025297176092863083,
    0.023888740688562393,
    0.05108266323804855,
    0.030022133141756058,
    -0.07233569771051407,
    -0.015449021942913532,
    0.020138569176197052,
    -0.031471289694309235,
    -0.026502635329961777,
    -0.06950033456087112,
    -0.0061462754383683205,
    -0.04095437005162239,
    -0.00542125478386879,
    0.023127349093556404,
    0.08776739239692688,
    -0.0904141366481781,
    -0.017790406942367554,
    0.004848473239690065,
    -0.0015509526710957289,
    0.07485576719045639,
    0.01666274294257164,
    -0.006517752539366484,
    -0.0013946164399385452,
    -0.0471271276473999,
    -0.028424272313714027,
    -0.04501692205667496,
    -0.0038729605730623007,
    -0.015748655423521996,
    -0.004144760780036449,
    0.06204234063625336,
    -0.03389805555343628,
    0.025054994970560074,
    0.06281673908233643,
    0.03501162305474281,
    -0.046624742448329926,
    -7.861496123950928e-05,
    -0.018028754740953445,
    0.0157406497746706,
    0.012275336310267448,
    -0.07002170383930206,
    0.044713571667671204,
    -0.004653695970773697,
    -1.6681029592291452e-05,
    0.06899964064359665,
    -0.04231284186244011,
    0.08256810158491135,
    -0.05297713726758957,
    -0.02346744015812874,
    -0.011984984390437603,
    -0.0833699107170105,
    0.06783562153577805,
    -0.016639651730656624,
    -0.051401764154434204,
    -0.015116273425519466,
    -0.011956464499235153,
    0.012007522396743298,
    0.005599910393357277,
    -0.01783907040953636,
    -0.003744783578440547,
    0.041288767009973526,
    0.044067300856113434,
    0.04749850928783417,
    0.042277175933122635,
    0.07955208420753479,
    -0.009672645479440689,
    -0.014070039615035057,
    -0.0011123979929834604,
    -0.04251415282487869,
    -0.060730788856744766,
    0.030041782185435295,
    0.06380545347929001,
    -0.020011503249406815,
    -0.05449129641056061,
    0.006449646316468716,
    0.01181571651250124,
    0.010353971272706985,
    0.05345826968550682,
    -0.02126402035355568,
    -0.06469473242759705,
    -0.027116896584630013,
    -0.06095203757286072,
    -0.02757617086172104,
    -0.002437743591144681,
    0.02918367274105549,
    0.027370577678084373,
    0.015611764043569565,
    0.05719874054193497,
    0.03002547100186348,
    0.013258296996355057,
    -0.06309854984283447,
    -0.041637081652879715,
    0.00820829812437296,
    -0.004250460769981146,
    -0.0026433581952005625,
    0.0346209742128849,
    0.023901354521512985,
    -0.09346140921115875,
    0.003652748418971896,
    0.05262850224971771,
    0.04653511941432953,
    -0.03182552009820938,
    -0.07305671274662018,
    -0.00010867185483220965,
    0.03224347159266472,
    -0.05471653863787651,
    -0.09971100836992264,
    0.12030184268951416,
    -0.0493314266204834,
    -0.07278543710708618,
    0.0910300686955452,
    0.03030216507613659,
    -0.008735697716474533,
    -0.01911584846675396,
    -0.0274099912494421,
    0.10369336605072021,
    0.01592567190527916,
    0.0357576422393322,
    0.029958611354231834,
    -0.014819092117249966,
    0.05997273698449135,
    -0.051028624176979065,
    0.09774468094110489,
    0.002463198732584715,
    0.0038257373962551355,
    0.08961884677410126,
    -0.0468776635825634,
    0.012333017773926258,
    0.030910104513168335,
    0.0054068430326879025,
    0.01268060877919197,
    0.012865321710705757,
    0.03686966747045517,
    -0.051683083176612854,
    0.08062370866537094,
    0.0052727581933140755,
    0.06695723533630371,
    0.08686163276433945,
    0.04874663054943085,
    -0.01839875802397728,
    0.03349088504910469,
    0.02942824363708496,
    0.03961672633886337,
    -0.01734595000743866,
    -0.018712906166911125,
    0.04818012937903404,
    0.011661583557724953,
    0.0034171431325376034,
    0.05151680111885071,
    0.02705162949860096,
    0.021216928958892822,
    0.019942965358495712,
    -0.03602294623851776,
