{
  "embedding_files": [
    "gt_534.6s_f88.jpg",
    "gt_384.7s_f58.jpg",
    "gt_219.5s_f25.jpg",
    "new_1776234511494_gt_1051.3s_f140.jpg",
    "new_1776234511494_gt_310.5s_f13.jpg"
  ],
  "backup_files": [
    "new_1776234511494_gt_431.4s_f35.jpg",
    "new_1776234511494_gt_890.5s_f112.jpg"
  ],
  "scores": {
    "gt_534.6s_f88.jpg": 13.222,
    "gt_384.7s_f58.jpg": 13.1049,
    "gt_219.5s_f25.jpg": 6.617
  },
  "approved_files": [
    "gt_534.6s_f88.jpg",
    "gt_384.7s_f58.jpg",
    "gt_219.5s_f25.jpg",
    "new_1776234511494_gt_1051.3s_f140.jpg",
    "new_1776234511494_gt_310.5s_f13.jpg",
    "new_1776234511494_gt_431.4s_f35.jpg",
    "new_1776234511494_gt_890.5s_f112.jpg"
  ],
  "mean_embedding": [
    -0.0046331086196005344,
    -0.07674945145845413,
    -0.031313080340623856,
    -0.003929982893168926,
    -0.02609643153846264,
    -0.03616964444518089,
    -0.06105555593967438,
    -0.03811384737491608,
    0.028464246541261673,
    -0.027765287086367607,
    -0.030116887763142586,
    0.03438117727637291,
    -0.04956302046775818,
    0.016608458012342453,
    0.05320079252123833,
    -0.02539573237299919,
    0.0715622827410698,
    0.040953267365694046,
    -0.06711191684007645,
    -0.022790061309933662,
    0.01386123988777399,
    0.02564646303653717,
    -0.025789810344576836,
    -0.008349978365004063,
    0.003114314517006278,
    -0.013908645138144493,
    -0.03643593564629555,
    -0.024128783494234085,
    -0.02884162962436676,
    -0.09265246242284775,
    -0.05210019275546074,
    -0.01631331443786621,
    0.06240231543779373,
    0.011024195700883865,
    0.07704513520002365,
    -0.09684569388628006,
    0.00041496354970149696,
    -0.004871832672506571,
    0.04368724301457405,
    -0.006401995662599802,
    0.02908090315759182,
    0.019602440297603607,
    -0.044921502470970154,
    -0.06901727616786957,
    0.01762939617037773,
    0.0118637690320611,
    -0.04277844727039337,
    0.08752555400133133,
    0.06906015425920486,
    0.009333371184766293,
    -0.010427155531942844,
    0.021959763020277023,
    0.0023425864055752754,
    0.05168485641479492,
    0.05622230842709541,
    -0.003867074381560087,
    0.010817261412739754,
    -0.04563310369849205,
    -0.021994110196828842,
    -0.010798083618283272,
    0.1264088898897171,
    0.02944902330636978,
    -0.07494313269853592,
    0.06246919929981232,
    0.031321924179792404,
    0.01928139291703701,
    -0.01452477928251028,
    -0.042579177767038345,
    -0.00947176106274128,
    0.018635060638189316,
    0.06639669835567474,
    -0.015098239295184612,
    0.001637951354496181,
    -0.0454147532582283,
    -0.03777635842561722,
    -0.0300364401191473,
    0.05511835590004921,
    0.004362889099866152,
    0.07499617338180542,
    -0.027406491339206696,
    -0.08387595415115356,
    -0.04482053592801094,
    0.005316897761076689,
    0.01434152852743864,
    0.011300337500870228,
    -0.037717703729867935,
    0.07455359399318695,
    -0.07567844539880753,
    0.023363452404737473,
    0.001232594600878656,
    0.03130817413330078,
    0.034424204379320145,
    0.026322804391384125,
    0.004893302917480469,
    0.01789466291666031,
    0.041802242398262024,
    -0.058670442551374435,
    -0.06758347898721695,
    -0.06377692520618439,
    -0.029595157131552696,
    0.036554694175720215,
    -0.05632336810231209,
    0.007357965223491192,
    0.019873464480042458,
    0.030769234523177147,
    0.002434959402307868,
    -0.02236342243850231,
    -0.0946435034275055,
    0.03386683017015457,
    0.11989779770374298,
    0.09892713278532028,
    -0.07635857164859772,
    0.00897628627717495,
    0.008014021441340446,
    0.05413347855210304,
    -0.04678213223814964,
    0.05537331476807594,
    -0.03847714513540268,
    -0.05864337831735611,
    0.0024198307655751705,
    0.006541614420711994,
    -0.0027022934518754482,
    0.049704328179359436,
    0.013391020707786083,
    -0.03392578661441803,
    0.025915194302797318,
    0.0805353969335556,
    -0.009089765138924122,
    0.0057714818976819515,
    -0.027920398861169815,
    0.04471297934651375,
    0.09713567048311234,
    -0.011785272508859634,
    -0.031660206615924835,
    0.01351716835051775,
    -0.018918322399258614,
    -0.0011486781295388937,
    0.0029392980504781008,
    0.0430816188454628,
    0.07899372279644012,
    0.035360630601644516,
    0.046263668686151505,
    -0.03363676369190216,
    -0.07283519953489304,
    -0.08388292789459229,
    -0.0732208639383316,
    0.00010901250061579049,
    0.06656679511070251,
    -0.004749714862555265,
    0.08091805875301361,
    0.04815978184342384,
    -0.03190313279628754,
    0.013154896907508373,
    -0.08347591012716293,
    -0.007099212147295475,
    0.015956204384565353,
    0.013481841422617435,
    0.02077716775238514,
    0.06278669089078903,
    -0.01910054311156273,
    0.07560441642999649,
    -0.012627171352505684,
    -0.020819155499339104,
    -0.046758491545915604,
    -0.09986163675785065,
    -0.004934260621666908,
    -0.014916334301233292,
    -0.016748426482081413,
    -0.03984973952174187,
    0.059834521263837814,
    -0.028011558577418327,
    0.015162000432610512,
    0.016033712774515152,
    -0.037296734750270844,
    0.011426285840570927,
    -0.013487124815583229,
    0.007894454523921013,
    -0.04922591149806976,
    0.031787920743227005,
    -0.008032877929508686,
    0.04148319736123085,
    -0.0016736792167648673,
    -0.03806931897997856,
    0.05602336302399635,
    -0.04959990456700325,
    -0.03399917483329773,
    -0.04205363243818283,
    -0.058869414031505585,
    -0.0035927954595535994,
    0.01399154867976904,
    -0.06365668028593063,
    0.011896593496203423,
    0.025583481416106224,
    -0.006726938299834728,
    -0.044143568724393845,
    0.04560872167348862,
    0.011745424941182137,
    -0.025528673082590103,
    -0.057692814618349075,
    0.047691185027360916,
    -0.014182674698531628,
    -0.06267494708299637,
    -0.08521208167076111,
    -0.01580149307847023,
    0.011407687328755856,
    0.016436634585261345,
    0.026970233768224716,
    -0.06239911541342735,
    0.026366814970970154,
    -0.0422380231320858,
    -0.030010145157575607,
    0.02166796289384365,
    -0.016016177833080292,
    0.044635109603405,
    -0.08095847070217133,
    0.01843113824725151,
    -0.09392814338207245,
    -0.057143259793519974,
    -0.011261623352766037,
    0.020457521080970764,
    -0.029007356613874435,
    -0.004649708047509193,
    -0.0776003822684288,
    0.03491884097456932,
    0.09371164441108704,
    -0.045248210430145264,
    -0.04733147844672203,
    -0.04204043373465538,
    -0.0028749548364430666,
    -0.04533497244119644,
    -0.008715284056961536,
    -0.06084151193499565,
    0.07787267118692398,
    0.04376049339771271,
    0.008622894994914532,
    0.02325035072863102,
    0.009679365903139114,
    -0.0218384750187397,
    0.006567619740962982,
    -0.0442669615149498,
    -0.033047981560230255,
    0.04371495544910431,
    -0.0009698568028397858,
    -0.03585058078169823,
    0.06948590278625488,
    0.05555146932601929,
    0.016258032992482185,
    0.022585678845643997,
    -0.04260268434882164,
    -0.01654699258506298,
    -0.010748944245278835,
    0.03476625308394432,
    0.06255850940942764,
    0.020968779921531677,
    -0.0023454667534679174,
    0.003912368323653936,
    0.028305931016802788,
    0.07635528594255447,
    0.10167677700519562,
    -0.05550561100244522,
    -0.004024053458124399,
    0.05193512141704559,
    -0.024988772347569466,
    0.0017865654081106186,
    0.02445620484650135,
    0.007347511127591133,
    0.02599247731268406,
    -0.002258902182802558,
    -0.04045219346880913,
    -0.0035619069822132587,
    0.031538065522909164,
    -0.02909007854759693,
    -0.03434041142463684,
    -0.05062404274940491,
    0.030932815745472908,
    0.028519529849290848,
    0.02706008404493332,
    -0.05711369961500168,
    -0.018061496317386627,
