{
  "embedding_files": [
    "gt_534.6s_f88.jpg",
    "gt_384.7s_f58.jpg",
    "gt_219.5s_f25.jpg",
    "new_1776234511494_gt_1051.3s_f140.jpg",
    "new_1776234511494_gt_310.5s_f13.jpg"
  ],
  "backup_files": [
    "new_1776234511494_gt_431.4s_f35.jpg",
    "new_1776234511494_gt_890.5s_f112.jpg"
  ],
  "scores": {
    "gt_534.6s_f88.jpg": 13.222,
    "gt_384.7s_f58.jpg": 13.1049,
    "gt_219.5s_f25.jpg": 6.617
  },
  "approved_files": [
    "gt_534.6s_f88.jpg",
    "gt_384.7s_f58.jpg",
    "gt_219.5s_f25.jpg",
    "new_1776234511494_gt_1051.3s_f140.jpg",
    "new_1776234511494_gt_310.5s_f13.jpg",
    "new_1776234511494_gt_431.4s_f35.jpg",
    "new_1776234511494_gt_890.5s_f112.jpg"
  ],
  "mean_embedding": [
    -0.004609663970768452,
    -0.07677481323480606,
    -0.03132551908493042,
    -0.003930157981812954,
    -0.02607887238264084,
    -0.03616965562105179,
    -0.061037253588438034,
    -0.03810534626245499,
    0.028458382934331894,
    -0.02779506891965866,
    -0.03012889251112938,
    0.034392282366752625,
    -0.04955889657139778,
    0.016590025275945663,
    0.0531955324113369,
    -0.025406518951058388,
    0.07155665010213852,
    0.04094493389129639,
    -0.06710738688707352,
    -0.022798528894782066,
    0.013849068433046341,
    0.025654872879385948,
    -0.025760306045413017,
    -0.00835923757404089,
    0.0030935618560761213,
    -0.01390819065272808,
    -0.036418747156858444,
    -0.024138880893588066,
    -0.02881884202361107,
    -0.09265833348035812,
    -0.05210036039352417,
    -0.01630108244717121,
    0.062416449189186096,
    0.011056755669414997,
    0.07702238112688065,
    -0.09682190418243408,
    0.0004212422063574195,
    -0.0048888074234128,
    0.04371897876262665,
    -0.006389664951711893,
    0.0290257278829813,
    0.019601741805672646,
    -0.04491891711950302,
    -0.06902050226926804,
    0.017639262601733208,
    0.011847813613712788,
    -0.04276202619075775,
    0.08753448724746704,
    0.06903817504644394,
    0.009325127117335796,
    -0.010449510999023914,
    0.0219699926674366,
    0.002346168737858534,
    0.051692601293325424,
    0.056203946471214294,
    -0.0038669249042868614,
    0.010807025246322155,
    -0.04560692980885506,
    -0.021980781108140945,
    -0.010797006078064442,
    0.12641386687755585,
    0.0294722318649292,
    -0.07494444400072098,
    0.06249329075217247,
    0.031330958008766174,
    0.01931111514568329,
    -0.014531807042658329,
    -0.04260919243097305,
    -0.009472637437283993,
    0.01862456649541855,
    0.06642111390829086,
    -0.015095275826752186,
    0.0016497723991051316,
    -0.04542708396911621,
    -0.03777402639389038,
    -0.030041292309761047,
    0.05513113737106323,
    0.0043295808136463165,
    0.07498347014188766,
    -0.02741217613220215,
    -0.08387541770935059,
    -0.044797927141189575,
    0.00529795465990901,
    0.014348347671329975,
    0.011287574656307697,
    -0.03770855814218521,
    0.07457821071147919,
    -0.0756780207157135,
    0.023342369124293327,
    0.001237667864188552,
    0.03132709488272667,
    0.03443322703242302,
    0.02632405422627926,
    0.004902143497020006,
    0.017903270199894905,
    0.04179465398192406,
    -0.05869826301932335,
    -0.06762182712554932,
    -0.0637739971280098,
    -0.029580021277070045,
    0.03654824197292328,
    -0.05633165314793587,
    0.007357827853411436,
    0.019872445613145828,
    0.030799832195043564,
    0.0024203273933380842,
    -0.022361161187291145,
    -0.09461421519517899,
    0.03389124199748039,
    0.11988954991102219,
    0.09888973832130432,
    -0.07638061791658401,
    0.008989695459604263,
    0.008024124428629875,
    0.054126664996147156,
    -0.04679892584681511,
    0.05535263940691948,
    -0.03850525617599487,
    -0.058637719601392746,
    0.002424274105578661,
    0.006551993079483509,
    -0.0027169811073690653,
    0.04971860721707344,
    0.013412811793386936,
    -0.033925045281648636,
    0.025918059051036835,
    0.08054642379283905,
    -0.009097897447645664,
    0.005791794043034315,
    -0.027932103723287582,
    0.04474204406142235,
    0.09716106206178665,
    -0.011816771700978279,
    -0.03165958821773529,
    0.01350999902933836,
    -0.01891740970313549,
    -0.0011403803946450353,
    0.002917113248258829,
    0.043091677129268646,
    0.07903067767620087,
    0.035369113087654114,
    0.04626473784446716,
    -0.03361808508634567,
    -0.07284573465585709,
    -0.08387476205825806,
    -0.07320840656757355,
    0.00010731930524343625,
    0.06657718122005463,
    -0.004737670999020338,
    0.08088140934705734,
    0.04814443737268448,
    -0.03191150724887848,
    0.013113342225551605,
    -0.08346357196569443,
    -0.007093723397701979,
    0.015949159860610962,
    0.013467847369611263,
    0.02076530270278454,
    0.06277599930763245,
    -0.01911878027021885,
    0.07560784369707108,
    -0.012620906345546246,
    -0.02082665264606476,
    -0.046745363622903824,
    -0.09986668080091476,
    -0.004937999416142702,
    -0.014925901778042316,
    -0.016756650060415268,
    -0.0398697704076767,
    0.059839971363544464,
    -0.02802339568734169,
    0.01515970192849636,
    0.01603037118911743,
    -0.03729167580604553,
    0.01144326850771904,
    -0.01348227821290493,
    0.007909251376986504,
    -0.04921881482005119,
    0.03178127482533455,
    -0.008049128577113152,
    0.041483938694000244,
    -0.0016921092756092548,
    -0.038059983402490616,
    0.056046780198812485,
    -0.049594420939683914,
    -0.03398750349879265,
    -0.04205676168203354,
    -0.058889325708150864,
    -0.0035830948036164045,
    0.013993480242788792,
    -0.06363394111394882,
    0.011874841526150703,
    0.025586644187569618,
    -0.006713993847370148,
    -0.044129204005002975,
    0.045598141849040985,
    0.011736893095076084,
    -0.025507142767310143,
    -0.0577157586812973,
    0.0476808026432991,
    -0.014178306795656681,
    -0.06268110871315002,
    -0.08522356301546097,
    -0.015816936269402504,
    0.01144100446254015,
    0.016420947387814522,
    0.026967748999595642,
    -0.062399089336395264,
    0.026373179629445076,
    -0.042258232831954956,
    -0.030021153390407562,
    0.021674303337931633,
    -0.016031192615628242,
    0.04463391378521919,
    -0.0809512659907341,
    0.01844419166445732,
    -0.09392143785953522,
    -0.057143695652484894,
    -0.0112692229449749,
    0.020471926778554916,
    -0.029004424810409546,
    -0.004627089947462082,
    -0.07761426270008087,
    0.034939415752887726,
    0.09371994435787201,
    -0.04527027904987335,
    -0.04732738807797432,
    -0.042044807225465775,
    -0.002867927076295018,
    -0.04537311568856239,
    -0.008721418678760529,
    -0.060833122581243515,
    0.07785312086343765,
    0.04377954080700874,
    0.008640936575829983,
    0.023220878094434738,
    0.009685380384325981,
    -0.021840566769242287,
    0.006584795657545328,
    -0.04423537477850914,
    -0.03305629640817642,
    0.04369302839040756,
    -0.0009695704211480916,
    -0.035846367478370667,
    0.06949915736913681,
    0.05557524412870407,
    0.016278471797704697,
    0.022568726912140846,
    -0.042598895728588104,
    -0.016526052728295326,
    -0.010739767923951149,
    0.034752536565065384,
    0.06255006045103073,
    0.020993398502469063,
    -0.002341110724955797,
    0.003924076911062002,
    0.02827407233417034,
    0.07634050399065018,
    0.10164964944124222,
    -0.05549713224172592,
    -0.0040609510615468025,
    0.05192549154162407,
    -0.02500995434820652,
    0.0017564564477652311,
    0.024467550218105316,
    0.007336673326790333,
    0.02599073201417923,
    -0.0022562318481504917,
    -0.04044071212410927,
    -0.003595133777707815,
    0.03153608739376068,
    -0.029087895527482033,
    -0.034330643713474274,
    -0.0506281703710556,
    0.030924979597330093,
    0.02851349487900734,
    0.027078740298748016,
    -0.057104043662548065,
    -0.018071826547384262,
