{
  "embedding_files": [
    "new_1776234563271_gt_300.2s_f22.jpg",
    "new_1776234563271_gt_499.6s_f67.jpg",
    "new_1776234563271_gt_211.2s_f4.jpg",
    "new_1776234563271_gt_399.0s_f52.jpg",
    "new_1776234563271_gt_579.2s_f92.jpg",
    "gt_111.1s_f76.jpg",
    "gt_67.2s_f9.jpg"
  ],
  "backup_files": [
    "gt_742.8s_f78.jpg",
    "gt_310.5s_f8.jpg",
    "gt_1051.3s_f134.jpg"
  ],
  "scores": {
    "gt_310.5s_f8.jpg": 56.133,
    "gt_742.8s_f78.jpg": 66.7038,
    "gt_1051.3s_f134.jpg": 49.2792,
    "gt_111.1s_f76.jpg": 47.6204,
    "new_1776234563271_gt_211.2s_f4.jpg": 309.8387,
    "new_1776234563271_gt_300.2s_f22.jpg": 340.3978,
    "new_1776234563271_gt_399.0s_f52.jpg": 304.0677,
    "new_1776234563271_gt_499.6s_f67.jpg": 313.2092,
    "new_1776234563271_gt_579.2s_f92.jpg": 300.9983,
    "gt_67.2s_f9.jpg": 64.69
  },
  "approved_files": [
    "gt_742.8s_f78.jpg",
    "gt_310.5s_f8.jpg",
    "gt_1051.3s_f134.jpg",
    "new_1776234563271_gt_211.2s_f4.jpg",
    "new_1776234563271_gt_300.2s_f22.jpg",
    "new_1776234563271_gt_399.0s_f52.jpg",
    "new_1776234563271_gt_499.6s_f67.jpg",
    "new_1776234563271_gt_579.2s_f92.jpg",
    "gt_111.1s_f76.jpg",
    "gt_67.2s_f9.jpg"
  ],
  "mean_embedding": [
    0.040117982774972916,
    0.016829634085297585,
    0.07015673816204071,
    -0.04925171658396721,
    -0.023926787078380585,
    -0.016396237537264824,
    0.03023279644548893,
    -0.06283546984195709,
    -0.004572106059640646,
    0.04700731113553047,
    -0.00545182079076767,
    0.010096317157149315,
    -0.08687939494848251,
    -0.041461970657110214,
    0.031410809606313705,
    0.028150279074907303,
    -0.017597395926713943,
    0.012506041675806046,
    0.0011642065364867449,
    -0.05257226899266243,
    0.001027545309625566,
    0.0025277382228523493,
    0.02567346766591072,
    0.050509966909885406,
    0.08705426752567291,
    0.03750087693333626,
    -0.011780349537730217,
    0.0026282304897904396,
    0.006142540369182825,
    0.012668847106397152,
    -0.02396327070891857,
    0.011213958263397217,
    -0.04434262588620186,
    -0.0442412905395031,
    0.010159047320485115,
    0.011803057976067066,
    -0.0368509478867054,
    -0.0009680901421234012,
    -0.028521394357085228,
    -0.007530138362199068,
    -0.02816941775381565,
    -0.02842872589826584,
    -0.014670733362436295,
    -0.040664851665496826,
    0.10866765677928925,
    0.017629005014896393,
    0.029360240325331688,
    0.017567260190844536,
    0.008256074972450733,
    0.013263479806482792,
    0.02059102989733219,
    -0.025019748136401176,
    0.019421635195612907,
    0.03133101761341095,
    0.04487527534365654,
    0.027645781636238098,
    0.07265310734510422,
    0.05777082219719887,
    0.10124119371175766,
    0.0007772112148813903,
    -0.02646414376795292,
    0.04685773327946663,
    -0.0744592696428299,
    -0.0743388831615448,
    0.05234985053539276,
    0.014783003367483616,
    -0.08319558948278427,
    0.0061767445877194405,
    -0.03650125488638878,
    0.0034992722794413567,
    0.03236642852425575,
    -0.020813653245568275,
    0.06059160828590393,
    -0.0068867942318320274,
    0.05263233929872513,
    -0.07473023980855942,
    0.04600866511464119,
    0.04412641376256943,
    0.0119631327688694,
    0.1352345496416092,
    0.013317096047103405,
    -0.02194013074040413,
    0.007817665114998817,
    0.07297015190124512,
    0.019182518124580383,
    0.04150664806365967,
    -0.02468513883650303,
    -0.027963189408183098,
    0.012764397077262402,
    0.002254695165902376,
    -0.026704465970396996,
    0.0028576680924743414,
    -0.020603256300091743,
    0.017359478399157524,
    -0.009013873524963856,
    -0.04820407181978226,
    0.02332981675863266,
    -0.009515935555100441,
    -0.07496687769889832,
    -0.03718196973204613,
    -0.02016405016183853,
    -0.012235970236361027,
    0.005444683600217104,
    0.03756580874323845,
    0.052357885986566544,
    -0.0030631166882812977,
    0.036851998418569565,
    -0.00689126318320632,
    0.04738165810704231,
    -0.008900131098926067,
    0.013829048722982407,
    0.024861780926585197,
    0.06570365279912949,
    0.0302983820438385,
    -0.038939036428928375,
    0.031635768711566925,
    -0.024423748254776,
    0.046309247612953186,
    -0.045683447271585464,
    -0.03126030042767525,
    -0.05748679116368294,
    0.038574110716581345,
    0.0018790101166814566,
    0.03698276728391647,
    0.01583939604461193,
    -0.03380217403173447,
    0.03630702942609787,
    -0.017530765384435654,
    -0.050616633147001266,
    -0.005810573231428862,
    0.02421555668115616,
    0.06543884426355362,
    -0.06870400905609131,
    0.00630886759608984,
    -0.009892077185213566,
    -0.07382437586784363,
    -0.04746260121464729,
    0.002026350237429142,
    -0.05368033051490784,
    -0.005286486353725195,
    -0.04690447822213173,
    -0.039250656962394714,
    0.027518222108483315,
    -0.018425269052386284,
    0.007629891857504845,
    0.04034367576241493,
    0.04502921551465988,
    0.07029498368501663,
    -0.030538218095898628,
    -0.036523692309856415,
    0.011700989678502083,
    -0.050456754863262177,
    -0.012400524690747261,
    -0.036265335977077484,
    -0.03628231957554817,
    0.0076015847735106945,
    0.07533121854066849,
    -0.04203735664486885,
    0.01922793686389923,
    0.033778510987758636,
    0.051437295973300934,
    -0.03839145228266716,
    -0.0011734127765521407,
    -0.008378646336495876,
    -0.02260066382586956,
    -0.02725858800113201,
    0.034045569598674774,
    -0.037675030529499054,
    -0.07054447382688522,
    0.011691449210047722,
    0.03661123290657997,
    0.007367136422544718,
    -0.011983654461801052,
    -0.0163787379860878,
    -0.004076420795172453,
    -0.029039733111858368,
    -0.016828395426273346,
    0.0004041082866024226,
    0.016985634341835976,
    0.05851402506232262,
    -0.082259401679039,
    0.007588607259094715,
    -0.07407856732606888,
    -0.0038524558767676353,
    -0.0029096496291458607,
    -0.01951715350151062,
    -0.01300037745386362,
    1.1062227713409811e-05,
    0.00010042548092314973,
    0.038425102829933167,
    -0.022782593965530396,
    0.03581520542502403,
    -0.004679820034652948,
    0.009294883348047733,
    -0.057179588824510574,
    -0.011446439661085606,
    0.08651963621377945,
    0.06462592631578445,
    -0.024260271340608597,
    -0.01977950520813465,
    -0.00784163735806942,
    0.033251263201236725,
    0.03479277342557907,
    0.033089060336351395,
    -0.027609892189502716,
    0.05227699503302574,
    -7.722066948190331e-05,
    -0.06136344000697136,
    -0.007679790258407593,
    -0.020617224276065826,
    0.01369323581457138,
    -0.0072616031393408775,
    -0.02816120535135269,
    0.02189493365585804,
    -0.11222068965435028,
    -0.02614283375442028,
    -0.10354368388652802,
    0.05311444401741028,
    -0.003965229261666536,
    -0.030419645830988884,
    0.013115648180246353,
    0.11156672984361649,
    0.01749372109770775,
    0.015717480331659317,
    0.0517771877348423,
    0.025323672220110893,
    0.06563815474510193,
    0.06336607784032822,
    0.08957130461931229,
    -0.0464346706867218,
    0.00045774338650517166,
    -0.01053270511329174,
    -0.06853996217250824,
    -0.03940093144774437,
    0.06693362444639206,
    0.002349741291254759,
    0.04637821391224861,
    0.018301039934158325,
    -0.07688982784748077,
    0.014320854097604752,
    0.024051165208220482,
    -0.07866382598876953,
    -0.03491218760609627,
    0.022099124267697334,
    0.08527258783578873,
    0.051262903958559036,
    0.03029443509876728,
    0.002871500328183174,
    0.030876096338033676,
    -0.1411154717206955,
    -0.014644189737737179,
    0.007604116573929787,
    -0.054827701300382614,
    0.04150546342134476,
    -0.021263854578137398,
    -0.030984072014689445,
    -0.04506578668951988,
    -0.019563155248761177,
    0.07620584964752197,
    -0.033611565828323364,
