{
  "embedding_files": [
    "new_1776234563271_gt_300.2s_f22.jpg",
    "new_1776234563271_gt_499.6s_f67.jpg",
    "new_1776234563271_gt_211.2s_f4.jpg",
    "new_1776234563271_gt_399.0s_f52.jpg",
    "new_1776234563271_gt_579.2s_f92.jpg",
    "gt_111.1s_f76.jpg",
    "gt_67.2s_f9.jpg"
  ],
  "backup_files": [
    "gt_1051.3s_f134.jpg",
    "gt_310.5s_f8.jpg",
    "gt_742.8s_f78.jpg"
  ],
  "scores": {
    "gt_310.5s_f8.jpg": 56.133,
    "gt_742.8s_f78.jpg": 66.7038,
    "gt_1051.3s_f134.jpg": 49.2792,
    "gt_111.1s_f76.jpg": 47.6204,
    "new_1776234563271_gt_211.2s_f4.jpg": 309.8387,
    "new_1776234563271_gt_300.2s_f22.jpg": 340.3978,
    "new_1776234563271_gt_399.0s_f52.jpg": 304.0677,
    "new_1776234563271_gt_499.6s_f67.jpg": 313.2092,
    "new_1776234563271_gt_579.2s_f92.jpg": 300.9983,
    "gt_67.2s_f9.jpg": 64.69
  },
  "approved_files": [
    "gt_742.8s_f78.jpg",
    "gt_310.5s_f8.jpg",
    "gt_1051.3s_f134.jpg",
    "new_1776234563271_gt_211.2s_f4.jpg",
    "new_1776234563271_gt_300.2s_f22.jpg",
    "new_1776234563271_gt_399.0s_f52.jpg",
    "new_1776234563271_gt_499.6s_f67.jpg",
    "new_1776234563271_gt_579.2s_f92.jpg",
    "gt_111.1s_f76.jpg",
    "gt_67.2s_f9.jpg"
  ],
  "mean_embedding": [
    0.04012002423405647,
    0.016822319477796555,
    0.07015521824359894,
    -0.04926333576440811,
    -0.02392624132335186,
    -0.01640559919178486,
    0.03023371286690235,
    -0.0628383681178093,
    -0.004569704644382,
    0.047011908143758774,
    -0.005457378923892975,
    0.010097377002239227,
    -0.0868859812617302,
    -0.041464243084192276,
    0.03140508010983467,
    0.028144704177975655,
    -0.01759961061179638,
    0.012506229802966118,
    0.0011595127871260047,
    -0.052575770765542984,
    0.001034785294905305,
    0.0025378477293998003,
    0.02567080222070217,
    0.050514545291662216,
    0.08705427497625351,
    0.037509895861148834,
    -0.011778018437325954,
    0.002638257574290037,
    0.006147043779492378,
    0.012671845965087414,
    -0.02396310493350029,
    0.011211330071091652,
    -0.044345542788505554,
    -0.044241756200790405,
    0.010161983780562878,
    0.011799651198089123,
    -0.036852408200502396,
    -0.0009765491704456508,
    -0.028523994609713554,
    -0.00753737660124898,
    -0.028169918805360794,
    -0.02843058481812477,
    -0.014659588225185871,
    -0.04065639153122902,
    0.10866569727659225,
    0.017635080963373184,
    0.029358694329857826,
    0.017558347433805466,
    0.008260592818260193,
    0.013269775547087193,
    0.020594019442796707,
    -0.025022581219673157,
    0.019414091482758522,
    0.03133430704474449,
    0.044876888394355774,
    0.02765115164220333,
    0.0726509839296341,
    0.05776768922805786,
    0.10124193131923676,
    0.0007788478396832943,
    -0.026462791487574577,
    0.04686536267399788,
    -0.07445938140153885,
    -0.07433579117059708,
    0.05235336348414421,
    0.014786619693040848,
    -0.08319611847400665,
    0.006175511050969362,
    -0.036508310586214066,
    0.0034899094607681036,
    0.032361969351768494,
    -0.020818127319216728,
    0.060589518398046494,
    -0.006886448711156845,
    0.0526304692029953,
    -0.0747348815202713,
    0.04600976034998894,
    0.04413169249892235,
    0.01196968276053667,
    0.13523559272289276,
    0.013318168930709362,
    -0.021939849480986595,
    0.007820991799235344,
    0.07296282798051834,
    0.019182441756129265,
    0.041506700217723846,
    -0.02469240501523018,
    -0.027967626228928566,
    0.012767684645950794,
    0.0022482862696051598,
    -0.026705047115683556,
    0.002860951004549861,
    -0.020600974559783936,
    0.017362363636493683,
    -0.009020622819662094,
    -0.0482000932097435,
    0.023332878947257996,
    -0.009517046622931957,
    -0.07496515661478043,
    -0.037186652421951294,
    -0.02016870118677616,
    -0.012235455214977264,
    0.0054390039294958115,
    0.037564344704151154,
    0.05234946310520172,
    -0.003069691825658083,
    0.036856818944215775,
    -0.006892233621329069,
    0.04738360270857811,
    -0.008907615207135677,
    0.013822231441736221,
    0.02486671693623066,
    0.06571068614721298,
    0.030298501253128052,
    -0.038939040154218674,
    0.031641338020563126,
    -0.02442152425646782,
    0.04630347713828087,
    -0.04568220674991608,
    -0.03124660812318325,
    -0.05748989060521126,
    0.0385773740708828,
    0.0018874561646953225,
    0.03697923943400383,
    0.015834340825676918,
    -0.03380002826452255,
    0.036314476281404495,
    -0.017526086419820786,
    -0.05060705542564392,
    -0.005808519199490547,
    0.024209270253777504,
    0.06543966382741928,
    -0.06870158016681671,
    0.006303080357611179,
    -0.00988844595849514,
    -0.07383009791374207,
    -0.047462478280067444,
    0.0020327307283878326,
    -0.053678710013628006,
    -0.005293932743370533,
    -0.04690391197800636,
    -0.03925019130110741,
    0.027517763897776604,
    -0.018420400097966194,
    0.007632777560502291,
    0.04034002870321274,
    0.04503002390265465,
    0.07029677927494049,
    -0.030532630160450935,
    -0.03652011230587959,
    0.011707126162946224,
    -0.050454702228307724,
    -0.012408925220370293,
    -0.03626346215605736,
    -0.036282122135162354,
    0.007603866513818502,
    0.07532887160778046,
    -0.04203633964061737,
    0.019241055473685265,
    0.0337822400033474,
    0.05143759399652481,
    -0.038393571972846985,
    -0.0011837133206427097,
    -0.008378641679883003,
    -0.02259846031665802,
    -0.02725606970489025,
    0.03404935076832771,
    -0.03768407553434372,
    -0.07054867595434189,
    0.011700947768986225,
    0.03661226108670235,
    0.007373050320893526,
    -0.011990891769528389,
    -0.016381992027163506,
    -0.004074425436556339,
    -0.029039541259407997,
    -0.01682404614984989,
    0.00039993366226553917,
    0.0169824305921793,
    0.05850067362189293,
    -0.08225584775209427,
    0.007587318774312735,
    -0.07407967001199722,
    -0.0038408779073506594,
    -0.0029088447336107492,
    -0.019514145329594612,
    -0.013000182807445526,
    1.4739084690518212e-05,
    0.00010253171058138832,
    0.038430456072092056,
    -0.022789061069488525,
    0.035815298557281494,
    -0.004687824286520481,
    0.009296302683651447,
    -0.05718338117003441,
    -0.011446612887084484,
    0.0865105539560318,
    0.06461631506681442,
    -0.024260492995381355,
    -0.019775373861193657,
    -0.007836678065359592,
    0.033246200531721115,
    0.03478969633579254,
    0.03308318555355072,
    -0.027609772980213165,
    0.05228199437260628,
    -7.32543776393868e-05,
    -0.06136616691946983,
    -0.0076728337444365025,
    -0.02061699889600277,
    0.013698335736989975,
    -0.007259386591613293,
    -0.02816726081073284,
    0.021897459402680397,
    -0.11222369223833084,
    -0.02614651620388031,
    -0.1035398542881012,
    0.053109362721443176,
    -0.003967720549553633,
    -0.03042055480182171,
    0.013111678883433342,
    0.11156826466321945,
    0.01750251278281212,
    0.015718258917331696,
    0.05177672579884529,
    0.02532818913459778,
    0.06563913822174072,
    0.06337105482816696,
    0.08957195281982422,
    -0.04643820598721504,
    0.000455248897196725,
    -0.010535127483308315,
    -0.06854083389043808,
    -0.039397966116666794,
    0.06693590432405472,
    0.0023474155459553003,
    0.046370912343263626,
    0.018302761018276215,
    -0.07688833028078079,
    0.01432163454592228,
    0.024052251130342484,
    -0.07866068184375763,
    -0.034906093031167984,
    0.02209525741636753,
    0.08527212589979172,
    0.05126224085688591,
    0.030290354043245316,
    0.0028619824443012476,
    0.030882515013217926,
    -0.1411186307668686,
    -0.014634154736995697,
    0.00761039974167943,
    -0.054834816604852676,
    0.041509922593832016,
    -0.021265167742967606,
    -0.030985986813902855,
    -0.04507268965244293,
    -0.01955607905983925,
    0.07621414959430695,
