{
  "embedding_files": [
    "gt_1141.5s_f168.jpg",
    "gt_503.3s_f76.jpg",
    "gt_383.1s_f51.jpg",
    "gt_933.4s_f144.jpg"
  ],
  "backup_files": [],
  "scores": {
    "gt_503.3s_f76.jpg": 12.323,
    "gt_383.1s_f51.jpg": 10.5293,
    "gt_933.4s_f144.jpg": 7.8826,
    "gt_1141.5s_f168.jpg": 13.3296
  },
  "approved_files": [
    "gt_1141.5s_f168.jpg",
    "gt_503.3s_f76.jpg",
    "gt_383.1s_f51.jpg",
    "gt_933.4s_f144.jpg"
  ],
  "mean_embedding": [
    0.06193528324365616,
    0.04440607130527496,
    -0.023688454180955887,
    -0.04168721288442612,
    -0.07848058640956879,
    0.07634822279214859,
    -0.0952499732375145,
    0.011811438947916031,
    0.028311382979154587,
    0.03219155594706535,
    0.019018061459064484,
    0.05347996577620506,
    0.053138334304094315,
    0.0083385044708848,
    -0.031214160844683647,
    -0.036412402987480164,
    0.06993771344423294,
    0.010806684382259846,
    0.03631625697016716,
    -0.035319793969392776,
    -0.02016950398683548,
    0.0894353985786438,
    -0.02000085823237896,
    -0.0066508217714726925,
    -0.0029637012630701065,
    -0.06101664528250694,
    0.006787015125155449,
    0.0125736678019166,
    -0.00305764633230865,
    0.052534107118844986,
    -0.044736821204423904,
    -0.016989178955554962,
    -0.059515904635190964,
    -0.039250314235687256,
    -0.04162472113966942,
    0.08566635102033615,
    -0.07581213116645813,
    -0.04924898222088814,
    -0.026784544810652733,
    0.029499920085072517,
    0.06001393496990204,
    -0.010556881316006184,
    -0.025176549330353737,
    0.07270797342061996,
    -0.019574619829654694,
    0.024745013564825058,
    -0.05948827043175697,
    -0.03833191096782684,
    0.03754156082868576,
    -0.015584803186357021,
    -0.033031146973371506,
    0.0693555548787117,
    -0.041655879467725754,
    0.020255599170923233,
    0.020351596176624298,
    0.08319995552301407,
    0.026213284581899643,
    -0.015411779284477234,
    -0.04091256856918335,
    -0.0013061943463981152,
    0.034981295466423035,
    0.025270642712712288,
    -0.007146560586988926,
    0.014500320889055729,
    0.04766104742884636,
    -0.016523534432053566,
    -0.05978117510676384,
    -0.07802051305770874,
    0.004202794749289751,
    -0.050221037119627,
    0.03664189577102661,
    -0.031039342284202576,
    -0.06330788880586624,
    -0.0018203556537628174,
    0.021006522700190544,
    -0.052216093987226486,
    0.006841597612947226,
    -0.03264206275343895,
    -0.07460294663906097,
    0.0027919895946979523,
    0.039840176701545715,
    -0.03980162739753723,
    0.013861514627933502,
    0.03588501736521721,
    -0.0031400045845657587,
    0.010470548644661903,
    -0.06513486802577972,
    -0.06346151232719421,
    -0.05776160582900047,
    0.015051760710775852,
    0.001296868547797203,
    0.023104598745703697,
    0.02012307196855545,
    -0.01943422108888626,
    -0.005893059074878693,
    0.06488372385501862,
    -0.033020779490470886,
    0.007358137052506208,
    0.028875092044472694,
    0.01469446998089552,
    -0.02593654952943325,
    0.037679534405469894,
    0.10542193055152893,
    0.015309128910303116,
    0.07216288894414902,
    0.07202096283435822,
    -0.011597735807299614,
    -0.05385737493634224,
    -0.07511782646179199,
    0.00901870522648096,
    0.025034599006175995,
    -0.05435608699917793,
    0.019404631108045578,
    -0.0007034293375909328,
    0.011273650452494621,
    -0.01807766780257225,
    0.002573279896751046,
    -0.007053002715110779,
    -0.03139396756887436,
    -0.013603262603282928,
    -0.03395342454314232,
    0.05228588357567787,
    -0.03590838238596916,
    0.015155145898461342,
    -0.09857471287250519,
    -0.031053943559527397,
    0.01991695538163185,
    -0.029569005593657494,
    0.03625323995947838,
    0.01444162242114544,
    0.03158961236476898,
    0.0642513632774353,
    -0.007719618733972311,
    0.06529615819454193,
    -0.06360700726509094,
    -0.039993707090616226,
    0.005666649900376797,
    0.027771100401878357,
    0.006309054791927338,
    -0.025546733289957047,
    0.0007447100360877812,
    0.007579191587865353,
    0.04743581637740135,
    0.050933461636304855,
    -0.04796721413731575,
    0.022549575194716454,
    0.029211904853582382,
    0.05512023717164993,
    -0.006990169640630484,
    -0.001498864614404738,
    -0.01301103737205267,
    -0.03810698166489601,
    -0.012631378136575222,
    0.001529753440991044,
    0.014545796439051628,
    0.04167434945702553,
    -0.005994816310703754,
    -0.021311301738023758,
    -0.00023354131553787738,
    -0.02580406330525875,
    0.037310779094696045,
    0.061790063977241516,
    -0.024307508021593094,
    0.011875879019498825,
    -0.019828401505947113,
    -0.01450283918529749,
    -0.08613085001707077,
    0.04674169793725014,
    -0.1695185750722885,
    0.08360464870929718,
    0.07797762006521225,
    -0.025881445035338402,
    0.05506717786192894,
    0.05810736119747162,
    -0.0433427095413208,
    -0.004714705981314182,
    -0.08992653340101242,
    0.01728556863963604,
    0.026882555335760117,
    0.0785638839006424,
    0.081553153693676,
    -0.03655548393726349,
    -0.01570119895040989,
    0.0059305280447006226,
    0.002822328358888626,
    0.00974977295845747,
    -0.02965480461716652,
    -0.08237820118665695,
    0.06016315147280693,
    -0.07196352630853653,
    0.026760684326291084,
    -0.022609947249293327,
    0.010059370659291744,
    0.003142787143588066,
    -0.03204065561294556,
    -0.010436635464429855,
    0.017168154940009117,
    -0.0551193505525589,
    -0.0343766063451767,
    -0.04038533940911293,
    0.010188771411776543,
    0.009611865505576134,
    -0.012133692391216755,
    0.011496976017951965,
    -0.024682141840457916,
    -0.005046924576163292,
    0.0223300289362669,
    0.01852114498615265,
    0.05353190377354622,
    0.005167044699192047,
    -0.10203183442354202,
    0.03630993515253067,
    -0.014514628797769547,
    -0.05331505462527275,
    -0.025967860594391823,
    0.020883988589048386,
    0.039183881133794785,
    -0.011459069326519966,
    0.043214306235313416,
    0.007364713586866856,
    0.03557653725147247,
    0.0332283116877079,
    0.000801837129984051,
    -0.04408063367009163,
    0.04181612655520439,
    0.004795417655259371,
    0.062991201877594,
    0.04030871018767357,
    0.09496653079986572,
    0.005724126473069191,
    0.00042018687236122787,
    -0.018130389973521233,
    -0.04268712177872658,
    0.04142576456069946,
    0.056846972554922104,
    -0.02032902091741562,
    -0.011038582772016525,
    0.06454388797283173,
    0.05677119269967079,
    -0.08767412602901459,
    0.04020159691572189,
    -0.028533881530165672,
    -0.007225400768220425,
    -0.0035965782590210438,
    0.06263590604066849,
    0.012703143060207367,
    0.028619540855288506,
    -0.04900282993912697,
    -0.005025404971092939,
    0.023401087149977684,
    0.08066454529762268,
    0.05054638534784317,
    0.033659595996141434,
    0.027939332649111748,
    -0.038954976946115494,
    0.01012403704226017,
    0.06064831092953682,
    0.005876548122614622,
    -0.025988182052969933,
    0.024157075211405754,
    -0.08642049133777618,
    -0.09478440880775452,
    0.010864432901144028,
    0.003222640138119459,
    -0.039955973625183105,
    -0.01085439883172512,
    -0.006742422003298998,
    -0.04894917830824852,
    0.027824049815535545,
    0.09216128289699554,
    -0.022957971319556236,
    0.0433022640645504,
    -0.01161037664860487,
    0.030641932040452957,
    -0.009774166159331799,
    0.015622877515852451,
    -0.004662331193685532,
    0.0700889527797699,
    0.05979142710566521,
    -0.10107609629631042,
    -0.010734718292951584,
    -0.043127987533807755,
    -0.06117166578769684,
    0.005180233623832464,
    0.03280984237790108,
    -0.038442034274339676,
    -0.04257901385426521,
    -0.08208876848220825,
    0.024993712082505226,
    -0.03591906651854515,
