{
  "embedding_files": [
    "gt_233.7s_f241.jpg",
    "gt_204.2s_f90.jpg",
    "gt_176.7s_f66.jpg",
    "gt_54.7s_f13.jpg",
    "gt_68.7s_f6.jpg"
  ],
  "backup_files": [
    "gt_1141.5s_f168.jpg",
    "gt_201.4s_f200.jpg",
    "gt_383.1s_f51.jpg",
    "gt_503.3s_f76.jpg",
    "gt_89.2s_f55.jpg"
  ],
  "scores": {
    "gt_503.3s_f76.jpg": 12.323,
    "gt_383.1s_f51.jpg": 10.5293,
    "gt_1141.5s_f168.jpg": 13.3296,
    "gt_54.7s_f13.jpg": 33.7065,
    "gt_89.2s_f55.jpg": 26.9596,
    "gt_201.4s_f200.jpg": 27.6753,
    "gt_233.7s_f241.jpg": 88.555,
    "gt_68.7s_f6.jpg": 27.8404,
    "gt_204.2s_f90.jpg": 81.5011,
    "gt_176.7s_f66.jpg": 78.7367
  },
  "approved_files": [
    "gt_1141.5s_f168.jpg",
    "gt_503.3s_f76.jpg",
    "gt_383.1s_f51.jpg",
    "gt_233.7s_f241.jpg"
  ],
  "mean_embedding": [
    0.06539542227983475,
    0.00598467793315649,
    0.011489718221127987,
    -0.03160597011446953,
    -0.06213982403278351,
    0.015783559530973434,
    -0.08441737294197083,
    0.0050157466903328896,
    -0.0011980695417150855,
    0.04520519822835922,
    0.019421081990003586,
    0.03227340057492256,
    0.04105237126350403,
    -0.004832673817873001,
    -0.003306151134893298,
    -0.028718236833810806,
    0.0501452200114727,
    -0.006820024456828833,
    0.03447437658905983,
    -0.08578134328126907,
    -0.020088639110326767,
    0.09246531873941422,
    -0.05992700532078743,
    0.022932104766368866,
    0.01712213270366192,
    -0.02790875919163227,
    0.009565932676196098,
    -0.013977181166410446,
    -0.051876701414585114,
    0.04173055663704872,
    0.004873719532042742,
    -0.032737165689468384,
    -0.06316941976547241,
    -0.01649322360754013,
    -0.017524678260087967,
    0.07038272172212601,
    -0.06075152009725571,
    -0.024930158630013466,
    -0.09100848436355591,
    0.036764658987522125,
    0.06107532978057861,
    -0.05755811557173729,
    0.016203468665480614,
    0.09274980425834656,
    0.019748371094465256,
    -0.005746221169829369,
    -0.06567559391260147,
    -0.029932184144854546,
    -0.028433434665203094,
    -0.023708248510956764,
    -0.03419872000813484,
    0.053382713347673416,
    -0.02023240365087986,
    -0.009733982384204865,
    0.025446267798542976,
    0.10746917873620987,
    0.04523031413555145,
    -0.022984717041254044,
    -0.009524268098175526,
    -0.007583816070109606,
    0.011912062764167786,
    -0.004186488222330809,
    0.0028008206281811,
    0.010909967124462128,
    0.03993445262312889,
    -0.059143200516700745,
    -0.016488879919052124,
    -0.06221552938222885,
    -0.006334367208182812,
    -0.05834411457180977,
    0.05946987122297287,
    -0.035450201481580734,
    -0.0699744001030922,
    0.00759513396769762,
    -0.01479396503418684,
    -0.03778237849473953,
    0.0003579659969545901,
    -0.003145600436255336,
    -0.07473457604646683,
    0.019450780004262924,
    0.015446840785443783,
    -0.05551096796989441,
    0.03955752030014992,
    0.07635515183210373,
    0.033880509436130524,
    0.028032533824443817,
    -0.03969568386673927,
    -0.04492490738630295,
    -0.05614911764860153,
    0.004703735001385212,
    0.015618165023624897,
    7.360694871749729e-05,
    0.029819924384355545,
    -0.0017806479008868337,
    -0.02227342501282692,
    0.06603602319955826,
    -0.03614429011940956,
    0.02241518720984459,
    0.02904149889945984,
    -0.008701877668499947,
    -0.039472274482250214,
    -0.001002314267680049,
    0.07604429125785828,
    0.06284339725971222,
    0.07973553240299225,
    0.05827024206519127,
    0.0296596959233284,
    -0.03286299481987953,
    -0.000625112559646368,
    0.008708604611456394,
    0.019421949982643127,
    -0.03850331902503967,
    -0.020245028659701347,
    -0.0053835962899029255,
    -0.009240187704563141,
    -0.017768951132893562,
    0.020546089857816696,
    -0.04081278666853905,
    -0.0356253981590271,
    -0.017844222486019135,
    -0.03448788821697235,
    0.06774976849555969,
    -0.025857040658593178,
    0.06580688059329987,
    -0.049054138362407684,
    -0.027854204177856445,
    0.018859677016735077,
    -0.0014158744597807527,
    -0.01145219150930643,
    0.051826346665620804,
    0.04983888193964958,
    0.010290771722793579,
    -0.03560008481144905,
    0.03869227319955826,
    -0.0891716405749321,
    -0.04694182053208351,
    0.03856915980577469,
    0.028362181037664413,
    -0.006518947426229715,
    0.008924649097025394,
    0.024048054590821266,
    -0.022397257387638092,
    0.06407245248556137,
    0.04090980812907219,
    -0.07159824669361115,
    0.022332262247800827,
    0.03397330641746521,
    -0.055196311324834824,
    -0.008947097696363926,
    0.0006847756449133158,
    0.011617249809205532,
    -0.03866969421505928,
    -0.00713817635551095,
    -0.03213648125529289,
    0.0028823926113545895,
    0.07922501116991043,
    0.0018128631636500359,
    -0.08231198787689209,
    -0.007840253412723541,
    0.027540942654013634,
    0.029071014374494553,
    0.04742400720715523,
    0.00711649376899004,
    -0.010333103127777576,
    -0.028194701299071312,
    4.272370006219717e-06,
    -0.03589976206421852,
    -0.013436367735266685,
    -0.14593641459941864,
    0.07648041099309921,
    0.09459236264228821,
    -0.013971504755318165,
    0.07882680743932724,
    -0.018752023577690125,
    -0.032087355852127075,
    0.02499472163617611,
    -0.07773543149232864,
    -0.028928589075803757,
    0.03567295894026756,
    0.06956256181001663,
    0.05873352661728859,
    -0.06887978315353394,
    -0.011444524861872196,
    -0.008667247369885445,
    -0.02326589822769165,
    0.0025903426576405764,
    -0.06135767698287964,
    -0.014216684736311436,
    0.013894367963075638,
    -0.02893945761024952,
    0.019136209040880203,
    -0.014962933957576752,
    -0.04160473123192787,
    -0.03578399866819382,
    -0.011084671132266521,
    -0.009372795931994915,
    0.0816628709435463,
    -0.0060616135597229,
    -0.0253737960010767,
    -0.045497745275497437,
    0.012967606075108051,
    0.004600374028086662,
    -0.06543903797864914,
    0.0298553928732872,
    0.004214064683765173,
    -0.0023243771865963936,
    0.032931916415691376,
    0.03190763667225838,
    0.03444112464785576,
    -0.03898570314049721,
    -0.08702469617128372,
    -0.02669992297887802,
    -0.003823560429736972,
    -0.0704658180475235,
    -0.06452889740467072,
    0.05167233943939209,
    0.04062317684292793,
    -0.0010815701680257916,
    0.012192470021545887,
    0.019034795463085175,
    0.023020563647150993,
    0.055959779769182205,
    -0.02102411724627018,
    -0.05386362969875336,
    -0.007097659632563591,
    -0.056295208632946014,
    0.06987573951482773,
    0.06470584124326706,
    0.034782666712999344,
    0.05006297677755356,
    0.04655184596776962,
    -0.05672349035739899,
    -0.003543413942679763,
    0.015902914106845856,
    0.023983653634786606,
    -0.030534297227859497,
    -0.012904559262096882,
    0.06964130699634552,
    0.07492589205503464,
    -0.03963760659098625,
    0.005416623782366514,
    -0.02801349386572838,
    -0.04626072570681572,
    -0.012059172615408897,
    0.050135791301727295,
    0.10882771760225296,
    0.03764135390520096,
    -0.03995830938220024,
    0.028272055089473724,
    -0.034665342420339584,
    0.07623562961816788,
    -0.002690741792321205,
    0.03890049085021019,
    0.028295977041125298,
    -0.0020173941738903522,
    0.04321726784110069,
    0.04911382496356964,
    0.0343666672706604,
    -0.03360222280025482,
    0.016121551394462585,
    -0.05038905516266823,
    -0.09011168032884598,
    0.037522755563259125,
    -0.013661108911037445,
    -0.036732375621795654,
    0.050525177270174026,
    0.016874317079782486,
    0.00023212631640490144,
    0.011093982495367527,
    0.061916060745716095,
    -0.02696434035897255,
    -0.011638892814517021,
    0.030553441494703293,
    0.04958910495042801,
    -0.02496809884905815,
    0.028237301856279373,
