{
  "embedding_files": [
    "gt_1141.5s_f168.jpg",
    "gt_503.3s_f76.jpg",
    "gt_383.1s_f51.jpg",
    "gt_933.4s_f144.jpg"
  ],
  "backup_files": [],
  "scores": {
    "gt_503.3s_f76.jpg": 12.323,
    "gt_383.1s_f51.jpg": 10.5293,
    "gt_933.4s_f144.jpg": 7.8826,
    "gt_1141.5s_f168.jpg": 13.3296
  },
  "approved_files": [
    "gt_1141.5s_f168.jpg",
    "gt_503.3s_f76.jpg",
    "gt_383.1s_f51.jpg",
    "gt_933.4s_f144.jpg"
  ],
  "mean_embedding": [
    0.061056531965732574,
    0.04692789539694786,
    -0.02282184176146984,
    -0.040978122502565384,
    -0.07523997128009796,
    0.07208370417356491,
    -0.09557992964982986,
    0.01186789758503437,
    0.026672208681702614,
    0.03159448504447937,
    0.01927926018834114,
    0.056487906724214554,
    0.05402684956789017,
    0.006648762617260218,
    -0.030540259554982185,
    -0.033471591770648956,
    0.06712952256202698,
    0.010093498043715954,
    0.033602725714445114,
    -0.037554241716861725,
    -0.02088557742536068,
    0.09220141917467117,
    -0.019478868693113327,
    -0.008401411585509777,
    -0.00477557023987174,
    -0.05950784310698509,
    0.0030093013774603605,
    0.014345366507768631,
    -0.0033491074573248625,
    0.049348995089530945,
    -0.04650752618908882,
    -0.01500019058585167,
    -0.0605204738676548,
    -0.038174282759428024,
    -0.04191213846206665,
    0.0890948623418808,
    -0.0761181190609932,
    -0.052397143095731735,
    -0.026829928159713745,
    0.029666751623153687,
    0.058630283921957016,
    -0.012290390208363533,
    -0.027182606980204582,
    0.07286111265420914,
    -0.020566469058394432,
    0.025338081642985344,
    -0.05513413995504379,
    -0.037788499146699905,
    0.03939324989914894,
    -0.016549626365303993,
    -0.031939830631017685,
    0.06827794760465622,
    -0.04052776098251343,
    0.020686522126197815,
    0.019942330196499825,
    0.08417171239852905,
    0.026084227487444878,
    -0.013654057867825031,
    -0.04061075299978256,
    -0.0017199154244735837,
    0.03509414568543434,
    0.02657833695411682,
    -0.008442078717052937,
    0.013745781034231186,
    0.04838457331061363,
    -0.013068406842648983,
    -0.058593884110450745,
    -0.07915496081113815,
    0.004413283430039883,
    -0.04973020777106285,
    0.038114096969366074,
    -0.03204880654811859,
    -0.06591303646564484,
    -0.0019595965277403593,
    0.020798832178115845,
    -0.051363781094551086,
    0.0043602618388831615,
    -0.03153747320175171,
    -0.0773339793086052,
    0.002545019844546914,
    0.037541020661592484,
    -0.04069693386554718,
    0.012613482773303986,
    0.03568079322576523,
    -0.0026456788182258606,
    0.008703522384166718,
    -0.06445910036563873,
    -0.06583769619464874,
    -0.056799598038196564,
    0.012774214148521423,
    0.0024649519473314285,
    0.023287946358323097,
    0.01767868362367153,
    -0.018478859215974808,
    -0.004240421112626791,
    0.06620343774557114,
    -0.032247286289930344,
    0.005822098348289728,
    0.02794586680829525,
    0.011170998215675354,
    -0.02472878433763981,
    0.03887088969349861,
    0.1054031252861023,
    0.014563987962901592,
    0.07406604290008545,
    0.07301021367311478,
    -0.011530542746186256,
    -0.05181894823908806,
    -0.07412528991699219,
    0.00900712888687849,
    0.026299018412828445,
    -0.05380172282457352,
    0.017502842471003532,
    -0.0009932771790772676,
    0.011715789325535297,
    -0.017349572852253914,
    0.005286231637001038,
    -0.007700429297983646,
    -0.031635601073503494,
    -0.015185944736003876,
    -0.03309328481554985,
    0.05334817245602608,
    -0.036844782531261444,
    0.015645518898963928,
    -0.09750021249055862,
    -0.030883269384503365,
    0.01973642222583294,
    -0.029608938843011856,
    0.03549497574567795,
    0.012729392386972904,
    0.030187662690877914,
    0.06498698890209198,
    -0.005655791610479355,
    0.06401333212852478,
    -0.06367608159780502,
    -0.04235346242785454,
    0.007104769814759493,
    0.02727324329316616,
    0.0051088291220366955,
    -0.02400732971727848,
    0.0012264195829629898,
    0.007114952430129051,
    0.04657025635242462,
    0.050814975053071976,
    -0.04775550961494446,
    0.02242163196206093,
    0.02890106849372387,
    0.0543079599738121,
    -0.004976342897862196,
    -0.0038078513462096453,
    -0.014078173786401749,
    -0.03771859034895897,
    -0.01195730734616518,
    -0.001384069095365703,
    0.013462877832353115,
    0.03903913497924805,
    -0.005747366230934858,
    -0.02393248677253723,
    -0.0006063059554435313,
    -0.027094222605228424,
    0.03555024042725563,
    0.06230669096112251,
    -0.023762425407767296,
    0.009719437919557095,
    -0.02005043439567089,
    -0.015645168721675873,
    -0.08662591874599457,
    0.04730823636054993,
    -0.1682525873184204,
    0.08304916322231293,
    0.07922565191984177,
    -0.023824000731110573,
    0.05441008135676384,
    0.05878925696015358,
    -0.04357035830616951,
    -0.006379128433763981,
    -0.08969752490520477,
    0.019962182268500328,
    0.027680231258273125,
    0.07846038788557053,
    0.08123671263456345,
    -0.038442663848400116,
    -0.01433292031288147,
    0.00636201910674572,
    0.0031473259441554546,
    0.00899274367839098,
    -0.03227200731635094,
    -0.08278957009315491,
    0.05960969999432564,
    -0.07440491020679474,
    0.026782210916280746,
    -0.0217344518750906,
    0.010320701636373997,
    0.002690959954634309,
    -0.02830425463616848,
    -0.008361704647541046,
    0.016378454864025116,
    -0.05583925172686577,
    -0.035905927419662476,
    -0.040532659739255905,
    0.013339419849216938,
    0.011531295254826546,
    -0.012457498349249363,
    0.0108935022726655,
    -0.02590605616569519,
    -0.005923906806856394,
    0.021120890974998474,
    0.018357135355472565,
    0.05167502537369728,
    0.00637478893622756,
    -0.10192661732435226,
    0.03516038507223129,
    -0.012603076174855232,
    -0.05233217775821686,
    -0.025748392567038536,
    0.022105520591139793,
    0.039043013006448746,
    -0.00974231120198965,
    0.04830898717045784,
    0.004578729160130024,
    0.0360364094376564,
    0.03471015766263008,
    0.0004012002609670162,
    -0.04402289167046547,
    0.040553897619247437,
    0.0072270543314516544,
    0.06657107919454575,
    0.042429033666849136,
    0.09510428458452225,
    0.006355232559144497,
    0.0009684829856269062,
    -0.01762497052550316,
    -0.04191790893673897,
    0.03938096761703491,
    0.05740707367658615,
    -0.01921791024506092,
    -0.010816821828484535,
    0.06410592049360275,
    0.05571719631552696,
    -0.08702043443918228,
    0.03778287023305893,
    -0.027323264628648758,
    -0.00666195061057806,
    -0.00394880585372448,
    0.061524346470832825,
    0.012642323970794678,
    0.029715392738580704,
    -0.048844147473573685,
    -0.0052499049343168736,
    0.023266980424523354,
    0.08059174567461014,
    0.048092007637023926,
    0.03311236575245857,
    0.028512176126241684,
    -0.038795679807662964,
    0.00800861231982708,
    0.05904420092701912,
    0.003912748768925667,
    -0.026966160163283348,
    0.023092476651072502,
    -0.08862654864788055,
    -0.09332306683063507,
    0.010645375587046146,
    0.0008483479614369571,
    -0.038369666785001755,
    -0.010976966470479965,
    -0.0062885102815926075,
    -0.04860478267073631,
    0.027235060930252075,
    0.09468133747577667,
    -0.021636733785271645,
    0.044283851981163025,
    -0.009406291879713535,
    0.029541345313191414,
    -0.008649553172290325,
    0.015864158049225807,
    -0.007355761248618364,
    0.07090414315462112,
    0.05723157152533531,
    -0.10022110491991043,
    -0.010014762170612812,
    -0.04089777544140816,
    -0.06189845874905586,
    0.005985949654132128,
    0.03273436799645424,
    -0.03898860514163971,
    -0.04130146652460098,
    -0.08465075492858887,
    0.024971380829811096,
