{
  "embedding_files": [
    "gt_233.7s_f241.jpg",
    "gt_204.2s_f90.jpg",
    "gt_176.7s_f66.jpg",
    "gt_54.7s_f13.jpg",
    "gt_68.7s_f6.jpg"
  ],
  "backup_files": [
    "gt_201.4s_f200.jpg",
    "gt_89.2s_f55.jpg",
    "gt_1141.5s_f168.jpg",
    "gt_503.3s_f76.jpg",
    "gt_383.1s_f51.jpg"
  ],
  "scores": {
    "gt_503.3s_f76.jpg": 12.323,
    "gt_383.1s_f51.jpg": 10.5293,
    "gt_1141.5s_f168.jpg": 13.3296,
    "gt_54.7s_f13.jpg": 33.7065,
    "gt_89.2s_f55.jpg": 26.9596,
    "gt_201.4s_f200.jpg": 27.6753,
    "gt_233.7s_f241.jpg": 88.555,
    "gt_68.7s_f6.jpg": 27.8404,
    "gt_204.2s_f90.jpg": 81.5011,
    "gt_176.7s_f66.jpg": 78.7367
  },
  "approved_files": [
    "gt_1141.5s_f168.jpg",
    "gt_503.3s_f76.jpg",
    "gt_383.1s_f51.jpg",
    "gt_933.4s_f144.jpg"
  ],
  "mean_embedding": [
    0.06104641035199165,
    0.04693104326725006,
    -0.022815994918346405,
    -0.04098082333803177,
    -0.07524934411048889,
    0.07208854705095291,
    -0.09557042270898819,
    0.011859741993248463,
    0.026675816625356674,
    0.03160679712891579,
    0.019262555986642838,
    0.05646410584449768,
    0.05401700362563133,
    0.0066553582437336445,
    -0.030544128268957138,
    -0.03346150368452072,
    0.06713081151247025,
    0.010094615630805492,
    0.033601418137550354,
    -0.037551697343587875,
    -0.020904777571558952,
    0.09220021963119507,
    -0.01947123557329178,
    -0.008424483239650726,
    -0.004765243269503117,
    -0.059485241770744324,
    0.0029947126749902964,
    0.014352339319884777,
    -0.0033495661336928606,
    0.04933050647377968,
    -0.04653068259358406,
    -0.014992006123065948,
    -0.0605226494371891,
    -0.0381547212600708,
    -0.04191272333264351,
    0.08909939229488373,
    -0.07612982392311096,
    -0.052409786731004715,
    -0.02683158591389656,
    0.029661869630217552,
    0.05863353982567787,
    -0.012290537357330322,
    -0.027166441082954407,
    0.07287972420454025,
    -0.020568326115608215,
    0.02534070983529091,
    -0.055131178349256516,
    -0.037785306572914124,
    0.03940429911017418,
    -0.016559751704335213,
    -0.031940847635269165,
    0.06830357760190964,
    -0.04052506387233734,
    0.020696595311164856,
    0.01993398554623127,
    0.08418339490890503,
    0.026062794029712677,
    -0.013656532391905785,
    -0.04061422124505043,
    -0.0017218438442796469,
    0.035089608281850815,
    0.02658337540924549,
    -0.008420496247708797,
    0.013744457624852657,
    0.048398103564977646,
    -0.013066762126982212,
    -0.05858617275953293,
    -0.07915469259023666,
    0.004420704673975706,
    -0.0497422032058239,
    0.03811037167906761,
    -0.032049987465143204,
    -0.06593748182058334,
    -0.0019549408461898565,
    0.020792337134480476,
    -0.05137147754430771,
    0.0043584140948951244,
    -0.031542081385850906,
    -0.07733558863401413,
    0.0025452577974647284,
    0.03753918781876564,
    -0.04069550707936287,
    0.012624813243746758,
    0.035662055015563965,
    -0.0026280356105417013,
    0.008701552636921406,
    -0.06446679681539536,
    -0.06585371494293213,
    -0.05678834393620491,
    0.012773343361914158,
    0.0024531285744160414,
    0.02329682558774948,
    0.017664654180407524,
    -0.018475526943802834,
    -0.004244206007570028,
    0.06621094048023224,
    -0.03223365545272827,
    0.005809831898659468,
    0.027953291311860085,
    0.011191694997251034,
    -0.024732578545808792,
    0.038861896842718124,
    0.10537884384393692,
    0.014564048498868942,
    0.07406481355428696,
    0.07299496233463287,
    -0.011506810784339905,
    -0.051821790635585785,
    -0.07412142306566238,
    0.009012440219521523,
    0.026314424350857735,
    -0.05379890277981758,
    0.01749563403427601,
    -0.0009890712099149823,
    0.011731090024113655,
    -0.017329415306448936,
    0.005283595062792301,
    -0.007700924761593342,
    -0.03164220228791237,
    -0.015165537595748901,
    -0.03310345858335495,
    0.053357791155576706,
    -0.03684847801923752,
    0.01566636562347412,
    -0.0975082665681839,
    -0.03089466132223606,
    0.01973060518503189,
    -0.029593996703624725,
    0.03548157960176468,
    0.012710332870483398,
    0.030182212591171265,
    0.06500158458948135,
    -0.005662689916789532,
    0.06402070075273514,
    -0.06368084251880646,
    -0.04235418513417244,
    0.007103723008185625,
    0.027272585779428482,
    0.005093617830425501,
    -0.024011434987187386,
    0.001222476945258677,
    0.007098588161170483,
    0.04656815156340599,
    0.050813376903533936,
    -0.04775850474834442,
    0.022414540871977806,
    0.028896089643239975,
    0.05430980771780014,
    -0.0049927993677556515,
    -0.003806199412792921,
    -0.014077403582632542,
    -0.03770444542169571,
    -0.011950915679335594,
    -0.0013897244352847338,
    0.013468369841575623,
    0.039035387337207794,
    -0.005767473950982094,
    -0.023923585191369057,
    -0.0006091665127314627,
    -0.0270759966224432,
    0.035542771220207214,
    0.062295954674482346,
    -0.023747047409415245,
    0.009726478718221188,
    -0.020044609904289246,
    -0.01565534621477127,
    -0.08662431687116623,
    0.04728091508150101,
    -0.16827672719955444,
    0.0830506682395935,
    0.0792413279414177,
    -0.02382056973874569,
    0.054411254823207855,
    0.05877071991562843,
    -0.04357915371656418,
    -0.00639095576480031,
    -0.08969257771968842,
    0.019959473982453346,
    0.027670003473758698,
    0.07846252620220184,
    0.08123838901519775,
    -0.038443394005298615,
    -0.014340546913444996,
    0.006373426876962185,
    0.0031511264387518167,
    0.008998203091323376,
    -0.032286349684000015,
    -0.08278021961450577,
    0.059613682329654694,
    -0.07438566535711288,
    0.026783393695950508,
    -0.021733464673161507,
    0.010316010564565659,
    0.0027048371266573668,
    -0.02830021269619465,
    -0.00837312638759613,
    0.01637835055589676,
    -0.05584326013922691,
    -0.035895515233278275,
    -0.04052286222577095,
    0.013333351351320744,
    0.011541683226823807,
    -0.012459274381399155,
    0.010915404185652733,
    -0.025921516120433807,
    -0.005913882050663233,
    0.021123457700014114,
    0.01837039552628994,
    0.05167807638645172,
    0.006382879801094532,
    -0.1019236147403717,
    0.035174958407878876,
    -0.012624076567590237,
    -0.05232347548007965,
    -0.025751523673534393,
    0.022117577493190765,
    0.03904244676232338,
    -0.009725891053676605,
    0.04831194505095482,
    0.004581864457577467,
    0.03603030741214752,
    0.03472181409597397,
    0.00039724778616800904,
    -0.043997205793857574,
    0.040570151060819626,
    0.0072227464988827705,
    0.06656751036643982,
    0.042426250874996185,
    0.09509637206792831,
    0.0063792322762310505,
    0.0009776942897588015,
    -0.017611656337976456,
    -0.04192739352583885,
    0.03940095007419586,
    0.057396091520786285,
    -0.019200358539819717,
    -0.010831251740455627,
    0.06411811709403992,
    0.05570841580629349,
    -0.08700995147228241,
    0.03779136389493942,
    -0.027325496077537537,
    -0.006664902903139591,
    -0.003945289179682732,
    0.061533261090517044,
    0.012640762142837048,
    0.029706694185733795,
    -0.04884251579642296,
    -0.005259883124381304,
    0.023271944373846054,
    0.08059822022914886,
    0.04809043928980827,
    0.03310638666152954,
    0.028502115979790688,
    -0.03879979997873306,
    0.007999883964657784,
    0.059041839092969894,
    0.003918532747775316,
    -0.026967758312821388,
    0.023076392710208893,
    -0.08864263445138931,
    -0.0933334156870842,
    0.010627707466483116,
    0.0008504402358084917,
    -0.03837926313281059,
    -0.010968673042953014,
    -0.006292872130870819,
    -0.048600081354379654,
    0.027235819026827812,
    0.09468167275190353,
    -0.02165328711271286,
    0.044272832572460175,
    -0.009388071484863758,
    0.029537858441472054,
    -0.008647187612950802,
