{
  "embedding_files": [
    "gt_2.0s_f6.jpg",
    "gt_69.1s_f78.jpg",
    "gt_179.3s_f168.jpg",
    "gt_35.4s_f51.jpg"
  ],
  "backup_files": [
    "gt_140.2s_f137.jpg"
  ],
  "scores": {
    "gt_2.0s_f6.jpg": 45.6727,
    "gt_69.1s_f78.jpg": 37.0385,
    "gt_35.4s_f51.jpg": 27.4726,
    "gt_140.2s_f137.jpg": 24.0135,
    "gt_179.3s_f168.jpg": 30.8145
  },
  "approved_files": [
    "gt_2.0s_f6.jpg",
    "gt_69.1s_f78.jpg",
    "gt_179.3s_f168.jpg",
    "gt_35.4s_f51.jpg",
    "gt_140.2s_f137.jpg"
  ],
  "mean_embedding": [
    -0.0012898982968181372,
    0.023094087839126587,
    -0.010894989594817162,
    -0.02810552902519703,
    0.019214903935790062,
    -0.027679860591888428,
    0.012339873239398003,
    0.036808475852012634,
    -0.030521761626005173,
    0.02404128946363926,
    0.0399862565100193,
    -0.004715265706181526,
    -0.04298657178878784,
    0.004253659397363663,
    -0.062261659651994705,
    0.041066959500312805,
    -0.03952509164810181,
    -0.0058689056895673275,
    0.021063722670078278,
    0.032710734754800797,
    -0.012639138847589493,
    -0.004070431925356388,
    0.021481584757566452,
    -0.0551348514854908,
    0.04991872236132622,
    -0.06445992738008499,
    -0.06409137696027756,
    -0.021202638745307922,
    0.09024665504693985,
    0.007943175733089447,
    0.0032948441803455353,
    -0.010777682065963745,
    -0.007471086923032999,
    0.04764774069190025,
    0.009236030280590057,
    0.04030842334032059,
    -0.031064115464687347,
    -0.0903024673461914,
    0.08351720869541168,
    -0.018101928755640984,
    -0.017903603613376617,
    -0.0035764125641435385,
    -0.036610089242458344,
    0.04026433080434799,
    -0.0005578877753578126,
    0.0028882999904453754,
    0.020961957052350044,
    0.01406939048320055,
    -0.027700109407305717,
    0.012100918218493462,
    -0.0069841044023633,
    0.04833308979868889,
    -0.01391808595508337,
    0.0043238261714577675,
    -0.028150545433163643,
    0.04809081554412842,
    -0.06774809956550598,
    0.01325182244181633,
    -0.006684720516204834,
    0.007077618967741728,
    -0.06819066405296326,
    0.012680058367550373,
    -0.0549287311732769,
    0.04524042829871178,
    -0.055090222507715225,
    0.0007792591350153089,
    0.002966871252283454,
    -0.0784827396273613,
    -0.013775281608104706,
    -0.05546685308218002,
    -0.006834296975284815,
    -0.021860262379050255,
    -0.02935115061700344,
    0.028995268046855927,
    -0.03795024752616882,
    0.033576805144548416,
    0.028671953827142715,
    0.027679869905114174,
    -0.02095009572803974,
    0.03987795114517212,
    0.07430832087993622,
    -0.03164737671613693,
    -0.021166279911994934,
    -0.062303297221660614,
    0.07583024352788925,
    -0.04595881327986717,
    0.028986934572458267,
    -0.01621941663324833,
    -0.005422680638730526,
    0.06847377121448517,
    0.00274416315369308,
    -0.0006024875328876078,
    0.034131232649087906,
    -0.04421386122703552,
    -0.03975677862763405,
    -0.010998228564858437,
    -0.015427551232278347,
    0.05637047439813614,
    0.041288964450359344,
    -0.004024803172796965,
    0.05477794259786606,
    0.004512578248977661,
    0.07289909571409225,
    0.01742950640618801,
    -0.005154648795723915,
    -0.0529884472489357,
    0.038772568106651306,
    -0.10751859843730927,
    -0.04639948904514313,
    0.0234833974391222,
    -0.04319288581609726,
    0.04091063514351845,
    0.021537503227591515,
    0.022877758368849754,
    0.0037683399859815836,
    -0.044964712113142014,
    0.008659956976771355,
    0.03226829692721367,
    -0.03227164223790169,
    0.03466062992811203,
    -0.0920971930027008,
    0.0009698093053884804,
    0.04440682753920555,
    0.05843847244977951,
    0.0194187443703413,
    0.01593715324997902,
    -0.035877399146556854,
    0.02825200743973255,
    0.006229642778635025,
    -0.01606817916035652,
    0.006792678963392973,
    -0.0017477727960795164,
    -0.04883253201842308,
    -0.013244024477899075,
    -0.028307350352406502,
    -0.010754023678600788,
    -0.006968128960579634,
    -0.011219200678169727,
    0.02532460354268551,
    0.0009808462345972657,
    0.04461286962032318,
    0.022768354043364525,
    0.046303365379571915,
    -0.013541757129132748,
    -0.06641647219657898,
    -0.06151779741048813,
    0.02164831943809986,
    0.021703392267227173,
    -0.03263305872678757,
    -0.061594802886247635,
    -0.008479750715196133,
    -0.020145056769251823,
    -0.051544319838285446,
    0.008264398202300072,
    0.012229548767209053,
    -0.01675727218389511,
    -0.021251073107123375,
    0.014022666029632092,
    0.04847687855362892,
    0.03255215659737587,
    -0.0271809883415699,
    0.09467096626758575,
    -0.02533194050192833,
    0.021224215626716614,
    -0.010496757924556732,
    -0.005934374872595072,
    -0.11215149611234665,
    -0.02110820822417736,
    0.011384036391973495,
    -0.012471205554902554,
    0.05923723056912422,
    0.0038031695876270533,
    -0.009144594892859459,
    -0.015534729696810246,
    -0.04937548190355301,
    -0.030569568276405334,
    -0.057875026017427444,
    -0.017159737646579742,
    -0.0005245177890174091,
    -0.044981177896261215,
    -0.06991719454526901,
    0.022239774465560913,
    0.012617642059922218,
    0.0007354007684625685,
    -0.01622316613793373,
    -0.017712188884615898,
    0.049223627895116806,
    -0.015485115349292755,
    0.07106462121009827,
    -0.00018882533186115324,
    0.08325129002332687,
    0.05910579860210419,
    -0.015341239050030708,
    0.04959837347269058,
    -0.007711311802268028,
    -0.08179151266813278,
    -0.01807008869946003,
    0.042886920273303986,
    0.029847493395209312,
    -0.07560268044471741,
    -0.00531817227602005,
    -0.022455371916294098,
    -0.07268384099006653,
    -0.02744329161942005,
    0.02743978425860405,
    0.0340413972735405,
    0.03319021314382553,
    -0.007676309440284967,
    -0.009433615952730179,
    -0.05995585396885872,
    -0.07820223271846771,
    0.006943566724658012,
    0.03539782762527466,
    0.05718998238444328,
    -0.08158610016107559,
    0.05033658817410469,
    -0.044394027441740036,
    -0.007443091366440058,
    -0.01791268028318882,
    -0.012693340890109539,
    0.001110028475522995,
    0.02940751425921917,
    0.028274288401007652,
    -0.04174184426665306,
    0.04626452550292015,
    -0.010890919715166092,
    0.0036113676615059376,
    0.008746488951146603,
    0.03370785713195801,
    0.024825457483530045,
    -0.0011742482893168926,
    0.006502760574221611,
    -0.05447950214147568,
    0.02073175087571144,
    -0.04452215135097504,
    0.049938302487134933,
    0.09045558422803879,
    0.043665483593940735,
    0.045738037675619125,
    0.027657313272356987,
    0.016226425766944885,
    -0.06112726777791977,
    0.014598117209970951,
    -0.013002344407141209,
    0.038937874138355255,
    -0.08249703049659729,
    0.02652406506240368,
    0.028832826763391495,
    -0.08379674702882767,
    0.01616329327225685,
    0.057760197669267654,
    -0.019228361546993256,
    -0.0012869486818090081,
    0.008899361826479435,
    0.030220476910471916,
    0.015033583156764507,
    -0.01808875985443592,
    -0.015518998727202415,
    0.07058779150247574,
    0.004389449954032898,
    0.047467976808547974,
    -0.09796599298715591,
    0.03093094564974308,
    -0.0008723968057893217,
    0.018278054893016815,
    -0.033810656517744064,
    -0.03493485227227211,
    -0.047214899212121964,
    0.02942679449915886,
    -0.0087504293769598,
    0.07860633730888367,
    -0.06822093576192856,
    0.03835699334740639,
    0.0024821958504617214,
    -0.006829326972365379,
    0.05088521167635918,
    -0.1516156941652298,
    -0.01923225261271,
    0.03976759687066078,
    -0.07074659317731857,
    -0.023599041625857353,
    -0.07522185891866684,
    -0.011174448765814304,
    -0.013429604470729828,
    -0.06369992345571518,
    -0.06098068878054619,
