{
  "embedding_files": [
    "gt_2.0s_f19.jpg",
    "gt_213.3s_f198.jpg",
    "gt_179.3s_f159.jpg",
    "gt_140.2s_f130.jpg",
    "gt_69.1s_f77.jpg"
  ],
  "backup_files": [
    "gt_102.8s_f102.jpg",
    "gt_35.4s_f40.jpg"
  ],
  "scores": {
    "gt_2.0s_f19.jpg": 10.4435,
    "gt_69.1s_f77.jpg": 3.9715,
    "gt_35.4s_f40.jpg": 3.7858,
    "gt_102.8s_f102.jpg": 3.6757,
    "gt_140.2s_f130.jpg": 4.41,
    "gt_179.3s_f159.jpg": 4.7892,
    "gt_213.3s_f198.jpg": 7.2622
  },
  "approved_files": [
    "gt_2.0s_f19.jpg",
    "gt_213.3s_f198.jpg",
    "gt_179.3s_f159.jpg",
    "gt_140.2s_f130.jpg",
    "gt_69.1s_f77.jpg",
    "gt_35.4s_f40.jpg",
    "gt_102.8s_f102.jpg"
  ],
  "mean_embedding": [
    0.04611372575163841,
    0.014158038422465324,
    0.051165323704481125,
    0.010800831951200962,
    0.012034948915243149,
    -0.014273404143750668,
    0.00288401753641665,
    -0.00567599106580019,
    0.013613608665764332,
    0.023988354951143265,
    0.009431036189198494,
    -0.061028242111206055,
    0.0002274046855745837,
    0.022619672119617462,
    -0.028004122897982597,
    -0.02809056267142296,
    0.06989214569330215,
    -0.033623479306697845,
    -0.030614543706178665,
    -0.038461633026599884,
    0.028131600469350815,
    -0.005593514535576105,
    -0.067611463367939,
    -0.023762427270412445,
    0.008104431442916393,
    0.00774403428658843,
    -0.004304282367229462,
    -0.07999475300312042,
    0.03210138529539108,
    -0.0871381163597107,
    0.010398779064416885,
    -0.03154594451189041,
    -0.030586181208491325,
    -0.05164977163076401,
    -0.018566235899925232,
    -0.028034595772624016,
    -0.014981291256844997,
    -0.03543376550078392,
    0.04959099739789963,
    0.040288783609867096,
    0.03603407368063927,
    0.04496578127145767,
    -0.007298694923520088,
    0.08654548972845078,
    -0.034886669367551804,
    -0.014957048930227757,
    0.011386496014893055,
    0.011364114470779896,
    0.09333428740501404,
    0.059380266815423965,
    -0.0193263478577137,
    -0.034854814410209656,
    -0.03757849708199501,
    -0.045161519199609756,
    0.055324751883745193,
    0.035105735063552856,
    -0.013822590000927448,
    0.0076725115068256855,
    0.0555586963891983,
    -0.007863386534154415,
    0.06958145648241043,
    -0.0070373062044382095,
    -0.026494180783629417,
    0.012331249192357063,
    0.09146730601787567,
    -0.002127846237272024,
    0.016106784343719482,
    -0.0670534074306488,
    0.009279857389628887,
    -0.0008272851118817925,
    0.07821521162986755,
    0.022489385679364204,
    -0.008628718554973602,
    -0.0476795993745327,
    0.02090279571712017,
    0.07586473226547241,
    0.03998073190450668,
    0.0013493146980181336,
    0.0906517431139946,
    -0.05713256821036339,
    0.03891041874885559,
    -0.051511116325855255,
    0.008102389983832836,
    -0.0023261376190930605,
    -0.04471186548471451,
    -0.04001566395163536,
    0.05511435121297836,
    -0.04850517958402634,
    0.056564681231975555,
    0.07566000521183014,
    -0.02030193619430065,
    0.0687665343284607,
    -0.041743285953998566,
    0.032515738159418106,
    -0.08382877707481384,
    0.02771642804145813,
    -0.0141608202829957,
    -0.003903660923242569,
    0.06615962833166122,
    -0.02449716627597809,
    0.074003204703331,
    -0.0025250837206840515,
    0.04254058748483658,
    -0.0059433248825371265,
    0.05304712802171707,
    0.010445692576467991,
    0.052538007497787476,
    -0.02935846894979477,
    0.05868377909064293,
    0.03651505708694458,
    0.11846520751714706,
    0.02795267291367054,
    0.011508438736200333,
    -0.016389844939112663,
    -0.015864741057157516,
    -0.024397337809205055,
    0.03741040453314781,
    -0.04109000787138939,
    -0.07842060178518295,
    0.0694354698061943,
    -0.06172208487987518,
    -0.006190618500113487,
    -0.039404142647981644,
    0.04257827624678612,
    -0.06127965822815895,
    0.00651360722258687,
    0.020116690546274185,
    -0.03497752919793129,
    -0.05300234258174896,
    -0.03159024193882942,
    -0.07017119228839874,
    0.003271410707384348,
    -0.010403373278677464,
    -0.04644337296485901,
    -0.12162362784147263,
    0.016356442123651505,
    0.031886085867881775,
    -0.04255831241607666,
    0.02370763197541237,
    -0.026980135589838028,
    -0.006543644238263369,
    -0.024959171190857887,
    0.0039682406932115555,
    0.06272657960653305,
    -0.007941583171486855,
    -0.020280351862311363,
    0.007551856338977814,
    0.016295822337269783,
    -0.03112691640853882,
    0.01216069795191288,
    0.03380163013935089,
    0.001676360727287829,
    -0.03579821437597275,
    -0.06488385796546936,
    -0.004735738970339298,
    0.016164226457476616,
    0.008330651558935642,
    -0.03145456686615944,
    0.017003264278173447,
    0.006663309410214424,
    0.03891417384147644,
    -0.008344989269971848,
    -0.028236696496605873,
    0.009273701347410679,
    0.030713943764567375,
    0.018635377287864685,
    -0.058376915752887726,
    0.04521021246910095,
    -0.0882176011800766,
    0.01990664377808571,
    -0.004567299969494343,
    -0.02163308672606945,
    0.08126097172498703,
    0.014479206874966621,
    0.03398815542459488,
    -0.025625646114349365,
    -0.010316009633243084,
    0.005643010139465332,
    0.014112045057117939,
    -0.031094178557395935,
    -0.020614253357052803,
    0.025497054681181908,
    0.021487070247530937,
    0.014716459438204765,
    0.006850278936326504,
    -0.025626225396990776,
    -0.02150457538664341,
    0.046058762818574905,
    0.0321146622300148,
    -0.052039552479982376,
    0.015254578553140163,
    0.07798950374126434,
    0.0011490044416859746,
    0.025151992216706276,
    -0.07275719940662384,
    -0.06889698654413223,
    0.020570257678627968,
    0.0030285490211099386,
    -0.0058000111021101475,
    0.0013966525439172983,
    0.018683193251490593,
    -0.0016782674938440323,
    -0.038488809019327164,
    0.08935631811618805,
    0.0014014160260558128,
    -0.010569185018539429,
    -0.010062048211693764,
    -0.03114885836839676,
    0.053447261452674866,
    -0.042151063680648804,
    -0.009285304695367813,
    0.03180272877216339,
    0.0035562333650887012,
    0.06607633084058762,
    0.004258342087268829,
    0.02393714152276516,
    -0.07120031863451004,
    -0.058159179985523224,
    0.023161524906754494,
    0.05392894148826599,
    0.06581650674343109,
    -0.0033800993114709854,
    -0.03797324374318123,
    0.03368702903389931,
    -0.008606874383985996,
    0.03696536645293236,
    0.005747650749981403,
    0.03533846512436867,
    -0.004232845734804869,
    -0.019789785146713257,
    0.11447180062532425,
    0.023986628279089928,
    0.03846113011240959,
    -0.024748628959059715,
    0.039471711963415146,
    0.026881173253059387,
    -0.014930160716176033,
    0.0728209838271141,
    -0.055122170597314835,
    0.0212663896381855,
    0.05264679715037346,
    -0.04860848933458328,
    -0.03340679779648781,
    0.012916634790599346,
    0.09794661402702332,
    0.015175615437328815,
    -0.037259284406900406,
    0.07192734628915787,
    0.009870546869933605,
    -0.012704350985586643,
    0.034389737993478775,
    0.0049508907832205296,
    0.05990144610404968,
    -0.01926354505121708,
    0.03707342594861984,
    0.006259764079004526,
    0.004083505365997553,
    0.03625721111893654,
    -0.0013828488299623132,
    -0.09854691475629807,
    -0.06530854851007462,
    -0.051595233380794525,
    -0.04088166356086731,
    0.010728524997830391,
    -0.03993818163871765,
    -0.04638711363077164,
    -0.08309778571128845,
    -0.02562575973570347,
    -0.055797722190618515,
    0.06067550554871559,
    -0.0041730888187885284,
    -0.05908096581697464,
    -0.0018309199949726462,
    -0.0003351513296365738,
    -0.04853377863764763,
    -0.05573277547955513,
    -0.08923918753862381,
    -0.07467623054981232,
    -0.028249667957425117,
    -0.019350003451108932,
