{
  "embedding_files": [
    "gt_310.5s_f2.jpg",
    "gt_431.4s_f27.jpg",
    "gt_850.2s_f93.jpg",
    "gt_589.5s_f57.jpg",
    "gt_597.5s_f38.jpg"
  ],
  "backup_files": [
    "gt_412.9s_f2.jpg",
    "gt_742.8s_f88.jpg",
    "gt_890.5s_f101.jpg",
    "new_1776234553226_gt_211.2s_f1.jpg",
    "new_1776234553226_gt_300.2s_f35.jpg"
  ],
  "scores": {
    "gt_310.5s_f2.jpg": 39.2798,
    "gt_431.4s_f27.jpg": 27.371,
    "gt_589.5s_f57.jpg": 20.7163,
    "gt_742.8s_f88.jpg": 6.4251,
    "gt_890.5s_f101.jpg": 8.8563,
    "gt_850.2s_f93.jpg": 20.92,
    "gt_597.5s_f38.jpg": 19.9247,
    "gt_412.9s_f2.jpg": 6.8542
  },
  "approved_files": [
    "gt_310.5s_f2.jpg",
    "gt_431.4s_f27.jpg",
    "gt_850.2s_f93.jpg",
    "gt_589.5s_f57.jpg",
    "gt_597.5s_f38.jpg",
    "gt_890.5s_f101.jpg",
    "gt_412.9s_f2.jpg",
    "gt_742.8s_f88.jpg",
    "new_1776234553226_gt_211.2s_f1.jpg",
    "new_1776234553226_gt_300.2s_f35.jpg",
    "new_1776234553226_gt_399.0s_f49.jpg",
    "new_1776234553226_gt_499.6s_f65.jpg",
    "new_1776234553226_gt_750.2s_f142.jpg"
  ],
  "mean_embedding": [
    0.007776942569762468,
    -0.037620075047016144,
    0.002075332449749112,
    0.05061807483434677,
    0.01359279453754425,
    -0.009975029155611992,
    -0.023681240156292915,
    0.028203079476952553,
    -0.01067980844527483,
    -0.01824934035539627,
    0.014390930533409119,
    -0.021388767287135124,
    0.04150000959634781,
    0.0058980961330235004,
    0.03289506956934929,
    0.024757497012615204,
    -0.026618488132953644,
    -0.03687409684062004,
    0.013915488496422768,
    -0.0027212139684706926,
    0.028090015053749084,
    0.016499195247888565,
    0.08543570339679718,
    0.04167947173118591,
    -0.04549930989742279,
    -0.10363434255123138,
    -0.08778177201747894,
    -0.02683987095952034,
    -0.044131457805633545,
    0.061688799411058426,
    0.00884775910526514,
    -0.006530629936605692,
    -0.00500623369589448,
    0.021786395460367203,
    0.03855679929256439,
    -0.011638938449323177,
    -0.09250704944133759,
    0.028848037123680115,
    0.06844069808721542,
    0.055344585329294205,
    0.02033701352775097,
    -0.01645466312766075,
    -0.02378329262137413,
    -0.014881329610943794,
    -0.0643119290471077,
    0.02865982986986637,
    -0.01763332448899746,
    0.017554180696606636,
    0.0061022620648145676,
    0.030044492334127426,
    0.03421209380030632,
    -0.029415123164653778,
    -0.017193540930747986,
    -0.023067321628332138,
    0.011026616208255291,
    -0.01780717633664608,
    -0.011074635200202465,
    -0.025939572602510452,
    0.04255009442567825,
    0.048861727118492126,
    0.03882170841097832,
    0.03005453199148178,
    -0.11305081099271774,
    0.011579243466258049,
    -0.0010374935809522867,
    -0.039489805698394775,
    0.010641231201589108,
    -0.0703878328204155,
    0.01719795912504196,
    0.02599218860268593,
    0.05456313118338585,
    -0.051652442663908005,
    0.04392749443650246,
    -0.01611402817070484,
    0.026038598269224167,
    0.02961360104382038,
    -0.029808873310685158,
    -0.01908554695546627,
    0.0615680068731308,
    0.007242374587804079,
    0.037831440567970276,
    0.045896586030721664,
    -0.06299839913845062,
    -0.040664251893758774,
    -0.04517709091305733,
    -0.09601717442274094,
    0.043973684310913086,
    -0.03551069274544716,
    -0.005642421543598175,
    0.06635435670614243,
    0.04478500038385391,
    0.09469515830278397,
    0.005129019729793072,
    0.022762300446629524,
    0.038706254214048386,
    -0.05164208263158798,
    -0.014072831720113754,
    -0.04374873638153076,
    -0.0781930461525917,
    -0.03505425900220871,
    0.057317622005939484,
    -0.03851373866200447,
    0.10689052194356918,
    0.08715428411960602,
    0.005419486667960882,
    0.014700574800372124,
    -0.03681401163339615,
    -0.02020120620727539,
    -0.1224229708313942,
    0.014050561934709549,
    -0.022007470950484276,
    -0.07289694249629974,
    0.02049572765827179,
    0.04954661428928375,
    0.007051046472042799,
    -0.008451140485703945,
    0.07753324508666992,
    0.013171318918466568,
    0.007167781237512827,
    -0.010204313322901726,
    -0.007971680723130703,
    0.001754158642143011,
    -0.03696957603096962,
    -0.016511227935552597,
    0.05420329049229622,
    0.022910485044121742,
    0.10947258025407791,
    0.06509529799222946,
    -0.014977827668190002,
    -0.02073611319065094,
    -0.0007004268700256944,
    -0.06394539773464203,
    -0.04733115807175636,
    0.02630765177309513,
    -0.09223882108926773,
    -0.004557364154607058,
    0.0048052044585347176,
    -0.07570440322160721,
    0.07057014852762222,
    0.040498051792383194,
    0.05746830254793167,
    0.003773156786337495,
    -0.02405351959168911,
    0.02521284855902195,
    0.014982648193836212,
    -0.0015112471301108599,
    -0.030967123806476593,
    0.05169677734375,
    -0.030125493183732033,
    0.12053003907203674,
    0.033086393028497696,
    -0.059726011008024216,
    0.008046287111938,
    -0.10152757167816162,
    0.018375394865870476,
    0.041038431227207184,
    0.00534417387098074,
    -0.007921112701296806,
    -0.06298452615737915,
    -0.0170954167842865,
    0.0722862109541893,
    -0.11144784092903137,
    -0.03526433929800987,
    0.00421522743999958,
    -0.029211895540356636,
    -0.08207698911428452,
    0.023925799876451492,
    0.07380463182926178,
    -0.01503431610763073,
    0.024692535400390625,
    -0.01907084695994854,
    0.04459641873836517,
    0.049209609627723694,
    0.044078320264816284,
    0.04256046935915947,
    0.050042230635881424,
    0.027893006801605225,
    -0.04918724298477173,
    -0.019175289198756218,
    0.007911237888038158,
    -0.06482820957899094,
    -0.0879044160246849,
    0.05821662396192551,
    0.007286911830306053,
    -0.01440789271146059,
    0.0010712620569393039,
    0.05606478452682495,
    -0.03179869428277016,
    0.00015988135419320315,
    -0.04574405401945114,
    -0.03193141892552376,
    -0.02124081365764141,
    0.008681273087859154,
    -0.04076223820447922,
    -0.10951285064220428,
    -0.016339819878339767,
    0.06789765506982803,
    0.044571444392204285,
    -0.004572580568492413,
    -0.04009551554918289,
    0.07363498955965042,
    0.07750201970338821,
    0.013680973090231419,
    -0.07038852572441101,
    0.03343893960118294,
    -0.02046332322061062,
    -0.07460455596446991,
    0.047932934015989304,
    0.03186638653278351,
    -0.02426307275891304,
    -0.022409532219171524,
    0.05542280897498131,
    0.007166826631873846,
    0.02634262479841709,
    -0.020201120525598526,
    0.016334403306245804,
    -0.061135876923799515,
    0.0620669461786747,
    0.054762765765190125,
    -0.0159299299120903,
    0.04306492954492569,
    -0.01296117901802063,
    -0.07326740771532059,
    -0.05394427105784416,
    -0.04107178747653961,
    -0.009556133300065994,
    0.05611613765358925,
    0.04789390042424202,
    0.0022904102224856615,
    0.016609909012913704,
    0.016998449340462685,
    -0.020692972466349602,
    -0.07346481829881668,
    -0.01831246353685856,
    0.086666040122509,
    0.013172185979783535,
    -0.024692177772521973,
    0.09731508791446686,
    0.002689314540475607,
    0.04770569130778313,
    -0.0376611091196537,
    0.0041413758881390095,
    -0.05758731812238693,
    0.0014387421542778611,
    0.055848270654678345,
    0.014204280450940132,
    -0.015777379274368286,
    -0.04795774817466736,
    -0.020823970437049866,
    0.031501077115535736,
    -0.03709845989942551,
    -0.07873693108558655,
    0.059436194598674774,
    0.08108057826757431,
    -0.021948644891381264,
    -0.043896328657865524,
    0.011844830587506294,
    -0.004912134725600481,
    0.0033408193849027157,
    -0.0192690622061491,
    -0.0401349812746048,
    -0.03522530570626259,
    0.003983001224696636,
    0.06842412799596786,
    0.04864402115345001,
    -0.06298621743917465,
