{
  "embedding_files": [
    "gt_212.6s_f223.jpg",
    "gt_86.3s_f28.jpg",
    "gt_194.9s_f202.jpg",
    "gt_67.2s_f2.jpg",
    "gt_742.8s_f77.jpg",
    "gt_111.1s_f73.jpg",
    "gt_58.0s_f2.jpg",
    "gt_93.8s_f48.jpg"
  ],
  "backup_files": [
    "gt_890.5s_f110.jpg",
    "gt_431.4s_f34.jpg"
  ],
  "scores": {
    "gt_431.4s_f34.jpg": 22.3871,
    "gt_742.8s_f77.jpg": 28.8743,
    "gt_890.5s_f110.jpg": 24.6565,
    "gt_111.1s_f73.jpg": 27.4253,
    "gt_93.8s_f48.jpg": 23.2564,
    "gt_58.0s_f2.jpg": 23.2281,
    "gt_194.9s_f202.jpg": 30.6901,
    "gt_212.6s_f223.jpg": 37.4775,
    "gt_86.3s_f28.jpg": 33.5909,
    "gt_67.2s_f2.jpg": 29.9911
  },
  "approved_files": [
    "gt_742.8s_f77.jpg",
    "gt_890.5s_f110.jpg",
    "gt_431.4s_f34.jpg",
    "gt_111.1s_f73.jpg",
    "gt_194.9s_f202.jpg",
    "gt_212.6s_f223.jpg",
    "gt_58.0s_f2.jpg",
    "gt_67.2s_f2.jpg",
    "gt_86.3s_f28.jpg",
    "gt_93.8s_f48.jpg"
  ],
  "mean_embedding": [
    -0.02979818545281887,
    0.03614209592342377,
    -0.01625639945268631,
    -0.07040106505155563,
    -0.004400104749947786,
    -0.045758869498968124,
    -0.014773441478610039,
    -0.06632674485445023,
    0.003637000685557723,
    -0.0394010916352272,
    0.013209904544055462,
    0.04428331181406975,
    -0.0009226853144355118,
    -0.0531153604388237,
    0.04397554695606232,
    -0.022727446630597115,
    0.027834806591272354,
    0.0323110930621624,
    -0.038607943803071976,
    -0.07617455720901489,
    0.01523967832326889,
    -0.012771938927471638,
    -0.01628006063401699,
    -0.022398242726922035,
    -0.012144970707595348,
    0.05570241063833237,
    -0.02807663567364216,
    -0.027358537539839745,
    0.05742781236767769,
    0.023942571133375168,
    -0.05227558687329292,
    -0.03161507844924927,
    0.07303039729595184,
    -0.022993357852101326,
    0.05427805706858635,
    0.07890281081199646,
    -0.10749436914920807,
    -0.02952357940375805,
    -0.005168717820197344,
    0.04216136783361435,
    0.025515241548419,
    0.0005968710174784064,
    0.037120409309864044,
    0.0900673046708107,
    -0.12816961109638214,
    0.030128857120871544,
    0.03708289936184883,
    -0.014716322533786297,
    0.048114094883203506,
    -0.03929455205798149,
    -0.0011315463343635201,
    -0.01136739831417799,
    0.04838469251990318,
    -0.08917950838804245,
    0.021474476903676987,
    0.10517215728759766,
    -0.01848386600613594,
    -0.039398904889822006,
    0.024587459862232208,
    -0.011587538756430149,
    0.010130591690540314,
    0.028782928362488747,
    -0.03639472648501396,
    0.03895125910639763,
    0.03602118045091629,
    0.02123725228011608,
    0.013424650765955448,
    0.04013505578041077,
    0.045289330184459686,
    -0.07443901151418686,
    -0.030084213241934776,
    -0.0629427433013916,
    0.021640826016664505,
    -0.05449302867054939,
    -0.0003926763019990176,
    0.05407453328371048,
    0.053308237344026566,
    -0.03706572204828262,
    0.029109271243214607,
    -0.044115763157606125,
    0.08017229288816452,
    0.03561343252658844,
    -0.008120564743876457,
    -0.017361368983983994,
    -0.03515075519680977,
    -0.026644829660654068,
    -0.0428144596517086,
    -0.03345297649502754,
    -0.1298702210187912,
    -0.03474348783493042,
    -0.03966858237981796,
    0.0004333576071076095,
    -0.022457465529441833,
    -0.0022528087720274925,
    -0.01778903417289257,
    -0.009766600094735622,
    -0.02542378008365631,
    -0.05389496684074402,
    0.0674976035952568,
    -0.0708138644695282,
    -0.03763439506292343,
    -0.09272123128175735,
    0.030501222237944603,
    0.07527989894151688,
    0.008455181494355202,
    0.03387671336531639,
    -0.020357176661491394,
    -0.011503984220325947,
    0.055406130850315094,
    -0.055073972791433334,
    0.03426944464445114,
    -0.018550604581832886,
    -0.0886036828160286,
    0.016953859478235245,
    -0.02751186676323414,
    0.06368087232112885,
    -0.025657426565885544,
    -0.0134459612891078,
    -0.010354160331189632,
    0.033876802772283554,
    -0.014517927542328835,
    0.017724044620990753,
    -0.03686903789639473,
    0.06430444866418839,
    -0.055313050746917725,
    0.03460090607404709,
    0.0029495174530893564,
    -0.007212358992546797,
    -0.01979217492043972,
    -0.056407708674669266,
    -0.06902287155389786,
    -0.004518096800893545,
    -0.09671700745820999,
    -0.0591188445687294,
    -0.07040135562419891,
    0.020671270787715912,
    0.03062906302511692,
    0.06889969110488892,
    -0.07965321838855743,
    -0.017459077760577202,
    -0.027212288230657578,
    -0.05181582272052765,
    -0.0293351449072361,
    -0.051052555441856384,
    -0.07262760400772095,
    0.03420301154255867,
    0.030561676248908043,
    -0.03799143433570862,
    0.05979808792471886,
    0.053943414241075516,
    0.03134624660015106,
    0.016566962003707886,
    -0.014155817218124866,
    -0.04396979883313179,
    -0.03829963505268097,
    0.00541394529864192,
    0.013813353143632412,
    -0.01730823703110218,
    -0.02613759972155094,
    0.015509250573813915,
    -0.08896931260824203,
    -0.04891376942396164,
    -0.028362508863210678,
    0.006034067831933498,
    -0.05522621423006058,
    0.0002693333080969751,
    0.03818897902965546,
    0.03389310464262962,
    0.0449659489095211,
    0.06781073659658432,
    0.06913305073976517,
    0.02800588868558407,
    0.030582735314965248,
    0.06843818724155426,
    -0.02481216937303543,
    -0.04547040909528732,
    -0.006671846378594637,
    0.023612337186932564,
    0.05836638808250427,
    0.04389351233839989,
    -0.08212842792272568,
    0.08104096353054047,
    -0.009705868549644947,
    -0.018500959500670433,
    0.03275694698095322,
    0.018839912489056587,
    0.014594617299735546,
    -0.042479511350393295,
    -0.04845765605568886,
    -0.0021904204040765762,
    0.030117526650428772,
    0.06282980740070343,
    0.009453303180634975,
    -0.030754758045077324,
    -0.05296158045530319,
    0.0005310905980877578,
    -0.04043790325522423,
    -0.014478209428489208,
    0.01815120130777359,
    0.003217206336557865,
    0.04930776730179787,
    0.049355149269104004,
    0.015306648798286915,
    -0.08782770484685898,
    -0.02475142665207386,
    -0.03799140080809593,
    -0.053805746138095856,
    0.06882215291261673,
    -0.007186260540038347,
    0.04701912775635719,
    0.02598334290087223,
    -0.026806039735674858,
    -0.027178186923265457,
    0.10233622789382935,
    -0.06448481231927872,
    0.011183933354914188,
    -0.03482626751065254,
    0.012201461009681225,
    0.0077685341238975525,
    -0.0372040830552578,
    0.01892116293311119,
    -0.015423445031046867,
    -0.0347619503736496,
    0.006780920084565878,
    0.06258363276720047,
    -0.019113045185804367,
    -0.006483991164714098,
    0.05095482990145683,
    -0.0007656087400391698,
    0.027796979993581772,
    -0.003773315576836467,
    -0.05615534260869026,
    -0.027541136369109154,
    -0.04535125568509102,
    -0.02062920853495598,
    0.0731252133846283,
    -0.019508671015501022,
    0.05585611239075661,
    -0.033334072679281235,
    -0.050873685628175735,
    0.022146664559841156,
    -0.08769077062606812,
    0.013305733911693096,
    -0.033931661397218704,
    -0.006321656052023172,
    0.01894230954349041,
    0.06107024848461151,
    0.012084000743925571,
    0.07027348130941391,
    0.03607288748025894,
    -0.007786373142153025,
    0.01231368351727724,
    0.048771340399980545,
    0.08314216136932373,
    -0.009923610836267471,
    -0.03374413400888443,
    0.013278145343065262,
    0.012895803898572922,
    -0.007552667520940304,
    0.021489804610610008,
    -0.009573226794600487,
    0.043935276567935944,
    0.048516884446144104,
    0.08659332245588303,
    -0.03464922681450844,
    -0.057562001049518585,
    -0.06025920435786247,
    0.044862743467092514,
    -0.02250741235911846,
    0.010319093242287636,
    0.06426354497671127,
