{
  "embedding_files": [
    "gt_2.0s_f11.jpg",
    "gt_35.4s_f38.jpg",
    "gt_69.1s_f71.jpg",
    "gt_140.2s_f131.jpg",
    "gt_179.3s_f162.jpg"
  ],
  "backup_files": [
    "gt_102.8s_f112.jpg"
  ],
  "scores": {
    "gt_2.0s_f11.jpg": 73.3021,
    "gt_35.4s_f38.jpg": 58.3942,
    "gt_69.1s_f71.jpg": 56.2203,
    "gt_102.8s_f112.jpg": 39.7588,
    "gt_140.2s_f131.jpg": 46.0992,
    "gt_179.3s_f162.jpg": 40.0578
  },
  "approved_files": [
    "gt_2.0s_f11.jpg",
    "gt_35.4s_f38.jpg",
    "gt_69.1s_f71.jpg",
    "gt_140.2s_f131.jpg",
    "gt_179.3s_f162.jpg",
    "gt_102.8s_f112.jpg"
  ],
  "mean_embedding": [
    -0.0052594686858356,
    0.08891848474740982,
    -0.05880845710635185,
    -0.005049938336014748,
    0.01854606159031391,
    -0.011968257836997509,
    -0.02199256606400013,
    0.0584162175655365,
    0.00951345544308424,
    0.004460365977138281,
    0.0433422327041626,
    0.030307237058877945,
    -0.0036571528762578964,
    0.01813480257987976,
    0.05899180471897125,
    0.012572099454700947,
    0.00941814761608839,
    0.013075520284473896,
    0.05702674388885498,
    -0.026878150179982185,
    -0.034564308822155,
    0.006536700297147036,
    -0.006261306349188089,
    0.009039996191859245,
    0.05777538940310478,
    -0.059076882898807526,
    -0.04936237260699272,
    -0.0029338293243199587,
    0.042361754924058914,
    0.02650395594537258,
    -0.015104372054338455,
    0.05306009575724602,
    0.012043475173413754,
    0.06102222204208374,
    0.054621823132038116,
    -0.010677149519324303,
    -0.007366304751485586,
    -0.03469350188970566,
    0.020806079730391502,
    -0.0034872631076723337,
    -0.06383663415908813,
    0.026398373767733574,
    -0.023290306329727173,
    -0.026569299399852753,
    -0.03349577262997627,
    0.03518297150731087,
    -0.07294117659330368,
    -0.014107326976954937,
    0.04360172525048256,
    -0.009040078148245811,
    -0.05641495808959007,
    0.0397057868540287,
    -0.023744847625494003,
    0.007082381751388311,
    0.015068425796926022,
    0.030844056978821754,
    -0.02790597453713417,
    -0.057420846074819565,
    0.006686256732791662,
    -0.007075122091919184,
    -0.013854335062205791,
    -0.025868834927678108,
    0.045167528092861176,
    0.041925981640815735,
    0.036701057106256485,
    -0.011141427792608738,
    0.03457475081086159,
    0.04715481400489807,
    0.015027068555355072,
    0.007192736491560936,
    -0.02457895129919052,
    0.00708779226988554,
    0.014786044135689735,
    -0.08145153522491455,
    0.01950588822364807,
    -0.011348458006978035,
    -0.011906358413398266,
    0.03697463124990463,
    0.0028537900652736425,
    -0.00563224358484149,
    0.06896943598985672,
    -0.06798923760652542,
    -0.02449987456202507,
    -0.05719655007123947,
    -0.03635632246732712,
    0.046037476509809494,
    -0.05374814569950104,
    -0.07724928855895996,
    0.02849956601858139,
    0.017251621931791306,
    -0.02163594961166382,
    0.13808570802211761,
    -0.06973536312580109,
    -0.038487210869789124,
    -0.052842311561107635,
    0.03397669270634651,
    -0.010517564602196217,
    0.033515673130750656,
    0.062481265515089035,
    0.0008706186781637371,
    -0.026872050017118454,
    0.039699554443359375,
    0.019610637798905373,
    -0.03127420321106911,
    0.03481244668364525,
    -0.09849093109369278,
    0.054359856992959976,
    -0.11652889847755432,
    -0.014754647389054298,
    0.00976630486547947,
    0.03346109762787819,
    0.046035777777433395,
    -0.03267814591526985,
    0.002198868663981557,
    -0.0068388390354812145,
    0.03590356931090355,
    0.0005386654520407319,
    0.09231216460466385,
    0.04680681228637695,
    0.06395158916711807,
    -0.022351931780576706,
    0.05157144367694855,
    0.06621211767196655,
    -0.006665683351457119,
    -0.05086187273263931,
    -0.03212588280439377,
    0.014980897307395935,
    0.08433772623538971,
    -0.008825349621474743,
    -0.018551787361502647,
    -0.02856522612273693,
    0.06194431334733963,
    -0.06528220325708389,
    -0.044266555458307266,
    -0.007774131838232279,
    -0.08982384204864502,
    0.006734909024089575,
    -0.039978817105293274,
    -0.018445728346705437,
    -0.004256299696862698,
    -0.0015386051964014769,
    0.012204575352370739,
    -0.0012655975297093391,
    0.0839141383767128,
    0.009710104204714298,
    -0.05902452766895294,
    0.02700268290936947,
    -0.03914323449134827,
    0.007556534372270107,
    0.0031441280152648687,
    -0.054468970745801926,
    -0.04793428257107735,
    -0.020327866077423096,
    -0.03644789010286331,
    -0.010819029994308949,
    0.03596264868974686,
    -0.015300802886486053,
    -0.04535556212067604,
    -0.02006441541016102,
    0.07709848135709763,
    0.10903804749250412,
    0.03645291551947594,
    0.050964925438165665,
    0.022440912202000618,
    -0.10840081423521042,
    0.05912422761321068,
    -0.018918870016932487,
    -0.02849002368748188,
    -0.01972823590040207,
    0.05443132296204567,
    0.02926568314433098,
    -0.008425718173384666,
    -0.06475625932216644,
    -0.04703100398182869,
    -0.09443104267120361,
    -0.031121782958507538,
    0.04607200250029564,
    -0.04789772629737854,
    0.001689273165538907,
    -0.027997365221381187,
    -0.022495321929454803,
    0.010591701604425907,
    0.015698730945587158,
    -0.09927565604448318,
    -0.06812130659818649,
    -0.029381683096289635,
    0.032832663506269455,
    0.034457892179489136,
    0.056199509650468826,
    -0.0032982067205011845,
    -0.032000020146369934,
    -0.027949875220656395,
    0.06953742355108261,
    -0.013982311822474003,
    -0.011315320618450642,
    -0.014080704189836979,
    0.054764606058597565,
    -0.019241109490394592,
    -0.011072788387537003,
    -0.06249396130442619,
    0.037870828062295914,
    -0.08344613015651703,
    -0.079041488468647,
    0.03645668178796768,
    0.06914537400007248,
    0.0027492574881762266,
    -0.030920006334781647,
    -0.0626109391450882,
    0.027727654203772545,
    0.022677816450595856,
    -0.021593190729618073,
    0.0029705327469855547,
    0.036711618304252625,
    0.011279169470071793,
    -0.030381593853235245,
    0.0037249180022627115,
    0.025851398706436157,
    0.04056466743350029,
    -0.042223453521728516,
    -0.12543390691280365,
    0.050308965146541595,
    0.0544523149728775,
    0.015499860048294067,
    -0.06127450615167618,
    -0.009223383851349354,
    -0.001437496393918991,
    0.06350211799144745,
    0.011326807551085949,
    -0.037294093519449234,
    0.001903890515677631,
    0.0777459591627121,
    -0.02550794929265976,
    -0.05354221910238266,
    0.03132817521691322,
    -0.08186647295951843,
    0.05507964640855789,
    0.05508583411574364,
    -0.07763507217168808,
    0.011609332635998726,
    0.03218908980488777,
    0.049862511456012726,
    -0.07775295525789261,
    0.01375630684196949,
    0.0039045969024300575,
    0.07042645663022995,
    -0.1251416951417923,
    0.05133846029639244,
    0.038261085748672485,
    0.05617387965321541,
    -0.030733603984117508,
    0.03822809085249901,
    -0.025052009150385857,
    0.009364742785692215,
    -0.01897508278489113,
    0.02996344491839409,
    0.09970804303884506,
    0.011331486515700817,
    0.04729486256837845,
    -0.026100262999534607,
    -0.053442053496837616,
    0.005798838101327419,
    -0.024915525689721107,
    0.039729043841362,
    0.005602169316262007,
    -0.06692035496234894,
    0.0151018425822258,
    -0.049466438591480255,
    -0.011483111418783665,
    -0.032416004687547684,
    -0.10226365923881531,
    -0.02565735951066017,
    -0.05311770364642143,
    -0.0034172057639807463,
    -0.05487562716007233,
    -0.0023307236842811108,
    0.02715056575834751,
    -0.025482455268502235,
    0.024219239130616188,
    0.05644579976797104,
    0.010218679904937744,
    -0.07333389669656754,
    0.008314191363751888,
    0.034517236053943634,
