{
  "embedding_files": [
    "gt_2.0s_f11.jpg",
    "gt_35.4s_f38.jpg",
    "gt_69.1s_f71.jpg",
    "gt_140.2s_f131.jpg",
    "gt_179.3s_f162.jpg"
  ],
  "backup_files": [
    "gt_102.8s_f112.jpg"
  ],
  "scores": {
    "gt_2.0s_f11.jpg": 73.3021,
    "gt_35.4s_f38.jpg": 58.3942,
    "gt_69.1s_f71.jpg": 56.2203,
    "gt_102.8s_f112.jpg": 39.7588,
    "gt_140.2s_f131.jpg": 46.0992,
    "gt_179.3s_f162.jpg": 40.0578
  },
  "approved_files": [
    "gt_2.0s_f11.jpg",
    "gt_35.4s_f38.jpg",
    "gt_69.1s_f71.jpg",
    "gt_140.2s_f131.jpg",
    "gt_179.3s_f162.jpg",
    "gt_102.8s_f112.jpg"
  ],
  "mean_embedding": [
    -0.005271479953080416,
    0.08892213553190231,
    -0.05880783498287201,
    -0.005044545512646437,
    0.018546154722571373,
    -0.011973101645708084,
    -0.021992091089487076,
    0.05842006206512451,
    0.009514160454273224,
    0.004446089733392,
    0.04333150014281273,
    0.030311116948723793,
    -0.0036664498038589954,
    0.018144018948078156,
    0.05898907035589218,
    0.01257268339395523,
    0.009413699619472027,
    0.01305345632135868,
    0.05703156068921089,
    -0.026890430599451065,
    -0.03457995876669884,
    0.006551559083163738,
    -0.006270647514611483,
    0.00902131013572216,
    0.057777367532253265,
    -0.059070613235235214,
    -0.04935989901423454,
    -0.002933329902589321,
    0.04237159341573715,
    0.026497751474380493,
    -0.015100095421075821,
    0.05306100845336914,
    0.012024077586829662,
    0.06102810427546501,
    0.054620496928691864,
    -0.010679539293050766,
    -0.007371064741164446,
    -0.034701187163591385,
    0.020812539383769035,
    -0.0034920689649879932,
    -0.0638296902179718,
    0.02639014832675457,
    -0.023285668343305588,
    -0.026563255116343498,
    -0.03348846733570099,
    0.035170361399650574,
    -0.07293850183486938,
    -0.01410594116896391,
    0.043604668229818344,
    -0.009042064659297466,
    -0.056431353092193604,
    0.03970204293727875,
    -0.023735957220196724,
    0.007088578771799803,
    0.015074080787599087,
    0.030837135389447212,
    -0.02791062369942665,
    -0.05741742625832558,
    0.00667533790692687,
    -0.007073999848216772,
    -0.01385990809649229,
    -0.025865696370601654,
    0.04517149552702904,
    0.041928812861442566,
    0.03669368848204613,
    -0.011128467507660389,
    0.03456779941916466,
    0.047156330198049545,
    0.015020990744233131,
    0.007187200710177422,
    -0.024567272514104843,
    0.007083194795995951,
    0.014796951785683632,
    -0.08143384009599686,
    0.019504692405462265,
    -0.011348879896104336,
    -0.011910413391888142,
    0.03698163107037544,
    0.0028534219600260258,
    -0.005625154823064804,
    0.068963922560215,
    -0.06797939538955688,
    -0.024489635601639748,
    -0.05720340088009834,
    -0.036371514201164246,
    0.04604588449001312,
    -0.05375581979751587,
    -0.0772676020860672,
    0.028486916795372963,
    0.017253823578357697,
    -0.021631386131048203,
    0.13809055089950562,
    -0.06972961127758026,
    -0.03848125413060188,
    -0.05284002050757408,
    0.03398285061120987,
    -0.010523699223995209,
    0.033510297536849976,
    0.06249168515205383,
    0.0008709634421393275,
    -0.026879597455263138,
    0.03970851004123688,
    0.019613485783338547,
    -0.03127279877662659,
    0.0348181426525116,
    -0.09850282967090607,
    0.05436428636312485,
    -0.11653832346200943,
    -0.014756661839783192,
    0.00977410189807415,
    0.03348172456026077,
    0.04603800177574158,
    -0.032683223485946655,
    0.0021993874106556177,
    -0.006852968130260706,
    0.03590042144060135,
    0.0005335249588824809,
    0.0923154354095459,
    0.0468141995370388,
    0.06394080072641373,
    -0.022361326962709427,
    0.05157569423317909,
    0.06622827053070068,
    -0.006650820374488831,
    -0.050876934081315994,
    -0.03213717043399811,
    0.01498339045792818,
    0.08433698862791061,
    -0.008823023177683353,
    -0.018542369827628136,
    -0.028553295880556107,
    0.06195880100131035,
    -0.06528731435537338,
    -0.04425697401165962,
    -0.007774183992296457,
    -0.0898335725069046,
    0.006735385861247778,
    -0.03997180238366127,
    -0.01843908801674843,
    -0.004264292772859335,
    -0.001541304518468678,
    0.012205448001623154,
    -0.0012721138773486018,
    0.08390425890684128,
    0.009712190367281437,
    -0.05904169753193855,
    0.027008723467588425,
    -0.03914030268788338,
    0.007556237280368805,
    0.0031371612567454576,
    -0.05447692424058914,
    -0.04793478921055794,
    -0.020321212708950043,
    -0.03645004704594612,
    -0.010826868005096912,
    0.03596491366624832,
    -0.015295983292162418,
    -0.045358650386333466,
    -0.020066063851118088,
    0.07710857689380646,
    0.10902930796146393,
    0.03645213693380356,
    0.05096279829740524,
    0.02243155613541603,
    -0.10839511454105377,
    0.05911357328295708,
    -0.018897030502557755,
    -0.02848822809755802,
    -0.019738443195819855,
    0.05444049462676048,
    0.029281901195645332,
    -0.008420496247708797,
    -0.06475961208343506,
    -0.04704471677541733,
    -0.09441841393709183,
    -0.031118514016270638,
    0.04607316106557846,
    -0.04790426418185234,
    0.0016955322353169322,
    -0.028005234897136688,
    -0.02248748019337654,
    0.010577550157904625,
    0.01570628024637699,
    -0.09927880018949509,
    -0.06811745464801788,
    -0.029383784160017967,
    0.03283671662211418,
    0.03444438800215721,
    0.05620130896568298,
    -0.003294591559097171,
    -0.03198394924402237,
    -0.027949068695306778,
    0.0695364773273468,
    -0.013995812274515629,
    -0.011319744400680065,
    -0.014083128422498703,
    0.05475550889968872,
    -0.01924082450568676,
    -0.01108780037611723,
    -0.062490805983543396,
    0.03787454217672348,
    -0.08344104886054993,
    -0.07903344184160233,
    0.03645087033510208,
    0.06914098560810089,
    0.002742704702541232,
    -0.03091231733560562,
    -0.06261742860078812,
    0.02771967649459839,
    0.02267421782016754,
    -0.021601684391498566,
    0.002979783806949854,
    0.03671157360076904,
    0.011271122843027115,
    -0.030388357117772102,
    0.003734101075679064,
    0.02584904432296753,
    0.040553752332925797,
    -0.04220771789550781,
    -0.1254463791847229,
    0.05031672120094299,
    0.05445319041609764,
    0.015492862090468407,
    -0.06127303093671799,
    -0.009218238294124603,
    -0.0014377759071066976,
    0.06350681185722351,
    0.011329101398587227,
    -0.03729848563671112,
    0.001890885061584413,
    0.07773865014314651,
    -0.025504495948553085,
    -0.05354125797748566,
    0.031341150403022766,
    -0.08187490701675415,
    0.05507274344563484,
    0.05509501323103905,
    -0.07764850556850433,
    0.011615092866122723,
    0.03218110278248787,
    0.049864090979099274,
    -0.07774373143911362,
    0.013740167953073978,
    0.003904935671016574,
    0.07041629403829575,
    -0.125147745013237,
    0.05133243277668953,
    0.038262370973825455,
    0.05617577210068703,
    -0.03073672577738762,
    0.03821587190032005,
    -0.02503926120698452,
    0.009367940947413445,
    -0.018966298550367355,
    0.029962705448269844,
    0.09971167892217636,
    0.011331439018249512,
    0.04729229584336281,
    -0.0260925255715847,
    -0.05344627797603607,
    0.005795593373477459,
    -0.024922754615545273,
    0.03972502797842026,
    0.005593699403107166,
    -0.06691475212574005,
    0.015103621408343315,
    -0.04947085306048393,
    -0.011491202749311924,
    -0.032403282821178436,
    -0.10225386172533035,
    -0.02566208690404892,
    -0.05312705785036087,
    -0.0034151074942201376,
    -0.05486394837498665,
    -0.002329734619706869,
    0.02716078609228134,
    -0.025478454306721687,
    0.024228565394878387,
    0.0564480796456337,
    0.010219227522611618,
    -0.0733354240655899,
    0.008329164236783981,
    0.034502726048231125,
    0.07615597546100616,
