{
  "embedding_files": [
    "gt_117.2s_f3.jpg",
    "gt_217.1s_f53.jpg",
    "gt_324.5s_f103.jpg"
  ],
  "backup_files": [],
  "scores": {
    "gt_117.2s_f3.jpg": 13.213,
    "gt_217.1s_f53.jpg": 7.5359,
    "gt_324.5s_f103.jpg": 6.7369
  },
  "approved_files": [
    "gt_117.2s_f3.jpg",
    "gt_217.1s_f53.jpg",
    "gt_324.5s_f103.jpg"
  ],
  "mean_embedding": [
    -0.030868463218212128,
    0.03427232429385185,
    -0.06258460134267807,
    0.04382845759391785,
    -0.013823111541569233,
    -0.07234196364879608,
    -0.010382179170846939,
    -0.05436650291085243,
    -0.013679169118404388,
    0.026027753949165344,
    0.05192221328616142,
    -0.09064968675374985,
    0.08982007205486298,
    0.029796430841088295,
    -0.018499597907066345,
    -0.051387179642915726,
    -0.035587210208177567,
    -0.04506399855017662,
    0.02162705361843109,
    0.0439809188246727,
    -0.05790853500366211,
    -0.03668883442878723,
    -0.013632030226290226,
    -0.0028299784753471613,
    -0.023633966222405434,
    -0.014888179488480091,
    -0.01579343155026436,
    -0.059260427951812744,
    -0.046375393867492676,
    0.020434560254216194,
    -0.014609498903155327,
    0.1090269386768341,
    -0.009489228017628193,
    -0.008717330172657967,
    0.029536522924900055,
    -0.05587155371904373,
    0.041704244911670685,
    -0.007891247980296612,
    0.06116075813770294,
    0.015993556007742882,
    -0.06441491842269897,
    0.04833795130252838,
    -0.03232166916131973,
    0.05066116526722908,
    -0.07301775366067886,
    0.005385678727179766,
    0.001744390930980444,
    0.009231525473296642,
    -0.013228231109678745,
    0.03649445250630379,
    -0.021598713472485542,
    0.06149676442146301,
    0.05417754501104355,
    -0.020995693281292915,
    -0.08667661249637604,
    0.018672216683626175,
    -0.05728534609079361,
    0.0175169687718153,
    0.028744110837578773,
    -0.07513066381216049,
    0.04605187475681305,
    0.03608637675642967,
    -0.013100506737828255,
    0.00454696174710989,
    0.0689404085278511,
    -0.042675189673900604,
    -0.06336025893688202,
    0.0015868956688791513,
    0.030254388228058815,
    -0.01510024443268776,
    -0.0656934604048729,
    0.031231705099344254,
    0.007882330566644669,
    0.011080533266067505,
    -0.004687124397605658,
    -0.015691682696342468,
    0.04281799867749214,
    -0.006404724903404713,
    0.05129291117191315,
    0.06982509791851044,
    0.03489331528544426,
    -0.08033465594053268,
    -0.014274882152676582,
    -0.022471511736512184,
    -0.011609786190092564,
    0.0010687471367418766,
    0.011793788522481918,
    0.00610089348629117,
    -0.011704067699611187,
    0.04744865372776985,
    -0.0314306765794754,
    -0.04181628301739693,
    0.027621405199170113,
    -0.018390554934740067,
    0.008237464353442192,
    -0.059454355388879776,
    0.0639030784368515,
    0.02122560143470764,
    0.024539455771446228,
    0.11162997037172318,
    0.03884844854474068,
    0.007940254174172878,
    -0.08657913655042648,
    -0.03709505870938301,
    0.05840308591723442,
    -0.08832207322120667,
    0.05166112259030342,
    -0.018075915053486824,
    -0.09076819568872452,
    -0.03457144647836685,
    0.05238091200590134,
    0.10252849757671356,
    0.0424516461789608,
    -0.07262025773525238,
    -0.03875787928700447,
    -2.9805535177729325e-06,
    0.01726849004626274,
    0.08377965539693832,
    -0.012559544295072556,
    0.0911102369427681,
    0.01033130381256342,
    0.02664574608206749,
    0.026617638766765594,
    0.016397716477513313,
    -0.042154937982559204,
    -0.07555436342954636,
    0.05523615702986717,
    0.012922452762722969,
    0.05207713320851326,
    0.013504121452569962,
    0.02272316813468933,
    0.0007788393413648009,
    0.01444261521100998,
    -0.03276783600449562,
    -0.035056453198194504,
    0.03087419457733631,
    0.01274031586945057,
    -0.0005320608033798635,
    0.05185183137655258,
    -0.02315058559179306,
    0.04266783595085144,
    0.009032335132360458,
    0.05008600279688835,
    0.045063331723213196,
    0.016128726303577423,
    -0.001680604531429708,
    0.04804212227463722,
    0.0311014074832201,
    -0.028709057718515396,
    0.0651988759636879,
    0.006602233741432428,
    0.008574849925935268,
    -0.006810092832893133,
    -0.009457014501094818,
    -0.005718580447137356,
    0.036401499062776566,
    -0.028213953599333763,
    0.03562907129526138,
    -0.03528149053454399,
    0.05769740045070648,
    0.031350862234830856,
    -0.03420582786202431,
    0.00858401320874691,
    -0.02580239064991474,
    -0.049652520567178726,
    0.008199745789170265,
    -0.06639651209115982,
    -0.05692460015416145,
    -0.05401775985956192,
    -0.058176953345537186,
    -0.02032449096441269,
    0.03456002473831177,
    0.03186585009098053,
    0.0059911892749369144,
    0.01637442782521248,
    -0.09766984730958939,
    -0.009448853321373463,
    -0.018970385193824768,
    -0.0349934957921505,
    -0.03961138427257538,
    0.006010378710925579,
    0.06989233195781708,
    0.013263038359582424,
    -0.06094644218683243,
    -0.03610621392726898,
    -0.03603271022439003,
    -0.011032096110284328,
    0.016476070508360863,
    0.03689758479595184,
    0.0469248928129673,
    -0.007042072247713804,
    0.05846545472741127,
    -0.022367943078279495,
    0.05856304615736008,
    0.07580021768808365,
    0.01698192022740841,
    -0.005743695888668299,
    -0.005832494702190161,
    0.03731951117515564,
    0.015211401507258415,
    0.014376520179212093,
    -0.06327264755964279,
    -0.0740228071808815,
    0.06654198467731476,
    0.03183531388640404,
    -0.018334608525037766,
    0.007319965865463018,
    -0.026481909677386284,
    -0.00338730588555336,
    -0.0334387831389904,
    -0.0007293853559531271,
    0.06895413994789124,
    -0.02914091944694519,
    0.049616459757089615,
    -0.06595701724290848,
    -0.0315207876265049,
    -0.006774198729544878,
    0.004981602542102337,
    -0.04801417514681816,
    0.020624902099370956,
    -0.040386948734521866,
    -0.020213844254612923,
    0.004002594389021397,
    0.012942027300596237,
    -0.007533686235547066,
    0.015476493164896965,
    -0.01109653152525425,
    0.03232574835419655,
    -0.08430555462837219,
    -0.02856404334306717,
    -0.03260134905576706,
    -0.0013785414630547166,
    -0.0067317974753677845,
    0.011369885876774788,
    -0.0021621761843562126,
    -0.00016628700541332364,
    -0.008448312059044838,
    0.0012524118646979332,
    0.00854585226625204,
    0.09118016809225082,
    -0.03812825307250023,
    0.013115405105054379,
    -0.037978336215019226,
    0.03169817104935646,
    0.10280179977416992,
    -0.08448529988527298,
    0.02874452993273735,
    0.03026902675628662,
    -0.056914277374744415,
    -0.019073471426963806,
    0.11842243373394012,
    -0.02792878821492195,
    0.03437488526105881,
    -0.029138997197151184,
    -0.01302433479577303,
    0.01304569561034441,
    -0.025790756568312645,
    0.07358438521623611,
    -0.041997961699962616,
    -0.0580846406519413,
    -0.012821831740438938,
    -0.059833213686943054,
    0.03556613251566887,
    0.023144114762544632,
    -0.006513627711683512,
    0.002429337939247489,
    0.024051442742347717,
    -0.01199364848434925,
    -0.10292650759220123,
    0.03135519102215767,
    0.06352419406175613,
    -0.07505754381418228,
    0.020023973658680916,
    -0.0579487569630146,
    -0.02471906691789627,
    -0.031397365033626556,
    -0.002300848485901952,
    0.08992104977369308,
    0.023927118629217148,
    -0.011930673383176327,
    0.062054459005594254,
    0.08336836844682693,
    0.01587764360010624,
    0.043710824102163315,
    0.010300113819539547,
    -0.018364688381552696,
    -0.033676184713840485,
    -0.02082165889441967,
    0.017750263214111328,
    -0.00809655711054802,
    0.015456339344382286,
    0.06664084643125534,
    0.018657950684428215,
    -0.02551683969795704,
