{
  "embedding_files": [
    "gt_117.2s_f3.jpg",
    "gt_217.1s_f53.jpg",
    "gt_324.5s_f103.jpg"
  ],
  "backup_files": [],
  "scores": {
    "gt_117.2s_f3.jpg": 13.213,
    "gt_217.1s_f53.jpg": 7.5359,
    "gt_324.5s_f103.jpg": 6.7369
  },
  "approved_files": [
    "gt_117.2s_f3.jpg",
    "gt_217.1s_f53.jpg",
    "gt_324.5s_f103.jpg"
  ],
  "mean_embedding": [
    -0.03202807530760765,
    0.03653634712100029,
    -0.056859564036130905,
    0.03774139657616615,
    -0.009328356012701988,
    -0.0720876157283783,
    0.002735762158408761,
    -0.06005807965993881,
    -0.013690520077943802,
    0.020510448142886162,
    0.060827042907476425,
    -0.07585199922323227,
    0.08197731524705887,
    0.03863741084933281,
    -0.01746685616672039,
    -0.04682445898652077,
    -0.033337388187646866,
    -0.040791671723127365,
    0.027062388136982918,
    0.03400464355945587,
    -0.06061786040663719,
    -0.04283544793725014,
    -0.013113765977323055,
    -0.015614794567227364,
    -0.029191769659519196,
    -0.02422301098704338,
    -0.017202317714691162,
    -0.061457108706235886,
    -0.050334520637989044,
    0.02561400830745697,
    -0.021797990426421165,
    0.10659747570753098,
    -0.014948327094316483,
    0.0005658198497258127,
    0.030338793992996216,
    -0.04999415948987007,
    0.036697909235954285,
    -0.009615052491426468,
    0.0677776038646698,
    0.024195596575737,
    -0.0603027306497097,
    0.05230327695608139,
    -0.026563268154859543,
    0.05012313276529312,
    -0.07791749387979507,
    0.011156435124576092,
    0.00654361117631197,
    0.011971991509199142,
    -0.0034167435951530933,
    0.04940381273627281,
    -0.030606592074036598,
    0.06400032341480255,
    0.04575930908322334,
    -0.017962003126740456,
    -0.08573438972234726,
    0.022508669644594193,
    -0.04418624937534332,
    0.01660570688545704,
    0.03952716663479805,
    -0.07697499543428421,
    0.05092717334628105,
    0.030390122905373573,
    -0.011810016818344593,
    0.008970588445663452,
    0.05498885363340378,
    -0.03495609015226364,
    -0.06830339133739471,
    0.0023752711713314056,
    0.027458088472485542,
    0.0035531374160200357,
    -0.054687295109033585,
    0.030513809993863106,
    0.006088864989578724,
    -0.006644519977271557,
    -0.005532439332455397,
    -0.016921961680054665,
    0.04925301671028137,
    -0.0024989175144582987,
    0.04801275581121445,
    0.07033762335777283,
    0.027824219316244125,
    -0.07653935253620148,
    -0.017622482031583786,
    -0.012343699112534523,
    -0.0019390007946640253,
    0.0054038590751588345,
    0.007314551156014204,
    0.011203128844499588,
    -0.014613518491387367,
    0.04402396082878113,
    -0.032322511076927185,
    -0.032902687788009644,
    0.032701581716537476,
    -0.033539336174726486,
    0.004267500247806311,
    -0.07067946344614029,
    0.05986013263463974,
    0.01841338351368904,
    0.02482183277606964,
    0.1152712032198906,
    0.021846873685717583,
    0.018364695832133293,
    -0.07910045981407166,
    -0.04299207404255867,
    0.06983982771635056,
    -0.07682140916585922,
    0.041261225938797,
    -0.015002363361418247,
    -0.0950765609741211,
    -0.03861408308148384,
    0.0538175031542778,
    0.100617915391922,
    0.03044084645807743,
    -0.07651951909065247,
    -0.035416487604379654,
    0.007141309790313244,
    0.014565308578312397,
    0.07829025387763977,
    -0.012803020887076855,
    0.09681697934865952,
    -0.0021200922783464193,
    0.03409707173705101,
    0.026548942551016808,
    0.01480821706354618,
    -0.04278327524662018,
    -0.07759182155132294,
    0.05147388577461243,
    0.020946720615029335,
    0.05746152997016907,
    0.012152050621807575,
    0.021968277171254158,
    0.006409223657101393,
    0.014164517633616924,
    -0.0452299602329731,
    -0.023324929177761078,
    0.031375810503959656,
    0.00841145683079958,
    -0.017343465238809586,
    0.04531887546181679,
    -0.03364984691143036,
    0.046420320868492126,
    0.011143556796014309,
    0.0474163293838501,
    0.04152862727642059,
    0.025901690125465393,
    -0.005202594678848982,
    0.03952852264046669,
    0.024526016786694527,
    -0.0390973836183548,
    0.0625753328204155,
    -0.0020451275631785393,
    0.001340665970928967,
    -0.004769818391650915,
    -0.010699063539505005,
    -0.0045868754386901855,
    0.02405475452542305,
    -0.031227994710206985,
    0.04179202392697334,
    -0.02933843806385994,
    0.06583094596862793,
    0.030417507514357567,
    -0.04584421217441559,
    0.006919018924236298,
    -0.027300173416733742,
    -0.052410706877708435,
    0.006428716238588095,
    -0.077826589345932,
    -0.05253224819898605,
    -0.05619501322507858,
    -0.046718426048755646,
    -0.024092592298984528,
    0.044282350689172745,
    0.02563602477312088,
    0.003304943908005953,
    0.003228522604331374,
    -0.10527703166007996,
    -0.02774735353887081,
    -0.02370079606771469,
    -0.036231398582458496,
    -0.0491127148270607,
    -0.01403029914945364,
    0.07796955108642578,
    0.018500057980418205,
    -0.06458485871553421,
    -0.038467228412628174,
    -0.035619061440229416,
    0.0003241044469177723,
    0.017286047339439392,
    0.03842952847480774,
    0.04185166582465172,
    -0.001369996345601976,
    0.05540653318166733,
    -0.02254333347082138,
    0.061132706701755524,
    0.07207454741001129,
    0.010265237651765347,
    -0.008770531043410301,
    -0.008242550306022167,
    0.03315037488937378,
    0.01120421290397644,
    0.013155240565538406,
    -0.06486692279577255,
    -0.06591520458459854,
    0.069644495844841,
    0.028489021584391594,
    -0.017810221761465073,
    -0.0037827352061867714,
    -0.031040487810969353,
    -0.007327840197831392,
    -0.03136517107486725,
    -0.010290532372891903,
    0.06240663677453995,
    -0.015593851916491985,
    0.039982642978429794,
    -0.07199477404356003,
    -0.023716233670711517,
    -0.010317922569811344,
    -0.0028607500717043877,
    -0.04495605453848839,
    0.01677943766117096,
    -0.03742063790559769,
    -0.009172016754746437,
    0.00010684419248718768,
    0.02143118903040886,
    -0.006096099968999624,
    0.00600384920835495,
    -0.005991652142256498,
    0.036149002611637115,
    -0.08984220027923584,
    -0.02545800246298313,
    -0.017045659944415092,
    0.002997933654114604,
    -0.014416402205824852,
    0.013594062998890877,
    -0.008168822154402733,
    0.0019013064447790384,
    0.0064334869384765625,
    -0.004422579891979694,
    -0.0006983987404964864,
    0.08362168073654175,
    -0.033270325511693954,
    0.013538067229092121,
    -0.03148090839385986,
    0.034381765872240067,
    0.10384024679660797,
    -0.08585953712463379,
    0.03695106878876686,
    0.03425014019012451,
    -0.05594616383314133,
    -0.02185768261551857,
    0.11926386505365372,
    -0.025410881265997887,
    0.04648130387067795,
    -0.0405549630522728,
    -0.015786312520503998,
    0.02329058013856411,
    -0.025751886889338493,
    0.07553044706583023,
    -0.0358608216047287,
    -0.06041866913437843,
    -0.013598242774605751,
    -0.0724998190999031,
    0.02560710534453392,
    0.03407692536711693,
    -0.01012248545885086,
    -0.004350477829575539,
    0.015990136191248894,
    -0.013474381528794765,
    -0.10267316550016403,
    0.03202763572335243,
    0.06706942617893219,
    -0.06903760880231857,
    0.026714203879237175,
    -0.04908796027302742,
    -0.019999947398900986,
    -0.020897001028060913,
    -0.008026274852454662,
    0.08794859796762466,
    0.013100720010697842,
    -0.012659793719649315,
    0.062046248465776443,
    0.08842829614877701,
    0.029885007068514824,
    0.0590607114136219,
    0.0023290079552680254,
    -0.013683803379535675,
    -0.031636640429496765,
    -0.03146332874894142,
    0.011435115709900856,
    -0.012603498995304108,
    0.0289088636636734,
    0.061537664383649826,
    0.014472627080976963,
