{
  "embedding_files": [
    "gt_179.3s_f160.jpg",
    "gt_102.8s_f105.jpg",
    "gt_69.1s_f76.jpg",
    "gt_213.3s_f188.jpg",
    "gt_35.4s_f49.jpg"
  ],
  "backup_files": [
    "gt_140.2s_f125.jpg",
    "gt_2.0s_f10.jpg"
  ],
  "scores": {
    "gt_69.1s_f76.jpg": 33.1935,
    "gt_35.4s_f49.jpg": 25.0512,
    "gt_2.0s_f10.jpg": 4.1351,
    "gt_102.8s_f105.jpg": 39.3814,
    "gt_140.2s_f125.jpg": 13.3789,
    "gt_179.3s_f160.jpg": 44.3941,
    "gt_213.3s_f188.jpg": 32.8225
  },
  "approved_files": [
    "gt_179.3s_f160.jpg",
    "gt_102.8s_f105.jpg",
    "gt_69.1s_f76.jpg",
    "gt_213.3s_f188.jpg",
    "gt_35.4s_f49.jpg",
    "gt_140.2s_f125.jpg",
    "gt_2.0s_f10.jpg"
  ],
  "mean_embedding": [
    -0.007644348312169313,
    0.07337211817502975,
    0.020382819697260857,
    -0.006275535561144352,
    -0.1354191154241562,
    0.060569457709789276,
    -0.07271439582109451,
    0.05270379036664963,
    0.010137404315173626,
    -0.011995457112789154,
    -0.01819465309381485,
    0.002364548621699214,
    0.01350841112434864,
    -0.009177349507808685,
    -0.00513444934040308,
    -0.008472740650177002,
    0.06500811874866486,
    -0.021070152521133423,
    -0.04864204674959183,
    0.003056309185922146,
    -0.013242523185908794,
    0.06093737110495567,
    -0.057381726801395416,
    -0.0018885796889662743,
    -0.046193674206733704,
    0.02652721107006073,
    0.021125510334968567,
    -0.03495107591152191,
    0.0370170995593071,
    -0.09826632589101791,
    -0.03407597169280052,
    -0.06271696835756302,
    0.016285983845591545,
    -0.04337902367115021,
    0.06855980306863785,
    -0.012608709745109081,
    0.010846782475709915,
    -0.010605565272271633,
    0.0006806022138334811,
    0.0014768301043659449,
    0.02873433381319046,
    -0.003475178498774767,
    0.04918022081255913,
    0.05101081728935242,
    -0.008294827304780483,
    -0.032227203249931335,
    0.04319414496421814,
    0.07409157603979111,
    0.024092311039566994,
    0.004450794775038958,
    0.06462302803993225,
    0.00939757376909256,
    -0.005256039090454578,
    0.02963244542479515,
    0.029065735638141632,
    -0.020898915827274323,
    0.007990160025656223,
    -0.019549086689949036,
    -0.021781213581562042,
    -0.06189502403140068,
    -0.004769596736878157,
    0.005977311637252569,
    -0.010890092700719833,
    -0.022879423573613167,
    0.08343275636434555,
    -0.03710049390792847,
    -0.03600359708070755,
    -0.007359905634075403,
    0.04330777749419212,
    -0.01874237321317196,
    0.03298180177807808,
    -0.1004677340388298,
    0.08089388906955719,
    -0.030317751690745354,
    0.021205682307481766,
    0.05750822275876999,
    0.05520406737923622,
    -0.1175239160656929,
    0.07483380287885666,
    -0.0063627976924180984,
    0.01072875875979662,
    -0.004706197883933783,
    0.02433217316865921,
    -0.0019320466089993715,
    -0.027884935960173607,
    -0.05616029351949692,
    -0.0006902162567712367,
    -0.0435667522251606,
    -0.09650174528360367,
    -0.022895896807312965,
    0.04638185724616051,
    0.006056192331016064,
    -0.03672987222671509,
    -0.015090505592525005,
    -0.06982091069221497,
    0.021556174382567406,
    -0.0496450774371624,
    0.0019694927614182234,
    -0.0030010933987796307,
    -0.010003924369812012,
    0.01649283431470394,
    -0.07303007692098618,
    0.042521700263023376,
    0.02322261594235897,
    0.05688827857375145,
    -0.01534354779869318,
    0.013727419078350067,
    -0.0724560096859932,
    0.08300324529409409,
    0.027781588956713676,
    0.04610186815261841,
    -0.0508197546005249,
    0.03395041078329086,
    -0.030769484117627144,
    -0.012599047273397446,
    0.023670319467782974,
    0.06209466978907585,
    -0.07834959775209427,
    0.03887827694416046,
    0.07029250264167786,
    0.01716483011841774,
    -0.008217909373342991,
    0.04885702580213547,
    -0.014212322421371937,
    -0.031109631061553955,
    0.01903551071882248,
    0.08279445767402649,
    0.0014393653254956007,
    -0.020950855687260628,
    0.013393205590546131,
    -0.028873909264802933,
    -0.02277420088648796,
    -0.01869666762650013,
    -0.06546805053949356,
    0.011918184347450733,
    -0.050754185765981674,
    0.005712732672691345,
    0.07554539293050766,
    0.011151098646223545,
    -0.002297487808391452,
    0.05450473353266716,
    -0.054452426731586456,
    -0.0009136627777479589,
    -0.02047175168991089,
    -0.058611709624528885,
    -0.051400359719991684,
    0.05859531834721565,
    0.022672533988952637,
    -0.004695258568972349,
    -0.0048232595436275005,
    0.042131099849939346,
    0.03151271492242813,
    -0.05565544590353966,
    -0.0052184914238750935,
    -0.03621058166027069,
    -0.009716100990772247,
    -0.061297498643398285,
    -0.048384375870227814,
    0.1356954276561737,
    0.018291471526026726,
    -0.00038052513264119625,
    0.028194772079586983,
    -0.06832960247993469,
    0.050830382853746414,
    -0.023935768753290176,
    0.0081704156473279,
    0.007826411165297031,
    0.017419030889868736,
    -0.012194333598017693,
    -0.025081530213356018,
    0.053883980959653854,
    -0.07533879578113556,
    0.04315505921840668,
    0.07804238051176071,
    0.035919006913900375,
    0.10202047228813171,
    0.04825804382562637,
    -0.013519691303372383,
    -0.030208071693778038,
    -0.011056206189095974,
    0.0004977291100658476,
    0.007569486740976572,
    -0.04118935391306877,
    -0.02198929898440838,
    -0.052194997668266296,
    -0.0424671396613121,
    -0.00586981326341629,
    0.014719823375344276,
    -0.025721637532114983,
    -0.03338804095983505,
    -0.02385326661169529,
    0.050880663096904755,
    0.006286186166107655,
    0.023338479921221733,
    -0.06720244139432907,
    0.005865122191607952,
    0.03528844937682152,
    -0.036668069660663605,
    -0.008086301386356354,
    -0.0819946676492691,
    -0.030484305694699287,
    0.0031932902056723833,
    -0.03316656872630119,
    -0.015102703124284744,
    0.03697451204061508,
    -0.004273721948266029,
    -0.028533149510622025,
    -0.08211187273263931,
    0.02780110016465187,
    0.01222050841897726,
    0.007826030254364014,
    0.05380234867334366,
    -0.011554482392966747,
    0.1556713730096817,
    -0.018211791291832924,
    -0.0274032074958086,
    -0.15377920866012573,
    0.00029657260165549815,
    -0.04933826997876167,
    0.01668492704629898,
    0.013735870830714703,
    -0.05493643507361412,
    -0.06256281584501266,
    0.03151308000087738,
    0.06063081696629524,
    0.02850874327123165,
    -0.049975909292697906,
    0.07145047187805176,
    0.03347063437104225,
    -0.020313376560807228,
    0.090463787317276,
    -0.02547384798526764,
    0.06776054948568344,
    0.04442862421274185,
    -0.00869821012020111,
    0.03667344152927399,
    0.0027470169588923454,
    0.028321675956249237,
    0.009041808545589447,
    0.04022181034088135,
    -0.012409738264977932,
    -0.035431504249572754,
    0.03132614865899086,
    -0.10884253680706024,
    0.04295916110277176,
    0.03818643465638161,
    -0.006838815286755562,
    0.037797439843416214,
    -0.0029295855201780796,
    -0.02169429138302803,
    -0.02871536836028099,
    -0.016101481392979622,
    0.09787777811288834,
    -0.0030497799161821604,
    0.0777396634221077,
    0.00041904489626176655,
    0.029387716203927994,
    -0.03052104450762272,
    0.011154142208397388,
    -0.06980400532484055,
    -0.036484457552433014,
    -0.017301445826888084,
    0.011633537709712982,
    -0.014667877927422523,
    -0.06260344386100769,
    0.039506345987319946,
    -0.01935187727212906,
    0.04224877804517746,
    0.037048790603876114,
    0.010692032985389233,
    -0.07949718087911606,
    0.025856774300336838,
    -0.0006752450135536492,
    0.02005096897482872,
    0.04746197909116745,
    -0.01901765540242195,
    -0.10490020364522934,
    0.026807988062500954,
    0.02895468845963478,
    0.005786983761936426,
