{
  "embedding_files": [
    "gt_1051.3s_f133.jpg",
    "gt_589.5s_f53.jpg",
    "gt_890.5s_f104.jpg",
    "gt_742.8s_f87.jpg",
    "gt_597.5s_f54.jpg"
  ],
  "backup_files": [
    "gt_310.5s_f14.jpg",
    "gt_412.9s_f4.jpg",
    "gt_850.2s_f84.jpg",
    "new_1776234569267_gt_211.2s_f12.jpg",
    "new_1776234569267_gt_300.2s_f37.jpg"
  ],
  "scores": {
    "gt_589.5s_f53.jpg": 27.5733,
    "gt_742.8s_f87.jpg": 19.2145,
    "gt_310.5s_f14.jpg": 6.4374,
    "gt_890.5s_f104.jpg": 25.2016,
    "gt_1051.3s_f133.jpg": 30.7372,
    "gt_597.5s_f54.jpg": 16.0425,
    "gt_412.9s_f4.jpg": 8.8714,
    "gt_850.2s_f84.jpg": 6.5065
  },
  "approved_files": [
    "gt_1051.3s_f133.jpg",
    "gt_589.5s_f53.jpg",
    "gt_890.5s_f104.jpg",
    "gt_742.8s_f87.jpg",
    "gt_597.5s_f54.jpg",
    "gt_412.9s_f4.jpg",
    "gt_850.2s_f84.jpg",
    "gt_310.5s_f14.jpg",
    "new_1776234569267_gt_211.2s_f12.jpg",
    "new_1776234569267_gt_300.2s_f37.jpg",
    "new_1776234569267_gt_399.0s_f57.jpg",
    "new_1776234569267_gt_499.6s_f75.jpg",
    "new_1776234569267_gt_579.2s_f94.jpg",
    "new_1776234569267_gt_658.0s_f114.jpg"
  ],
  "mean_embedding": [
    0.044435713440179825,
    -0.024356642737984657,
    0.0009704816620796919,
    0.01755426824092865,
    -0.04781137779355049,
    -0.02308204583823681,
    0.0064928471110761166,
    0.08989515900611877,
    -0.05030611902475357,
    0.0030141237657517195,
    0.06284374743700027,
    0.05337148904800415,
    0.02766137383878231,
    0.006097023840993643,
    -0.04366602376103401,
    -0.01162598468363285,
    -0.046753332018852234,
    -0.049460288137197495,
    -0.03221973776817322,
    -0.00909528136253357,
    0.05687621980905533,
    -0.033991921693086624,
    -0.021817853674292564,
    -0.04994915425777435,
    0.018310554325580597,
    -0.00829810369759798,
    -0.007855826988816261,
    0.004782759118825197,
    0.01659601740539074,
    0.05658235028386116,
    0.029956558719277382,
    -0.020725520327687263,
    -0.021295912563800812,
    -0.054799098521471024,
    0.03340538963675499,
    -0.05403969809412956,
    0.0005167576600797474,
    -0.057422757148742676,
    0.01800253614783287,
    0.03754477575421333,
    -0.038559433072805405,
    0.013924532569944859,
    -0.01818898506462574,
    -0.0046653044410049915,
    0.00035492153256200254,
    -0.06743442267179489,
    -0.003074277425184846,
    0.004355224315077066,
    0.02629624493420124,
    0.0418572835624218,
    0.024396052584052086,
    -0.01643521524965763,
    -0.016891462728381157,
    0.034977927803993225,
    -0.031938642263412476,
    0.037478476762771606,
    0.03094254806637764,
    0.006133692339062691,
    -0.057194653898477554,
    0.013044488616287708,
    -0.006340714171528816,
    -0.05652808025479317,
    -0.02311144396662712,
    -0.019634250551462173,
    0.0578853078186512,
    -0.07234004884958267,
    -0.02822389453649521,
    -0.019810231402516365,
    0.021923352032899857,
    -0.036049339920282364,
    0.06344543397426605,
    -0.008362495340406895,
    0.011714926920831203,
    -0.026882091537117958,
    0.008173977956175804,
    -0.004007246345281601,
    0.0011164565803483129,
    -0.021178919821977615,
    0.04857391119003296,
    -0.023672355338931084,
    -0.038387686014175415,
    -0.08584384620189667,
    -0.03784853219985962,
    -0.019903184846043587,
    -0.030190791934728622,
    -0.04779058322310448,
    0.026302000507712364,
    0.08457369357347488,
    0.04712197184562683,
    -0.04585849866271019,
    -0.017665566876530647,
    0.06812336295843124,
    -0.05344288796186447,
    0.013057389296591282,
    -0.06592176854610443,
    0.033163510262966156,
    -0.048283547163009644,
    -0.06729080528020859,
    0.0065819984301924706,
    -0.04292864724993706,
    0.01334710419178009,
    0.0026580120902508497,
    0.04064635932445526,
    -0.055238623172044754,
    0.04000738263130188,
    -0.05726059898734093,
    -0.07480734586715698,
    -0.008489579893648624,
    0.1012626364827156,
    0.07218076288700104,
    -0.0291431974619627,
    -0.018708152696490288,
    -0.07510541379451752,
    0.03080218844115734,
    -0.0042601292952895164,
    -0.038311976939439774,
    0.02589559741318226,
    0.023139797151088715,
    0.029795875772833824,
    0.012985549867153168,
    -0.02179889939725399,
    -0.006721580866724253,
    0.05898373946547508,
    0.04670562595129013,
    0.025227803736925125,
    0.1065317690372467,
    0.06485260277986526,
    0.013725070282816887,
    -0.010549989528954029,
    0.07054701447486877,
    -0.035465218126773834,
    0.0036428479943424463,
    -0.005361457355320454,
    -0.05065038427710533,
    0.01621449552476406,
    -0.03447353467345238,
    0.0486198253929615,
    0.00029588438337668777,
    -0.032509855926036835,
    -0.0698733925819397,
    -0.060870490968227386,
    0.026566455140709877,
    -0.017538633197546005,
    0.064070925116539,
    -0.1256112903356552,
    0.02859562076628208,
    -0.05297667160630226,
    -0.015276320278644562,
    0.018074871972203255,
    -0.010888217017054558,
    0.05503038689494133,
    -0.06602905690670013,
    -0.022044219076633453,
    -0.08785596489906311,
    -0.02814670465886593,
    0.0198412723839283,
    0.06928340345621109,
    -0.033249497413635254,
    0.04696236178278923,
    0.01379774883389473,
    0.051004573702812195,
    0.007123488932847977,
    -0.03373138606548309,
    -0.026771629229187965,
    -0.04781486093997955,
    0.061127275228500366,
    0.02457338385283947,
    0.05929045379161835,
    0.010664456523954868,
    -0.029642239212989807,
    -0.00496370205655694,
    -0.024959061294794083,
    -0.017157601192593575,
    0.01871086098253727,
    0.07884673029184341,
    -0.05851301550865173,
    -0.0009534579585306346,
    -0.0040011052042245865,
    0.04858532175421715,
    -0.007900813594460487,
    -0.032516881823539734,
    0.04535524547100067,
    0.04430917277932167,
    0.04252638667821884,
    -0.027715863659977913,
    -0.04493805393576622,
    0.01478526834398508,
    0.034378934651613235,
    0.004850344266742468,
    0.005371552892029285,
    0.005152628757059574,
    0.03259090334177017,
    0.044032540172338486,
    -0.016386454924941063,
    0.02100682072341442,
    0.09106042236089706,
    0.05752363055944443,
    -0.02258273772895336,
    0.005616689566522837,
    -0.06319260597229004,
    0.049458056688308716,
    0.02642919309437275,
    -0.011607362888753414,
    0.044524818658828735,
    0.0051416358910501,
    -0.008833099156618118,
    0.010009300895035267,
    -0.014310352504253387,
    0.01271420530974865,
    -0.029491858556866646,
    0.05468165874481201,
    0.0504143089056015,
    0.03784805163741112,
    0.04172998294234276,
    -0.02477908693253994,
    -0.017588987946510315,
    0.007480713073164225,
    -0.1048072874546051,
    0.031206568703055382,
    -0.005336769390851259,
    -0.024023298174142838,
    -0.0806846022605896,
    -0.002689637476578355,
    -0.022165456786751747,
    -0.025789063423871994,
    0.00478951632976532,
    -0.1073596328496933,
    0.11790060251951218,
    -0.001188389491289854,
    -0.026655280962586403,
    0.02520817704498768,
    0.02660396881401539,
    0.08698194473981857,
    -0.05665096268057823,
    -0.057714033871889114,
    -0.0004614064237102866,
    -0.0018568135565146804,
    -0.018896449357271194,
    -0.016305584460496902,
    -0.0012734936317428946,
    -0.057422786951065063,
    0.045279085636138916,
    0.0536547489464283,
    -0.03965744003653526,
    -0.002951601753011346,
    -0.00910657737404108,
    0.01079261302947998,
    0.022322772070765495,
    0.016800615936517715,
    0.05868963152170181,
    0.01822415366768837,
    -0.00741024874150753,
    0.05126451328396797,
    0.03328210487961769,
    -0.01704232394695282,
    -0.017997168004512787,
    0.03534092754125595,
    -0.01768556237220764,
    0.031131217256188393,
    -0.007477475330233574,
    0.05365275591611862,
    0.018515117466449738,
    -0.009168403223156929,
