{
  "embedding_files": [
    "gt_1051.3s_f133.jpg",
    "gt_589.5s_f53.jpg",
    "gt_890.5s_f104.jpg",
    "gt_742.8s_f87.jpg",
    "gt_597.5s_f54.jpg"
  ],
  "backup_files": [
    "gt_412.9s_f4.jpg",
    "gt_850.2s_f84.jpg",
    "gt_310.5s_f14.jpg",
    "new_1776234569267_gt_211.2s_f12.jpg",
    "new_1776234569267_gt_300.2s_f37.jpg",
    "new_1776234569267_gt_399.0s_f57.jpg",
    "new_1776234569267_gt_499.6s_f75.jpg",
    "new_1776234569267_gt_579.2s_f94.jpg",
    "new_1776234569267_gt_658.0s_f114.jpg"
  ],
  "scores": {
    "gt_589.5s_f53.jpg": 27.5733,
    "gt_742.8s_f87.jpg": 19.2145,
    "gt_310.5s_f14.jpg": 6.4374,
    "gt_890.5s_f104.jpg": 25.2016,
    "gt_1051.3s_f133.jpg": 30.7372,
    "gt_597.5s_f54.jpg": 16.0425,
    "gt_412.9s_f4.jpg": 8.8714,
    "gt_850.2s_f84.jpg": 6.5065
  },
  "approved_files": [
    "gt_1051.3s_f133.jpg",
    "gt_589.5s_f53.jpg",
    "gt_890.5s_f104.jpg",
    "gt_742.8s_f87.jpg",
    "gt_597.5s_f54.jpg",
    "gt_412.9s_f4.jpg",
    "gt_850.2s_f84.jpg",
    "gt_310.5s_f14.jpg",
    "new_1776234569267_gt_211.2s_f12.jpg",
    "new_1776234569267_gt_300.2s_f37.jpg",
    "new_1776234569267_gt_399.0s_f57.jpg",
    "new_1776234569267_gt_499.6s_f75.jpg",
    "new_1776234569267_gt_579.2s_f94.jpg",
    "new_1776234569267_gt_658.0s_f114.jpg"
  ],
  "mean_embedding": [
    0.05225784704089165,
    -0.031423356384038925,
    -0.008358417078852654,
    0.012819330208003521,
    -0.04489252343773842,
    -0.02325175702571869,
    0.010139541700482368,
    0.08665639162063599,
    -0.04044075682759285,
    -7.062303484417498e-05,
    0.06507658958435059,
    0.0539800189435482,
    0.024614326655864716,
    -0.00027845578733831644,
    -0.03546907752752304,
    -0.014303654432296753,
    -0.03921159729361534,
    -0.04760710522532463,
    -0.027613427489995956,
    -0.006439631804823875,
    0.05830979347229004,
    -0.036708541214466095,
    -0.018293574452400208,
    -0.05345327407121658,
    0.026904726400971413,
    -0.006802910938858986,
    -0.007579520810395479,
    0.003459571860730648,
    0.013471357524394989,
    0.04816971719264984,
    0.03063800372183323,
    -0.018901195377111435,
    -0.01858663000166416,
    -0.04825064539909363,
    0.041305143386125565,
    -0.054526057094335556,
    0.0014328652760013938,
    -0.05770985782146454,
    0.024322383105754852,
    0.041474077850580215,
    -0.040957964956760406,
    7.377893052762374e-05,
    -0.0068078129552304745,
    0.0010471910936757922,
    0.0005986912292428315,
    -0.0664285346865654,
    -0.005863315891474485,
    0.0028666944708675146,
    0.03261510282754898,
    0.03651532530784607,
    0.02837473340332508,
    -0.011321018449962139,
    -0.02106984704732895,
    0.02992217242717743,
    -0.033962540328502655,
    0.03652849793434143,
    0.028622711077332497,
    0.0030963884200900793,
    -0.05269736051559448,
    0.004623247776180506,
    -0.0003599878109525889,
    -0.055813901126384735,
    -0.015419063158333302,
    -0.012104363180696964,
    0.06393088400363922,
    -0.07809273898601532,
    -0.034632887691259384,
    -0.023764625191688538,
    0.02051028236746788,
    -0.020397460088133812,
    0.07156121730804443,
    -0.00884973630309105,
    0.01541143748909235,
    -0.032315999269485474,
    0.00975441001355648,
    -0.002419463125988841,
    0.006232389714568853,
    -0.018354468047618866,
    0.05651991441845894,
    -0.019647063687443733,
    -0.03804309293627739,
    -0.08502102643251419,
    -0.02917529083788395,
    -0.017424527555704117,
    -0.022204603999853134,
    -0.059456586837768555,
    0.024042531847953796,
    0.08627020567655563,
    0.04012412950396538,
    -0.04568999633193016,
    -0.01802912913262844,
    0.07282756268978119,
    -0.056460797786712646,
    0.0021725024562329054,
    -0.0594094842672348,
    0.03373577818274498,
    -0.04508200287818909,
    -0.0695822536945343,
    0.004808634053915739,
    -0.0518529899418354,
    0.012007789686322212,
    -0.0008354594465345144,
    0.04525363817811012,
    -0.04597807303071022,
    0.04259087145328522,
    -0.04974037781357765,
    -0.07564609497785568,
    -0.018755704164505005,
    0.10591743886470795,
    0.07711462676525116,
    -0.02503097429871559,
    -0.027010949328541756,
    -0.07171005755662918,
    0.030624594539403915,
    0.0002946551248896867,
    -0.037684325128793716,
    0.03490740433335304,
    0.02057189680635929,
    0.027799386531114578,
    0.01257307082414627,
    -0.02085893042385578,
    0.002574184210970998,
    0.059016283601522446,
    0.04322565719485283,
    0.026353996247053146,
    0.11102616786956787,
    0.0673287883400917,
    0.013401051051914692,
    -0.010399502702057362,
    0.06725525856018066,
    -0.04257356747984886,
    0.009451227262616158,
    -0.0070646065287292,
    -0.056465327739715576,
    0.014517763629555702,
    -0.02864418551325798,
    0.05247101932764053,
    0.0022075395099818707,
    -0.03529101237654686,
    -0.05888243764638901,
    -0.05947979539632797,
    0.029359126463532448,
    -0.021630574017763138,
    0.06767231225967407,
    -0.13161511719226837,
    0.02526746317744255,
    -0.05311473459005356,
    -0.01880187913775444,
    0.018709100782871246,
    -0.0028171867597848177,
    0.06495934724807739,
    -0.06973382830619812,
    -0.015751490369439125,
    -0.08655547350645065,
    -0.03417351841926575,
    0.01410267036408186,
    0.06735916435718536,
    -0.03777407854795456,
    0.038394052535295486,
    0.013680044561624527,
    0.05672319605946541,
    0.003474161261692643,
    -0.03512406721711159,
    -0.024482175707817078,
    -0.04806163161993027,
    0.059864018112421036,
    0.03041333146393299,
    0.05634239688515663,
    0.019902244210243225,
    -0.02275419794023037,
    -0.008189963176846504,
    -0.024286972358822823,
    -0.01734967902302742,
    0.019467033445835114,
    0.07142720371484756,
    -0.06167502701282501,
    0.005359675735235214,
    -0.0009719357476569712,
    0.05013279244303703,
    -0.002644794061779976,
    -0.038658127188682556,
    0.049271877855062485,
    0.03786488249897957,
    0.03931654617190361,
    -0.027072520926594734,
    -0.054629549384117126,
    0.012726180255413055,
    0.035382505506277084,
    0.003994077909737825,
    0.007279789540916681,
    0.0035346210934221745,
    0.031194712966680527,
    0.03955243155360222,
    -0.02798241563141346,
    0.02461370825767517,
    0.08527097851037979,
    0.062374625355005264,
    -0.013937350362539291,
    0.006184605415910482,
    -0.065875343978405,
    0.046649619936943054,
    0.01722731813788414,
    -0.01937507651746273,
    0.04574036970734596,
    -2.0654730178648606e-05,
    -0.012114771641790867,
    0.0027592156548053026,
    -0.012675830163061619,
    0.010215886868536472,
    -0.02087848074734211,
    0.06362584978342056,
    0.05566927790641785,
    0.031454432755708694,
    0.04597064480185509,
    -0.029912574216723442,
    -0.014095301739871502,
    0.0027860046830028296,
    -0.1057213544845581,
    0.03198189660906792,
    -0.00678438413888216,
    -0.026585960760712624,
    -0.0831822082400322,
    -0.005085170269012451,
    -0.016124317422509193,
    -0.01734078861773014,
    0.0004929905408062041,
    -0.10422337055206299,
    0.11164598912000656,
    -0.004284818656742573,
    -0.02139551378786564,
    0.019016746431589127,
    0.017998650670051575,
    0.08995497971773148,
    -0.05072100833058357,
    -0.06245871260762215,
    0.003099078545346856,
    -0.01206874754279852,
    -0.017862368375062943,
    -0.015030397102236748,
    -0.0007087710546329618,
    -0.05907217785716057,
    0.0466451421380043,
    0.04722686484456062,
    -0.039991095662117004,
    -0.0002858297375496477,
    -0.006020395550876856,
    0.019085446372628212,
    0.020316265523433685,
    0.017672067508101463,
    0.05950171872973442,
    0.022093363106250763,
    -0.008154834620654583,
    0.056863151490688324,
    0.03241830691695213,
    -0.012154605239629745,
    -0.020517827942967415,
