{
  "embedding_files": [
    "new_1776234553226_gt_399.0s_f49.jpg",
    "new_1776234553226_gt_300.2s_f35.jpg",
    "new_1776234553226_gt_750.2s_f142.jpg",
    "new_1776234553226_gt_499.6s_f65.jpg",
    "new_1776234553226_gt_211.2s_f1.jpg"
  ],
  "backup_files": [
    "gt_86.3s_f25.jpg",
    "gt_310.5s_f2.jpg",
    "gt_101.7s_f52.jpg",
    "gt_67.2s_f3.jpg",
    "gt_93.8s_f53.jpg"
  ],
  "scores": {
    "gt_310.5s_f2.jpg": 39.2798,
    "gt_93.8s_f53.jpg": 29.1819,
    "new_1776234553226_gt_211.2s_f1.jpg": 98.3732,
    "new_1776234553226_gt_300.2s_f35.jpg": 123.8412,
    "new_1776234553226_gt_399.0s_f49.jpg": 139.9816,
    "new_1776234553226_gt_499.6s_f65.jpg": 105.1855,
    "new_1776234553226_gt_750.2s_f142.jpg": 111.8209,
    "gt_86.3s_f25.jpg": 44.4277,
    "gt_101.7s_f52.jpg": 32.7248,
    "gt_67.2s_f3.jpg": 32.0346
  },
  "approved_files": [
    "gt_310.5s_f2.jpg",
    "gt_431.4s_f27.jpg",
    "gt_850.2s_f93.jpg",
    "gt_589.5s_f57.jpg",
    "gt_597.5s_f38.jpg",
    "gt_890.5s_f101.jpg",
    "gt_412.9s_f2.jpg",
    "gt_742.8s_f88.jpg",
    "new_1776234553226_gt_211.2s_f1.jpg",
    "new_1776234553226_gt_300.2s_f35.jpg",
    "new_1776234553226_gt_399.0s_f49.jpg",
    "new_1776234553226_gt_499.6s_f65.jpg",
    "new_1776234553226_gt_750.2s_f142.jpg"
  ],
  "mean_embedding": [
    0.0077691287733614445,
    -0.0376162976026535,
    0.0020757627207785845,
    0.05062166601419449,
    0.013601917773485184,
    -0.009973816573619843,
    -0.023677054792642593,
    0.02820437401533127,
    -0.010681445710361004,
    -0.018248094245791435,
    0.014388034120202065,
    -0.021395761519670486,
    0.041496604681015015,
    0.005910349544137716,
    0.03290228918194771,
    0.024755429476499557,
    -0.02662530541419983,
    -0.036877311766147614,
    0.01390777062624693,
    -0.002722666598856449,
    0.028084062039852142,
    0.016504749655723572,
    0.08543605357408524,
    0.04167572036385536,
    -0.04549798369407654,
    -0.1036425307393074,
    -0.08779385685920715,
    -0.026828618720173836,
    -0.04413620010018349,
    0.0616915188729763,
    0.008843461982905865,
    -0.006528754718601704,
    -0.005008514039218426,
    0.021795939654111862,
    0.038556136190891266,
    -0.011644864454865456,
    -0.0925142839550972,
    0.028835589066147804,
    0.06843500584363937,
    0.05533333867788315,
    0.020339032635092735,
    -0.016453882679343224,
    -0.023791572079062462,
    -0.01487266831099987,
    -0.06431606411933899,
    0.028678225353360176,
    -0.01764117367565632,
    0.017558658495545387,
    0.006090403534471989,
    0.03004537709057331,
    0.03420415148139,
    -0.029423370957374573,
    -0.017192283645272255,
    -0.02307378314435482,
    0.01102331094443798,
    -0.017807619646191597,
    -0.011078896932303905,
    -0.025934524834156036,
    0.04254923388361931,
    0.048855703324079514,
    0.03882482647895813,
    0.030051669105887413,
    -0.1130446046590805,
    0.011572116054594517,
    -0.0010331333614885807,
    -0.03949224203824997,
    0.01063612662255764,
    -0.07038849592208862,
    0.017213910818099976,
    0.0259934701025486,
    0.054559022188186646,
    -0.05166177451610565,
    0.04393135756254196,
    -0.016127917915582657,
    0.02603398822247982,
    0.029615595936775208,
    -0.029807765036821365,
    -0.019092317670583725,
    0.06155546009540558,
    0.007238409947603941,
    0.037845563143491745,
    0.04589785635471344,
    -0.06299655884504318,
    -0.040660176426172256,
    -0.045178551226854324,
    -0.09601066261529922,
    0.04397018626332283,
    -0.03552483394742012,
    -0.005641438998281956,
    0.06635087728500366,
    0.04477034881711006,
    0.09468742460012436,
    0.00512958038598299,
    0.022768767550587654,
    0.03869766741991043,
    -0.05164081230759621,
    -0.014069848693907261,
    -0.04376224800944328,
    -0.07820441573858261,
    -0.03504887968301773,
    0.05731820687651634,
    -0.038510411977767944,
    0.10687301307916641,
    0.08714704215526581,
    0.005415408406406641,
    0.014693713746964931,
    -0.03681308776140213,
    -0.0202043280005455,
    -0.12242405861616135,
    0.014051305130124092,
    -0.022010717540979385,
    -0.0728975310921669,
    0.020486829802393913,
    0.04953897371888161,
    0.007042795419692993,
    -0.008454605005681515,
    0.07754229754209518,
    0.013179964385926723,
    0.007160026114434004,
    -0.010201125405728817,
    -0.007965332828462124,
    0.0017673176480457187,
    -0.03697308152914047,
    -0.016520921140909195,
    0.05420628562569618,
    0.02291887067258358,
    0.10946366935968399,
    0.06510306894779205,
    -0.014984664507210255,
    -0.020727574825286865,
    -0.0007030819542706013,
    -0.06394381821155548,
    -0.04732881486415863,
    0.02630489692091942,
    -0.09223905950784683,
    -0.004560439381748438,
    0.004803339950740337,
    -0.07571326196193695,
    0.07056369632482529,
    0.040497858077287674,
    0.05746784806251526,
    0.0037610346917062998,
    -0.024056732654571533,
    0.02521463856101036,
    0.014982257038354874,
    -0.001513844239525497,
    -0.030970046296715736,
    0.05168828368186951,
    -0.030112115666270256,
    0.12051916122436523,
    0.03308514133095741,
    -0.05973953753709793,
    0.008042585104703903,
    -0.10153823345899582,
    0.01837289147078991,
    0.04103240743279457,
    0.005344829522073269,
    -0.007912620902061462,
    -0.06299053132534027,
    -0.01709888130426407,
    0.0722903236746788,
    -0.11144263297319412,
    -0.035276640206575394,
    0.004220133647322655,
    -0.0292104072868824,
    -0.08208747953176498,
    0.023930270224809647,
    0.07381366193294525,
    -0.015039215795695782,
    0.024700473994016647,
    -0.019070224836468697,
    0.044601429253816605,
    0.04920747131109238,
    0.04407190904021263,
    0.04255197197198868,
    0.05004378780722618,
    0.02789425663650036,
    -0.04918012022972107,
    -0.019174179062247276,
    0.007913854904472828,
    -0.06482819467782974,
    -0.08790254592895508,
    0.05821641534566879,
    0.007286881096661091,
    -0.014405456371605396,
    0.001074147061444819,
    0.05606095492839813,
    -0.03180697187781334,
    0.000156956521095708,
    -0.045745156705379486,
    -0.03192625567317009,
    -0.021234888583421707,
    0.008678723126649857,
    -0.040761519223451614,
    -0.10950122773647308,
    -0.016344143077731133,
    0.06788770854473114,
    0.04457089304924011,
    -0.004587199538946152,
    -0.04009738191962242,
    0.07365097850561142,
    0.07750920951366425,
    0.013669400475919247,
    -0.07039183378219604,
    0.03343330696225166,
    -0.020459311082959175,
    -0.07459515333175659,
    0.0479326955974102,
    0.0318729393184185,
    -0.024270029738545418,
    -0.022398676723241806,
    0.05541660264134407,
    0.007175186183303595,
    0.026349779218435287,
    -0.020203903317451477,
    0.016341205686330795,
    -0.06114155054092407,
    0.06207279860973358,
    0.054750218987464905,
    -0.015939194709062576,
    0.04306710138916969,
    -0.012960326857864857,
    -0.07326485216617584,
    -0.05393891781568527,
    -0.04106096178293228,
    -0.009561419486999512,
    0.056117668747901917,
    0.04790523648262024,
    0.0022876968141645193,
    0.01660173013806343,
    0.017002811655402184,
    -0.020692680031061172,
    -0.07346481829881668,
    -0.018301473930478096,
    0.08667270839214325,
    0.013178093358874321,
    -0.024684427306056023,
    0.09731045365333557,
    0.002701920224353671,
    0.04769844934344292,
    -0.03765173628926277,
    0.004142997320741415,
    -0.05757575482130051,
    0.001448871218599379,
    0.05584752932190895,
    0.014194152317941189,
    -0.0157771036028862,
    -0.04796664044260979,
    -0.020825935527682304,
    0.031498946249485016,
    -0.037108905613422394,
    -0.07873605191707611,
    0.05943310260772705,
    0.08107920736074448,
    -0.02193938009440899,
    -0.043891873210668564,
    0.011846348643302917,
    -0.004904308822005987,
