{
  "embedding_files": [
    "new_1776234553226_gt_399.0s_f49.jpg",
    "new_1776234553226_gt_300.2s_f35.jpg",
    "new_1776234553226_gt_750.2s_f142.jpg",
    "new_1776234553226_gt_499.6s_f65.jpg",
    "new_1776234553226_gt_211.2s_f1.jpg",
    "gt_101.7s_f52.jpg",
    "gt_67.2s_f3.jpg",
    "gt_86.3s_f25.jpg",
    "gt_93.8s_f53.jpg"
  ],
  "backup_files": [
    "gt_310.5s_f2.jpg"
  ],
  "scores": {
    "gt_310.5s_f2.jpg": 39.2798,
    "gt_93.8s_f53.jpg": 29.1819,
    "new_1776234553226_gt_211.2s_f1.jpg": 98.3732,
    "new_1776234553226_gt_300.2s_f35.jpg": 123.8412,
    "new_1776234553226_gt_399.0s_f49.jpg": 139.9816,
    "new_1776234553226_gt_499.6s_f65.jpg": 105.1855,
    "new_1776234553226_gt_750.2s_f142.jpg": 111.8209,
    "gt_86.3s_f25.jpg": 44.4277,
    "gt_101.7s_f52.jpg": 32.7248,
    "gt_67.2s_f3.jpg": 32.0346
  },
  "approved_files": [
    "gt_310.5s_f2.jpg",
    "new_1776234553226_gt_211.2s_f1.jpg",
    "new_1776234553226_gt_300.2s_f35.jpg",
    "new_1776234553226_gt_399.0s_f49.jpg",
    "new_1776234553226_gt_499.6s_f65.jpg",
    "new_1776234553226_gt_750.2s_f142.jpg",
    "gt_101.7s_f52.jpg",
    "gt_67.2s_f3.jpg",
    "gt_86.3s_f25.jpg",
    "gt_93.8s_f53.jpg"
  ],
  "mean_embedding": [
    -0.004003180656582117,
    -0.03441013768315315,
    0.0406833179295063,
    0.05539843812584877,
    0.024642251431941986,
    -0.04025084525346756,
    0.007241549901664257,
    0.033075060695409775,
    -0.02542383410036564,
    -0.02045789361000061,
    0.01340512465685606,
    -0.018558800220489502,
    0.03496710583567619,
    -0.006483025383204222,
    0.06056482344865799,
    0.009066596627235413,
    -0.01971336640417576,
    -0.0053397961892187595,
    -0.027145424857735634,
    0.019680820405483246,
    0.008696048520505428,
    0.026769783347845078,
    0.0733335018157959,
    0.011937277391552925,
    -0.03083667904138565,
    -0.08105851709842682,
    -0.08532032370567322,
    -0.043149467557668686,
    -0.04350830614566803,
    0.05081316456198692,
    -0.0037233401089906693,
    0.013293884694576263,
    0.01202837098389864,
    0.028218362480401993,
    0.04613529145717621,
    -0.05189467594027519,
    -0.08081959933042526,
    0.015253860503435135,
    0.05529837682843208,
    0.06333007663488388,
    0.04496616870164871,
    0.011722267605364323,
    0.005809202790260315,
    0.01879613846540451,
    -0.10221300274133682,
    0.0546456053853035,
    -0.007237959187477827,
    -0.00706089660525322,
    0.022519376128911972,
    -0.001762585248798132,
    0.018329394981265068,
    -0.02029607817530632,
    -0.023613739758729935,
    -0.02119062840938568,
    0.01188254076987505,
    -0.041028644889593124,
    0.0019439421594142914,
    -0.035144731402397156,
    0.02923685871064663,
    0.07815103232860565,
    0.05747057497501373,
    0.017635971307754517,
    -0.11541926860809326,
    0.014262929558753967,
    0.0242985300719738,
    -0.01520091574639082,
    -0.020445674657821655,
    -0.041075240820646286,
    0.0171967726200819,
    0.07327959686517715,
    0.06603368371725082,
    -0.06588385254144669,
    0.04359656199812889,
    -0.021526280790567398,
    0.015905609354376793,
    0.04483667016029358,
    -0.021556684747338295,
    -0.03188929334282875,
    0.0870048999786377,
    0.011830512434244156,
    0.0283852219581604,
    0.0510280542075634,
    -0.0626557469367981,
    -0.023791547864675522,
    -0.03203996643424034,
    -0.06936332583427429,
    0.04560922086238861,
    -0.035844169557094574,
    -0.00478373421356082,
    0.06256251037120819,
    0.056860651820898056,
    0.07601632922887802,
    0.004341369494795799,
    0.01981329545378685,
    0.038810327649116516,
    -0.0246137622743845,
    0.012276165187358856,
    0.003697414882481098,
    -0.0678485631942749,
    -0.018172072246670723,
    0.05635998025536537,
    -0.022012984380126,
    0.1029268205165863,
    0.09696421027183533,
    -0.011904421262443066,
    -0.009619124233722687,
    -0.05249929055571556,
    0.036960847675800323,
    -0.128402978181839,
    0.01484303642064333,
    -0.011823569424450397,
    -0.05845312774181366,
    0.033449944108724594,
    0.07677063345909119,
    0.006059293169528246,
    0.010115771554410458,
    0.044281259179115295,
    -0.0028621286619454622,
    0.023361019790172577,
    0.011145239695906639,
    -0.017534714192152023,
    -0.00868715438991785,
    -0.03696531802415848,
    -0.001978723332285881,
    0.06376401335000992,
    0.05846118927001953,
    0.05267738550901413,
    0.05374559760093689,
    -0.03061523288488388,
    -0.03291118144989014,
    -0.02730579860508442,
    -0.0814257338643074,
    -0.0736970454454422,
    0.010118210688233376,
    -0.0785013809800148,
    -0.006529389880597591,
    0.011187569238245487,
    -0.09906764328479767,
    0.0817939043045044,
    0.021721145138144493,
    0.0682421401143074,
    0.007918020710349083,
    0.0004619802930392325,
    0.07714524865150452,
    0.04416199401021004,
    0.04232437536120415,
    -0.03284725174307823,
    0.07539284974336624,
    -0.04303519427776337,
    0.09717768430709839,
    0.025748997926712036,
    -0.0429256334900856,
    0.02128336764872074,
    -0.08570261299610138,
    0.05708139017224312,
    0.05424617603421211,
    -0.004593139048665762,
    -0.007734890561550856,
    -0.04242388531565666,
    0.016681518405675888,
    0.08055266737937927,
    -0.10063973069190979,
    -0.009200003929436207,
    0.009732848964631557,
    -0.003170873736962676,
    -0.040925826877355576,
    0.0194232277572155,
    0.09306682646274567,
    -0.0003554821014404297,
    0.01637248881161213,
    -0.021200990304350853,
    0.03542385995388031,
    0.05268046259880066,
    0.017234699800610542,
    0.04594390094280243,
    0.04977869242429733,
    0.01907828077673912,
    -0.07450617849826813,
    -0.010510108433663845,
    0.0049243103712797165,
    -0.06711291521787643,
    -0.06907299906015396,
    0.05729252099990845,
    -0.018318265676498413,
    -0.002409005770459771,
    0.026013841852545738,
    0.04824342578649521,
    -0.050510335713624954,
    0.00679068872705102,
    -0.025284068658947945,
    -0.02304886281490326,
    -0.03292487561702728,
    0.0006328108138404787,
    -0.05363869667053223,
    -0.11405923962593079,
    0.011778298765420914,
    0.07867904007434845,
    0.023924408480525017,
    -0.015339383855462074,
    -0.03619803860783577,
    0.06952089071273804,
    0.08128536492586136,
    -0.005661207716912031,
    -0.04916343837976456,
    -0.0021608900278806686,
    -0.06150538846850395,
    -0.06983961910009384,
    0.027875099331140518,
    0.004525467287749052,
    -0.004634800832718611,
    -0.01962505839765072,
    0.05348825827240944,
    0.00997236929833889,
    0.03203422576189041,
    -0.05837609991431236,
    0.011998635716736317,
    -0.06437692046165466,
    0.026377130299806595,
    0.06902594119310379,
    -0.05822385475039482,
    0.019980620592832565,
    -0.00039041563286446035,
    -0.05551702156662941,
    -0.0638526976108551,
    -0.06451281905174255,
    -0.008579971268773079,
    0.006064607761800289,
    0.05052905157208443,
    -0.04246785119175911,
    0.043598517775535583,
    0.028822429478168488,
    -0.012615757994353771,
    -0.034464847296476364,
    -0.0030916305258870125,
    0.07548784464597702,
    -0.010839592665433884,
    -0.022208085283637047,
    0.04377860948443413,
    0.004779215902090073,
    0.06265875697135925,
    -0.04906191676855087,
    -0.02282792516052723,
    -0.027823256328701973,
    0.006572261452674866,
    0.036346372216939926,
    0.011955896392464638,
    -0.036524731665849686,
    -0.015224551782011986,
    -0.02718505449593067,
    0.015038843266665936,
    -0.039103418588638306,
    -0.054899949580430984,
    0.013773942366242409,
    0.034246284514665604,
    -0.02072472870349884,
    -0.051374372094869614,
    0.020412378013134003,
    -0.009292295202612877,
    0.0022730729542672634,
    0.020658735185861588,
    -0.04397139325737953,
