{
  "embedding_files": [
    "gt_179.3s_f158.jpg",
    "gt_213.3s_f187.jpg",
    "gt_140.2s_f121.jpg",
    "gt_69.1s_f84.jpg"
  ],
  "backup_files": [
    "gt_2.0s_f13.jpg",
    "gt_35.4s_f41.jpg"
  ],
  "scores": {
    "gt_69.1s_f84.jpg": 13.6875,
    "gt_2.0s_f13.jpg": 7.5731,
    "gt_35.4s_f41.jpg": 7.12,
    "gt_140.2s_f121.jpg": 30.6845,
    "gt_179.3s_f158.jpg": 63.1382,
    "gt_213.3s_f187.jpg": 50.5073
  },
  "approved_files": [
    "gt_179.3s_f158.jpg",
    "gt_213.3s_f187.jpg",
    "gt_140.2s_f121.jpg",
    "gt_69.1s_f84.jpg",
    "gt_2.0s_f13.jpg",
    "gt_35.4s_f41.jpg"
  ],
  "mean_embedding": [
    0.07557858526706696,
    0.00969757977873087,
    -0.03296009078621864,
    -0.024126555770635605,
    0.007984081283211708,
    0.02277471125125885,
    0.00028413982363417745,
    -0.018533209338784218,
    -0.032001275569200516,
    -0.0249935332685709,
    0.04436530917882919,
    0.006941603031009436,
    -0.08028852194547653,
    0.023268064484000206,
    -0.028865480795502663,
    0.01944754645228386,
    -0.07096820324659348,
    0.033045779913663864,
    -0.003730860073119402,
    -0.05575191602110863,
    0.04772472754120827,
    -0.011521163396537304,
    0.027161432430148125,
    -0.004768825601786375,
    -0.010780076496303082,
    -0.023681459948420525,
    -0.06537962704896927,
    -0.03453751280903816,
    -0.0032461564987897873,
    0.011498297564685345,
    -0.005368119105696678,
    -0.02298552170395851,
    -0.025958241894841194,
    -0.06578532606363297,
    -0.010597826912999153,
    0.034389790147542953,
    -0.059349581599235535,
    0.04272472485899925,
    0.02657049335539341,
    0.013415679335594177,
    -0.07678519934415817,
    0.008604071103036404,
    -0.06152404844760895,
    0.04209383204579353,
    -0.04085651785135269,
    0.005037608090788126,
    0.02569493092596531,
    0.00668306602165103,
    -0.012904293835163116,
    -7.45309007470496e-05,
    -0.03745206445455551,
    0.0380140021443367,
    0.04885118827223778,
    0.038713376969099045,
    0.03681756928563118,
    -0.06777628511190414,
    0.06869138032197952,
    0.024120841175317764,
    -0.0054235318675637245,
    0.0029267894569784403,
    0.015332786366343498,
    0.018473975360393524,
    -0.06425809860229492,
    0.06036573275923729,
    -0.025460438802838326,
    0.06866384297609329,
    0.04552202671766281,
    -0.038052748888731,
    -0.04227326065301895,
    0.02413078583776951,
    -0.005961238872259855,
    -0.015933452174067497,
    0.00389387970790267,
    0.01540411077439785,
    -0.044827450066804886,
    0.046656880527734756,
    0.09894432872533798,
    -0.04004398733377457,
    0.01199211087077856,
    0.01946466974914074,
    0.026105381548404694,
    -0.062364108860492706,
    -0.03689834848046303,
    -0.025923559442162514,
    0.027945714071393013,
    0.02241113781929016,
    -0.003665880998596549,
    0.04354679957032204,
    0.050857145339250565,
    0.04325811564922333,
    -0.0054403143003582954,
    0.021216537803411484,
    7.868984539527446e-05,
    0.009774848818778992,
    -0.06468980014324188,
    -0.028313782066106796,
    -0.041765954345464706,
    -0.005911088548600674,
    0.045598194003105164,
    0.004527577664703131,
    0.02520638331770897,
    -0.008090240880846977,
    0.06798271089792252,
    0.016296138986945152,
    0.021948659792542458,
    0.035630449652671814,
    -0.030710935592651367,
    -0.10049884766340256,
    0.0074466741643846035,
    0.01140973623842001,
    -0.021969787776470184,
    0.011700659058988094,
    0.019580598920583725,
    -0.1354474276304245,
    -0.03225713595747948,
    0.015390338376164436,
    -0.014654655940830708,
    -0.04980170726776123,
    0.0005250705289654434,
    0.05497704818844795,
    -0.054326314479112625,
    0.02158413641154766,
    0.04117557778954506,
    -0.023797061294317245,
    0.013214929029345512,
    0.024846583604812622,
    0.006069755181670189,
    -0.010135345160961151,
    0.0006312443292699754,
    -0.07698125392198563,
    0.0024206112138926983,
    0.0022816569544374943,
    -0.00557442381978035,
    -0.06233837455511093,
    -0.08593256771564484,
    0.08768081665039062,
    -0.011063672602176666,
    0.04134426638484001,
    0.01780140958726406,
    -0.03540393337607384,
    0.05682769790291786,
    -0.018510738387703896,
    -0.10043581575155258,
    -0.040266964584589005,
    -0.035125765949487686,
    0.07235325127840042,
    -0.004057417158037424,
    0.054131001234054565,
    0.10229022055864334,
    0.030932942405343056,
    -0.06911777704954147,
    -0.015683826059103012,
    0.00495228311046958,
    -0.03682393580675125,
    -0.01824592426419258,
    -0.042302679270505905,
    0.04577772691845894,
    0.02109484001994133,
    -0.01736638695001602,
    0.04965498298406601,
    0.06361795216798782,
    -0.004492930136620998,
    -0.035065922886133194,
    -0.014720847830176353,
    0.005328458268195391,
    0.1430518627166748,
    -0.0234520323574543,
    0.06868384033441544,
    0.002188169863075018,
    0.0239900890737772,
    0.006479412782937288,
    -0.019915156066417694,
    0.027482109144330025,
    0.0672277957201004,
    -0.04261982813477516,
    -0.0029754475690424442,
    0.07148843258619308,
    0.060917727649211884,
    0.047182612121105194,
    -0.04188244417309761,
    -0.028651533648371696,
    -0.07038858532905579,
    0.019793398678302765,
    -0.0054970430210232735,
    -0.007592557463794947,
    0.004282364621758461,
    -0.05769703537225723,
    -0.03405314311385155,
    0.05172679200768471,
    -0.12661530077457428,
    0.03449471294879913,
    0.053933169692754745,
    0.06524056196212769,
    0.056208569556474686,
    -0.06496115773916245,
    -0.04705734923481941,
    0.02058897539973259,
    0.016765866428613663,
    0.03423147276043892,
    -0.07292851060628891,
    0.04465565085411072,
    0.0034587637055665255,
    0.024246981367468834,
    0.029212405905127525,
    0.05013095960021019,
    -0.005130545701831579,
    -0.06197771057486534,
    -0.024866843596100807,
    0.0752524882555008,
    0.0029639024287462234,
    0.01901830919086933,
    0.05228441208600998,
    0.00692820455878973,
    -0.021720506250858307,
    -0.005844639148563147,
    0.001838843571022153,
    -0.07032334059476852,
    -0.0412638783454895,
    0.018147217109799385,
    0.03451099991798401,
    -0.025106996297836304,
    -0.04845067486166954,
    -0.005622264929115772,
    -0.005382274743169546,
    0.053114403039216995,
    -0.015388569794595242,
    -0.009777854196727276,
    0.07786783576011658,
    0.024337038397789,
    -0.062271855771541595,
    -0.021471267566084862,
    -0.0247040968388319,
    0.06304358690977097,
    0.039944544434547424,
    0.055409207940101624,
    0.000636677781585604,
    -0.06718889623880386,
    0.02187325991690159,
    0.018874477595090866,
    0.02226685918867588,
    -0.07409939169883728,
    -0.0704844743013382,
    -0.08948490023612976,
    -0.03965441510081291,
    0.09606368839740753,
    0.01866825483739376,
    0.024669939652085304,
    0.04303937405347824,
    0.02901403419673443,
    -0.014338221400976181,
    -0.00010744688188424334,
    -0.03987788036465645,
    0.07593942433595657,
    0.032421283423900604,
    -0.01758643239736557,
    -0.04718121141195297,
    -0.007211439777165651,
    0.04708873853087425,
    0.031174933537840843,
    0.04508648067712784,
    -0.06678643077611923,
    -0.04111090302467346,
    0.03608802706003189,
    -0.0036501861177384853,
    0.001370944082736969,
    -0.06916671246290207,
    -0.04522165283560753,
    -0.0028118642512708902,
    -0.01131361909210682,
    -0.02674468234181404,
    0.04779178649187088,
    0.00023950132890604436,
    -0.013139472343027592,
    0.005560960154980421,
    -0.014288232661783695,
    0.004285935778170824,
    -0.029260369017720222,
    -0.014470821246504784,
    0.12459281831979752,
    -0.009930639527738094,
    -0.014930661767721176,
    -0.07664228975772858,
    0.027566995471715927,
