{
  "embedding_files": [
    "gt_217.1s_f47.jpg",
    "gt_117.2s_f5.jpg",
    "gt_324.5s_f97.jpg",
    "gt_26.2s_f3.jpg",
    "gt_80.2s_f36.jpg"
  ],
  "backup_files": [
    "gt_132.1s_f65.jpg",
    "new_1776234324997_gt_1051.3s_f147.jpg",
    "new_1776234324997_gt_184.5s_f38.jpg",
    "new_1776234324997_gt_2.1s_f7.jpg",
    "new_1776234324997_gt_383.1s_f60.jpg",
    "new_1776234324997_gt_589.1s_f95.jpg",
    "new_1776234324997_gt_589.5s_f74.jpg",
    "new_1776234324997_gt_890.5s_f118.jpg"
  ],
  "scores": {
    "gt_26.2s_f3.jpg": 1.9113,
    "gt_80.2s_f36.jpg": 1.5191,
    "gt_132.1s_f65.jpg": 0.9441,
    "gt_217.1s_f47.jpg": 98.6635,
    "gt_117.2s_f5.jpg": 26.325,
    "gt_324.5s_f97.jpg": 25.0225
  },
  "approved_files": [
    "gt_217.1s_f47.jpg",
    "gt_117.2s_f5.jpg",
    "gt_324.5s_f97.jpg",
    "gt_26.2s_f3.jpg",
    "gt_80.2s_f36.jpg",
    "gt_132.1s_f65.jpg",
    "new_1776234324997_gt_1051.3s_f147.jpg",
    "new_1776234324997_gt_184.5s_f38.jpg",
    "new_1776234324997_gt_2.1s_f7.jpg",
    "new_1776234324997_gt_383.1s_f60.jpg",
    "new_1776234324997_gt_589.1s_f95.jpg",
    "new_1776234324997_gt_589.5s_f74.jpg",
    "new_1776234324997_gt_890.5s_f118.jpg"
  ],
  "mean_embedding": [
    0.009748103097081184,
    0.06945764273405075,
    0.03081432916224003,
    0.045678459107875824,
    -0.0408233217895031,
    -0.029145192354917526,
    0.015656042844057083,
    0.0460258424282074,
    -0.06620888411998749,
    0.03945140168070793,
    0.01937035284936428,
    -0.044534165412187576,
    0.08690429478883743,
    0.01983625628054142,
    0.044869959354400635,
    -0.09279821068048477,
    -0.024212440475821495,
    0.033554501831531525,
    0.04819865897297859,
    -0.022310029715299606,
    -0.02753455750644207,
    -0.05200640484690666,
    0.0062144785188138485,
    -0.05386146157979965,
    0.013748387806117535,
    -0.03254832327365875,
    -0.046340107917785645,
    -0.053511153906583786,
    0.03482384234666824,
    0.06412774324417114,
    0.005042433273047209,
    0.02113936096429825,
    -0.0033692396245896816,
    0.008115758188068867,
    -0.07214844971895218,
    -0.011837366037070751,
    0.02187355048954487,
    0.02519109472632408,
    0.03814264014363289,
    0.04590773954987526,
    0.020796550437808037,
    0.020617913454771042,
    -0.05593917891383171,
    0.0662996768951416,
    -0.062818244099617,
    -0.07637452334165573,
    0.08801005780696869,
    -0.03973324969410896,
    0.03069869801402092,
    -0.02188880741596222,
    -0.023997370153665543,
    0.1049383357167244,
    -0.05432142689824104,
    -0.0615704208612442,
    -0.004831050056964159,
    0.07035514712333679,
    -0.04050843417644501,
    0.029345234856009483,
    0.05445144698023796,
    -0.04260363429784775,
    -0.031973712146282196,
    -0.09506595134735107,
    -0.014331367798149586,
    0.01710006222128868,
    -0.016752075403928757,
    0.011338380165398121,
    0.00025454387650825083,
    -0.06537813693284988,
    0.00038323181797750294,
    -0.03616509586572647,
    0.033394597470760345,
    -0.020618611946702003,
    0.03949533775448799,
    -0.022116219624876976,
    0.009272613562643528,
    -0.034568507224321365,
    0.038626160472631454,
    -0.007104841992259026,
    -0.04519052058458328,
    0.04929397627711296,
    0.06779143214225769,
    -0.07990553975105286,
    -0.06477315723896027,
    -0.06548154354095459,
    0.06853100657463074,
    -0.02381817065179348,
    0.07086846232414246,
    -0.043934185057878494,
    -0.06952303647994995,
    0.006689495872706175,
    0.08328719437122345,
    -0.0303119458258152,
    0.000755973334889859,
    -0.03983257710933685,
    -0.037802740931510925,
    0.017523841932415962,
    0.030757106840610504,
    0.05618612468242645,
    -0.04223085939884186,
    -0.04635508358478546,
    0.017885150387883186,
    0.0018564650090411305,
    0.04889170452952385,
    0.005889123305678368,
    0.059551309794187546,
    0.024956151843070984,
    -0.033572446554899216,
    -0.07182551175355911,
    -0.06898313760757446,
    0.01604117453098297,
    -0.03462442755699158,
    0.05014703422784805,
    -0.011088480241596699,
    0.06756655871868134,
    -0.009917662478983402,
    0.10903409123420715,
    0.008307132869958878,
    0.052273940294981,
    -0.0108575951308012,
    0.13512252271175385,
    -0.022568846121430397,
    0.02105066366493702,
    0.06759229302406311,
    0.047702934592962265,
    -0.06518910080194473,
    -0.06613766402006149,
    -0.04156140610575676,
    -0.04892876371741295,
    -0.027668848633766174,
    0.013525165617465973,
    -0.0684608593583107,
    0.006610407959669828,
    -0.04681966453790665,
    0.0027242011856287718,
    0.0172036774456501,
    -0.014682689681649208,
    0.02834557555615902,
    0.07070595771074295,
    -0.013191739097237587,
    0.012817418202757835,
    -0.0005258957971818745,
    0.01459978986531496,
    0.04448068141937256,
    -0.02605065330862999,
    0.05412335693836212,
    -0.043179530650377274,
    0.03639297932386398,
    0.05362362414598465,
    -0.013384122401475906,
    0.05277305841445923,
    -0.006878627464175224,
    -0.019680244848132133,
    -0.002765069715678692,
    -0.037873588502407074,
    0.0036646712105721235,
    0.0015277733327820897,
    0.005832326132804155,
    0.04889839515089989,
    0.034485504031181335,
    0.05333724990487099,
    -0.0040553561411798,
    0.012274106964468956,
    -0.02073264867067337,
    -0.006468602456152439,
    -0.07482872158288956,
    -0.03366509824991226,
    -0.012435286305844784,
    -0.03221315145492554,
    0.0010349983349442482,
    0.034097906202077866,
    0.04851391166448593,
    -0.07294369488954544,
    -0.0683421939611435,
    -0.0047987825237214565,
    -0.0011556291719898582,
    0.012610268779098988,
    -0.010013648308813572,
    0.05379502475261688,
    0.0012563259806483984,
    -0.017432279884815216,
    -0.09175358712673187,
    0.0001522143284091726,
    -0.04495643079280853,
    -0.11152159422636032,
    0.03148595616221428,
    -0.03167223185300827,
    0.08371368795633316,
    -0.017707115039229393,
    0.020225387066602707,
    0.02571481093764305,
    -0.012816685251891613,
    -0.034385260194540024,
    -0.020357908681035042,
    0.012228456325829029,
    0.041628237813711166,
    -0.02684837207198143,
    0.029433779418468475,
    0.0756111890077591,
    -0.05879708006978035,
    -0.062179084867239,
    0.03978084772825241,
    -0.06401746720075607,
    0.03052705153822899,
    -0.04646196961402893,
    0.0311284102499485,
    0.037347692996263504,
    0.004987270105630159,
    -0.04107062146067619,
    -0.10451857000589371,
    0.015676725655794144,
    -0.13640373945236206,
    0.02821652963757515,
    0.047019656747579575,
    0.07913382351398468,
    0.0007911443244665861,
    0.07736759632825851,
    -0.05870554596185684,
    -0.003151586512103677,
    0.04350729286670685,
    0.031021207571029663,
    -0.0466642826795578,
    0.09353332221508026,
    -0.0207156240940094,
    0.044183481484651566,
    0.023653239011764526,
    -0.0018176628509536386,
    0.05542391166090965,
    0.00929785892367363,
    -0.015087218023836613,
    -0.03194088116288185,
    -0.046214960515499115,
    0.029599731788039207,
    0.012705253437161446,
    -0.026242520660161972,
    0.008968551643192768,
    0.046675458550453186,
    0.03610951825976372,
    0.036242254078388214,
    0.02269308641552925,
    0.025793684646487236,
    0.03739501163363457,
    -0.1026453897356987,
    -0.02946421690285206,
    -0.05387654900550842,
    0.021644234657287598,
    -0.012020357884466648,
    -0.027110207825899124,
    0.06597650796175003,
    -0.09244579076766968,
    -0.03892658278346062,
    0.03827377036213875,
    -0.08891192078590393,
    0.02901894971728325,
    0.018978340551257133,
    0.06350760161876678,
    0.05686676874756813,
    0.08496813476085663,
    -0.026114605367183685,
    0.04062722623348236,
    -0.0007248148322105408,
    0.009727493859827518,
    -0.06140388175845146,
