{
  "embedding_files": [
    "gt_217.1s_f47.jpg",
    "gt_117.2s_f5.jpg",
    "gt_324.5s_f97.jpg",
    "gt_26.2s_f3.jpg",
    "gt_80.2s_f36.jpg"
  ],
  "backup_files": [
    "gt_132.1s_f65.jpg",
    "new_1776234324997_gt_1051.3s_f147.jpg",
    "new_1776234324997_gt_184.5s_f38.jpg",
    "new_1776234324997_gt_2.1s_f7.jpg",
    "new_1776234324997_gt_383.1s_f60.jpg"
  ],
  "scores": {
    "gt_26.2s_f3.jpg": 1.9113,
    "gt_80.2s_f36.jpg": 1.5191,
    "gt_132.1s_f65.jpg": 0.9441,
    "gt_217.1s_f47.jpg": 98.6635,
    "gt_117.2s_f5.jpg": 26.325,
    "gt_324.5s_f97.jpg": 25.0225
  },
  "approved_files": [
    "gt_217.1s_f47.jpg",
    "gt_117.2s_f5.jpg",
    "gt_324.5s_f97.jpg",
    "gt_26.2s_f3.jpg",
    "gt_80.2s_f36.jpg",
    "gt_132.1s_f65.jpg",
    "new_1776234324997_gt_1051.3s_f147.jpg",
    "new_1776234324997_gt_184.5s_f38.jpg",
    "new_1776234324997_gt_2.1s_f7.jpg",
    "new_1776234324997_gt_383.1s_f60.jpg",
    "new_1776234324997_gt_589.1s_f95.jpg",
    "new_1776234324997_gt_589.5s_f74.jpg",
    "new_1776234324997_gt_890.5s_f118.jpg"
  ],
  "mean_embedding": [
    8.693319978192449e-05,
    0.061671532690525055,
    0.02738957293331623,
    0.06509774178266525,
    -0.04576132819056511,
    -0.02946917712688446,
    0.06114969030022621,
    0.05041027069091797,
    -0.05664078891277313,
    0.05018644407391548,
    0.025011897087097168,
    -0.02091062441468239,
    0.06912337243556976,
    0.019831443205475807,
    0.031094450503587723,
    -0.07559753954410553,
    -0.03207886964082718,
    0.04721448943018913,
    0.036226823925971985,
    -0.024051865562796593,
    -0.01937972381711006,
    -0.051065102219581604,
    0.010600878857076168,
    -0.028342576697468758,
    0.004997448995709419,
    -0.028983084484934807,
    -0.03029405139386654,
    -0.033655665814876556,
    0.011234180070459843,
    0.04418880119919777,
    -0.004847424104809761,
    0.037771496921777725,
    -0.0334610790014267,
    0.009691583923995495,
    -0.0879417359828949,
    -0.040749724954366684,
    0.029217654839158058,
    0.025578822940587997,
    0.044728126376867294,
    0.045491211116313934,
    0.03738216683268547,
    0.041364651173353195,
    -0.04965759441256523,
    0.06849450618028641,
    -0.05236492678523064,
    -0.04249574989080429,
    0.048226796090602875,
    -0.04517669975757599,
    0.04052950441837311,
    -0.03662940114736557,
    -0.003413927275687456,
    0.10636340081691742,
    -0.07731102406978607,
    -0.050643570721149445,
    -0.005213990341871977,
    0.07786908745765686,
    -0.012317895889282227,
    0.03375619649887085,
    0.04266486316919327,
    -0.03898269683122635,
    -0.015618661418557167,
    -0.06454586237668991,
    0.007058922667056322,
    -0.02435166947543621,
    0.004458781331777573,
    0.006992690730839968,
    0.0020488277077674866,
    -0.07219768315553665,
    -0.01093905046582222,
    -0.0034082888159900904,
    0.03006579540669918,
    -0.04305317997932434,
    0.032420504838228226,
    -0.018292684108018875,
    0.008718915283679962,
    -0.026834622025489807,
    0.05417279154062271,
    0.0030381856486201286,
    -0.07489094138145447,
    0.06368032097816467,
    0.05042479932308197,
    -0.05481509864330292,
    -0.05442766100168228,
    -0.06839508563280106,
    0.060414791107177734,
    -0.020049579441547394,
    0.08514029532670975,
    -0.05127828195691109,
    -0.06860309094190598,
    0.010375866666436195,
    0.08185991644859314,
    -0.019501253962516785,
    -0.021952707320451736,
    -0.05934577062726021,
    -0.079014852643013,
    -0.014639545232057571,
    0.04308786243200302,
    0.05947321653366089,
    -0.04037294164299965,
    -0.041291508823633194,
    0.03693019598722458,
    -0.006562492810189724,
    0.06279587745666504,
    -0.0008669539238326252,
    0.07444540411233902,
    0.030494723469018936,
    -0.02249785326421261,
    -0.05805114284157753,
    -0.04768817871809006,
    0.014081990346312523,
    -0.053162191063165665,
    0.019122373312711716,
    -0.011438644491136074,
    0.06721140444278717,
    -0.012752867303788662,
    0.09544094651937485,
    0.009104189462959766,
    0.05773700773715973,
    0.022990917786955833,
    0.13461129367351532,
    -0.0013912406284362078,
    0.01109771616756916,
    0.07680552452802658,
    0.03561175614595413,
    -0.04219752922654152,
    -0.07496990263462067,
    -0.056197911500930786,
    -0.03937346115708351,
    -0.043969906866550446,
    0.025993412360548973,
    -0.06438375264406204,
    -0.0004963112296536565,
    -0.04200088232755661,
    0.01198076456785202,
    0.029652325436472893,
    -0.021247996017336845,
    0.014085271395742893,
    0.05731768533587456,
    -0.02328731305897236,
    -0.008096757344901562,
    -0.02387687750160694,
    0.039304956793785095,
    0.042995236814022064,
    -0.013081073760986328,
    0.05006546527147293,
    -0.021657926961779594,
    0.015222372487187386,
    0.03392929211258888,
    -0.018633954226970673,
    0.044192925095558167,
    -0.0012081178138032556,
    -0.048855073750019073,
    0.008573329076170921,
    -0.0370870903134346,
    0.014667836017906666,
    -0.0033604514319449663,
    0.0019382378086447716,
    0.024950049817562103,
    0.0460498109459877,
    0.03178701549768448,
    -0.013579229824244976,
    -0.0032938141375780106,
    -0.021973587572574615,
    -0.02495058998465538,
    -0.07358904182910919,
    -0.02312161587178707,
    -0.011064413003623486,
    -0.0258156880736351,
    -0.0026225089095532894,
    0.04319077357649803,
    0.06346417218446732,
    -0.0778624638915062,
    -0.05437915399670601,
    -0.005392621736973524,
    -0.046535469591617584,
    0.0033598425798118114,
    -0.018428942188620567,
    0.026773974299430847,
    -0.01695670746266842,
    -0.0365782231092453,
    -0.08823604881763458,
    0.006276458036154509,
    -0.04589573293924332,
    -0.11120335757732391,
    0.059296078979969025,
    -0.03447775915265083,
    0.07106480747461319,
    -0.01718291826546192,
    0.030216891318559647,
    0.037808723747730255,
    -0.0101110665127635,
    -0.05820194631814957,
    -0.01579572632908821,
    0.029224593192338943,
    0.03013765625655651,
    -0.018997974693775177,
    0.01776052825152874,
    0.07217758893966675,
    -0.05409350246191025,
    -0.07154881954193115,
    0.03349295258522034,
    -0.0536598265171051,
    0.023059606552124023,
    -0.02899988181889057,
    0.03333020582795143,
    0.027853723615407944,
    0.0008300733752548695,
    -0.029441922903060913,
    -0.11513814330101013,
    0.020781435072422028,
    -0.13154740631580353,
    0.045931942760944366,
    0.04897662624716759,
    0.08466234058141708,
    -0.01587982103228569,
    0.08124585449695587,
    -0.06036221981048584,
    1.4284541975939646e-05,
    0.02454805187880993,
    0.011958043090999126,
    -0.04239862784743309,
    0.07915426790714264,
    0.011360951699316502,
    0.03243420645594597,
    0.0355413518846035,
    0.01035265438258648,
    0.06256502866744995,
    0.0027849094476550817,
    -0.02151741087436676,
    -0.016362810507416725,
    -0.02738935314118862,
    0.03658359870314598,
    0.001647583907470107,
    -0.029343286529183388,
    -0.002243541181087494,
    0.04674030840396881,
    0.02634545974433422,
    0.02768370322883129,
    0.008142311125993729,
    0.043342508375644684,
    0.03193820267915726,
    -0.10492837429046631,
    -0.018042869865894318,
    -0.0395960696041584,
    0.033366624265909195,
    -0.01827653869986534,
    -0.005754689686000347,
    0.05081700533628464,
    -0.08183329552412033,
    -0.03785211592912674,
    0.0662633553147316,
    -0.11468151211738586,
    0.050099506974220276,
    -0.007875030860304832,
    0.07634341716766357,
    0.06856679916381836,
    0.0655730813741684,
    -0.032067056745290756,
    0.03044123761355877,
    0.018257416784763336,
    0.02035352773964405,
    -0.0733511671423912,
    0.032376598566770554,
    -0.0381840318441391,
    -0.025912856683135033,
    -0.03441281244158745,
