{
  "embedding_files": [
    "gt_217.1s_f47.jpg",
    "gt_117.2s_f5.jpg",
    "gt_324.5s_f97.jpg",
    "gt_26.2s_f3.jpg",
    "gt_80.2s_f36.jpg"
  ],
  "backup_files": [
    "new_1776234324997_gt_1051.3s_f147.jpg",
    "new_1776234324997_gt_184.5s_f38.jpg",
    "new_1776234324997_gt_2.1s_f7.jpg",
    "new_1776234324997_gt_383.1s_f60.jpg",
    "new_1776234324997_gt_890.5s_f118.jpg"
  ],
  "scores": {
    "gt_26.2s_f3.jpg": 1.9113,
    "gt_80.2s_f36.jpg": 1.5191,
    "gt_132.1s_f65.jpg": 0.9441,
    "gt_217.1s_f47.jpg": 98.6635,
    "gt_117.2s_f5.jpg": 26.325,
    "gt_324.5s_f97.jpg": 25.0225
  },
  "approved_files": [
    "gt_217.1s_f47.jpg",
    "gt_117.2s_f5.jpg",
    "gt_324.5s_f97.jpg",
    "gt_26.2s_f3.jpg",
    "gt_80.2s_f36.jpg",
    "gt_132.1s_f65.jpg",
    "new_1776234324997_gt_1051.3s_f147.jpg",
    "new_1776234324997_gt_184.5s_f38.jpg",
    "new_1776234324997_gt_2.1s_f7.jpg",
    "new_1776234324997_gt_383.1s_f60.jpg",
    "new_1776234324997_gt_589.1s_f95.jpg",
    "new_1776234324997_gt_589.5s_f74.jpg",
    "new_1776234324997_gt_890.5s_f118.jpg"
  ],
  "mean_embedding": [
    9.045693150255829e-05,
    0.06167010962963104,
    0.027393046766519547,
    0.0650988221168518,
    -0.04576217755675316,
    -0.02946827933192253,
    0.061150167137384415,
    0.05040543153882027,
    -0.056640226393938065,
    0.05018351599574089,
    0.02500900998711586,
    -0.020907478407025337,
    0.06912095844745636,
    0.019836189225316048,
    0.031102333217859268,
    -0.07559649646282196,
    -0.032079942524433136,
    0.04721232131123543,
    0.03623652458190918,
    -0.024052903056144714,
    -0.019380096346139908,
    -0.051063913851976395,
    0.010601183399558067,
    -0.02833777852356434,
    0.0049970634281635284,
    -0.028985757380723953,
    -0.030292998999357224,
    -0.0336577445268631,
    0.01123275700956583,
    0.04418766871094704,
    -0.0048436615616083145,
    0.0377715602517128,
    -0.03346165269613266,
    0.009694954380393028,
    -0.0879402682185173,
    -0.04074886441230774,
    0.02922193333506584,
    0.02557365596294403,
    0.04473058879375458,
    0.0454915426671505,
    0.03738059103488922,
    0.041361790150403976,
    -0.04965671896934509,
    0.06849513947963715,
    -0.052362680435180664,
    -0.042495328933000565,
    0.04822155833244324,
    -0.04518008604645729,
    0.04052892327308655,
    -0.03662877902388573,
    -0.003413740312680602,
    0.10636083781719208,
    -0.07730834186077118,
    -0.050638988614082336,
    -0.005217482335865498,
    0.07786929607391357,
    -0.012320212088525295,
    0.033757664263248444,
    0.042667023837566376,
    -0.0389864519238472,
    -0.015621419064700603,
    -0.06454527378082275,
    0.00706328684464097,
    -0.02435171790421009,
    0.004457039292901754,
    0.0069907126016914845,
    0.002046156907454133,
    -0.07219778001308441,
    -0.010937299579381943,
    -0.003407403826713562,
    0.030063418671488762,
    -0.04305177554488182,
    0.03241940587759018,
    -0.01829458959400654,
    0.008723184466362,
    -0.02683219313621521,
    0.0541669987142086,
    0.0030374571215361357,
    -0.07489337772130966,
    0.06367470324039459,
    0.05042494833469391,
    -0.054806262254714966,
    -0.05443344637751579,
    -0.06839407980442047,
    0.060416948050260544,
    -0.02004902809858322,
    0.08514013141393661,
    -0.05127672478556633,
    -0.06860373169183731,
    0.010376113466918468,
    0.0818570926785469,
    -0.01950237900018692,
    -0.021954935044050217,
    -0.05934366211295128,
    -0.0790109857916832,
    -0.014641587622463703,
    0.04308268427848816,
    0.059473708271980286,
    -0.040373582392930984,
    -0.041294876486063004,
    0.03693469613790512,
    -0.00655883364379406,
    0.06279369443655014,
    -0.0008695751312188804,
    0.07444304972887039,
    0.030497204512357712,
    -0.022491836920380592,
    -0.05805183947086334,
    -0.047687362879514694,
    0.014083050191402435,
    -0.0531606487929821,
    0.019121957942843437,
    -0.011438347399234772,
    0.06721316277980804,
    -0.012746782042086124,
    0.09544230997562408,
    0.009105253964662552,
    0.057738956063985825,
    0.022996574640274048,
    0.13461004197597504,
    -0.0013840936589986086,
    0.011099442839622498,
    0.07680556178092957,
    0.035614196211099625,
    -0.04220051318407059,
    -0.07497180998325348,
    -0.056197356432676315,
    -0.039375096559524536,
    -0.043965842574834824,
    0.025998707860708237,
    -0.06438791006803513,
    -0.0004922621883451939,
    -0.04200667142868042,
    0.011979960836470127,
    0.029656335711479187,
    -0.021250251680612564,
    0.014086979441344738,
    0.05732111632823944,
    -0.02329167164862156,
    -0.008092247880995274,
    -0.023883281275629997,
    0.039307087659835815,
    0.042995210736989975,
    -0.01308455877006054,
    0.05006180703639984,
    -0.021660102531313896,
    0.015220743604004383,
    0.0339224711060524,
    -0.0186337698251009,
    0.044191163033246994,
    -0.0012059361906722188,
    -0.048855382949113846,
    0.008574176579713821,
    -0.03708579018712044,
    0.014671946875751019,
    -0.003356970613822341,
    0.0019326924812048674,
    0.024948235601186752,
    0.04605172947049141,
    0.0317864753305912,
    -0.01358480378985405,
    -0.0032942371908575296,
    -0.021975837647914886,
    -0.02494588866829872,
    -0.07358980178833008,
    -0.023121720179915428,
    -0.01106756180524826,
    -0.025815054774284363,
    -0.002624343615025282,
    0.04319317638874054,
    0.0634618028998375,
    -0.07787032425403595,
    -0.05438109487295151,
    -0.005387493409216404,
    -0.046538639813661575,
    0.00335963093675673,
    -0.018431110307574272,
    0.02677459828555584,
    -0.016951482743024826,
    -0.03657267987728119,
    -0.08823679387569427,
    0.006279957480728626,
    -0.04589763283729553,
    -0.11120184510946274,
    0.05928858742117882,
    -0.034474052488803864,
    0.07106517255306244,
    -0.01718716509640217,
    0.03021351620554924,
    0.0378091000020504,
    -0.010106063447892666,
    -0.058203842490911484,
    -0.01580117642879486,
    0.029223021119832993,
    0.030140625312924385,
    -0.018997525796294212,
    0.017757557332515717,
    0.07217427343130112,
    -0.054096005856990814,
    -0.07155043631792068,
    0.03349116072058678,
    -0.053662050515413284,
    0.02306133694946766,
    -0.029002908617258072,
    0.03332841768860817,
    0.027853285893797874,
    0.0008252030238509178,
    -0.029440049082040787,
    -0.11513402312994003,
    0.020782899111509323,
    -0.13154569268226624,
    0.0459328331053257,
    0.04897530376911163,
    0.08466731011867523,
    -0.015884339809417725,
    0.08124751597642899,
    -0.060362640768289566,
    1.4379428648680914e-05,
    0.024548854678869247,
    0.011959897354245186,
    -0.04239972308278084,
    0.07915309071540833,
    0.01136370562016964,
    0.032435547560453415,
    0.035541389137506485,
    0.010355047881603241,
    0.06256211549043655,
    0.002785622840747237,
    -0.02151554264128208,
    -0.016365952789783478,
    -0.027388829737901688,
    0.03658827394247055,
    0.0016528592677786946,
    -0.029344331473112106,
    -0.002241329289972782,
    0.046742841601371765,
    0.02634083665907383,
    0.02768545225262642,
    0.008140219375491142,
    0.04334059730172157,
    0.03193933889269829,
    -0.1049295961856842,
    -0.018040552735328674,
    -0.03959241509437561,
    0.033365506678819656,
    -0.0182794276624918,
    -0.00575734069570899,
    0.050817251205444336,
    -0.0818362906575203,
    -0.03785303607583046,
    0.06626684218645096,
    -0.11467782407999039,
    0.05009721964597702,
    -0.00787731446325779,
    0.07634305208921432,
    0.06856587529182434,
    0.06557288765907288,
    -0.03206842020153999,
    0.03044324927031994,
    0.018258748576045036,
    0.020356647670269012,
    -0.07335527241230011,
    0.03238186240196228,
    -0.03818633034825325,
    -0.025911789387464523,
    -0.03441205993294716,
