{
  "embedding_files": [
    "gt_54.7s_f18.jpg",
    "gt_73.5s_f30.jpg",
    "gt_68.7s_f20.jpg",
    "gt_250.4s_f274.jpg",
    "gt_89.2s_f49.jpg",
    "gt_105.3s_f64.jpg",
    "gt_176.7s_f81.jpg",
    "gt_204.2s_f100.jpg",
    "gt_87.6s_f35.jpg",
    "gt_90.6s_f15.jpg"
  ],
  "backup_files": [
    "new_1777919025923_gt_168.8s_f164.jpg",
    "new_1777919025923_gt_239.1s_f74.jpg",
    "new_1777919025923_gt_254.9s_f83.jpg",
    "new_1777919025923_gt_104.1s_f54.jpg",
    "new_1777919025923_gt_176.7s_f76.jpg"
  ],
  "scores": {
    "gt_54.7s_f18.jpg": 28.4006,
    "gt_73.5s_f30.jpg": 27.9349,
    "gt_89.2s_f49.jpg": 22.9072,
    "gt_105.3s_f64.jpg": 19.2086,
    "gt_250.4s_f274.jpg": 23.2101,
    "gt_68.7s_f20.jpg": 24.6372,
    "gt_87.6s_f35.jpg": 20.9041,
    "gt_204.2s_f100.jpg": 19.3279,
    "gt_90.6s_f15.jpg": 17.8817,
    "gt_176.7s_f81.jpg": 14.7377
  },
  "approved_files": [
    "new_1777919025923_gt_104.1s_f54.jpg",
    "new_1777919025923_gt_105.3s_f75.jpg",
    "new_1777919025923_gt_121.3s_f102.jpg",
    "new_1777919025923_gt_126.9s_f3.jpg",
    "new_1777919025923_gt_147.6s_f58.jpg",
    "new_1777919025923_gt_168.8s_f164.jpg",
    "new_1777919025923_gt_176.7s_f76.jpg",
    "new_1777919025923_gt_185.2s_f188.jpg",
    "new_1777919025923_gt_201.4s_f193.jpg",
    "new_1777919025923_gt_239.1s_f74.jpg",
    "new_1777919025923_gt_254.9s_f83.jpg",
    "new_1777919025923_gt_54.7s_f1.jpg",
    "new_1777919025923_gt_89.2s_f54.jpg",
    "gt_105.3s_f64.jpg",
    "gt_176.7s_f81.jpg",
    "gt_204.2s_f100.jpg",
    "gt_250.4s_f274.jpg",
    "gt_54.7s_f18.jpg",
    "gt_68.7s_f20.jpg",
    "gt_73.5s_f30.jpg",
    "gt_87.6s_f35.jpg",
    "gt_89.2s_f49.jpg",
    "gt_90.6s_f15.jpg"
  ],
  "mean_embedding": [
    -0.007186369504779577,
    0.04885104298591614,
    -0.08820033073425293,
    0.03206551820039749,
    -0.01986849680542946,
    -0.06428048014640808,
    0.04158036783337593,
    -0.008265363052487373,
    -0.007675618398934603,
    0.020396243780851364,
    0.09122757613658905,
    -0.07199674844741821,
    0.0992535799741745,
    0.06999056041240692,
    -0.024211551994085312,
    -0.014370601624250412,
    -0.06532715260982513,
    -0.043440159410238266,
    0.030053237453103065,
    -0.021040314808487892,
    -0.04657140374183655,
    -0.04071491211652756,
    -0.0009488869109191,
    -0.02640899457037449,
    -0.029459355399012566,
    -0.05556321516633034,
    0.001500072656199336,
    -0.050231825560331345,
    -0.04480057209730148,
    0.07517662644386292,
    0.06718863546848297,
    0.03559480607509613,
    -0.00997899193316698,
    0.02562318556010723,
    0.026866057887673378,
    -0.0535571463406086,
    0.01577337086200714,
    0.019207505509257317,
    0.0676993727684021,
    0.06920591741800308,
    -0.03558144345879555,
    0.04158598557114601,
    -0.0340898223221302,
    0.053614746779203415,
    -0.06527649611234665,
    -0.004637095145881176,
    0.016067024320364,
    0.008512330241501331,
    0.0036061685532331467,
    0.03755727410316467,
    -0.014010049402713776,
    0.06363925337791443,
    0.036073148250579834,
    -0.00525991665199399,
    -0.039660509675741196,
    0.04428498446941376,
    0.012868336401879787,
    -0.018614737316966057,
    0.06941317766904831,
    -0.018391937017440796,
    0.07101956009864807,
    -0.022311540320515633,
    0.01684224046766758,
    0.0234979335218668,
    0.022255657240748405,
    -0.020191149786114693,
    -0.07609104365110397,
    -0.01174940261989832,
    0.004008724354207516,
    0.0075049204751849174,
    -0.05061076208949089,
    0.05449191480875015,
    -0.0011882996186614037,
    -0.042809560894966125,
    -0.05977413430809975,
    -0.0002419744268991053,
    0.030312111601233482,
    0.02394985221326351,
    0.0699482187628746,
    0.05255249887704849,
    0.010217791423201561,
    -0.04748392850160599,
    0.0009212639997713268,
    0.0490744449198246,
    -0.04746656119823456,
    0.004900201689451933,
    0.007550445850938559,
    -0.050919026136398315,
    0.009837220422923565,
    0.012825341895222664,
    -0.03347820043563843,
    -0.006861322093755007,
    0.05813240259885788,
    -0.046189647167921066,
    0.05669540539383888,
    -0.06576379388570786,
    0.030197396874427795,
    0.036866445094347,
    0.024790633469820023,
    0.07240700721740723,
    -0.020464831963181496,
    0.07541101425886154,
    -0.04895821213722229,
    -0.038145314902067184,
    0.07053931802511215,
    -0.09770409762859344,
    0.057752981781959534,
    -0.04770086705684662,
    -0.09484479576349258,
    -0.023807711899280548,
    0.032075800001621246,
    0.03109036758542061,
    0.007262650411576033,
    -0.08374806493520737,
    -0.02651853859424591,
    0.04095161333680153,
    -0.005285579711198807,
    0.07511173188686371,
    -0.030727647244930267,
    0.1070806086063385,
    0.005462867207825184,
    -0.0011467975564301014,
    -0.013741033151745796,
    0.031589340418577194,
    -0.010114191100001335,
    -0.05224555358290672,
    0.01208302192389965,
    0.05834333971142769,
    -0.05546833574771881,
    0.012737925164401531,
    0.020413052290678024,
    0.079654261469841,
    -0.003909957129508257,
    -0.03507909178733826,
    -0.012011487036943436,
    -0.02884926274418831,
    0.07762756943702698,
    -0.055957403033971786,
    0.029822394251823425,
    -0.011013657785952091,
    0.07059358060359955,
    0.014579623006284237,
    0.04706374183297157,
    0.08081046491861343,
    0.041178204119205475,
    -0.009727809578180313,
    -0.01942421682178974,
    0.033379651606082916,
    0.016146954149007797,
    0.023401767015457153,
    0.00847470574080944,
    -0.013738080859184265,
    0.02035793475806713,
    -0.05960575118660927,
    -0.0016762643354013562,
    0.007505735382437706,
    -0.03146025538444519,
    0.024301275610923767,
    -0.0416778028011322,
    0.07943039387464523,
    0.06697039306163788,
    -0.040937963873147964,
    -0.03683982044458389,
    -0.04311494529247284,
    -0.034747641533613205,
    0.023228798061609268,
    -0.07574488967657089,
    0.0015136223519220948,
    -0.0635376051068306,
    -0.008578761480748653,
    -0.03307883068919182,
    0.050793521106243134,
    0.030857224017381668,
    -0.004049171693623066,
    -0.025764623656868935,
    -0.0722053125500679,
    -0.055264171212911606,
    -0.017566828057169914,
    -0.011446621268987656,
    -0.024816719815135002,
    -0.009625050239264965,
    0.018129490315914154,
    -0.009664126671850681,
    -0.04223201423883438,
    0.011546410620212555,
    -0.0010628849267959595,
    0.006179231684654951,
    -0.008961745537817478,
    0.0326046384871006,
    0.02952640689909458,
    -0.02047019451856613,
    0.024570362642407417,
    -0.041271939873695374,
    0.024459009990096092,
    0.04911256581544876,
    -0.012825893238186836,
    0.013968673534691334,
    -0.0012177764438092709,
    0.021137474104762077,
    0.0020924743730574846,
    0.052208200097084045,
    -0.019140882417559624,
    -0.025878414511680603,
    0.058534715324640274,
    0.02561933733522892,
    -0.022470993921160698,
    -0.056433532387018204,
    -0.03509317338466644,
    0.047473277896642685,
    -0.018009517341852188,
    -0.053442589938640594,
    0.03354915231466293,
    0.019256986677646637,
    0.010567120276391506,
    -0.05321621894836426,
    0.00542834447696805,
    0.006136106792837381,
    -0.02742939442396164,
    -0.059828951954841614,
    -0.024335511028766632,
    0.004120366647839546,
    0.006633072625845671,
    -0.0431990884244442,
    -0.030678872019052505,
    -0.0016041119815781713,
    0.012652628123760223,
    -0.018234793096780777,
    0.07381211966276169,
    -0.05243474245071411,
    0.012851644307374954,
    -0.023578621447086334,
    0.0351974219083786,
    -0.024923810735344887,
    -0.009776043705642223,
    -0.043346110731363297,
    -0.018384693190455437,
    0.04565715417265892,
    -0.008640688844025135,
    0.02064633183181286,
    0.045519694685935974,
    -0.018471410498023033,
