{
  "embedding_files": [
    "new_1776234249539_gt_383.1s_f50.jpg",
    "gt_67.2s_f7.jpg",
    "gt_86.3s_f31.jpg",
    "gt_117.2s_f2.jpg",
    "gt_111.1s_f81.jpg",
    "gt_127.6s_f72.jpg",
    "gt_224.0s_f129.jpg",
    "gt_234.3s_f135.jpg",
    "gt_244.4s_f145.jpg",
    "gt_254.8s_f151.jpg",
    "gt_265.3s_f162.jpg",
    "gt_275.8s_f172.jpg",
    "gt_58.0s_f12.jpg"
  ],
  "backup_files": [
    "new_1776234249539_gt_589.1s_f90.jpg",
    "gt_324.5s_f89.jpg",
    "new_1776234249539_gt_2.1s_f3.jpg"
  ],
  "scores": {
    "gt_117.2s_f2.jpg": 24.7385,
    "gt_324.5s_f89.jpg": 22.6561,
    "new_1776234249539_gt_2.1s_f3.jpg": 22.5786,
    "new_1776234249539_gt_383.1s_f50.jpg": 45.9404,
    "new_1776234249539_gt_589.1s_f90.jpg": 22.4172,
    "gt_58.0s_f12.jpg": 30.1388,
    "gt_111.1s_f81.jpg": 20.7323,
    "gt_67.2s_f7.jpg": 28.095,
    "gt_86.3s_f31.jpg": 24.9234,
    "gt_127.6s_f72.jpg": 23.6533
  },
  "approved_files": [
    "gt_117.2s_f2.jpg",
    "gt_324.5s_f89.jpg",
    "new_1776234249539_gt_2.1s_f3.jpg",
    "new_1776234249539_gt_383.1s_f50.jpg",
    "new_1776234249539_gt_589.1s_f90.jpg",
    "gt_111.1s_f81.jpg",
    "gt_127.6s_f72.jpg",
    "gt_224.0s_f129.jpg",
    "gt_234.3s_f135.jpg",
    "gt_244.4s_f145.jpg",
    "gt_254.8s_f151.jpg",
    "gt_265.3s_f162.jpg",
    "gt_275.8s_f172.jpg",
    "gt_58.0s_f12.jpg",
    "gt_67.2s_f7.jpg",
    "gt_86.3s_f31.jpg"
  ],
  "mean_embedding": [
    0.038599174469709396,
    0.024441005662083626,
    -0.016813378781080246,
    0.023899618536233902,
    -0.012656258419156075,
    -0.020369291305541992,
    0.03171722590923309,
    -0.07123608887195587,
    0.03327525034546852,
    0.022499723359942436,
    0.017348913475871086,
    -0.0026671807281672955,
    -0.018526440486311913,
    -0.021729961037635803,
    0.022563278675079346,
    -0.02179693430662155,
    0.05635448545217514,
    -0.03195805847644806,
    -0.026535850018262863,
    -0.0631813034415245,
    -0.008206495083868504,
    -0.03004671446979046,
    0.02378515712916851,
    -0.015821237117052078,
    -0.0144818015396595,
    0.00490942457690835,
    -0.036127131432294846,
    0.0027910557109862566,
    -0.012222455814480782,
    0.04448321461677551,
    -0.038882557302713394,
    0.00687145022675395,
    0.007977649569511414,
    0.017753835767507553,
    0.03073946386575699,
    0.02905450016260147,
    -0.01437250804156065,
    -0.009387871250510216,
    -0.021348843351006508,
    0.025969168171286583,
    -0.0330783911049366,
    -0.010195024311542511,
    -0.04291645437479019,
    0.0984925776720047,
    0.04010384529829025,
    0.024548541754484177,
    0.09214772284030914,
    0.025058414787054062,
    -0.04607453569769859,
    0.04079234600067139,
    -0.04289863631129265,
    0.023589717224240303,
    0.0762028843164444,
    -0.007718716282397509,
    0.060677558183670044,
    0.013065643608570099,
    0.003994862083345652,
    -0.037073858082294464,
    0.041321735829114914,
    0.0375368669629097,
    -0.03138401731848717,
    -0.013801231980323792,
    0.013564987108111382,
    0.01221806462854147,
    0.03147946298122406,
    0.015624625608325005,
    -0.056345384567976,
    -0.004340797662734985,
    0.033477023243904114,
    0.031380023807287216,
    0.03339674323797226,
    -0.030181176960468292,
    0.0471581406891346,
    0.007727894000709057,
    0.028075968846678734,
    0.005659651942551136,
    0.07357936352491379,
    -0.009683501906692982,
    -0.004887708462774754,
    0.06555625796318054,
    0.012384790927171707,
    0.011287246830761433,
    0.06209326907992363,
    0.036842916160821915,
    -0.02421249821782112,
    0.001973078353330493,
    0.053500737994909286,
    -0.048496540635824203,
    -0.0042158495634794235,
    -0.005913242697715759,
    0.0117186913266778,
    0.0023618501145392656,
    0.01400301419198513,
    -0.04766562953591347,
    0.003949481062591076,
    -0.05649459362030029,
    0.07756762206554413,
    0.01873607560992241,
    -0.01775212772190571,
    -0.004001387860625982,
    -0.07343771308660507,
    -0.011926625855267048,
    0.013319729827344418,
    0.04133220762014389,
    0.002008668379858136,
    0.03579506278038025,
    0.0181078240275383,
    -0.047526534646749496,
    0.06610159575939178,
    0.02253284491598606,
    0.0580587163567543,
    0.007155077066272497,
    -0.09393996000289917,
    0.029401343315839767,
    -0.018879685550928116,
    0.04934138059616089,
    0.08134723454713821,
    -0.041685331612825394,
    -0.17854605615139008,
    -0.014147364534437656,
    -0.03329106792807579,
    0.0167744979262352,
    -0.030905520543456078,
    0.053125981241464615,
    -0.005984683055430651,
    0.028406422585248947,
    -0.04031943902373314,
    -0.008479425683617592,
    -0.03397423401474953,
    0.02330676279962063,
    0.04855334386229515,
    0.0780930370092392,
    -0.042395852506160736,
    -0.0027460274286568165,
    0.0006102944607846439,
    -0.050923094153404236,
    0.01329953595995903,
    0.0009469522046856582,
    -0.021032648161053658,
    0.01454702764749527,
    -0.03736341744661331,
    -0.022727996110916138,
    -0.015764746814966202,
    -0.04449131339788437,
    -0.05363388732075691,
    0.0463021919131279,
    -0.014428187161684036,
    -0.0048605529591441154,
    -0.036318596452474594,
    -0.0393182709813118,
    0.06073351949453354,
    0.011648157611489296,
    -0.045755866914987564,
    -0.07864128798246384,
    -0.020570779219269753,
    -0.09425176680088043,
    -0.01875695027410984,
    -0.07449162006378174,
    -0.05136801302433014,
    0.04941241815686226,
    0.07405415922403336,
    0.03755766898393631,
    -0.009878408163785934,
    0.04635066166520119,
    -0.0261209886521101,
    -0.03415049985051155,
    0.05268824100494385,
    -0.03537440672516823,
    -0.0029824201483279467,
    -0.012229975312948227,
    0.016552705317735672,
    0.01879558525979519,
    0.08661863952875137,
    0.002508497331291437,
    -0.027467215433716774,
    -0.06478932499885559,
    0.0027578496374189854,
    0.034212786704301834,
    0.0750216394662857,
    0.11893229931592941,
    -0.06830573827028275,
    -0.05306844413280487,
    0.034553561359643936,
    0.05002790689468384,
    0.09874480962753296,
    -0.023373691365122795,
    -0.025987887755036354,
    -0.010976201854646206,
    0.06304501742124557,
    -0.0708901658654213,
    -0.03910744562745094,
    0.016377652063965797,
    -0.005292202346026897,
    -0.029065443202853203,
    -0.019807279109954834,
    -0.021508319303393364,
    0.0009233381715603173,
    0.02910614386200905,
    -0.0046249753795564175,
    -0.044139716774225235,
    -0.012900082394480705,
    -0.06665413826704025,
    -0.014669842086732388,
    -0.01641141064465046,
    0.005128545220941305,
    -0.010742295533418655,
    -0.08228423446416855,
    0.012685397639870644,
    -0.016591927036643028,
    0.004054272547364235,
    -0.10050377249717712,
    -0.02546955645084381,
    -0.031935691833496094,
    0.010776199400424957,
    -0.05376875773072243,
    0.03451133146882057,
    -0.027113530784845352,
    0.011126570403575897,
    0.06830215454101562,
    -0.07131854444742203,
    0.051120638847351074,
    -0.0032326329965144396,
    -0.08372510224580765,
    0.0482490248978138,
    0.034717559814453125,
    -0.04362770915031433,
    -0.03060961328446865,
    0.046283893287181854,
    -0.011141825467348099,
    -0.01298469491302967,
    -0.07487569749355316,
    0.03997917100787163,
    -0.016530286520719528,
    -0.048399683088064194,
    -0.013174325227737427,
    0.023420479148626328,
    0.05818914622068405,
    0.0216792244464159,
    -0.08339378982782364,
    -0.012766716070473194,
    -0.009442735463380814,
    -0.04040061682462692,
    -0.005837214179337025,
    0.05703704059123993,
    -0.023009398952126503,
    -0.015668248757719994,
    -0.023861071094870567,
    0.025993144139647484,
    0.06351124495267868,
    -0.014135430566966534,
    -0.0234316848218441,
    -0.062175143510103226,
    0.04157739505171776,
