{
  "embedding_files": [
    "new_1776234249539_gt_383.1s_f50.jpg",
    "gt_67.2s_f7.jpg",
    "gt_86.3s_f31.jpg",
    "gt_117.2s_f2.jpg",
    "gt_111.1s_f81.jpg"
  ],
  "backup_files": [
    "gt_127.6s_f72.jpg",
    "gt_224.0s_f129.jpg",
    "gt_234.3s_f135.jpg",
    "gt_244.4s_f145.jpg",
    "gt_254.8s_f151.jpg"
  ],
  "scores": {
    "gt_117.2s_f2.jpg": 24.7385,
    "gt_324.5s_f89.jpg": 22.6561,
    "new_1776234249539_gt_2.1s_f3.jpg": 22.5786,
    "new_1776234249539_gt_383.1s_f50.jpg": 45.9404,
    "new_1776234249539_gt_589.1s_f90.jpg": 22.4172,
    "gt_58.0s_f12.jpg": 30.1388,
    "gt_111.1s_f81.jpg": 20.7323,
    "gt_67.2s_f7.jpg": 28.095,
    "gt_86.3s_f31.jpg": 24.9234,
    "gt_127.6s_f72.jpg": 23.6533
  },
  "approved_files": [
    "gt_117.2s_f2.jpg",
    "gt_324.5s_f89.jpg",
    "new_1776234249539_gt_2.1s_f3.jpg",
    "new_1776234249539_gt_383.1s_f50.jpg",
    "new_1776234249539_gt_589.1s_f90.jpg",
    "gt_111.1s_f81.jpg",
    "gt_127.6s_f72.jpg",
    "gt_224.0s_f129.jpg",
    "gt_234.3s_f135.jpg",
    "gt_244.4s_f145.jpg",
    "gt_254.8s_f151.jpg",
    "gt_265.3s_f162.jpg",
    "gt_275.8s_f172.jpg",
    "gt_58.0s_f12.jpg",
    "gt_67.2s_f7.jpg",
    "gt_86.3s_f31.jpg"
  ],
  "mean_embedding": [
    0.014491498470306396,
    0.00938643328845501,
    0.002895468147471547,
    0.00045976118417456746,
    -0.00309296278283,
    -0.00790097750723362,
    0.03465729579329491,
    -0.05555037036538124,
    0.03318767622113228,
    0.03690303489565849,
    0.03621334582567215,
    -0.02040012553334236,
    -0.02089989185333252,
    -0.01118968054652214,
    0.01676318608224392,
    -0.03193417564034462,
    0.0467279888689518,
    -0.021916795521974564,
    -0.009451699443161488,
    -0.07305649667978287,
    -0.022883517667651176,
    -0.028439290821552277,
    0.02721118927001953,
    -0.016287436708807945,
    -0.044846851378679276,
    -0.013674373738467693,
    -0.057832490652799606,
    0.009866787120699883,
    -0.0189015232026577,
    0.025596966966986656,
    0.026125125586986542,
    -0.01993555575609207,
    -0.007065570913255215,
    0.02201600931584835,
    0.023808039724826813,
    0.03408887982368469,
    -0.005248958710581064,
    -0.019224314019083977,
    -0.04492117837071419,
    0.04860267415642738,
    -0.03386266902089119,
    -0.024765286594629288,
    -0.04281795769929886,
    0.10159245133399963,
    0.04023893550038338,
    0.021386656910181046,
    0.098972849547863,
    0.025567758828401566,
    -0.040157780051231384,
    0.0366431288421154,
    -0.06413736194372177,
    0.02359112538397312,
    0.05752512067556381,
    -0.00032625082531012595,
    0.07802486419677734,
    0.00881559494882822,
    0.026934582740068436,
    -0.016212044283747673,
    0.00844322144985199,
    0.046516988426446915,
    -0.030286768451333046,
    -0.03185290843248367,
    -0.009133948013186455,
    -0.009879951365292072,
    0.02784823067486286,
    0.0186730045825243,
    -0.03366122394800186,
    0.008868809789419174,
    0.025661394000053406,
    0.04150184988975525,
    0.020499374717473984,
    -0.005040158051997423,
    0.054842960089445114,
    -0.004070432856678963,
    0.028100360184907913,
    0.02787673845887184,
    0.044956620782613754,
    -0.02831021137535572,
    -0.031776249408721924,
    0.0777316689491272,
    -0.013230634853243828,
    0.010011292062699795,
    0.051762402057647705,
    0.052890531718730927,
    -0.03460925444960594,
    0.010746080428361893,
    0.05065271258354187,
    -0.011701173149049282,
    -0.008852504193782806,
    0.00007716995605733246,
    -0.0003702314861584455,
    0.002059392398223281,
    0.027530206367373466,
    -0.06800179183483124,
    0.016743699088692665,
    -0.05031450465321541,
    0.08811446279287338,
    -0.0032501528039574623,
    0.009399296715855598,
    -0.007284883409738541,
    -0.06820860505104065,
    -0.021808842197060585,
    0.0010237755486741662,
    0.04227474704384804,
    -0.005621081218123436,
    0.04151998460292816,
    0.034280046820640564,
    -0.02056005969643593,
    0.07061833888292313,
    0.04892212152481079,
    0.036503300070762634,
    -0.0018184257205575705,
    -0.08721527457237244,
    0.0235460065305233,
    -0.01270245760679245,
    0.053741831332445145,
    0.04206996411085129,
    -0.021838407963514328,
    -0.16578643023967743,
    -0.0001957267231773585,
    -0.026364095509052277,
    -0.018638907000422478,
    -0.030942685902118683,
    0.07453159242868423,
    0.00544568570330739,
    0.02156691811978817,
    -0.03767010197043419,
    -0.018084494397044182,
    -0.05501791462302208,
    0.03750154748558998,
    0.07127594947814941,
    0.0731845274567604,
    -0.03999290615320206,
    0.00791967660188675,
    0.022610459476709366,
    -0.08117111027240753,
    0.017241938039660454,
    -0.015467194840312004,
    -0.024277396500110626,
    -0.00035224470775574446,
    -0.037443242967128754,
    -0.024627497419714928,
    -0.025499245151877403,
    -0.05425430089235306,
    -0.0677003487944603,
    0.03851265460252762,
    -0.02521716058254242,
    0.004399049561470747,
    -0.06561727821826935,
    -0.033621612936258316,
    0.06438276171684265,
    0.0032521949615329504,
    -0.05585719645023346,
    -0.09421870857477188,
    -0.020889412611722946,
    -0.09388621151447296,
    -0.046988312155008316,
    -0.08303065598011017,
    -0.0035970902536064386,
    0.05498912185430527,
    0.07591190934181213,
    0.04175202548503876,
    0.0038771897088736296,
    0.060650166124105453,
    -0.012247919104993343,
    -0.026895659044384956,
    0.04743671789765358,
    -0.016317714005708694,
    0.032084010541439056,
    -0.01543352846056223,
    0.004914100281894207,
    0.046113431453704834,
    0.09818562120199203,
    0.03590451553463936,
    -0.022419219836592674,
    -0.08001263439655304,
    -0.014380558393895626,
    0.02943640947341919,
    0.05573071539402008,
    0.1119760125875473,
    -0.05804405361413956,
    -0.06749595701694489,
    0.0525619313120842,
    0.057165566831827164,
    0.10848698765039444,
    0.016699334606528282,
    -0.0446203351020813,
    -0.0130708497017622,
    0.03534433990716934,
    -0.06193067133426666,
    -0.04625311493873596,
    0.029178576543927193,
    -0.008196152746677399,
    -0.048706866800785065,
    -0.0039535462856292725,
    -0.002948473673313856,
    0.007509725168347359,
    -0.008217510767281055,
    0.011887554079294205,
    -0.02911946177482605,
    -0.024828476831316948,
    -0.032774824649095535,
    0.0062548150308430195,
    -0.00017554740770719945,
    0.014129349030554295,
    -0.013478386215865612,
    -0.06048543006181717,
    0.02122304029762745,
    -0.007909844629466534,
    -0.021923715248703957,
    -0.09407111257314682,
    0.010167380794882774,
    -0.0276564322412014,
    0.020695963874459267,
    -0.08155312389135361,
    0.04160919040441513,
    -0.013226090930402279,
    0.026859227567911148,
    0.07987739145755768,
    -0.06150554120540619,
    0.0739048570394516,
    0.013792325742542744,
    -0.06266605854034424,
    0.03039236180484295,
    0.0377054363489151,
    -0.0289029311388731,
    -0.027747444808483124,
    0.04780333861708641,
    -0.016817819327116013,
    -0.04090840741991997,
    -0.10236650705337524,
    0.03805573284626007,
    0.0019377804128453135,
    -0.026356779038906097,
    -0.004473062232136726,
    0.00445104856044054,
    0.061121467500925064,
    0.015367183834314346,
    -0.0746084675192833,
    0.011023416183888912,
    -0.016637852415442467,
    -0.02343062497675419,
    -0.0006599329644814134,
    0.04891740158200264,
    -0.050949160009622574,
    0.0013380737509578466,
    -0.03213774785399437,
    0.03986583277583122,
    0.05830908194184303,
    -0.018070805817842484,
    0.0028501420747488737,
    -0.0299077145755291,
    0.038883570581674576,
    -0.006749534979462624,
    -0.026957910507917404,
    -0.05810585618019104,
    -0.0005068809259682894,
    -0.05030764266848564,
    -0.04962284862995148,
    0.06632261723279953,
