{
  "embedding_files": [
    "new_1776234249539_gt_383.1s_f50.jpg",
    "gt_58.0s_f12.jpg",
    "gt_67.2s_f7.jpg",
    "gt_86.3s_f31.jpg",
    "gt_117.2s_f2.jpg",
    "gt_111.1s_f81.jpg",
    "gt_127.6s_f72.jpg",
    "gt_224.0s_f129.jpg",
    "gt_234.3s_f135.jpg",
    "gt_244.4s_f145.jpg",
    "gt_254.8s_f151.jpg",
    "gt_265.3s_f162.jpg",
    "gt_275.8s_f172.jpg"
  ],
  "backup_files": [
    "new_1776234249539_gt_589.1s_f90.jpg",
    "gt_324.5s_f89.jpg",
    "new_1776234249539_gt_2.1s_f3.jpg"
  ],
  "scores": {
    "gt_117.2s_f2.jpg": 24.7385,
    "gt_324.5s_f89.jpg": 22.6561,
    "new_1776234249539_gt_2.1s_f3.jpg": 22.5786,
    "new_1776234249539_gt_383.1s_f50.jpg": 45.9404,
    "new_1776234249539_gt_589.1s_f90.jpg": 22.4172,
    "gt_58.0s_f12.jpg": 30.1388,
    "gt_111.1s_f81.jpg": 20.7323,
    "gt_67.2s_f7.jpg": 28.095,
    "gt_86.3s_f31.jpg": 24.9234,
    "gt_127.6s_f72.jpg": 23.6533
  },
  "approved_files": [
    "gt_117.2s_f2.jpg",
    "gt_324.5s_f89.jpg",
    "new_1776234249539_gt_2.1s_f3.jpg",
    "new_1776234249539_gt_383.1s_f50.jpg",
    "new_1776234249539_gt_589.1s_f90.jpg",
    "gt_111.1s_f81.jpg",
    "gt_127.6s_f72.jpg",
    "gt_224.0s_f129.jpg",
    "gt_234.3s_f135.jpg",
    "gt_244.4s_f145.jpg",
    "gt_254.8s_f151.jpg",
    "gt_265.3s_f162.jpg",
    "gt_275.8s_f172.jpg",
    "gt_58.0s_f12.jpg",
    "gt_67.2s_f7.jpg",
    "gt_86.3s_f31.jpg"
  ],
  "mean_embedding": [
    0.0385991707444191,
    0.024441007524728775,
    -0.016813378781080246,
    0.023899616673588753,
    -0.012656256556510925,
    -0.020369291305541992,
    0.031717218458652496,
    -0.07123608142137527,
    0.03327525034546852,
    0.022499719634652138,
    0.017348913475871086,
    -0.002667180262506008,
    -0.018526442348957062,
    -0.021729959174990654,
    0.022563276812434196,
    -0.0217969361692667,
    0.05635447800159454,
    -0.03195805475115776,
    -0.026535848155617714,
    -0.0631813034415245,
    -0.008206495083868504,
    -0.03004671260714531,
    0.023785153403878212,
    -0.015821237117052078,
    -0.014481800608336926,
    0.004909424111247063,
    -0.03612712770700455,
    0.0027910545468330383,
    -0.012222454883158207,
    0.044483207166194916,
    -0.0388825498521328,
    0.0068714492954313755,
    0.007977647706866264,
    0.017753833904862404,
    0.03073946386575699,
    0.02905449829995632,
    -0.014372508972883224,
    -0.009387870319187641,
    -0.021348845213651657,
    0.025969166308641434,
    -0.0330783911049366,
    -0.010195023380219936,
    -0.04291645064949989,
    0.0984925702214241,
    0.040103841572999954,
    0.024548539891839027,
    0.09214771538972855,
    0.025058414787054062,
    -0.04607453569769859,
    0.04079234227538109,
    -0.04289863258600235,
    0.023589715361595154,
    0.0762028694152832,
    -0.007718715351074934,
    0.060677558183670044,
    0.013065643608570099,
    0.003994861152023077,
    -0.037073854357004166,
    0.041321732103824615,
    0.0375368632376194,
    -0.03138401359319687,
    -0.013801230117678642,
    0.013564986176788807,
    0.012218063697218895,
    0.03147945925593376,
    0.015624625608325005,
    -0.0563453808426857,
    -0.004340797197073698,
    0.033477023243904114,
    0.031380023807287216,
    0.03339673578739166,
    -0.030181175097823143,
    0.0471581406891346,
    0.007727893069386482,
    0.028075972571969032,
    0.005659648682922125,
    0.07357935607433319,
    -0.009683502838015556,
    -0.004887707997113466,
    0.06555625796318054,
    0.012384789064526558,
    0.011287247762084007,
    0.06209326162934303,
    0.036842912435531616,
    -0.024212494492530823,
    0.001973077654838562,
    0.053500737994909286,
    -0.048496536910533905,
    -0.004215849097818136,
    -0.005913242697715759,
    0.011718688532710075,
    0.002361849881708622,
    0.014003011398017406,
    -0.04766561836004257,
    0.003949479665607214,
    -0.056494586169719696,
    0.07756761461496353,
    0.01873607374727726,
    -0.01775212772190571,
    -0.004001386929303408,
    -0.07343770563602448,
    -0.011926626786589622,
    0.013319727964699268,
    0.04133220389485359,
    0.002008668379858136,
    0.03579505905508995,
    0.018107820302248,
    -0.0475265309214592,
    0.06610158830881119,
    0.02253284677863121,
    0.058058708906173706,
    0.00715507660061121,
    -0.09393996000289917,
    0.029401341453194618,
    -0.018879685550928116,
    0.04934138059616089,
    0.08134721964597702,
    -0.0416853241622448,
    -0.17854605615139008,
    -0.014147364534437656,
    -0.03329106420278549,
    0.0167744979262352,
    -0.03090551681816578,
    0.053125981241464615,
    -0.005984682589769363,
    0.028406422585248947,
    -0.04031943157315254,
    -0.008479425683617592,
    -0.03397423028945923,
    0.02330676279962063,
    0.048553332686424255,
    0.0780930295586586,
    -0.04239584878087044,
    -0.002746027195826173,
    0.000610294402576983,
    -0.050923097878694534,
    0.013299538753926754,
    0.0009469520882703364,
    -0.02103264629840851,
    0.014547026716172695,
    -0.037363409996032715,
    -0.02272799424827099,
    -0.015764744952321053,
    -0.04449130967259407,
    -0.05363388732075691,
    0.0463021881878376,
    -0.014428186230361462,
    -0.0048605515621602535,
    -0.036318596452474594,
    -0.0393182747066021,
    0.06073351204395294,
    0.011648155748844147,
    -0.04575587064027786,
    -0.07864128053188324,
    -0.020570777356624603,
    -0.09425175935029984,
    -0.01875694841146469,
    -0.07449161261320114,
    -0.05136800929903984,
    0.04941241443157196,
    0.07405415177345276,
    0.03755766525864601,
    -0.009878410026431084,
    0.04635065793991089,
    -0.0261209849268198,
    -0.03415049985051155,
    0.05268824100494385,
    -0.03537440672516823,
    -0.0029824201483279467,
    -0.012229972518980503,
    0.016552703455090523,
    0.01879558339715004,
    0.08661863952875137,
    0.0025084952358156443,
    -0.027467213571071625,
    -0.06478932499885559,
    0.002757849171757698,
    0.034212782979011536,
    0.0750216394662857,
    0.11893229186534882,
    -0.06830573081970215,
    -0.05306844040751457,
    0.03455355763435364,
    0.05002790689468384,
    0.09874479472637177,
    -0.023373689502477646,
    -0.025987884029746056,
    -0.01097620278596878,
    0.06304501742124557,
    -0.0708901658654213,
    -0.039107441902160645,
    0.016377650201320648,
    -0.0052922009490430355,
    -0.029065441340208054,
    -0.019807277247309685,
    -0.021508317440748215,
    0.0009233384043909609,
    0.0291061419993639,
    -0.00462497491389513,
    -0.04413970559835434,
    -0.01290008146315813,
    -0.06665413081645966,
    -0.014669843018054962,
    -0.01641140878200531,
    0.005128544755280018,
    -0.01074229460209608,
    -0.08228422701358795,
    0.012685396708548069,
    -0.01659192517399788,
    0.0040542748756706715,
    -0.10050377249717712,
    -0.02546955831348896,
    -0.031935688108205795,
    0.010776200331747532,
    -0.05376875773072243,
    0.03451132774353027,
    -0.027113523334264755,
    0.011126569472253323,
    0.06830214709043503,
    -0.07131853699684143,
    0.051120635122060776,
    -0.0032326332293450832,
    -0.08372509479522705,
    0.0482490211725235,
    0.034717559814453125,
    -0.04362770542502403,
    -0.0306096114218235,
    0.046283889561891556,
    -0.011141825467348099,
    -0.01298469491302967,
    -0.07487568259239197,
    0.03997916728258133,
    -0.016530286520719528,
    -0.048399679362773895,
    -0.013174323365092278,
    0.02342047728598118,
    0.058189138770103455,
    0.021679218858480453,
    -0.08339378237724304,
    -0.012766717001795769,
    -0.009442733600735664,
    -0.040400613099336624,
    -0.005837213713675737,
    0.05703703686594963,
    -0.023009395226836205,
    -0.015668246895074844,
    -0.023861069232225418,
    0.025993146002292633,
    0.06351124495267868,
    -0.014135429635643959,
    -0.023431681096553802,
    -0.06217513978481293,
    0.04157739132642746,
