{
  "embedding_files": [
    "gt_179.3s_f166.jpg",
    "gt_213.3s_f197.jpg",
    "gt_140.2s_f143.jpg",
    "gt_102.8s_f113.jpg"
  ],
  "backup_files": [],
  "scores": {
    "gt_179.3s_f166.jpg": 3.582,
    "gt_140.2s_f143.jpg": 3.103,
    "gt_102.8s_f113.jpg": 2.9366,
    "gt_213.3s_f197.jpg": 3.2966
  },
  "approved_files": [
    "gt_179.3s_f166.jpg",
    "gt_213.3s_f197.jpg",
    "gt_140.2s_f143.jpg",
    "gt_102.8s_f113.jpg"
  ],
  "mean_embedding": [
    -0.04561059921979904,
    -0.005425930023193359,
    0.028969749808311462,
    0.057355139404535294,
    -0.013746906071901321,
    0.010082688182592392,
    0.09099383652210236,
    -0.03224552050232887,
    0.0020374113228172064,
    0.025244727730751038,
    -0.014723900705575943,
    0.011489370837807655,
    0.14195051789283752,
    -0.03349777311086655,
    0.06508804112672806,
    -0.08153615146875381,
    -0.05693327635526657,
    0.03157156705856323,
    0.015021129511296749,
    -0.025927580893039703,
    0.04734105244278908,
    0.04336263984441757,
    0.006221366580575705,
    -0.031524185091257095,
    0.012642484158277512,
    -0.012794419191777706,
    -0.05620993673801422,
    -0.06089635565876961,
    0.04924847185611725,
    0.061046697199344635,
    -0.06282585859298706,
    -0.05961870402097702,
    0.017241330817341805,
    -0.03257142752408981,
    0.05524970963597298,
    -0.05547862499952316,
    0.005937016103416681,
    -0.018661577254533768,
    0.006716600153595209,
    0.024305520579218864,
    -0.001671993755735457,
    -0.04974755272269249,
    0.00850769504904747,
    0.0026827247347682714,
    0.013445865362882614,
    0.007939650677144527,
    0.05107186734676361,
    0.0007000999175943434,
    0.04411599040031433,
    -0.04299284517765045,
    0.06690236181020737,
    0.06622343510389328,
    -0.025206780061125755,
    0.008971457369625568,
    0.06672867387533188,
    0.022436553612351418,
    0.06426704674959183,
    -0.047561164945364,
    -0.006909034214913845,
    0.08422955125570297,
    0.03944113105535507,
    0.04419655352830887,
    -0.04824129119515419,
    -0.008086852729320526,
    -0.019571345299482346,
    0.012152049690485,
    0.03829091042280197,
    -0.04723064973950386,
    0.01515619084239006,
    0.016792170703411102,
    0.05536017194390297,
    -0.012641666457057,
    0.08636442571878433,
    -0.004697040189057589,
    -0.05948089808225632,
    0.00461003091186285,
    -0.043991874903440475,
    0.015442093834280968,
    0.03480302542448044,
    0.006315975915640593,
    0.0782092735171318,
    0.07815497368574142,
    -0.012587659992277622,
    -0.04778772592544556,
    -0.0753769725561142,
    0.06594745069742203,
    0.0709962546825409,
    -0.05865886062383652,
    -0.0744212418794632,
    -0.020415104925632477,
    0.021048033609986305,
    -0.05388558655977249,
    0.06264833360910416,
    0.029108064249157906,
    0.027260081842541695,
    0.011145037598907948,
    -0.014126397669315338,
    0.04124852269887924,
    0.018926093354821205,
    -0.018113767728209496,
    -0.055603619664907455,
    0.01849287375807762,
    0.04644418880343437,
    -0.020670192316174507,
    -0.02303162030875683,
    -0.03800768032670021,
    0.05026470497250557,
    -0.019586635753512383,
    -1.90182890946744e-05,
    0.011370797641575336,
    -0.0027136022690683603,
    0.04511789605021477,
    0.05301177501678467,
    -0.012265687808394432,
    -0.011615827679634094,
    -0.11819937080144882,
    -0.017984090372920036,
    0.00891830213367939,
    -0.025392409414052963,
    -0.06610823422670364,
    0.051946066319942474,
    -0.009398892521858215,
    -0.04204858839511871,
    0.024760212749242783,
    -0.056859951466321945,
    0.03924423083662987,
    -0.07801996916532516,
    0.012478208169341087,
    -0.0022188331931829453,
    0.02700132317841053,
    -0.06076725944876671,
    0.020391028374433517,
    -0.009722377173602581,
    0.031425170600414276,
    -0.008239822462201118,
    -0.08425422757863998,
    0.0016037713503465056,
    -0.015381905250251293,
    0.003554629161953926,
    -0.012361028231680393,
    0.008839854970574379,
    0.029377691447734833,
    -0.02496989630162716,
    -0.012104518711566925,
    0.06745288521051407,
    0.004210293758660555,
    -0.01458200067281723,
    0.08471889048814774,
    0.09372065216302872,
    0.06373747438192368,
    -0.03599177673459053,
    -0.07027794420719147,
    -0.013722364790737629,
    -0.09039842337369919,
    -0.009270714595913887,
    -0.036128029227256775,
    -0.0035894664470106363,
    0.01987265795469284,
    -0.0717121884226799,
    0.03449918329715729,
    0.03950764983892441,
    0.0365147665143013,
    0.06690885871648788,
    0.016831127926707268,
    0.0017214234685525298,
    -0.021934419870376587,
    -0.0018750072922557592,
    -0.027541186660528183,
    0.0575154609978199,
    0.07622655481100082,
    0.03540338575839996,
    -0.0652962177991867,
    -0.030743850395083427,
    -0.05901001766324043,
    0.051939114928245544,
    -0.015429153107106686,
    0.05062054470181465,
    -0.036885276436805725,
    -0.08708899468183517,
    0.013083020225167274,
    0.020162664353847504,
    0.02728983573615551,
    0.00337613420560956,
    0.042457930743694305,
    -0.056230731308460236,
    0.045940469950437546,
    0.046561889350414276,
    -0.016078805550932884,
    -0.011769844219088554,
    0.04111131280660629,
    -0.0029003473464399576,
    0.019284116104245186,
    -0.07283210009336472,
    -0.021605202928185463,
    -0.054408129304647446,
    0.06439802050590515,
    0.05519742891192436,
    0.058131374418735504,
    -0.08897276967763901,
    0.04130452126264572,
    0.0655454769730568,
    -0.0655948743224144,
    -0.062342721968889236,
    -0.03386392444372177,
    0.025203505530953407,
    -0.02586578018963337,
    0.006661389954388142,
    -0.0018730659503489733,
    0.002667809836566448,
    0.025105904787778854,
    -0.026363033801317215,
    0.0011289740214124322,
    -0.007032071240246296,
    -0.020779717713594437,
    -0.016138551756739616,
    -0.037589024752378464,
    -0.018663499504327774,
    0.012422299012541771,
    0.041118890047073364,
    -0.0013739607529714704,
    0.06220400333404541,
    0.04545316845178604,
    -0.0556614063680172,
    -0.026070119813084602,
    0.09335967898368835,
    0.04672108590602875,
    -0.001556692528538406,
    -0.016595035791397095,
    0.045717984437942505,
    -0.06249154731631279,
    -0.04240252077579498,
    -0.052334949374198914,
    -0.02511916495859623,
    0.038148973137140274,
    0.01560842152684927,
    -0.005352674517780542,
    0.06545104831457138,
    0.04367357864975929,
    0.05290212854743004,
    0.0015781025867909193,
    0.0019120706710964441,
    -0.01281377300620079,
    -0.05677609518170357,
    -0.05241691693663597,
    -0.030759289860725403,
    -0.03892213851213455,
    -0.07635071128606796,
    -0.026980776339769363,
    0.011819153092801571,
    -0.002757130889222026,
    -0.017099281772971153,
    -0.0741313099861145,
    -0.07599461078643799,
    0.016103077679872513,
    -0.005401388742029667,
    -0.0191322211176157,
    0.024215498939156532,
    0.013478836975991726,
    0.06263058632612228,
    -0.014479749836027622,
    -0.05317235738039017,
    0.04027457907795906,
    0.048640575259923935,
    0.01655072532594204,
    -0.01552137453109026,
    0.016759594902396202,
    0.07520320266485214,
    0.02096300572156906,
    0.0784093365073204,
    -0.01613227277994156,
    0.051517046988010406,
    -0.009023535996675491,
    0.004689801950007677,
    -0.043428219854831696,
    -0.00902890507131815,
    0.030232883989810944,
    0.05722968280315399,
    0.028377333655953407,
    0.02176734432578087,
    -0.03818695247173309,
    0.001966669224202633,
    0.051402684301137924,
    -0.0509335957467556,
    -0.06858202069997787,
    -0.0519760437309742,
    -0.019041363149881363,
    0.013917415402829647,
    -0.009729605168104172,
    0.030561894178390503,
    -0.08855709433555603,
