{
  "embedding_files": [
    "gt_117.2s_f23.jpg",
    "gt_217.1s_f72.jpg",
    "gt_324.5s_f98.jpg"
  ],
  "backup_files": [],
  "scores": {
    "gt_117.2s_f23.jpg": 12.0906,
    "gt_217.1s_f72.jpg": 9.9328,
    "gt_324.5s_f98.jpg": 8.6301
  },
  "approved_files": [
    "gt_117.2s_f23.jpg",
    "gt_217.1s_f72.jpg",
    "gt_324.5s_f98.jpg"
  ],
  "mean_embedding": [
    0.09144391119480133,
    0.023719411343336105,
    0.017020465806126595,
    0.012480887584388256,
    0.01812022365629673,
    0.04196983575820923,
    0.02132812887430191,
    0.05938877910375595,
    0.03112027421593666,
    -0.005478648003190756,
    -0.005759093444794416,
    -0.04378848522901535,
    -0.07935401052236557,
    0.044360626488924026,
    -0.0024739904329180717,
    -0.1013387069106102,
    0.002216180320829153,
    -0.020137038081884384,
    -0.033043697476387024,
    -0.03954526036977768,
    -0.04989157244563103,
    -0.04616044461727142,
    0.009729110635817051,
    0.08749967813491821,
    0.005574023351073265,
    -0.13604164123535156,
    0.08619674295186996,
    -0.01369457971304655,
    -0.03432270139455795,
    0.08744975179433823,
    0.04288898780941963,
    -0.016962436959147453,
    -0.03418504819273949,
    -0.038518935441970825,
    -0.022272147238254547,
    -0.015071566216647625,
    -0.02219020202755928,
    0.025767553597688675,
    0.0685461163520813,
    -0.021508194506168365,
    -0.04932347685098648,
    -0.07228726148605347,
    -0.02993655391037464,
    0.01427555549889803,
    -0.012253688648343086,
    0.02412925846874714,
    -0.05851229280233383,
    -0.06704651564359665,
    -0.035889577120542526,
    -0.00959195476025343,
    -0.012599359266459942,
    -0.028113124892115593,
    0.026204420253634453,
    0.018701642751693726,
    -0.018299398943781853,
    -0.05927406623959541,
    0.004878468811511993,
    -0.003421844681724906,
    0.013392959721386433,
    0.057014383375644684,
    0.0025660854298621416,
    0.03626558557152748,
    -0.09952520579099655,
    0.02231249026954174,
    0.041739046573638916,
    -0.016219954937696457,
    -0.009894252754747868,
    -0.035927992314100266,
    0.005678427871316671,
    0.007682948373258114,
    0.03938496485352516,
    -0.010914456099271774,
    -0.008731422014534473,
    0.0015072253299877048,
    -0.05477350205183029,
    -0.006264708936214447,
    0.004236220847815275,
    0.03900086507201195,
    0.052572101354599,
    0.03641333803534508,
    0.04421643167734146,
    -0.0063164616003632545,
    -0.024307625368237495,
    -0.05436279997229576,
    0.028340807184576988,
    -0.04951617866754532,
    0.023782335221767426,
    -0.02095803990960121,
    -0.07511735707521439,
    0.04787041246891022,
    -0.005796403158456087,
    0.0023600913118571043,
    0.010216542519629002,
    0.02648727223277092,
    0.007449935656040907,
    -0.05575684830546379,
    0.030927462503314018,
    -0.09143242985010147,
    0.034166574478149414,
    -0.01536429114639759,
    0.11603683978319168,
    0.07143983989953995,
    0.021033182740211487,
    0.00889863632619381,
    0.07405361533164978,
    -0.03263207525014877,
    -0.01641588844358921,
    -0.005123557057231665,
    -0.03439238667488098,
    -0.007593514397740364,
    -0.019782694056630135,
    -0.06638766080141068,
    0.04574277997016907,
    -0.03647772967815399,
    0.03130785748362541,
    -0.004129179287701845,
    -0.01856345683336258,
    -0.005910682491958141,
    -0.01901639811694622,
    -0.002127713290974498,
    -0.011774645186960697,
    0.02162107080221176,
    0.013400443829596043,
    -0.03354500234127045,
    -0.019016478210687637,
    0.02483881451189518,
    -0.0025327920448035,
    0.02131250686943531,
    0.010935655795037746,
    0.06403601169586182,
    -0.060010876506567,
    -0.04869694262742996,
    -0.039645276963710785,
    0.06634882092475891,
    0.024852216243743896,
    0.0007092085434123874,
    0.0022460725158452988,
    -0.028194742277264595,
    0.005246183834969997,
    -0.023778097704052925,
    0.0908212661743164,
    0.016399789601564407,
    -0.034881990402936935,
    0.08037736266851425,
    0.000562760338652879,
    0.027711350470781326,
    -0.07786943018436432,
    0.032608650624752045,
    -0.1198425367474556,
    0.05498137325048447,
    -0.0183253176510334,
    -0.08098873496055603,
    0.045368798077106476,
    0.04923971742391586,
    0.04627559706568718,
    0.026990611106157303,
    0.04853073135018349,
    -0.029612014070153236,
    -0.08441847562789917,
    -0.046845175325870514,
    0.05321715399622917,
    0.035950202494859695,
    0.019261140376329422,
    0.04125569388270378,
    0.022316645830869675,
    0.07501205056905746,
    -0.016507215797901154,
    0.06724658608436584,
    0.0035493155010044575,
    0.018510935828089714,
    0.13078145682811737,
    -0.023794787004590034,
    0.09433416277170181,
    0.01946696639060974,
    0.013171113096177578,
    -0.02088354527950287,
    -0.052524492144584656,
    -0.0569576770067215,
    0.04349073767662048,
    0.01245048362761736,
    0.008953981101512909,
    -0.056948162615299225,
    -0.015750210732221603,
    -0.012861807830631733,
    -0.06897400319576263,
    -0.02297266572713852,
    0.017296863719820976,
    -0.0005628590588457882,
    -0.020367538556456566,
    0.020921017974615097,
    0.007389295846223831,
    -0.04416775703430176,
    -0.07412610948085785,
    0.03870502486824989,
    -0.00883765984326601,
    0.00654874462634325,
    -0.0031611279118806124,
    0.010085049085319042,
    -0.06215181201696396,
    -0.04569767042994499,
    -0.03927887603640556,
    -0.0015394770307466388,
    0.012948396615684032,
    0.004645438864827156,
    0.004646615590900183,
    -0.02229228988289833,
    -0.02651694416999817,
    -0.030423250049352646,
    -0.03574845567345619,
    -0.0036245486699044704,
    -0.03350242227315903,
    -0.015336309559643269,
    0.002146307844668627,
    -0.0858839675784111,
    -0.08242437243461609,
    0.022844353690743446,
    -0.014775479212403297,
    -0.00696248235180974,
    0.013729472644627094,
    -0.03001279942691326,
    0.012560347095131874,
    0.018853820860385895,
    0.01760146953165531,
    -0.05538816377520561,
    0.01831226423382759,
    -0.012846059165894985,
    -0.008857921697199345,
    0.08352537453174591,
    -0.03491196036338806,
    -0.005883741658180952,
    -0.01647251844406128,
    0.006723662372678518,
    -0.028831765055656433,
    -0.006973996292799711,
    0.04316546022891998,
    -0.033282190561294556,
    -0.04834350198507309,
    0.015005345456302166,
    -0.04331342503428459,
    -0.020272934809327126,
    -0.09744436293840408,
    0.018696270883083344,
    -0.002573581412434578,
    0.041561901569366455,
    -0.09167110919952393,
    0.028065109625458717,
    0.00012071007949998602,
    -0.052097056061029434,
    0.10027956962585449,
    -0.05340569466352463,
    0.044790368527173996,
    0.011834802106022835,
    0.0105126379057765,
    0.058914002031087875,
    -0.03794948011636734,
    0.02577791176736355,
    0.013938751071691513,
    -0.00875682383775711,
    -0.05034571886062622,
    0.007840377278625965,
    0.02588292397558689,
    -0.07443326711654663,
    0.04559165611863136,
    -0.000897278543561697,
    0.09666416794061661,
    -0.009285563603043556,
    -0.0020391300786286592,
    -0.010182668454945087,
    0.011397258378565311,
    0.040745027363300323,
    -0.01877366565167904,
    -0.0774117112159729,
    0.07164014875888824,
    0.12405160814523697,
    -0.06375330686569214,
    0.04711898788809776,
    0.012442958541214466,
    -0.021570149809122086,
    0.07141830027103424,
    -0.05930321291089058,
    -0.03449612483382225,
    0.021524578332901,
    -0.0008752209250815213,
    -0.01153723243623972,
    0.02022548019886017,
    -0.000997036462649703,
    -0.06924013793468475,
    -0.07644514739513397,
    -0.02908196486532688,
    -0.05063369497656822,
    0.027799569070339203,
    0.0040578716434538364,
    0.02209133468568325,
