{
  "embedding_files": [
    "gt_117.2s_f23.jpg",
    "gt_217.1s_f72.jpg",
    "gt_324.5s_f98.jpg"
  ],
  "backup_files": [],
  "scores": {
    "gt_117.2s_f23.jpg": 12.0906,
    "gt_217.1s_f72.jpg": 9.9328,
    "gt_324.5s_f98.jpg": 8.6301
  },
  "approved_files": [
    "gt_117.2s_f23.jpg",
    "gt_217.1s_f72.jpg",
    "gt_324.5s_f98.jpg"
  ],
  "mean_embedding": [
    0.09688563644886017,
    0.02150794118642807,
    0.00957301165908575,
    0.015647096559405327,
    0.016750995069742203,
    0.040232472121715546,
    0.01866905204951763,
    0.06444204598665237,
    0.028872476890683174,
    -0.006590051110833883,
    -0.008856190368533134,
    -0.04901517555117607,
    -0.07109436392784119,
    0.04494709149003029,
    -0.008426343090832233,
    -0.09983312338590622,
    0.002912539057433605,
    -0.01986108534038067,
    -0.035821545869112015,
    -0.038074836134910583,
    -0.05335596948862076,
    -0.04333179444074631,
    0.009293148294091225,
    0.09254703670740128,
    0.0013784265611320734,
    -0.13360728323459625,
    0.08677861094474792,
    -0.010078491643071175,
    -0.026258841156959534,
    0.094559445977211,
    0.04759363830089569,
    -0.01362488605082035,
    -0.036389485001564026,
    -0.03379387781023979,
    -0.017535798251628876,
    -0.010479924269020557,
    -0.027912622317671776,
    0.03670918941497803,
    0.0646766871213913,
    -0.0170016847550869,
    -0.049198877066373825,
    -0.07088101655244827,
    -0.03291066363453865,
    0.009798811748623848,
    -0.013332042843103409,
    0.03378955274820328,
    -0.0548422746360302,
    -0.07243142277002335,
    -0.030279306694865227,
    -0.008645963855087757,
    -0.028181100264191628,
    -0.026752231642603874,
    0.02516775391995907,
    0.02194894291460514,
    -0.016895601525902748,
    -0.06347497552633286,
    -0.000806496012955904,
    -0.0011935827787965536,
    0.011469454504549503,
    0.06058727949857712,
    0.004691149108111858,
    0.04031066969037056,
    -0.10159315913915634,
    0.01866675727069378,
    0.045964453369379044,
    -0.014076940715312958,
    -0.01116285752505064,
    -0.03636905178427696,
    0.0013271557400003076,
    0.004019717685878277,
    0.032357994467020035,
    -0.010494902729988098,
    -0.00451904721558094,
    2.4910612410167232e-05,
    -0.05385679379105568,
    -0.001977686770260334,
    0.008858881890773773,
    0.044745251536369324,
    0.0543333925306797,
    0.043857742100954056,
    0.049224358052015305,
    -0.004657413344830275,
    -0.02762383595108986,
    -0.047201938927173615,
    0.025138411670923233,
    -0.047199495136737823,
    0.029248647391796112,
    -0.026137780398130417,
    -0.08006151765584946,
    0.046839840710163116,
    0.002070666989311576,
    0.000922659644857049,
    0.007229920011013746,
    0.022282322868704796,
    0.008025349117815495,
    -0.058760352432727814,
    0.03206130862236023,
    -0.09032003581523895,
    0.03421356528997421,
    -0.018756529316306114,
    0.11160621047019958,
    0.08243238925933838,
    0.028529569506645203,
    0.006960390601307154,
    0.0768241435289383,
    -0.029104026034474373,
    -0.01946832984685898,
    -0.010682862251996994,
    -0.03905751556158066,
    -0.002920615253970027,
    -0.01683027110993862,
    -0.06535019725561142,
    0.04407639428973198,
    -0.03287258371710777,
    0.027647487819194794,
    -0.0006205513491295278,
    -0.01653442718088627,
    -0.007006477564573288,
    -0.02032914198935032,
    -0.0010393781121820211,
    -0.0121413953602314,
    0.025765947997570038,
    0.012538721784949303,
    -0.031087465584278107,
    -0.01633279025554657,
    0.017971929162740707,
    -0.0033310239668935537,
    0.0271163210272789,
    0.008437752723693848,
    0.06761911511421204,
    -0.04717526212334633,
    -0.04348764196038246,
    -0.03135734796524048,
    0.06747160851955414,
    0.027585070580244064,
    0.00185251678340137,
    -0.0013809744268655777,
    -0.029602352529764175,
    0.006117035634815693,
    -0.030814005061984062,
    0.09053613245487213,
    0.022151045501232147,
    -0.030051272362470627,
    0.08306282758712769,
    0.011565803550183773,
    0.03649942949414253,
    -0.07727242261171341,
    0.030313640832901,
    -0.122897207736969,
    0.056893784552812576,
    -0.007085105404257774,
    -0.0827609971165657,
    0.05079655721783638,
    0.04456968232989311,
    0.03966179117560387,
    0.024304071441292763,
    0.0515725314617157,
    -0.03430464118719101,
    -0.08164709061384201,
    -0.03036470338702202,
    0.051044661551713943,
    0.03889834135770798,
    0.010577191598713398,
    0.04328546300530434,
    0.0291286613792181,
    0.08411502838134766,
    -0.02182004600763321,
    0.06352182477712631,
    0.0038815217558294535,
    0.027870096266269684,
    0.12863357365131378,
    -0.026243222877383232,
    0.08864399790763855,
    0.025779763236641884,
    0.00957078393548727,
    -0.028047166764736176,
    -0.05376351997256279,
    -0.062404051423072815,
    0.04054417833685875,
    0.015543820336461067,
    0.017756076529622078,
    -0.061605192720890045,
    -0.020057473331689835,
    -0.017853442579507828,
    -0.0780552476644516,
    -0.024058464914560318,
    0.019710542634129524,
    -0.003135606413707137,
    -0.027086373418569565,
    0.009955435059964657,
    0.007358443923294544,
    -0.04741011932492256,
    -0.07225477695465088,
    0.03921106830239296,
    -0.0076906862668693066,
    -0.0017569256015121937,
    -0.00809522345662117,
    0.009846986271440983,
    -0.05394350364804268,
    -0.042290642857551575,
    -0.0380544550716877,
    0.00011020113743143156,
    0.01700841821730137,
    0.005634233821183443,
    0.008843381889164448,
    -0.029235385358333588,
    -0.027456607669591904,
    -0.03246637433767319,
    -0.027969643473625183,
    -0.009605815634131432,
    -0.036648500710725784,
    -0.0213682409375906,
    0.0014495794894173741,
    -0.08977992832660675,
    -0.0883864313364029,
    0.012368354946374893,
    -0.012458939105272293,
    0.0028187341522425413,
    0.015285978093743324,
    -0.026217158883810043,
    0.009261531755328178,
    0.025037163868546486,
    0.013329297304153442,
    -0.06291194260120392,
    0.006991350091993809,
    -0.011411274783313274,
    -0.00509077962487936,
    0.0843401849269867,
    -0.03337722644209862,
    -0.014037319459021091,
    -0.01287099625915289,
    0.008084708824753761,
    -0.03458351641893387,
    -0.007113989908248186,
    0.04697636142373085,
    -0.045061688870191574,
    -0.04542657360434532,
    0.011996816843748093,
    -0.04009643569588661,
    -0.012918300926685333,
    -0.09453269839286804,
    0.020725619047880173,
    -0.004900745581835508,
    0.04233351722359657,
    -0.08705979585647583,
    0.03256181627511978,
    0.004785047844052315,
    -0.044765423983335495,
    0.09371432662010193,
    -0.05654444918036461,
    0.04936542361974716,
    0.007518635597079992,
    0.010020882822573185,
    0.06118842214345932,
    -0.029450474306941032,
    0.025293946266174316,
    0.008143814280629158,
    -0.007593775168061256,
    -0.04655123129487038,
    0.008099471218883991,
    0.022264234721660614,
    -0.06857111304998398,
    0.04591407626867294,
    -0.009707705117762089,
    0.09549104422330856,
    -0.014792746864259243,
    0.00171313073951751,
    -0.014965283684432507,
    0.0006329158204607666,
    0.02843574993312359,
    -0.02390621043741703,
    -0.06738436967134476,
    0.07741422206163406,
    0.12648986279964447,
    -0.060225360095500946,
    0.043597541749477386,
    0.011172963306307793,
    -0.016260311007499695,
    0.06886187940835953,
    -0.05261716619133949,
    -0.02955331653356552,
    0.018079912289977074,
    0.002793099731206894,
    -0.009358078241348267,
    0.020331041887402534,
    -0.002376495860517025,
    -0.06550730764865875,
    -0.06906992197036743,
    -0.026845280081033707,
    -0.05254775285720825,
    0.03319094330072403,
    -0.001397499581798911,
    0.02742527611553669,
