{
  "embedding_files": [
    "gt_117.2s_f23.jpg",
    "gt_217.1s_f72.jpg",
    "gt_324.5s_f98.jpg"
  ],
  "backup_files": [],
  "scores": {
    "gt_117.2s_f23.jpg": 12.0906,
    "gt_217.1s_f72.jpg": 9.9328,
    "gt_324.5s_f98.jpg": 8.6301
  },
  "approved_files": [
    "gt_117.2s_f23.jpg",
    "gt_217.1s_f72.jpg",
    "gt_324.5s_f98.jpg"
  ],
  "mean_embedding": [
    0.09144297242164612,
    0.02371860295534134,
    0.017019931226968765,
    0.012480679899454117,
    0.018120327964425087,
    0.041970230638980865,
    0.02132728509604931,
    0.059389639645814896,
    0.031119827181100845,
    -0.0054788412526249886,
    -0.005758428480476141,
    -0.04378989711403847,
    -0.07935454696416855,
    0.04436130076646805,
    -0.0024735373444855213,
    -0.10133820027112961,
    0.0022157938219606876,
    -0.02013714797794819,
    -0.03304316848516464,
    -0.03954538330435753,
    -0.04989161342382431,
    -0.04616188257932663,
    0.009729146957397461,
    0.08750007301568985,
    0.005573971197009087,
    -0.13604164123535156,
    0.08619576692581177,
    -0.013694663532078266,
    -0.03432300314307213,
    0.08745037764310837,
    0.04288914054632187,
    -0.016962887719273567,
    -0.03418542817234993,
    -0.0385185070335865,
    -0.02227090299129486,
    -0.01507110707461834,
    -0.02219032309949398,
    0.025768013671040535,
    0.06854692101478577,
    -0.02150854840874672,
    -0.04932277649641037,
    -0.07228725403547287,
    -0.029937105253338814,
    0.014276167377829552,
    -0.012254047207534313,
    0.024129075929522514,
    -0.0585128515958786,
    -0.06704577803611755,
    -0.0358896479010582,
    -0.009592613205313683,
    -0.012598502449691296,
    -0.028113076463341713,
    0.02620437555015087,
    0.01870145834982395,
    -0.018300466239452362,
    -0.05927445739507675,
    0.0048788487911224365,
    -0.0034234714694321156,
    0.013393678702414036,
    0.0570145845413208,
    0.0025662227999418974,
    0.036264993250370026,
    -0.09952517598867416,
    0.022314831614494324,
    0.04173915088176727,
    -0.016220394521951675,
    -0.009893886744976044,
    -0.03592711314558983,
    0.005679013207554817,
    0.007683604024350643,
    0.039384737610816956,
    -0.010914161801338196,
    -0.008731020614504814,
    0.0015066437190398574,
    -0.05477292090654373,
    -0.006265466567128897,
    0.004236775450408459,
    0.03900107368826866,
    0.052572038024663925,
    0.036413490772247314,
    0.04421572759747505,
    -0.006316550076007843,
    -0.02430860325694084,
    -0.05436400696635246,
    0.02834090031683445,
    -0.04951558634638786,
    0.023782039061188698,
    -0.020958533510565758,
    -0.07511671632528305,
    0.04787085950374603,
    -0.005795721895992756,
    0.0023593611549586058,
    0.01021613460034132,
    0.026487359777092934,
    0.00745087256655097,
    -0.05575666204094887,
    0.03092794492840767,
    -0.0914326161146164,
    0.03416629135608673,
    -0.0153647530823946,
    0.11603705585002899,
    0.07144021987915039,
    0.021033264696598053,
    0.00889839418232441,
    0.07405327260494232,
    -0.032632604241371155,
    -0.01641545630991459,
    -0.0051247416995465755,
    -0.03439192846417427,
    -0.0075944699347019196,
    -0.01978253573179245,
    -0.06638793647289276,
    0.04574290290474892,
    -0.03647774085402489,
    0.031307898461818695,
    -0.00412864750251174,
    -0.018563270568847656,
    -0.005910772364586592,
    -0.01901562511920929,
    -0.0021275950130075216,
    -0.011775506660342216,
    0.0216200090944767,
    0.013401223346590996,
    -0.033544935286045074,
    -0.01901698298752308,
    0.02483993209898472,
    -0.002532708691433072,
    0.021313097327947617,
    0.010936358943581581,
    0.06403589248657227,
    -0.06001080945134163,
    -0.04869605973362923,
    -0.039646681398153305,
    0.06634803116321564,
    0.024852631613612175,
    0.0007084592944011092,
    0.002246495336294174,
    -0.028193453326821327,
    0.005246391054242849,
    -0.02377782016992569,
    0.090821273624897,
    0.016400247812271118,
    -0.03488209471106529,
    0.08037932217121124,
    0.0005637729773297906,
    0.027711447328329086,
    -0.07786973565816879,
    0.032606981694698334,
    -0.11984262615442276,
    0.05498071014881134,
    -0.018325697630643845,
    -0.08098872005939484,
    0.04536939784884453,
    0.049239542335271835,
    0.04627634212374687,
    0.026990007609128952,
    0.04852971434593201,
    -0.029612034559249878,
    -0.08441682159900665,
    -0.04684554040431976,
    0.053217098116874695,
    0.03594925254583359,
    0.019260700792074203,
    0.04125538095831871,
    0.022315198555588722,
    0.07501290738582611,
    -0.01650678552687168,
    0.06724799424409866,
    0.0035493604373186827,
    0.018509842455387115,
    0.13078124821186066,
    -0.023794906213879585,
    0.09433363378047943,
    0.0194663405418396,
    0.013171406462788582,
    -0.020883724093437195,
    -0.05252441018819809,
    -0.05695739760994911,
    0.04349005967378616,
    0.01245083287358284,
    0.00895412266254425,
    -0.0569482184946537,
    -0.015750611200928688,
    -0.012861580587923527,
    -0.06897285580635071,
    -0.022971943020820618,
    0.017297429963946342,
    -0.0005628350772894919,
    -0.02036941424012184,
    0.020921381190419197,
    0.007388907950371504,
    -0.044168658554553986,
    -0.0741255059838295,
    0.038705013692379,
    -0.008837311528623104,
    0.006548613775521517,
    -0.003160435939207673,
    0.010084790177643299,
    -0.06215309351682663,
    -0.045697156339883804,
    -0.03927840292453766,
    -0.0015396466478705406,
    0.012948826886713505,
    0.004644714295864105,
    0.00464618531987071,
    -0.022292042151093483,
    -0.026517663151025772,
    -0.030422717332839966,
    -0.035749681293964386,
    -0.0036248681135475636,
    -0.03350350260734558,
    -0.015336918644607067,
    0.0021467837505042553,
    -0.08588329702615738,
    -0.08242467045783997,
    0.02284504845738411,
    -0.014776018448174,
    -0.0069613284431397915,
    0.013728804886341095,
    -0.030012991279363632,
    0.012560774572193623,
    0.01885366439819336,
    0.017602499574422836,
    -0.05538748949766159,
    0.01831292174756527,
    -0.012846576981246471,
    -0.008856612257659435,
    0.08352614939212799,
    -0.034911978989839554,
    -0.005883791483938694,
    -0.01647164486348629,
    0.006723402068018913,
    -0.028832826763391495,
    -0.006973767187446356,
    0.04316521808505058,
    -0.03328217566013336,
    -0.04834316670894623,
    0.015004472807049751,
    -0.0433131568133831,
    -0.020273465663194656,
    -0.09744326025247574,
    0.018696138635277748,
    -0.002573963487520814,
    0.04156151041388512,
    -0.09167130291461945,
    0.02806553989648819,
    0.0001226582535309717,
    -0.05209806561470032,
    0.1002797931432724,
    -0.053406354039907455,
    0.044789139181375504,
    0.01183396577835083,
    0.010512234643101692,
    0.058912407606840134,
    -0.03794972971081734,
    0.025778645649552345,
    0.013939217664301395,
    -0.008756477385759354,
    -0.050344835966825485,
    0.007839427329599857,
    0.02588295377790928,
    -0.0744345486164093,
    0.045592207461595535,
    -0.0008962916908785701,
    0.09666429460048676,
    -0.009286650456488132,
    -0.0020403708331286907,
    -0.010182739235460758,
    0.011397257447242737,
    0.04074505344033241,
    -0.01877378299832344,
    -0.07741224020719528,
    0.07163993269205093,
    0.12405172735452652,
    -0.06375301629304886,
    0.04711809754371643,
    0.01244248915463686,
    -0.021570123732089996,
    0.07141754031181335,
    -0.059302546083927155,
    -0.03449657931923866,
    0.021525004878640175,
    -0.0008754988084547222,
    -0.011536544188857079,
    0.02022687904536724,
    -0.0009959975723177195,
    -0.06924017518758774,
    -0.076445572078228,
    -0.02908208966255188,
    -0.05063395947217941,
    0.027799779549241066,
    0.00405773613601923,
    0.022090138867497444,
