{
  "embedding_files": [
    "gt_300.2s_f28.jpg",
    "gt_399.0s_f54.jpg",
    "gt_211.2s_f8.jpg",
    "gt_2.3s_f4.jpg",
    "gt_26.2s_f12.jpg"
  ],
  "backup_files": [
    "gt_117.2s_f24.jpg",
    "gt_217.1s_f45.jpg",
    "gt_324.5s_f88.jpg",
    "gt_73.0s_f43.jpg",
    "gt_80.2s_f35.jpg",
    "new_1776234399834_gt_1141.5s_f165.jpg",
    "new_1776234399834_gt_184.5s_f29.jpg",
    "new_1776234399834_gt_2.1s_f13.jpg",
    "new_1776234399834_gt_589.5s_f73.jpg",
    "new_1776234399834_gt_742.8s_f96.jpg",
    "new_1776234399834_gt_890.5s_f119.jpg",
    "new_1776234399834_gt_933.4s_f147.jpg"
  ],
  "scores": {
    "gt_2.3s_f4.jpg": 2.8294,
    "gt_73.0s_f43.jpg": 1.9657,
    "gt_26.2s_f12.jpg": 2.7971,
    "gt_80.2s_f35.jpg": 2.7035,
    "gt_117.2s_f24.jpg": 2.1219,
    "gt_217.1s_f45.jpg": 1.6855,
    "gt_324.5s_f88.jpg": 1.4184,
    "gt_300.2s_f28.jpg": 3.9625,
    "gt_399.0s_f54.jpg": 3.7614,
    "gt_211.2s_f8.jpg": 3.6821
  },
  "approved_files": [
    "gt_2.3s_f4.jpg",
    "gt_26.2s_f12.jpg",
    "gt_80.2s_f35.jpg",
    "gt_117.2s_f24.jpg",
    "gt_73.0s_f43.jpg",
    "gt_217.1s_f45.jpg",
    "gt_324.5s_f88.jpg",
    "gt_211.2s_f8.jpg",
    "gt_300.2s_f28.jpg",
    "gt_399.0s_f54.jpg",
    "new_1776234399834_gt_1141.5s_f165.jpg",
    "new_1776234399834_gt_184.5s_f29.jpg",
    "new_1776234399834_gt_2.1s_f13.jpg",
    "new_1776234399834_gt_589.5s_f73.jpg",
    "new_1776234399834_gt_742.8s_f96.jpg",
    "new_1776234399834_gt_890.5s_f119.jpg",
    "new_1776234399834_gt_933.4s_f147.jpg"
  ],
  "mean_embedding": [
    -0.05069805309176445,
    -0.01191509235650301,
    -0.008058514446020126,
    -0.01515155378729105,
    -0.029196685180068016,
    0.0781850665807724,
    -0.02023310959339142,
    -0.026678010821342468,
    0.07494248449802399,
    0.07726750522851944,
    -0.02988181635737419,
    -0.015784423798322678,
    -0.009584045968949795,
    -0.016263939440250397,
    0.024486562237143517,
    -0.013886510394513607,
    0.08003022521734238,
    0.023945214226841927,
    -0.0196624007076025,
    0.02779195085167885,
    0.0455181859433651,
    0.05831783637404442,
    -0.02431923896074295,
    -0.0175511185079813,
    -0.025736436247825623,
    0.04931817576289177,
    -0.0005081201670691371,
    -0.032190944999456406,
    0.05617378279566765,
    -0.019072065129876137,
    -0.036618396639823914,
    -0.027965230867266655,
    0.03884579986333847,
    0.03753795474767685,
    -0.05208577588200569,
    0.034718357026576996,
    -0.006949981674551964,
    -0.05807868018746376,
    0.05634788051247597,
    0.07140041887760162,
    0.05112774297595024,
    0.009363575838506222,
    0.04527995362877846,
    0.020591385662555695,
    -0.05101877823472023,
    0.0006606403621844947,
    -0.03555840626358986,
    -0.013482828624546528,
    -0.039068788290023804,
    -0.07519616931676865,
    0.038629721850156784,
    0.011791226454079151,
    -0.05105295032262802,
    -0.0217987559735775,
    0.023144686594605446,
    0.07948502898216248,
    0.05473323538899422,
    -0.059587638825178146,
    0.023560944944620132,
    -0.02150106616318226,
    -0.067781962454319,
    -0.004220837261527777,
    -0.07543624192476273,
    -0.019806167110800743,
    0.004107401240617037,
    -0.0035458565689623356,
    -0.00847870483994484,
    0.05711168423295021,
    0.006188500672578812,
    0.01528370101004839,
    -0.028323590755462646,
    -0.03716891258955002,
    -0.07215780019760132,
    -0.03823894262313843,
    0.013530397787690163,
    -0.02107205241918564,
    -0.005637267604470253,
    0.04453133046627045,
    -0.03141535446047783,
    -0.014049495570361614,
    0.023486189544200897,
    0.07445879280567169,
    0.02019892819225788,
    -0.022559236735105515,
    0.06630976498126984,
    0.018282057717442513,
    -0.05107613280415535,
    -0.007977723143994808,
    -0.02975793369114399,
    -0.058644283562898636,
    -0.01328336913138628,
    0.0018726896960288286,
    0.02689812332391739,
    -0.043824780732393265,
    -0.04525201395153999,
    0.03599587827920914,
    0.002253452083095908,
    -0.06792403012514114,
    0.025656776502728462,
    -0.04226311296224594,
    0.05645507946610451,
    0.013542048633098602,
    0.014152038842439651,
    0.027906548231840134,
    0.06394359469413757,
    0.006844350602477789,
    0.008731062524020672,
    -0.00030908704502508044,
    0.0488927997648716,
    0.003602023469284177,
    -0.03644171729683876,
    -0.04683178290724754,
    0.08174283057451248,
    -0.009037312120199203,
    -0.005443012807518244,
    -0.010994522832334042,
    0.02479190193116665,
    -0.0136292465031147,
    0.06994368880987167,
    0.038213279098272324,
    0.004394428804516792,
    0.03776164352893829,
    0.01939697191119194,
    0.00879084412008524,
    -0.019579175859689713,
    0.056792937219142914,
    0.04576127976179123,
    -0.010809162631630898,
    -0.0494602732360363,
    0.021013205870985985,
    0.03541329503059387,
    0.026699526235461235,
    -0.006617617793381214,
    0.08639418333768845,
    -0.009192417375743389,
    0.004510020837187767,
    -0.024415845051407814,
    0.07012070715427399,
    -0.04353863373398781,
    -0.014222986996173859,
    -0.02542116306722164,
    0.046606454998254776,
    0.044941194355487823,
    -0.028683578595519066,
    -0.10955760627985,
    -0.012670639902353287,
    0.05214057117700577,
    0.06730733811855316,
    -0.05581829696893692,
    0.06852856278419495,
    -0.006956407334655523,
    0.004598208237439394,
    -0.017588447779417038,
    0.0034887187648564577,
    0.0219415370374918,
    -0.008513666689395905,
    0.012424081563949585,
    0.034668538719415665,
    0.04189986735582352,
    -0.017732447013258934,
    0.04759667068719864,
    -0.0057614645920693874,
    -0.01128922589123249,
    0.009180204942822456,
    0.013616213575005531,
    0.036469120532274246,
    -0.031769365072250366,
    0.08433888107538223,
    -0.07658174633979797,
    -0.021071072667837143,
    0.10735218226909637,
    0.008005758747458458,
    0.035825785249471664,
    0.0024652634747326374,
    0.0005655226414091885,
    0.02026503160595894,
    -0.030058274045586586,
    -0.027615986764431,
    -0.05401793494820595,
    0.06938275694847107,
    -0.011008909903466702,
    -0.035905659198760986,
    -0.03734518587589264,
    -0.018945487216114998,
    0.04591744765639305,
    -0.01844917982816696,
    0.0030422057025134563,
    0.027832696214318275,
    -0.0021273347083479166,
    -0.032572340220212936,
    -0.04705537110567093,
    0.018521957099437714,
    -0.03383498638868332,
    0.08748199045658112,
    -0.043727148324251175,
    0.06723315268754959,
    0.022273076698184013,
    -0.025532672181725502,
    -0.06451121717691422,
    -0.054355718195438385,
    -0.032783761620521545,
    0.11309884488582611,
    -0.03716030716896057,
    -0.03553086891770363,
    0.059307970106601715,
    0.10817158967256546,
    0.06845159828662872,
    -0.029122313484549522,
    -0.04512713849544525,
    -0.015927257016301155,
    -0.06136094406247139,
    0.04681823030114174,
    -0.012632369995117188,
    0.08191907405853271,
    -0.019595084711909294,
    0.01581386663019657,
    -0.08485832810401917,
    -0.012750837951898575,
    -0.005494164768606424,
    -0.03143884986639023,
    0.001312302891165018,
    -0.009941620752215385,
    0.06147277355194092,
    -0.0074604894034564495,
    0.045253410935401917,
    0.014636870473623276,
    -0.04444287717342377,
    0.027876557782292366,
    0.0473082959651947,
    -0.07131623476743698,
    -0.022048596292734146,
    0.034228142350912094,
    0.07650135457515717,
    -0.015243803150951862,
    0.05170520395040512,
    0.052000246942043304,
    0.07135915756225586,
    -0.050277333706617355,
    0.024465927854180336,
    -0.013622511178255081,
    0.006081640720367432,
    -0.08800783008337021,
    0.01800515316426754,
    -0.07617834955453873,
    0.019842658191919327,
    -0.050469495356082916,
    0.024608857929706573,
    -0.00376767641864717,
