{
  "embedding_files": [
    "gt_300.2s_f28.jpg",
    "gt_399.0s_f54.jpg",
    "gt_211.2s_f8.jpg",
    "gt_2.3s_f4.jpg",
    "gt_26.2s_f12.jpg"
  ],
  "backup_files": [
    "gt_117.2s_f24.jpg",
    "gt_217.1s_f45.jpg",
    "gt_324.5s_f88.jpg",
    "gt_73.0s_f43.jpg",
    "gt_80.2s_f35.jpg"
  ],
  "scores": {
    "gt_2.3s_f4.jpg": 2.8294,
    "gt_73.0s_f43.jpg": 1.9657,
    "gt_26.2s_f12.jpg": 2.7971,
    "gt_80.2s_f35.jpg": 2.7035,
    "gt_117.2s_f24.jpg": 2.1219,
    "gt_217.1s_f45.jpg": 1.6855,
    "gt_324.5s_f88.jpg": 1.4184,
    "gt_300.2s_f28.jpg": 3.9625,
    "gt_399.0s_f54.jpg": 3.7614,
    "gt_211.2s_f8.jpg": 3.6821
  },
  "approved_files": [
    "gt_2.3s_f4.jpg",
    "gt_26.2s_f12.jpg",
    "gt_80.2s_f35.jpg",
    "gt_117.2s_f24.jpg",
    "gt_73.0s_f43.jpg",
    "gt_217.1s_f45.jpg",
    "gt_324.5s_f88.jpg",
    "gt_211.2s_f8.jpg",
    "gt_300.2s_f28.jpg",
    "gt_399.0s_f54.jpg",
    "new_1776234399834_gt_1141.5s_f165.jpg",
    "new_1776234399834_gt_184.5s_f29.jpg",
    "new_1776234399834_gt_2.1s_f13.jpg",
    "new_1776234399834_gt_589.5s_f73.jpg",
    "new_1776234399834_gt_742.8s_f96.jpg",
    "new_1776234399834_gt_890.5s_f119.jpg",
    "new_1776234399834_gt_933.4s_f147.jpg"
  ],
  "mean_embedding": [
    -0.047003209590911865,
    -0.010351910255849361,
    -0.006364136002957821,
    -0.010702923871576786,
    -0.028480466455221176,
    0.07858236134052277,
    -0.012979811988770962,
    -0.022792764008045197,
    0.07696188986301422,
    0.0771469995379448,
    -0.027656719088554382,
    -0.012434099800884724,
    -0.005440769717097282,
    -0.014033381827175617,
    0.019522301852703094,
    -0.015026272274553776,
    0.08445627242326736,
    0.03194419667124748,
    -0.019646916538476944,
    0.027612749487161636,
    0.046949952840805054,
    0.0604979433119297,
    -0.026554487645626068,
    -0.015437363646924496,
    -0.023585373535752296,
    0.05070338025689125,
    -0.0010688347974792123,
    -0.03556276857852936,
    0.05349680781364441,
    -0.020614895969629288,
    -0.04073304310441017,
    -0.030064057558774948,
    0.034680843353271484,
    0.03427206724882126,
    -0.05251416563987732,
    0.03503415733575821,
    -0.012216158211231232,
    -0.05859426036477089,
    0.05564090609550476,
    0.06948333233594894,
    0.049150653183460236,
    0.016178380697965622,
    0.04708267003297806,
    0.01822761818766594,
    -0.05429361015558243,
    0.00045535716344602406,
    -0.03590444102883339,
    -0.010884315706789494,
    -0.040567316114902496,
    -0.07075484842061996,
    0.03993227705359459,
    0.014893236570060253,
    -0.04662952199578285,
    -0.028681913390755653,
    0.02561810426414013,
    0.08264283835887909,
    0.053848911076784134,
    -0.05565095320343971,
    0.024578986689448357,
    -0.02182670310139656,
    -0.06842571496963501,
    0.0017356362659484148,
    -0.07915588468313217,
    -0.01998085342347622,
    0.005363697186112404,
    -0.006009026896208525,
    -0.01369514875113964,
    0.05586421117186546,
    0.010283594019711018,
    0.02187558263540268,
    -0.025970103219151497,
    -0.03923064097762108,
    -0.06197016313672066,
    -0.03429269790649414,
    0.011852201074361801,
    -0.021081259474158287,
    -0.003065061056986451,
    0.03608691692352295,
    -0.03294819965958595,
    -0.011617603711783886,
    0.022319819778203964,
    0.07669135183095932,
    0.02605263888835907,
    -0.018943391740322113,
    0.0720880776643753,
    0.013719787821173668,
    -0.05453459545969963,
    -0.00583266606554389,
    -0.028313472867012024,
    -0.06498154997825623,
    -0.011542784981429577,
    0.0033071497455239296,
    0.022072160616517067,
    -0.04425094276666641,
    -0.045765358954668045,
    0.03589155152440071,
    -9.766774746822193e-05,
    -0.06885525584220886,
    0.01452967245131731,
    -0.0410928800702095,
    0.058348577469587326,
    0.014701913110911846,
    0.016745757311582565,
    0.02970951795578003,
    0.06349268555641174,
    0.007986817508935928,
    0.009613024070858955,
    -0.005408290773630142,
    0.04567013680934906,
    0.006187631748616695,
    -0.041820310056209564,
    -0.05147460475564003,
    0.07001349329948425,
    -0.01563120074570179,
    -0.0027220831252634525,
    -0.011346142739057541,
    0.021227361634373665,
    -0.011037318035960197,
    0.06600037962198257,
    0.037446122616529465,
    0.003880622796714306,
    0.03802410513162613,
    0.019524741917848587,
    0.00527555774897337,
    -0.014157925732433796,
    0.05384467914700508,
    0.045795656740665436,
    -0.01294376514852047,
    -0.04648643359541893,
    0.025517500936985016,
    0.0359017513692379,
    0.03101389668881893,
    -0.007207184564322233,
    0.0888802781701088,
    -0.0123198376968503,
    0.011165950447320938,
    -0.030516935512423515,
    0.07210511714220047,
    -0.04512130096554756,
    -0.014565357007086277,
    -0.022475101053714752,
    0.043943628668785095,
    0.03873825818300247,
    -0.029383990913629532,
    -0.1099805235862732,
    -0.016242405399680138,
    0.05249607190489769,
    0.06943333148956299,
    -0.05655084550380707,
    0.06526817381381989,
    -0.008087880909442902,
    0.0023994261864572763,
    -0.02024194225668907,
    0.0011129777412861586,
    0.01855853945016861,
    -0.010005109012126923,
    0.01099512167274952,
    0.04227316379547119,
    0.045992661267519,
    -0.02019362896680832,
    0.04819021373987198,
    -0.004167348612099886,
    -0.011766296811401844,
    0.01255238801240921,
    0.012387971393764019,
    0.039855312556028366,
    -0.0299276914447546,
    0.0783669725060463,
    -0.07771334797143936,
    -0.02027474343776703,
    0.10219315439462662,
    0.0036747921258211136,
    0.04511861130595207,
    0.009874633513391018,
    -0.005824361927807331,
    0.022589189931750298,
    -0.029958022758364677,
    -0.02592555433511734,
    -0.05411650240421295,
    0.06913783401250839,
    -0.014616362750530243,
    -0.03497519716620445,
    -0.03602984920144081,
    -0.020482053980231285,
    0.04023318365216255,
    -0.01746358908712864,
    0.0033011280465871096,
    0.024928366765379906,
    0.0017440937226638198,
    -0.03504129871726036,
    -0.049741510301828384,
    0.01554383710026741,
    -0.034154389053583145,
    0.08489744365215302,
    -0.04794256016612053,
    0.07134024053812027,
    0.02142483927309513,
    -0.02826550602912903,
    -0.06442014873027802,
    -0.057059019804000854,
    -0.03781313821673393,
    0.11264331638813019,
    -0.03698539361357689,
    -0.03808705136179924,
    0.06005953252315521,
    0.1087643951177597,
    0.06674786657094955,
    -0.02802019566297531,
    -0.04227810353040695,
    -0.015049869194626808,
    -0.059587374329566956,
    0.04203907027840614,
    -0.0058401282876729965,
    0.08569899946451187,
    -0.018132077530026436,
    0.019160954281687737,
    -0.08202735334634781,
    -0.011623275466263294,
    -0.003479352919384837,
    -0.03159322589635849,
    0.005669624079018831,
    -0.005395129788666964,
    0.06228725239634514,
    -0.008547413162887096,
    0.046888578683137894,
    0.011385021731257439,
    -0.04444326087832451,
    0.03337782993912697,
    0.04930199682712555,
    -0.0759471133351326,
    -0.029276272282004356,
    0.03236290439963341,
    0.07880965620279312,
    -0.011175690218806267,
    0.051833126693964005,
    0.051782213151454926,
    0.07330336421728134,
    -0.05340038239955902,
    0.026150396093726158,
    -0.015009620226919651,
    0.005109852179884911,
    -0.08416465669870377,
    0.022359522059559822,
    -0.07688771188259125,
    0.020143335685133934,
    -0.049732767045497894,
    0.02584608644247055,
    -0.003341092960909009,
    -0.07579722255468369,
    0.006385700311511755,
    0.030891956761479378,
    0.026784827932715416,
    -0.03201839327812195,
    0.016031906008720398,
    0.005042345728725195,
    0.0541587769985199,
    0.02047320269048214,
    0.045554760843515396,
    0.0009183564689010382,
    -0.01660843752324581,
