{
  "embedding_files": [
    "gt_300.2s_f28.jpg",
    "gt_399.0s_f54.jpg",
    "gt_211.2s_f8.jpg",
    "gt_2.3s_f4.jpg",
    "gt_26.2s_f12.jpg"
  ],
  "backup_files": [
    "gt_117.2s_f24.jpg",
    "new_1776234399834_gt_589.5s_f73.jpg",
    "new_1776234399834_gt_890.5s_f119.jpg",
    "gt_73.0s_f43.jpg",
    "gt_217.1s_f45.jpg"
  ],
  "scores": {
    "gt_2.3s_f4.jpg": 2.8294,
    "gt_73.0s_f43.jpg": 1.9657,
    "gt_26.2s_f12.jpg": 2.7971,
    "gt_80.2s_f35.jpg": 2.7035,
    "gt_117.2s_f24.jpg": 2.1219,
    "gt_217.1s_f45.jpg": 1.6855,
    "gt_324.5s_f88.jpg": 1.4184,
    "gt_300.2s_f28.jpg": 3.9625,
    "gt_399.0s_f54.jpg": 3.7614,
    "gt_211.2s_f8.jpg": 3.6821
  },
  "approved_files": [
    "gt_2.3s_f4.jpg",
    "gt_26.2s_f12.jpg",
    "gt_80.2s_f35.jpg",
    "gt_117.2s_f24.jpg",
    "gt_73.0s_f43.jpg",
    "gt_217.1s_f45.jpg",
    "gt_324.5s_f88.jpg",
    "gt_211.2s_f8.jpg",
    "gt_300.2s_f28.jpg",
    "gt_399.0s_f54.jpg",
    "new_1776234399834_gt_1141.5s_f165.jpg",
    "new_1776234399834_gt_184.5s_f29.jpg",
    "new_1776234399834_gt_2.1s_f13.jpg",
    "new_1776234399834_gt_589.5s_f73.jpg",
    "new_1776234399834_gt_742.8s_f96.jpg",
    "new_1776234399834_gt_890.5s_f119.jpg",
    "new_1776234399834_gt_933.4s_f147.jpg"
  ],
  "mean_embedding": [
    -0.047004375606775284,
    -0.010345395654439926,
    -0.006369917653501034,
    -0.0106973210349679,
    -0.028478818014264107,
    0.0785662904381752,
    -0.01299190241843462,
    -0.022780360653996468,
    0.07697030156850815,
    0.07715307176113129,
    -0.027667729184031487,
    -0.012427452020347118,
    -0.005452970042824745,
    -0.014036220498383045,
    0.01953059807419777,
    -0.01502374280244112,
    0.0844513550400734,
    0.0319499745965004,
    -0.019659265875816345,
    0.027626963332295418,
    0.04694748297333717,
    0.06048604100942612,
    -0.02655339427292347,
    -0.015422194264829159,
    -0.02361437864601612,
    0.050708647817373276,
    -0.0010732421651482582,
    -0.03555852547287941,
    0.05350258946418762,
    -0.020608946681022644,
    -0.040725626051425934,
    -0.030047208070755005,
    0.034677572548389435,
    0.03426211699843407,
    -0.052518680691719055,
    0.03504578769207001,
    -0.012206437066197395,
    -0.05858733132481575,
    0.055653590708971024,
    0.06949402391910553,
    0.049176398664712906,
    0.01617833599448204,
    0.04706503450870514,
    0.01823880895972252,
    -0.05428479239344597,
    0.0004598594969138503,
    -0.03592703118920326,
    -0.010882052592933178,
    -0.04055526480078697,
    -0.07075444608926773,
    0.03993381932377815,
    0.014884642325341702,
    -0.04663367569446564,
    -0.02869858592748642,
    0.025620581582188606,
    0.08264993876218796,
    0.053850606083869934,
    -0.055654674768447876,
    0.024586880579590797,
    -0.021832052618265152,
    -0.0684283897280693,
    0.0017376866890117526,
    -0.07915477454662323,
    -0.01997169479727745,
    0.00535019114613533,
    -0.006022000219672918,
    -0.013696964830160141,
    0.05586140230298042,
    0.010299586690962315,
    0.021883752197027206,
    -0.02597776986658573,
    -0.03922511637210846,
    -0.061983682215213776,
    -0.034295454621315,
    0.011847608722746372,
    -0.021090026944875717,
    -0.00305504840798676,
    0.03609885275363922,
    -0.03295097500085831,
    -0.011629307642579079,
    0.022325970232486725,
    0.07666719704866409,
    0.026055727154016495,
    -0.01894400082528591,
    0.07208668440580368,
    0.013736174441874027,
    -0.054547492414712906,
    -0.0058401599526405334,
    -0.028303176164627075,
    -0.06497013568878174,
    -0.011558106169104576,
    0.0033171656541526318,
    0.02207566611468792,
    -0.04426649585366249,
    -0.04577033594250679,
    0.035891592502593994,
    -8.491635526297614e-05,
    -0.06884460896253586,
    0.014522755518555641,
    -0.04108530655503273,
    0.05836114287376404,
    0.01471021119505167,
    0.016747914254665375,
    0.029714709147810936,
    0.06349726766347885,
    0.00798979215323925,
    0.009605223312973976,
    -0.005401446018368006,
    0.04566849395632744,
    0.00619538314640522,
    -0.041807256639003754,
    -0.0514674112200737,
    0.07003320008516312,
    -0.015623637475073338,
    -0.002730410313233733,
    -0.011346232146024704,
    0.02119480073451996,
    -0.011049133725464344,
    0.06599055975675583,
    0.037443891167640686,
    0.0038851681165397167,
    0.03800853341817856,
    0.01953274942934513,
    0.005267024040222168,
    -0.014159582555294037,
    0.0538383387029171,
    0.04579631984233856,
    -0.012950765900313854,
    -0.04648500680923462,
    0.025527076795697212,
    0.035909079015254974,
    0.03100547380745411,
    -0.007207697723060846,
    0.08887671679258347,
    -0.012318350374698639,
    0.011161002330482006,
    -0.030520224943757057,
    0.07209562510251999,
    -0.04512805491685867,
    -0.01456544827669859,
    -0.022475307807326317,
    0.04393470659852028,
    0.038750361651182175,
    -0.029378652572631836,
    -0.10996784269809723,
    -0.016235321760177612,
    0.052477557212114334,
    0.06942761689424515,
    -0.0565510094165802,
    0.06525871157646179,
    -0.00810189638286829,
    0.002397054573521018,
    -0.020236894488334656,
    0.0011039540404453874,
    0.018574336543679237,
    -0.010003882460296154,
    0.010978011414408684,
    0.04227745532989502,
    0.04599504917860031,
    -0.020195312798023224,
    0.048196032643318176,
    -0.004173705354332924,
    -0.011784081347286701,
    0.01255327183753252,
    0.01237793080508709,
    0.03984767198562622,
    -0.029938124120235443,
    0.07838111370801926,
    -0.07770869135856628,
    -0.020273681730031967,
    0.10219436138868332,
    0.0036612539552152157,
    0.04509869962930679,
    0.009855680167675018,
    -0.005834958516061306,
    0.022594517096877098,
    -0.029958926141262054,
    -0.025931552052497864,
    -0.054119888693094254,
    0.06912464648485184,
    -0.014611277729272842,
    -0.034971799701452255,
    -0.036040596663951874,
    -0.020466875284910202,
    0.040231868624687195,
    -0.017464693635702133,
    0.0033059059642255306,
    0.024950040504336357,
    0.001732981763780117,
    -0.03502865880727768,
    -0.04974612593650818,
    0.015553191304206848,
    -0.03414580971002579,
    0.08489056676626205,
    -0.04796291142702103,
    0.07133393734693527,
    0.02142483927309513,
    -0.02826400101184845,
    -0.0644061267375946,
    -0.05706380680203438,
    -0.03779039531946182,
    0.11265894025564194,
    -0.03699023649096489,
    -0.038091469556093216,
    0.0600694939494133,
    0.10877763479948044,
    0.066749706864357,
    -0.02801687829196453,
    -0.04227619618177414,
    -0.01504118274897337,
    -0.05959576368331909,
    0.04204355925321579,
    -0.005848623812198639,
    0.08568510413169861,
    -0.01813766360282898,
    0.01916932687163353,
    -0.08202964067459106,
    -0.011611993424594402,
    -0.0034868093207478523,
    -0.03158070519566536,
    0.00567461596801877,
    -0.005384995602071285,
    0.06227675825357437,
    -0.00854177214205265,
    0.04688161239027977,
    0.01139365416020155,
    -0.044435035437345505,
    0.033381137996912,
    0.049300625920295715,
    -0.0759444609284401,
    -0.029258864000439644,
    0.032352570444345474,
    0.0788031667470932,
    -0.011165784671902657,
    0.05181741714477539,
    0.0517890639603138,
    0.0733007937669754,
    -0.05339398235082626,
    0.026147011667490005,
    -0.01500890962779522,
    0.00510860001668334,
    -0.08415541052818298,
    0.022359399124979973,
    -0.07686745375394821,
    0.020136935636401176,
    -0.04973919689655304,
    0.025851672515273094,
    -0.0033543782774358988,
    -0.07579503953456879,
    0.006393613293766975,
    0.03088867850601673,
    0.02679344080388546,
    -0.03202206268906593,
    0.016023345291614532,
    0.0050394185818731785,
    0.05417676642537117,
    0.02049361728131771,
    0.0455678328871727,
    0.0009143729112111032,
