{
  "embedding_files": [
    "gt_213.3s_f189.jpg",
    "gt_140.2s_f139.jpg",
    "gt_69.1s_f63.jpg",
    "gt_179.3s_f156.jpg",
    "gt_102.8s_f106.jpg"
  ],
  "backup_files": [],
  "scores": {
    "gt_69.1s_f63.jpg": 40.2593,
    "gt_179.3s_f156.jpg": 33.2998,
    "gt_102.8s_f106.jpg": 27.7067,
    "gt_213.3s_f189.jpg": 46.9503,
    "gt_140.2s_f139.jpg": 44.0232
  },
  "approved_files": [
    "gt_213.3s_f189.jpg",
    "gt_140.2s_f139.jpg",
    "gt_69.1s_f63.jpg",
    "gt_179.3s_f156.jpg",
    "gt_102.8s_f106.jpg"
  ],
  "mean_embedding": [
    0.055997688323259354,
    0.054701466113328934,
    0.02182563580572605,
    0.04115675017237663,
    -0.05571481212973595,
    0.013543353416025639,
    0.049556534737348557,
    -0.030795641243457794,
    0.009719218127429485,
    0.06848280876874924,
    0.0069510443136096,
    -0.07298644632101059,
    0.02905535139143467,
    0.04878842458128929,
    -0.05485311895608902,
    -0.05825667828321457,
    -0.011823867447674274,
    0.04275214299559593,
    0.03133781999349594,
    -0.049070823937654495,
    0.00877943355590105,
    -0.03765232488512993,
    0.04969143867492676,
    0.0561186820268631,
    0.038568560034036636,
    -0.11337079852819443,
    -0.05059169605374336,
    -0.03925924003124237,
    0.11014353483915329,
    0.08198715001344681,
    -0.04263134300708771,
    0.04833954945206642,
    0.06580442190170288,
    0.047968149185180664,
    0.02519235387444496,
    -0.04692579433321953,
    -0.015811583027243614,
    -0.004036886151880026,
    0.04892171919345856,
    0.017907340079545975,
    -0.004068365786224604,
    0.007526793051511049,
    -0.06666884571313858,
    -0.05544397607445717,
    -0.04297003149986267,
    0.029866861179471016,
    0.007518660742789507,
    0.007080990821123123,
    0.010366217233240604,
    -0.0050530568696558475,
    -0.02546255849301815,
    -0.012406187132000923,
    -0.012632433325052261,
    -0.023518823087215424,
    0.04732933267951012,
    0.05126073211431503,
    0.03720124810934067,
    -0.06512603163719177,
    -0.024049043655395508,
    -0.031315553933382034,
    0.03865920007228851,
    0.025965526700019836,
    0.0014692662516608834,
    0.020228592678904533,
    0.0707782655954361,
    -0.027042577043175697,
    -0.03326946124434471,
    0.08901534974575043,
    -0.018339691683650017,
    0.09326008707284927,
    0.07856395095586777,
    0.05329999700188637,
    -0.029339058324694633,
    -0.005610595922917128,
    0.05395103991031647,
    0.016080938279628754,
    0.04155099019408226,
    0.07634229212999344,
    0.01355743408203125,
    -0.0056279380805790424,
    0.020413659512996674,
    -0.0334913469851017,
    -0.007484964560717344,
    0.01713157631456852,
    0.03151640295982361,
    -0.015433221124112606,
    -0.01717234030365944,
    -0.005650673061609268,
    0.012446963228285313,
    0.00849813874810934,
    -0.010569477453827858,
    0.018361208960413933,
    0.03146178275346756,
    -0.038974788039922714,
    -0.003915282431989908,
    0.011340531520545483,
    -0.018662726506590843,
    -0.017507780343294144,
    0.022371068596839905,
    0.0479624904692173,
    -0.052742280066013336,
    -0.092413030564785,
    0.05468852445483208,
    -0.008832219056785107,
    -0.0009174738661386073,
    -0.00015835142403375357,
    0.06072288006544113,
    0.06883537024259567,
    -0.06632797420024872,
    -0.014302795752882957,
    0.01931595243513584,
    0.08337194472551346,
    0.011613171547651291,
    -0.005655996967107058,
    -0.007864455692470074,
    0.001725133042782545,
    -0.05834512785077095,
    0.03306365758180618,
    -0.0692543089389801,
    0.1500219702720642,
    -0.021240713074803352,
    -0.0340324267745018,
    -0.003149663330987096,
    -0.023010946810245514,
    -0.048463400453329086,
    0.025951793417334557,
    0.007547589484602213,
    0.0072909146547317505,
    0.038711145520210266,
    0.07167936116456985,
    -0.02450631745159626,
    0.030425379052758217,
    -0.011948480270802975,
    -0.014593527652323246,
    -0.05233079940080643,
    -0.04420151188969612,
    -0.05359688401222229,
    -0.013897201046347618,
    0.03854648023843765,
    -0.06402582675218582,
    -0.0656014233827591,
    -0.058757733553647995,
    0.05454382300376892,
    0.04109737649559975,
    0.0011177813867107034,
    -0.0629655048251152,
    -0.013462910428643227,
    -0.009321168065071106,
    -0.0755285769701004,
    0.01811983995139599,
    -0.029886748641729355,
    -0.021296460181474686,
    -0.04755760729312897,
    0.005508581176400185,
    0.01531981024891138,
    0.05133511498570442,
    0.03172958269715309,
    0.0028887377120554447,
    -0.00558999739587307,
    0.0056339651346206665,
    0.031146416440606117,
    0.044064126908779144,
    -0.016215840354561806,
    0.09067634493112564,
    -0.01666073687374592,
    -0.03567942976951599,
    -0.046395350247621536,
    -0.04828094691038132,
    0.01037367433309555,
    -0.017980260774493217,
    -0.004953571129590273,
    0.07959277927875519,
    0.0037579559721052647,
    0.024046562612056732,
    -0.001085601863451302,
    -0.05789164826273918,
    -0.053785230964422226,
    -0.08597100526094437,
    -0.07966618984937668,
    0.01868138089776039,
    -0.027757855132222176,
    0.018699441105127335,
    -0.04684141278266907,
    -0.0903313085436821,
    -0.023600049316883087,
    -0.009793497622013092,
    0.04975944012403488,
    -0.017065539956092834,
    0.017564920708537102,
    0.03297533467411995,
    -0.07341673225164413,
    0.005704342853277922,
    0.0007489922572858632,
    0.045818790793418884,
    0.06996600329875946,
    -0.02277469076216221,
    0.027371764183044434,
    -0.11440030485391617,
    -0.013019374571740627,
    -0.061636749655008316,
    0.0011626430787146091,
    -0.06181654706597328,
    -0.030917510390281677,
    0.06790337711572647,
    0.05625738203525543,
    0.05478325113654137,
    0.021356379613280296,
    0.011852109804749489,
    0.04128898307681084,
    0.02493472769856453,
    0.026064351201057434,
    0.02604150027036667,
    0.02072458155453205,
    -0.044575389474630356,
    -0.07923360913991928,
    -0.0556701235473156,
    0.008625584654510021,
    0.028244517743587494,
    -0.006020536180585623,
    -0.02752413973212242,
    -0.03587593138217926,
    0.0504741296172142,
    -0.03500518575310707,
    -0.04550277069211006,
    0.039403513073921204,
    0.04666822776198387,
    0.10887284576892853,
    0.09500685334205627,
    -0.016766341403126717,
    0.018951714038848877,
    -0.007738693151623011,
    -0.0715913325548172,
    0.00966736488044262,
    -0.009948039427399635,
    -0.030794870108366013,
    0.040083322674036026,
    0.012768165208399296,
    -0.06409642100334167,
    0.03954204544425011,
    0.06115096062421799,
    0.0526711642742157,
    -0.055340226739645004,
    0.01233589369803667,
    0.004547216929495335,
    0.06027184799313545,
    -0.012799241580069065,
    0.004377782344818115,
    0.00974651612341404,
    -0.0004968706052750349,
    0.0031465375795960426,
    0.042486295104026794,
    -0.03177029266953468,
    -0.011937987059354782,
    0.04343011975288391,
    -0.023146474733948708,
    0.035388555377721786,
    0.04159262776374817,
    -0.030446182936429977,
    -0.03312470391392708,
    -0.04758191481232643,
    -0.018726982176303864,
    -0.009401769377291203,
    -0.0009346540900878608,
    0.00019159517250955105,
    -0.03477901220321655,
    0.021658828482031822,
    0.03882221132516861,
    -0.0017842712113633752,
    -0.10381023585796356,
    -0.06351151317358017,
    -0.03986727073788643,
    -0.05936116725206375,
    0.0035865516401827335,
    -0.004375442862510681,
    -0.024820946156978607,
    -0.03713678568601608,
    -0.05301668494939804,
    -0.051253702491521835,
    0.02784106135368347,
    0.07693497836589813,
    0.020855773240327835,
    -0.024317849427461624,
    0.03509850800037384,
    -0.0016075193416327238,
    -0.004013808909803629,
    0.019233807921409607,
