{
  "embedding_files": [
    "gt_87.0s_f38.jpg",
    "gt_65.7s_f9.jpg",
    "gt_53.6s_f0.jpg",
    "gt_76.0s_f24.jpg",
    "gt_310.5s_f12.jpg",
    "gt_212.4s_f120.jpg",
    "gt_224.0s_f125.jpg",
    "gt_234.3s_f134.jpg",
    "gt_244.4s_f143.jpg"
  ],
  "backup_files": [
    "gt_184.5s_f36.jpg",
    "gt_2.1s_f8.jpg",
    "gt_431.4s_f39.jpg",
    "gt_589.5s_f68.jpg",
    "gt_729.5s_f126.jpg"
  ],
  "scores": {
    "gt_184.5s_f36.jpg": 6.8732,
    "gt_2.1s_f8.jpg": 3.2945,
    "gt_729.5s_f126.jpg": 3.1558,
    "gt_310.5s_f12.jpg": 7.1856,
    "gt_589.5s_f68.jpg": 6.3024,
    "gt_431.4s_f39.jpg": 3.4254,
    "gt_87.0s_f38.jpg": 37.092,
    "gt_65.7s_f9.jpg": 32.7623,
    "gt_53.6s_f0.jpg": 28.0964,
    "gt_76.0s_f24.jpg": 9.8282
  },
  "approved_files": [
    "gt_310.5s_f12.jpg",
    "gt_184.5s_f36.jpg",
    "gt_589.5s_f68.jpg",
    "gt_431.4s_f39.jpg",
    "gt_2.1s_f8.jpg",
    "gt_729.5s_f126.jpg",
    "gt_212.4s_f120.jpg",
    "gt_224.0s_f125.jpg",
    "gt_234.3s_f134.jpg",
    "gt_244.4s_f143.jpg",
    "gt_53.6s_f0.jpg",
    "gt_65.7s_f9.jpg",
    "gt_76.0s_f24.jpg",
    "gt_87.0s_f38.jpg"
  ],
  "mean_embedding": [
    0.006615199614316225,
    -0.03656117245554924,
    0.002402376849204302,
    -0.016899893060326576,
    -0.042646199464797974,
    0.04518534615635872,
    0.007874353788793087,
    0.05283990874886513,
    0.01195603609085083,
    0.012309357523918152,
    -0.014005118981003761,
    -0.05714577063918114,
    -0.001125838840380311,
    0.010030795820057392,
    -0.02803511545062065,
    -0.11286723613739014,
    -0.08748682588338852,
    0.02871064655482769,
    -0.08470993489027023,
    -0.07967482507228851,
    0.028110915794968605,
    -0.005471843294799328,
    -0.011764567345380783,
    -0.01582077331840992,
    0.03783566132187843,
    -0.008785374462604523,
    -0.10312185436487198,
    -0.039678167551755905,
    0.018314179033041,
    0.010982029139995575,
    -0.016973841935396194,
    -0.053478021174669266,
    0.02681361883878708,
    -0.052996788173913956,
    -0.038300491869449615,
    0.04664719104766846,
    -0.05411280319094658,
    0.022520916536450386,
    0.0786886140704155,
    0.004422964062541723,
    -0.0064506931230425835,
    -0.020221522077918053,
    0.04386310279369354,
    0.0598309226334095,
    0.011411629617214203,
    -0.023960009217262268,
    0.01847301609814167,
    -0.001633455976843834,
    0.02850288152694702,
    -0.031444061547517776,
    0.02120620757341385,
    0.021468214690685272,
    -0.05998958647251129,
    0.04625239595770836,
    -0.010794403031468391,
    0.008550913073122501,
    0.002310741227120161,
    -0.04699385166168213,
    -0.002880292711779475,
    0.08646854013204575,
    -0.011900166980922222,
    0.06377528607845306,
    -0.040062904357910156,
    0.006835711654275656,
    -0.034088585525751114,
    0.04186449199914932,
    0.0323215015232563,
    -0.07296783477067947,
    0.043804831802845,
    -0.09509557485580444,
    0.05798664316534996,
    -0.04138503596186638,
    -0.07328232377767563,
    -0.007858280092477798,
    0.025746269151568413,
    -0.04910675808787346,
    0.05753853917121887,
    0.03341221436858177,
    0.058239422738552094,
    -0.011261454783380032,
    0.0162266343832016,
    -0.032997265458106995,
    0.06917471438646317,
    -0.042896270751953125,
    0.027871616184711456,
    -0.059393223375082016,
    0.04907963424921036,
    -0.01703030988574028,
    -0.008112278766930103,
    -0.014777111820876598,
    0.027572957798838615,
    0.04850892350077629,
    -0.039110276848077774,
    0.03245112672448158,
    -0.024707583710551262,
    0.03864328935742378,
    -0.014373215846717358,
    -0.044188857078552246,
    0.024719392880797386,
    -0.004710906185209751,
    0.00890794675797224,
    0.008499153889715672,
    0.04926708713173866,
    0.05906664952635765,
    0.05023317411541939,
    0.02090391330420971,
    0.03242189809679985,
    -0.028843121603131294,
    0.02191087417304516,
    0.05895081162452698,
    0.05611531808972359,
    -0.05462338775396347,
    -0.02591702528297901,
    -0.027954937890172005,
    0.006380829028785229,
    -0.07000219076871872,
    -0.03234100714325905,
    -0.0692863017320633,
    -0.10503822565078735,
    0.07497088611125946,
    0.001725036185234785,
    0.065958671271801,
    0.01224871352314949,
    0.06514833867549896,
    -0.042769093066453934,
    0.035841066390275955,
    0.05326627194881439,
    -0.07781641185283661,
    0.01254980731755495,
    0.03851937875151634,
    -0.01816275343298912,
    0.11517040431499481,
    -0.003976906184107065,
    0.023355185985565186,
    0.06867004930973053,
    -0.0015012759249657393,
    0.008497475646436214,
    -0.05446245148777962,
    0.015701666474342346,
    -0.010117984376847744,
    0.06226600706577301,
    0.0073756203055381775,
    0.05935351178050041,
    0.0023095877841115,
    -0.044043995440006256,
    0.005678089801222086,
    -0.023552032187581062,
    0.043189603835344315,
    0.045501429587602615,
    0.08409801870584488,
    0.035747136920690536,
    0.015799544751644135,
    -0.014240444637835026,
    -0.03515029698610306,
    0.003961795009672642,
    -0.0636240616440773,
    -0.01011151634156704,
    -0.017317011952400208,
    -0.03732489421963692,
    -0.007045841310173273,
    -0.009798940271139145,
    0.028254013508558273,
    -0.017523271963000298,
    0.037527553737163544,
    -0.07064343988895416,
    0.07688852399587631,
    -0.042715076357126236,
    0.07334895431995392,
    -0.07319236546754837,
    0.07954911142587662,
    0.05381975322961807,
    -0.06275483965873718,
    -0.019142111763358116,
    0.054470244795084,
    0.03488761559128761,
    -0.012096719816327095,
    0.03310051187872887,
    0.010695667006075382,
    0.041399478912353516,
    0.0010492177680134773,
    0.04554945230484009,
    -0.07976405322551727,
    -0.024810323491692543,
    -0.017521217465400696,
    -0.009277772158384323,
    0.006742200814187527,
    -0.027126381173729897,
    -0.021636491641402245,
    0.013058059848845005,
    -0.06644585728645325,
    -0.03609791398048401,
    -0.0419091060757637,
    0.01977038010954857,
    0.0036189875099807978,
    0.0018829373875632882,
    0.014169353991746902,
    0.019966183230280876,
    -0.0070971655659377575,
    -0.023257160559296608,
    -0.012890767306089401,
    0.02679426781833172,
    -0.053363919258117676,
    0.013970496132969856,
    0.013191846199333668,
    0.05421597138047218,
    0.06147131696343422,
    0.02192063443362713,
    0.007768476847559214,
    -0.023926736786961555,
    -0.04926507920026779,
    -0.02412944659590721,
    0.025981515645980835,
    -0.016866318881511688,
    -0.023895390331745148,
    0.01271230448037386,
    0.03641674295067787,
    0.014146183617413044,
    -0.04461321979761124,
    0.03839442506432533,
    0.042284443974494934,
    -0.0353165827691555,
    -0.003724475856870413,
    -0.07453538477420807,
    -0.027217110618948936,
    0.049492593854665756,
    0.004659716971218586,
    0.015659399330615997,
    0.08062741160392761,
    0.028014712035655975,
    0.001699836109764874,
    -0.01848551817238331,
    -0.031863268464803696,
    0.03469065949320793,
    -0.06250184774398804,
    0.04372353106737137,
    0.010254193097352982,
    -0.012144861742854118,
    -0.010112819261848927,
    0.003052174113690853,
    0.08748053014278412,
    -0.0642940029501915,
    -0.05272766947746277,
    -0.032444264739751816,
    -0.04002087935805321,
    0.0806286484003067,
    0.014699731953442097,
    0.005615010391920805,
    0.03393944352865219,
    2.0190544091747142e-05,
    0.051640305668115616,
    0.08031197637319565,
    -0.02829660102725029,
    0.0277542807161808,
    -0.012239454314112663,
    0.060424938797950745,
    -0.06837411969900131,
    -0.029406584799289703,
    -0.016190486028790474,
    -0.051556315273046494,
    -0.020354637876152992,
    -0.04117225110530853,
    -0.11476579308509827,
    0.009680179879069328,
    -0.038521215319633484,
