{
  "embedding_files": [
    "gt_87.0s_f38.jpg",
    "gt_65.7s_f9.jpg",
    "gt_53.6s_f0.jpg",
    "gt_76.0s_f24.jpg",
    "gt_224.0s_f125.jpg",
    "gt_234.3s_f134.jpg",
    "gt_244.4s_f143.jpg"
  ],
  "backup_files": [
    "gt_431.4s_f39.jpg",
    "gt_729.5s_f126.jpg",
    "gt_2.1s_f8.jpg"
  ],
  "scores": {
    "gt_184.5s_f36.jpg": 6.8732,
    "gt_2.1s_f8.jpg": 3.2945,
    "gt_729.5s_f126.jpg": 3.1558,
    "gt_310.5s_f12.jpg": 7.1856,
    "gt_589.5s_f68.jpg": 6.3024,
    "gt_431.4s_f39.jpg": 3.4254,
    "gt_87.0s_f38.jpg": 37.092,
    "gt_65.7s_f9.jpg": 32.7623,
    "gt_53.6s_f0.jpg": 28.0964,
    "gt_76.0s_f24.jpg": 9.8282
  },
  "approved_files": [
    "gt_310.5s_f12.jpg",
    "gt_184.5s_f36.jpg",
    "gt_589.5s_f68.jpg",
    "gt_431.4s_f39.jpg",
    "gt_2.1s_f8.jpg",
    "gt_729.5s_f126.jpg",
    "gt_212.4s_f120.jpg",
    "gt_224.0s_f125.jpg",
    "gt_234.3s_f134.jpg",
    "gt_244.4s_f143.jpg",
    "gt_53.6s_f0.jpg",
    "gt_65.7s_f9.jpg",
    "gt_76.0s_f24.jpg",
    "gt_87.0s_f38.jpg"
  ],
  "mean_embedding": [
    0.0204252228140831,
    -0.04052804037928581,
    0.01113092340528965,
    -0.02989368885755539,
    -0.025851955637335777,
    0.03756145015358925,
    -0.017490092664957047,
    0.04530710354447365,
    -0.008273516781628132,
    -0.007112618535757065,
    -0.0029564467258751392,
    -0.04807896912097931,
    -0.003751270705834031,
    0.026288025081157684,
    -0.016994904726743698,
    -0.1067647933959961,
    -0.0765947699546814,
    0.006791839376091957,
    -0.0696539431810379,
    -0.09279859066009521,
    0.0031092839781194925,
    -0.002773971762508154,
    0.015590856783092022,
    -0.012169811874628067,
    0.04303400591015816,
    -0.030041003599762917,
    -0.08412695676088333,
    -0.030094241723418236,
    0.02453620359301567,
    -0.002315178280696273,
    -0.014033536426723003,
    -0.051508188247680664,
    0.03883100673556328,
    -0.03837677463889122,
    -0.05363104119896889,
    0.04467063024640083,
    -0.013006631284952164,
    0.0308852382004261,
    0.06871262937784195,
    0.014264204539358616,
    0.007893893867731094,
    -0.061717770993709564,
    -0.005758068989962339,
    0.048509202897548676,
    0.006699419114738703,
    -0.023296574130654335,
    0.0004896202008239925,
    -0.01203326415270567,
    0.0233563594520092,
    -0.011729853227734566,
    0.03230410814285278,
    0.0358349084854126,
    -0.0389946773648262,
    0.0632750615477562,
    -0.03864280879497528,
    0.017372557893395424,
    -0.022210607305169106,
    -0.05065184831619263,
    -0.012139696627855301,
    0.06287873536348343,
    -0.02695482410490513,
    0.05133300647139549,
    -0.010276690125465393,
    0.014690075069665909,
    -0.0073006111197173595,
    0.052109841257333755,
    0.01800808496773243,
    -0.06706435233354568,
    0.04835951700806618,
    -0.09829922765493393,
    0.0730065256357193,
    -0.04380541667342186,
    -0.11108749359846115,
    0.000812431622762233,
    0.025929640978574753,
    -0.03673368692398071,
    0.004796421155333519,
    0.0250502098351717,
    0.023164823651313782,
    0.005881337448954582,
    0.031484540551900864,
    -0.07386915385723114,
    0.051245830953121185,
    -0.01806681975722313,
    0.021598830819129944,
    -0.08382853120565414,
    -0.0037426622584462166,
    -0.04562601074576378,
    -0.038482580333948135,
    0.009268123656511307,
    0.026661859825253487,
    0.03193437308073044,
    -0.024395734071731567,
    0.006611532997339964,
    -0.005289671942591667,
    0.02904561534523964,
    -0.012213406153023243,
    -0.0318051315844059,
    0.04254290461540222,
    0.005955539643764496,
    0.030925463885068893,
    0.022478971630334854,
    0.05627533420920372,
    0.058736465871334076,
    0.05704271420836449,
    0.02511626109480858,
    0.006115330383181572,
    -0.039609119296073914,
    0.02564300037920475,
    0.06264866143465042,
    0.0476013645529747,
    -0.0363420695066452,
    -0.014673505909740925,
    0.0047647953033447266,
    -0.01049210038036108,
    -0.0864439308643341,
    -0.020996076986193657,
    -0.07862310856580734,
    -0.10113205015659332,
    0.07128189504146576,
    0.021702701225876808,
    0.05764518305659294,
    0.01929532364010811,
    0.07202617079019547,
    -0.038436733186244965,
    0.02103402279317379,
    0.05938060209155083,
    -0.06451331824064255,
    0.01769592985510826,
    0.048994600772857666,
    -0.0003202712978236377,
    0.08353743702173233,
    -0.003520909696817398,
    0.024860991165041924,
    0.08120250701904297,
    -0.005453381687402725,
    0.037279024720191956,
    -0.047687429934740067,
    0.02739860489964485,
    -0.012645740061998367,
    0.06918154656887054,
    0.007930765859782696,
    0.04503190889954567,
    0.0028113280422985554,
    -0.04811141639947891,
    0.017289934679865837,
    0.00444535119459033,
    -0.002757259178906679,
    0.05248727276921272,
    0.09239767491817474,
    0.02188502810895443,
    0.003958217799663544,
    -0.008535961620509624,
    -0.05392204225063324,
    0.010291659273207188,
    -0.07557906210422516,
    -0.015465331263840199,
    -0.012106267735362053,
    -0.04617404192686081,
    -0.009137787856161594,
    -0.0015440074494108558,
    0.0702546238899231,
    -0.013113599270582199,
    0.005848177243024111,
    -0.0687871053814888,
    0.05146704614162445,
    -0.02732164040207863,
    0.048590805381536484,
    -0.11663792282342911,
    0.07968540489673615,
    0.04602682963013649,
    -0.08727104216814041,
    -0.011503615416586399,
    0.053199101239442825,
    0.037247247993946075,
    0.0005774155142717063,
    -0.0014991959324106574,
    0.0031085708178579807,
    0.07104173302650452,
    -0.005769479088485241,
    0.0645594447851181,
    -0.09324200451374054,
    -0.03234347328543663,
    0.00045900107943452895,
    -0.009246335364878178,
    -0.02072291634976864,
    -0.061197634786367416,
    -0.012952897697687149,
    0.032077789306640625,
    -0.08626696467399597,
    -0.003540819277986884,
    -0.039580948650836945,
    0.03464297577738762,
    -0.0071369195356965065,
    0.03086685761809349,
    -0.008218583650887012,
    0.05203212797641754,
    -0.007490998134016991,
    -0.040497202426195145,
    -0.000811333826277405,
    0.04912376031279564,
    -0.06960353255271912,
    0.01981053315103054,
    0.015428011305630207,
    0.06147561967372894,
    0.06919801235198975,
    0.022252151742577553,
    0.013163161464035511,
    -0.01625359244644642,
    -0.04304889217019081,
    -0.038158830255270004,
    0.01922382041811943,
    -0.013748646713793278,
    -0.051809024065732956,
    0.013735353015363216,
    0.04633611813187599,
    0.036136869341135025,
    -0.032874561846256256,
    0.025850974023342133,
    0.015045187436044216,
    -0.017963407561182976,
    -0.004389416426420212,
    -0.06605244427919388,
    -0.046372491866350174,
    0.0704767182469368,
    -0.027957765385508537,
    0.0002578780986368656,
    0.05739251896739006,
    -0.0018586557125672698,
    0.01521656196564436,
    0.005988003220409155,
    -0.013348580338060856,
    0.028237631544470787,
    -0.06045669689774513,
    0.03316590562462807,
    -0.011250680312514305,
    0.01474018394947052,
    -0.009630291722714901,
    0.0145729286596179,
    0.06396162509918213,
    -0.06541135162115097,
    -0.05045706033706665,
    -0.06717735528945923,
    -0.03259611129760742,
    0.06419701874256134,
    -0.005496532190591097,
    0.006943244021385908,
    0.0439893864095211,
    -0.006168503779917955,
    0.01832316815853119,
    0.11244096606969833,
    -0.046644870191812515,
    0.002759028924629092,
    0.01963241584599018,
    0.0927969217300415,
    -0.09048386663198471,
    -0.00789189338684082,
    -0.013114428147673607,
    -0.04089400917291641,
    -0.003320087678730488,
    -0.057383209466934204,
    -0.09461917728185654,
    0.028941426426172256,
    -0.04208396002650261,
    -0.014272117055952549,
    0.048017919063568115,
    0.040896717458963394,
