{
  "embedding_files": [
    "gt_217.1s_f46.jpg",
    "gt_117.2s_f15.jpg",
    "gt_324.5s_f93.jpg"
  ],
  "backup_files": [],
  "scores": {
    "gt_217.1s_f46.jpg": 17.7678,
    "gt_117.2s_f15.jpg": 3.5453,
    "gt_324.5s_f93.jpg": 3.4404
  },
  "approved_files": [
    "gt_217.1s_f46.jpg",
    "gt_117.2s_f15.jpg",
    "gt_324.5s_f93.jpg"
  ],
  "mean_embedding": [
    0.001136026345193386,
    0.004801534116268158,
    -0.038864586502313614,
    -0.040842361748218536,
    -0.032140541821718216,
    -0.008895577862858772,
    -0.025743383914232254,
    0.04070282354950905,
    -0.05616139993071556,
    -0.0084052300080657,
    0.010977973230183125,
    0.0570831373333931,
    -0.010715113952755928,
    0.011159712448716164,
    0.03334864601492882,
    -0.04921982064843178,
    -0.009041570127010345,
    0.0009695907356217504,
    0.008652985095977783,
    -0.08830047398805618,
    0.00538061186671257,
    -0.0630592480301857,
    -0.06696909666061401,
    -0.04020349681377411,
    0.04789111018180847,
    0.00931619107723236,
    -0.051523227244615555,
    -0.021846268326044083,
    0.02984210103750229,
    -0.06566567718982697,
    -0.03133868798613548,
    -0.01861025020480156,
    0.031785231083631516,
    -0.04968467354774475,
    0.04603898525238037,
    0.011131111532449722,
    -0.033144112676382065,
    -0.017483141273260117,
    0.10711587965488434,
    0.013334373012185097,
    0.03662967309355736,
    -0.018512099981307983,
    0.007873878814280033,
    0.08830174803733826,
    -0.02217140607535839,
    0.014628514647483826,
    -0.033791761845350266,
    0.022624872624874115,
    0.0407315269112587,
    -0.007942838594317436,
    0.0710468515753746,
    0.003008022205904126,
    -0.032272785902023315,
    -0.01797059364616871,
    0.028365785256028175,
    0.05425906553864479,
    -0.028380505740642548,
    -0.06348901987075806,
    -0.014521963894367218,
    -0.05411617085337639,
    0.018958954140543938,
    -0.06750503182411194,
    0.09044894576072693,
    0.042479563504457474,
    0.10098482668399811,
    0.04001207649707794,
    0.01907990127801895,
    0.023284267634153366,
    0.0477273166179657,
    -0.08496488630771637,
    0.05499695613980293,
    -0.032427359372377396,
    0.05190056934952736,
    -0.06076115369796753,
    0.022133421152830124,
    0.04417228326201439,
    0.041436098515987396,
    -0.0057342443615198135,
    0.052293188869953156,
    -0.07277338951826096,
    -0.012300599366426468,
    -0.08422097563743591,
    -0.03535551205277443,
    -0.012843449600040913,
    -0.014689771458506584,
    0.06337697803974152,
    0.023296009749174118,
    0.02232883870601654,
    -0.05168243870139122,
    -0.010014999657869339,
    -0.06560569256544113,
    0.046272505074739456,
    -0.12163323163986206,
    -0.003770477371290326,
    0.013853042386472225,
    0.021477052941918373,
    -0.03313381224870682,
    -0.06150577589869499,
    0.06490606814622879,
    0.01187004242092371,
    -0.01756393350660801,
    -0.008659492246806622,
    0.05170968174934387,
    0.06595239043235779,
    -0.000805182964541018,
    -0.034387581050395966,
    0.04528016224503517,
    -0.07955891638994217,
    -0.0035380846820771694,
    0.007474446203559637,
    -0.012301722541451454,
    0.10355059057474136,
    -0.029094239696860313,
    0.07442077994346619,
    0.038552019745111465,
    -0.014571595937013626,
    0.011846635490655899,
    0.005949219223111868,
    -0.05669885128736496,
    -0.008861992508172989,
    -0.03196233883500099,
    0.08371346443891525,
    -0.029967930167913437,
    0.11609945446252823,
    -0.06272035837173462,
    0.06258118897676468,
    0.04042314738035202,
    0.015558861196041107,
    0.0069147925823926926,
    -0.019281404092907906,
    -0.04405590519309044,
    0.0223713181912899,
    -0.08963406085968018,
    -0.060876812785863876,
    -0.03651496395468712,
    -0.05030309781432152,
    0.03553082048892975,
    -0.022647036239504814,
    -0.028445053845643997,
    -0.011015133932232857,
    0.013775549829006195,
    -0.023392409086227417,
    0.04307705909013748,
    -0.020344765856862068,
    -0.06780006736516953,
    -0.015692755579948425,
    0.04144749417901039,
    -0.05294689163565636,
    -0.010833553969860077,
    0.016825394704937935,
    -0.02980603650212288,
    -0.00469430023804307,
    0.0027676336467266083,
    -0.01020658016204834,
    0.02579198218882084,
    -0.10579294711351395,
    0.04888530075550079,
    -0.050965819507837296,
    -0.03045365773141384,
    0.08176420629024506,
    0.04098358750343323,
    -0.005907963961362839,
    0.03895097225904465,
    -0.03987141326069832,
    -0.06760749220848083,
    -0.04222696274518967,
    -0.06202748417854309,
    0.05602922663092613,
    -0.095770463347435,
    0.027451906353235245,
    -0.026914790272712708,
    0.017618123441934586,
    -0.06784320622682571,
    0.028155537322163582,
    0.013356802985072136,
    -0.017246317118406296,
    -0.018732205033302307,
    -0.017004765570163727,
    0.03618612140417099,
    -0.02625267021358013,
    -0.026282601058483124,
    0.0047309487126767635,
    -0.035866592079401016,
    -0.019610648974776268,
    0.0019365112530067563,
    -0.07071998715400696,
    -0.04004931449890137,
    0.008950912393629551,
    0.054559413343667984,
    0.010367735289037228,
    -0.008806132711470127,
    0.0806540995836258,
    0.04430900514125824,
    0.004745992366224527,
    0.008174406364560127,
    -0.0012787410523742437,
    0.02957487665116787,
    -0.009608285501599312,
    0.010761476121842861,
    0.016436109319329262,
    0.009105334989726543,
    -0.06290814280509949,
    -0.08148833364248276,
    0.05910790339112282,
    0.018128180876374245,
    0.009342481382191181,
    0.06698790937662125,
    -0.00835997611284256,
    0.05582713708281517,
    -0.00029256593552418053,
    0.03765047341585159,
    0.029330629855394363,
    -0.023925596848130226,
    -0.041892409324645996,
    -0.06002518907189369,
    0.053696684539318085,
    -0.0477118119597435,
    0.028031660243868828,
    -0.05044125020503998,
    0.03863045945763588,
    -0.04997173324227333,
    0.04241368919610977,
    -0.016212254762649536,
    -0.03431211784482002,
    0.06738535314798355,
    -0.01938650943338871,
    -0.03421982377767563,
    0.05454310402274132,
    0.02719888836145401,
    -0.04682902619242668,
    0.08720256388187408,
    -0.108228400349617,
    0.022802922874689102,
    0.005119691602885723,
    -0.013482999987900257,
    0.0426647774875164,
    0.028904736042022705,
    0.0007654177024960518,
    0.05340622738003731,
    -0.01777515932917595,
    -0.044084277004003525,
    -0.04921023175120354,
    -0.040890131145715714,
    -0.0032277628779411316,
    0.05595273897051811,
    0.06464675813913345,
    -0.008573101833462715,
    0.000673053553327918,
    0.0629531517624855,
    0.0851849913597107,
    -0.019714822992682457,
    0.05857938900589943,
    0.03360237926244736,
    0.03468002378940582,
    -0.006313867401331663,
    0.040037162601947784,
    -0.017863109707832336,
    0.04992758110165596,
    0.022449824959039688,
    -0.04267401620745659,
    -0.052769873291254044,
    -0.07009071111679077,
    0.04237956926226616,
    0.007726144511252642,
    0.0020948650781065226,
    0.02541748620569706,
    -0.0482366681098938,
    0.07750079035758972,
    -0.02598053403198719,
    0.006925650872290134,
    0.0017561010317876935,
    -0.015072410926222801,
    -0.07824951410293579,
    0.05609986186027527,
    0.008776353672146797,
    -0.01218000054359436,
    -0.0104374336078763,
    -0.1294856071472168,
    0.06285920739173889,
    0.03355012461543083,
    -0.0015851737698540092,
    0.05230286344885826,
    -0.1510530710220337,
    -0.017790846526622772,
    0.057232391089200974,
    0.04027692228555679,
    0.017594464123249054,
    -0.004103092476725578,
    -0.0014441803796216846,
    -0.03826170787215233,
    0.09826195240020752,
    0.000592796306591481,
    -0.03640058636665344,
