{
  "embedding_files": [
    "gt_217.1s_f46.jpg",
    "gt_117.2s_f15.jpg",
    "gt_324.5s_f93.jpg"
  ],
  "backup_files": [],
  "scores": {
    "gt_217.1s_f46.jpg": 17.7678,
    "gt_117.2s_f15.jpg": 3.5453,
    "gt_324.5s_f93.jpg": 3.4404
  },
  "approved_files": [
    "gt_217.1s_f46.jpg",
    "gt_117.2s_f15.jpg",
    "gt_324.5s_f93.jpg"
  ],
  "mean_embedding": [
    0.009239218197762966,
    -0.016105230897665024,
    -0.015310399234294891,
    -0.017593862488865852,
    -0.03588487580418587,
    -0.017651095986366272,
    -0.0399978868663311,
    0.043219294399023056,
    -0.03956140950322151,
    0.03049982525408268,
    0.031502678990364075,
    0.04083739593625069,
    0.008330297656357288,
    -0.005069185048341751,
    0.02883138880133629,
    -0.03969201818108559,
    -0.0017108042957261205,
    0.00030065790633670986,
    0.014214017428457737,
    -0.10298413038253784,
    0.006124706938862801,
    -0.06975681334733963,
    -0.07228441536426544,
    -0.04096745699644089,
    0.056038275361061096,
    0.0007528723799623549,
    -0.061029575765132904,
    -0.055622976273298264,
    0.046108994632959366,
    -0.06376838684082031,
    -0.030567344278097153,
    -0.015376185066998005,
    0.024699047207832336,
    -0.038867685943841934,
    0.0377265103161335,
    0.011538202874362469,
    -0.031094567850232124,
    0.0003285192360635847,
    0.10122650116682053,
    0.03838004544377327,
    0.048763759434223175,
    0.008632613345980644,
    0.02036537602543831,
    0.09040707349777222,
    -0.01873967796564102,
    0.009868026711046696,
    -0.029930945485830307,
    0.025438982993364334,
    0.04724167659878731,
    -0.014679264277219772,
    0.08172948658466339,
    0.0007307216874323785,
    -0.056349966675043106,
    -0.01769898645579815,
    0.038543954491615295,
    0.04867396503686905,
    -0.056879036128520966,
    -0.07838074862957001,
    -0.01845337077975273,
    -0.0424264520406723,
    0.03335023671388626,
    -0.09338771551847458,
    0.06839553266763687,
    0.04569333419203758,
    0.10840712487697601,
    0.034640997648239136,
    0.05292494222521782,
    0.032850440591573715,
    0.04222625866532326,
    -0.07213188707828522,
    0.07605191320180893,
    -0.01557987555861473,
    0.059801943600177765,
    -0.04821958392858505,
    0.022615762427449226,
    0.049380671232938766,
    0.05982187017798424,
    -0.0043610380962491035,
    0.06365828216075897,
    -0.06858937442302704,
    -0.008341990411281586,
    -0.0940592959523201,
    -0.020071757957339287,
    -0.026101229712367058,
    -0.02803155593574047,
    0.04185643792152405,
    -0.017639078199863434,
    0.0033776499330997467,
    -0.04855703189969063,
    -0.022125406190752983,
    -0.035663772374391556,
    0.05347173660993576,
    -0.12132317572832108,
    -0.01940161921083927,
    -0.0011019045487046242,
    0.015650399029254913,
    -0.053036585450172424,
    -0.036628153175115585,
    0.056790221482515335,
    0.015658535063266754,
    -0.030294816941022873,
    -0.010631663724780083,
    0.05190339684486389,
    0.04470008984208107,
    -0.01684528961777687,
    -0.002474555978551507,
    0.04429325833916664,
    -0.06374811381101608,
    0.007352378219366074,
    0.032956574112176895,
    -0.010064364410936832,
    0.09397569298744202,
    -0.043550316244363785,
    0.08107893168926239,
    0.03805539757013321,
    -0.03095339797437191,
    0.043713342398405075,
    0.00942718144506216,
    -0.03736458346247673,
    0.018752822652459145,
    -0.06116557493805885,
    0.0655883252620697,
    -0.03023579902946949,
    0.12562699615955353,
    -0.03929426148533821,
    0.0629303827881813,
    0.03243332728743553,
    0.004545648582279682,
    -0.023736082017421722,
    -0.008197576738893986,
    -0.06445910036563873,
    0.007309549953788519,
    -0.08990977704524994,
    -0.04591060429811478,
    -0.05613604187965393,
    -0.05571123585104942,
    0.03456711396574974,
    0.003022735007107258,
    -0.012126890011131763,
    -0.01118277944624424,
    -0.0019584859255701303,
    -0.011794716119766235,
    0.03279730677604675,
    -0.01958848349750042,
    -0.06202671676874161,
    -0.020361583679914474,
    0.05406051501631737,
    -0.09535698592662811,
    -0.017219914123415947,
    0.022412944585084915,
    0.011905979365110397,
    -0.003373075509443879,
    0.007275530137121677,
    -0.019306952133774757,
    0.03692936897277832,
    -0.1155109778046608,
    0.03510533645749092,
    -0.046243082731962204,
    -0.015175195410847664,
    0.0781102403998375,
    0.02589300088584423,
    -0.015001802705228329,
    0.007543913554400206,
    -0.030546771362423897,
    -0.06480960547924042,
    -0.050684165209531784,
    -0.06351099163293839,
    0.06492249667644501,
    -0.07864730060100555,
    0.04701533168554306,
    -0.04020404815673828,
    -5.0225491577293724e-05,
    -0.015644613653421402,
    0.051421429961919785,
    -0.019458284601569176,
    0.009693910367786884,
    -0.03379020839929581,
    -0.02699674665927887,
    0.031593311578035355,
    -0.03117259405553341,
    -0.03813401609659195,
    0.00020615651737898588,
    -0.05624796077609062,
    -0.029275385662913322,
    0.02921413443982601,
    -0.059223588556051254,
    -0.014983352273702621,
    0.026821287348866463,
    0.06339649111032486,
    0.00824531726539135,
    -0.015816396102309227,
    0.07195188850164413,
    0.07567727565765381,
    0.04084541276097298,
    -0.001893527340143919,
    0.012773960828781128,
    0.06792900711297989,
    0.018630079925060272,
    0.01367103774100542,
    0.00669379997998476,
    0.013633782044053078,
    -0.06602460891008377,
    -0.07300472259521484,
    0.042986322194337845,
    0.025357823818922043,
    -0.0038914240431040525,
    0.057198140770196915,
    -0.037574756890535355,
    0.054757010191679,
    -0.03432242199778557,
    0.02040046826004982,
    0.022105414420366287,
    -0.011193440295755863,
    -0.028897102922201157,
    -0.08796215057373047,
    0.045114196836948395,
    -0.040567509829998016,
    0.02057577297091484,
    -0.03525129705667496,
    0.027448561042547226,
    -0.03094693087041378,
    0.03442377224564552,
    -0.02526388131082058,
    -0.03204980120062828,
    0.05519670248031616,
    -0.019433533772826195,
    -0.02136225625872612,
    0.025245413184165955,
    0.020722724497318268,
    -0.025323964655399323,
    0.0655253529548645,
    -0.10314254462718964,
    0.02388763800263405,
    0.023409228771924973,
    -0.03468277305364609,
    0.029787084087729454,
    0.041940122842788696,
    0.0037940077017992735,
    0.04184693843126297,
    -0.008114282973110676,
    -0.01949620433151722,
    -0.025625623762607574,
    -0.05136547237634659,
    -0.010874084196984768,
    0.07425662130117416,
    0.07431424409151077,
    -0.007444803602993488,
    0.027188502252101898,
    0.06199419125914574,
    0.08415196090936661,
    0.0015849062474444509,
    0.03970947116613388,
    0.05953623726963997,
    0.04721495509147644,
    -0.003463312052190304,
    0.040009755641222,
    -0.0026566593442112207,
    0.052285585552453995,
    0.05276823788881302,
    -0.05130738765001297,
    -0.050637926906347275,
    -0.04289328679442406,
    0.03945935517549515,
    0.008847170509397984,
    -0.015517518855631351,
    0.03126993030309677,
    -0.04893305152654648,
    0.0791650339961052,
    -0.010310934856534004,
    -0.007719557732343674,
    0.008231859654188156,
    -0.02702953852713108,
    -0.05656580999493599,
    0.031897805631160736,
    0.016077985987067223,
    -0.003963970113545656,
    -0.046696316450834274,
    -0.12987901270389557,
    0.07281934469938278,
    0.0483069010078907,
    0.0010967642301693559,
    0.056040603667497635,
    -0.1431887000799179,
    -0.024977579712867737,
    0.03300200030207634,
    0.04839625954627991,
    0.006189472042024136,
    0.004583492875099182,
    -0.014541157521307468,
    -0.032798197120428085,
    0.07506748288869858,
    0.01043264102190733,
    -0.0498778261244297,
