{
  "embedding_files": [
    "gt_300.2s_f26.jpg",
    "gt_499.6s_f66.jpg",
    "gt_399.0s_f44.jpg",
    "gt_324.5s_f82.jpg",
    "gt_211.2s_f10.jpg",
    "gt_212.2s_f44.jpg",
    "gt_215.4s_f6.jpg",
    "gt_224.9s_f49.jpg",
    "gt_248.1s_f33.jpg",
    "gt_73.2s_f6.jpg",
    "gt_91.9s_f26.jpg"
  ],
  "backup_files": [
    "gt_217.1s_f44.jpg",
    "gt_117.2s_f1.jpg"
  ],
  "scores": {
    "gt_324.5s_f82.jpg": 22.4304,
    "gt_217.1s_f44.jpg": 4.3923,
    "gt_117.2s_f1.jpg": 2.9492,
    "gt_300.2s_f26.jpg": 35.5769,
    "gt_399.0s_f44.jpg": 23.7329,
    "gt_211.2s_f10.jpg": 14.4837,
    "gt_499.6s_f66.jpg": 26.9239
  },
  "approved_files": [
    "gt_324.5s_f82.jpg",
    "gt_217.1s_f44.jpg",
    "gt_117.2s_f1.jpg",
    "gt_211.2s_f10.jpg",
    "gt_300.2s_f26.jpg",
    "gt_399.0s_f44.jpg",
    "gt_499.6s_f66.jpg",
    "gt_212.2s_f44.jpg",
    "gt_215.4s_f6.jpg",
    "gt_224.9s_f49.jpg",
    "gt_248.1s_f33.jpg",
    "gt_73.2s_f6.jpg",
    "gt_91.9s_f26.jpg"
  ],
  "mean_embedding": [
    0.01117006503045559,
    0.018916381523013115,
    -0.010206323117017746,
    0.0707780122756958,
    -0.027118204161524773,
    0.04460790008306503,
    -0.05971090868115425,
    0.04760856553912163,
    -0.04602895304560661,
    -0.0002014276251429692,
    0.07649923115968704,
    -0.04284869134426117,
    -0.04044049233198166,
    -0.002153341891244054,
    0.002699353266507387,
    -0.043736781924963,
    0.015504411421716213,
    -0.0058205886743962765,
    -0.06698233634233475,
    -0.052406176924705505,
    0.08689896762371063,
    -0.014590751379728317,
    -0.031733304262161255,
    -0.014837999828159809,
    -0.013102652505040169,
    0.033713214099407196,
    -0.014348609372973442,
    -0.004128703381866217,
    -0.05297044664621353,
    -0.0036975883413106203,
    0.008509472012519836,
    -0.027305634692311287,
    -0.030970193445682526,
    0.07976086437702179,
    0.0634746253490448,
    0.028331108391284943,
    -0.01799415424466133,
    0.0328449010848999,
    0.04181059077382088,
    -0.04797493666410446,
    0.004656300880014896,
    -0.05780133977532387,
    0.045843809843063354,
    0.03201577439904213,
    -0.022855153307318687,
    -0.021290576085448265,
    -0.051667701452970505,
    -0.06180771440267563,
    0.02195972576737404,
    -0.014762616716325283,
    0.016019955277442932,
    -0.03671357035636902,
    -0.06674440950155258,
    0.06274770200252533,
    0.05403036251664162,
    -0.04997820034623146,
    -0.005050963256508112,
    -0.03895402327179909,
    0.0015935864066705108,
    -0.012619678862392902,
    -0.007664849516004324,
    5.575229351961752e-06,
    -0.06058880686759949,
    -0.01978268474340439,
    0.023269394412636757,
    0.06714563071727753,
    0.05610917881131172,
    -0.06254536658525467,
    0.06053173914551735,
    -0.0022462978959083557,
    0.04977564886212349,
    -0.03050972893834114,
    0.060551371425390244,
    0.006620615255087614,
    -0.04208848625421524,
    -0.09663639962673187,
    -0.0413069911301136,
    -0.03463121876120567,
    0.044240523129701614,
    0.011897777207195759,
    0.010169856250286102,
    -0.0066614896059036255,
    -0.018460625782608986,
    0.007717291358858347,
    -0.016314156353473663,
    0.006747416220605373,
    -0.007872824557125568,
    0.007476104889065027,
    -0.03509220853447914,
    0.008403507061302662,
    -0.03122599795460701,
    0.03209935501217842,
    -0.0037624172400683165,
    0.057046033442020416,
    -0.01684563048183918,
    0.01124944444745779,
    -0.00719038350507617,
    -0.06948742270469666,
    -0.03279215469956398,
    0.10403022915124893,
    0.030803054571151733,
    -0.040283069014549255,
    0.04376573860645294,
    0.03407776355743408,
    -0.032041072845458984,
    0.013926411978900433,
    -0.031577032059431076,
    -0.04297400265932083,
    0.08784794062376022,
    0.005385678727179766,
    0.02223968878388405,
    -0.07841183245182037,
    0.027847131714224815,
    0.05079933628439903,
    -0.026792872697114944,
    -0.0783514603972435,
    0.047649916261434555,
    -0.041519083082675934,
    0.019699951633810997,
    -0.007647787686437368,
    0.01828193850815296,
    -0.02329629473388195,
    -0.03349674865603447,
    0.06053191050887108,
    0.03662864863872528,
    0.03902652487158775,
    -0.0026554383803159,
    -0.05601026862859726,
    0.038518860936164856,
    -0.040506668388843536,
    -0.03780520707368851,
    -0.03073059767484665,
    -0.022176776081323624,
    -0.019166724756360054,
    0.026419999077916145,
    -0.03520112857222557,
    0.0006852015503682196,
    -0.05078674480319023,
    0.03349985554814339,
    0.0004903979715891182,
    0.09814723581075668,
    0.028763648122549057,
    -0.02251332998275757,
    0.002029482275247574,
    0.020389951765537262,
    -0.025969890877604485,
    -0.06483014672994614,
    0.002147138584405184,
    -0.08271272480487823,
    0.14841291308403015,
    0.03960763290524483,
    -0.02358694188296795,
    -0.024541720747947693,
    0.009663606993854046,
    -0.032904356718063354,
    -0.04260574281215668,
    0.0509805791079998,
    -0.04159010201692581,
    -0.02046108990907669,
    0.0661047175526619,
    0.05148078873753548,
    -0.009715517982840538,
    0.0648660808801651,
    0.04103413224220276,
    -0.006477086339145899,
    0.03361932933330536,
    -0.11699949204921722,
    0.11382044106721878,
    -0.009351538494229317,
    -0.017560258507728577,
    -0.0008537103421986103,
    0.04293188080191612,
    0.056230925023555756,
    0.052122656255960464,
    0.04300125315785408,
    -0.028258442878723145,
    0.1235942617058754,
    -0.0457366518676281,
    -0.007800716906785965,
    0.04478259012103081,
    0.05722559243440628,
    -0.015496538951992989,
    -0.04666702821850777,
    0.03116554766893387,
    0.024559196084737778,
    -0.018041929230093956,
    0.02065921202301979,
    0.03204319626092911,
    -0.047460731118917465,
    0.03316223621368408,
    -0.04330925643444061,
    -0.022195614874362946,
    -0.002668105298653245,
    -0.005458159372210503,
    -0.04382984712719917,
    0.06767687946557999,
    0.09034646302461624,
    -0.024975446984171867,
    -0.10056222975254059,
    -0.006971065886318684,
    -0.034383296966552734,
    -0.03185425326228142,
    -0.0023928754962980747,
    -0.10983934998512268,
    0.009312298148870468,
    -0.02741216868162155,
    -0.030195260420441628,
    -0.05114303529262543,
    0.01733674854040146,
    0.037896979600191116,
    0.06721649318933487,
    0.008193216286599636,
    -0.025988349691033363,
    0.005579404532909393,
    -0.13552042841911316,
    -0.032051749527454376,
    -0.07140155881643295,
    0.027031447738409042,
    0.019200317561626434,
    -0.057940177619457245,
    -0.000942974875215441,
    -0.07343658804893494,
    -0.0016654044156894088,
    -0.08339497447013855,
    0.03438376262784004,
    0.016137009486556053,
    -0.10131685435771942,
    0.062211692333221436,
    0.024746635928750038,
    -0.01929383911192417,
    0.038737304508686066,
    -0.04272884503006935,
    0.015443677082657814,
    -0.08521948009729385,
    0.013851447030901909,
    0.0552210696041584,
    0.01599707268178463,
    -0.037429872900247574,
    -0.04362241178750992,
    0.021448273211717606,
    -0.022147078067064285,
    0.00915674027055502,
    0.032092973589897156,
    -0.06690818816423416,
    -0.01019327063113451,
    -0.01814061775803566,
    0.02662113681435585,
    0.007156587205827236,
    -0.04450982064008713,
    0.017554178833961487,
    -0.03024527058005333,
    0.01988966204226017,
    0.0011427338467910886,
    0.0390564501285553,
    -0.009718510322272778,
    -0.009049617685377598,
    -0.009469200856983662,
    -0.04327860102057457,
    0.008259995840489864,
    -0.059157729148864746,
    -0.013052275404334068,
    -0.0889747142791748,
    0.038629014045000076,
    -0.0021757627837359905,
    -0.018506135791540146,
    0.0030672126449644566,
    0.0410168282687664,
    0.02186541259288788,
    0.03657720610499382,
