{
  "embedding_files": [
    "gt_217.4s_f232.jpg",
    "gt_105.3s_f71.jpg",
    "gt_168.8s_f155.jpg",
    "gt_119.7s_f22.jpg",
    "gt_104.1s_f64.jpg",
    "gt_121.3s_f100.jpg",
    "gt_68.7s_f9.jpg",
    "gt_73.5s_f31.jpg",
    "gt_90.6s_f17.jpg",
    "gt_91.9s_f27.jpg"
  ],
  "backup_files": [
    "gt_2.3s_f13.jpg"
  ],
  "scores": {
    "gt_2.3s_f13.jpg": 16.3917,
    "gt_73.5s_f31.jpg": 10.3897,
    "gt_105.3s_f71.jpg": 22.2147,
    "gt_121.3s_f100.jpg": 18.7347,
    "gt_168.8s_f155.jpg": 22.1104,
    "gt_217.4s_f232.jpg": 23.778,
    "gt_104.1s_f64.jpg": 21.034,
    "gt_68.7s_f9.jpg": 17.7546,
    "gt_119.7s_f22.jpg": 22.0527,
    "gt_90.6s_f17.jpg": 10.8602
  },
  "approved_files": [
    "gt_2.3s_f13.jpg",
    "gt_104.1s_f64.jpg",
    "gt_105.3s_f71.jpg",
    "gt_119.7s_f22.jpg",
    "gt_121.3s_f100.jpg",
    "gt_168.8s_f155.jpg",
    "gt_217.4s_f232.jpg",
    "gt_68.7s_f9.jpg",
    "gt_73.5s_f31.jpg",
    "gt_90.6s_f17.jpg",
    "gt_91.9s_f27.jpg"
  ],
  "mean_embedding": [
    0.05049675703048706,
    0.026346355676651,
    -0.03108915127813816,
    -0.030469411984086037,
    -0.040960051119327545,
    0.011039014905691147,
    0.010716697201132774,
    -0.022218869999051094,
    0.026764778420329094,
    -0.01600140519440174,
    0.04878485947847366,
    -0.011112304404377937,
    0.10637376457452774,
    -0.012773503549396992,
    -0.05099925398826599,
    -0.008880650624632835,
    0.0009067262290045619,
    -0.04112853854894638,
    0.021439818665385246,
    -0.016684873029589653,
    -0.060200054198503494,
    -0.019390352070331573,
    0.0024711894802749157,
    0.035583335906267166,
    0.028801709413528442,
    -0.06166892126202583,
    0.03669385984539986,
    -0.09900843352079391,
    0.034555573016405106,
    0.07334496825933456,
    -0.020071884617209435,
    0.03836159408092499,
    -0.0499708391726017,
    -0.020298993214964867,
    0.016475176438689232,
    -0.014409882947802544,
    -0.023615434765815735,
    0.01266748271882534,
    0.023731617256999016,
    -0.015095296315848827,
    0.050178151577711105,
    0.032139867544174194,
    -0.005968722980469465,
    0.08675133436918259,
    -0.0015581405023112893,
    -0.02315651997923851,
    -0.030317485332489014,
    0.03139699995517731,
    0.040775809437036514,
    -0.036645371466875076,
    0.04901203513145447,
    0.058082498610019684,
    0.019512271508574486,
    -0.11022209376096725,
    0.06317510455846786,
    0.07810577750205994,
    -0.03440116345882416,
    -0.029487285763025284,
    0.05523110553622246,
    -0.01805444434285164,
    0.06147078797221184,
    -0.036188166588544846,
    0.06059446558356285,
    0.06614373624324799,
    0.08932951092720032,
    -0.06813910603523254,
    -0.022151922807097435,
    -0.007683020085096359,
    -0.017586085945367813,
    -0.028074663132429123,
    -0.01976381242275238,
    0.043935101479291916,
    0.06498277187347412,
    -0.048632603138685226,
    -0.009852196089923382,
    0.06604249775409698,
    0.12154360115528107,
    0.032832615077495575,
    0.06832938641309738,
    -0.06151293218135834,
    -0.04396408423781395,
    -0.03479687497019768,
    0.0842776745557785,
    -0.05520174652338028,
    -0.04002309590578079,
    0.027992481365799904,
    -0.05476755648851395,
    -0.06577929854393005,
    -0.028163544833660126,
    0.025476936250925064,
    -0.043535713106393814,
    0.013235852122306824,
    0.04054182767868042,
    0.06917381286621094,
    -0.04881720989942551,
    -0.0063078636303544044,
    -0.0368434377014637,
    0.04032706469297409,
    -0.018668513745069504,
    0.026306750252842903,
    0.0020684213377535343,
    0.0012853378430008888,
    -0.01166167389601469,
    0.03670041635632515,
    0.04520990327000618,
    -0.04657009243965149,
    0.03820612281560898,
    -0.05291879549622536,
    -0.04227457940578461,
    -0.04440539702773094,
    0.0071211946196854115,
    -0.024560512974858284,
    -0.01645250990986824,
    -0.054601721465587616,
    -0.04142088443040848,
    -0.011453992687165737,
    -0.0015851836651563644,
    -0.0541253499686718,
    -0.06893700361251831,
    0.06456975638866425,
    -0.044083889573812485,
    0.01592721976339817,
    -0.02248554304242134,
    -0.02052498050034046,
    -0.05168166756629944,
    -0.0006526311626657844,
    0.04830896109342575,
    0.03179201856255531,
    -0.01242986973375082,
    0.017331376671791077,
    0.027962855994701385,
    0.06495789438486099,
    -0.01891721412539482,
    0.00257986132055521,
    -0.12612968683242798,
    -0.015236311592161655,
    -0.07045768201351166,
    -0.003947606775909662,
    0.034895893186330795,
    -0.019371123984456062,
    -0.034891240298748016,
    -0.042991477996110916,
    0.023322582244873047,
    -0.0009789124596863985,
    0.00593163724988699,
    9.337561095890123e-06,
    0.02541411481797695,
    -0.03671674057841301,
    -0.061452947556972504,
    0.03622407466173172,
    0.05581778660416603,
    0.013260253705084324,
    -0.0024448879994452,
    0.0003275501658208668,
    -0.014978683553636074,
    -0.042430683970451355,
    0.03192922845482826,
    -0.05467480793595314,
    -0.04891660436987877,
    0.03962331637740135,
    -0.004438689444214106,
    0.02960195764899254,
    -0.03895365074276924,
    0.058172985911369324,
    -0.048069968819618225,
    0.028683394193649292,
    -0.062166955322027206,
    -0.03582407534122467,
    -0.1436699777841568,
    0.04343884810805321,
    0.05075598880648613,
    -0.09178130328655243,
    -0.0388813242316246,
    0.0813615620136261,
    -0.011876805685460567,
    -0.02297128364443779,
    -0.00044589003664441407,
    0.00680548558011651,
    0.016958776861429214,
    0.002964314306154847,
    0.0221391711384058,
    0.019986243918538094,
    0.043852537870407104,
    -0.07678129523992538,
    0.03032146766781807,
    -0.04216594621539116,
    0.013281334191560745,
    0.0034716089721769094,
    -0.002793928375467658,
    0.021473616361618042,
    -0.038544848561286926,
    0.06252535432577133,
    -0.018552910536527634,
    0.004491187632083893,
    -0.026717418804764748,
    -0.03802887350320816,
    0.04170425608754158,
    0.08652257174253464,
    0.029634816572070122,
    0.05807160213589668,
    0.0075584473088383675,
    -0.06261013448238373,
    -0.004241528920829296,
    0.061541009694337845,
    0.04675515368580818,
    -0.055831607431173325,
    0.07995741814374924,
    0.02325064316391945,
    0.021400243043899536,
    0.03917941451072693,
    -0.07574604451656342,
    0.02616986073553562,
    -0.01924571953713894,
    -0.0596124604344368,
    -0.043101828545331955,
    0.03291585296392441,
    -0.06307259947061539,
    -0.04648531600832939,
    -0.14211232960224152,
    -0.04370255023241043,
    -0.02445758879184723,
    -0.00046946926158852875,
    -0.029652666300535202,
    -0.013995830900967121,
    -0.013740270398557186,
    0.015061743557453156,
    0.049083076417446136,
    0.005998712033033371,
    0.029101576656103134,
    -0.026466017588973045,
    0.03785906359553337,
    -0.002307301852852106,
    0.017230194061994553,
    -0.02135104313492775,
    0.009517231956124306,
    0.0693507269024849,
    -0.026488833129405975,
    0.026408430188894272,
    0.03871774300932884,
    0.008560243062675,
    -0.0006488751387223601,
    -0.06126507744193077,
    -0.06664680689573288,
    -0.016629675403237343,
    0.05142923817038536,
    0.017152825370430946,
    0.016910593956708908,
    -0.010213256813585758,
    0.05409407243132591,
    -0.00336763565428555,
    -0.015241560526192188,
    0.02687986008822918,
    0.046769656240940094,
    -0.009597990661859512,
    -0.030071167275309563,
    0.024127734825015068,
    -0.0418635755777359,
    0.13657855987548828,
    0.03833087906241417,
    -0.011881537735462189,
    -0.02680494822561741,
    2.7724563551601022e-05,
    -0.018389616161584854,
    0.010577880777418613,
    -0.019486891105771065,
    -0.022136766463518143,
    -0.07460568845272064,
    -0.009079618379473686,
