{
  "embedding_files": [
    "gt_217.4s_f232.jpg",
    "gt_105.3s_f71.jpg",
    "gt_168.8s_f155.jpg",
    "gt_119.7s_f22.jpg",
    "gt_104.1s_f64.jpg",
    "gt_121.3s_f100.jpg",
    "gt_68.7s_f9.jpg",
    "gt_73.5s_f31.jpg",
    "gt_90.6s_f17.jpg",
    "gt_91.9s_f27.jpg"
  ],
  "backup_files": [
    "gt_2.3s_f13.jpg"
  ],
  "scores": {
    "gt_2.3s_f13.jpg": 16.3917,
    "gt_73.5s_f31.jpg": 10.3897,
    "gt_105.3s_f71.jpg": 22.2147,
    "gt_121.3s_f100.jpg": 18.7347,
    "gt_168.8s_f155.jpg": 22.1104,
    "gt_217.4s_f232.jpg": 23.778,
    "gt_104.1s_f64.jpg": 21.034,
    "gt_68.7s_f9.jpg": 17.7546,
    "gt_119.7s_f22.jpg": 22.0527,
    "gt_90.6s_f17.jpg": 10.8602
  },
  "approved_files": [
    "gt_2.3s_f13.jpg",
    "gt_104.1s_f64.jpg",
    "gt_105.3s_f71.jpg",
    "gt_119.7s_f22.jpg",
    "gt_121.3s_f100.jpg",
    "gt_168.8s_f155.jpg",
    "gt_217.4s_f232.jpg",
    "gt_68.7s_f9.jpg",
    "gt_73.5s_f31.jpg",
    "gt_90.6s_f17.jpg",
    "gt_91.9s_f27.jpg"
  ],
  "mean_embedding": [
    0.05050097778439522,
    0.026347093284130096,
    -0.031093453988432884,
    -0.030469564720988274,
    -0.04095154628157616,
    0.011039444245398045,
    0.010724171064794064,
    -0.02221614681184292,
    0.026755673810839653,
    -0.01600353606045246,
    0.04877914488315582,
    -0.0111194783821702,
    0.1063750684261322,
    -0.012787031009793282,
    -0.05100042372941971,
    -0.00886684563010931,
    0.0009093668777495623,
    -0.041132133454084396,
    0.021436095237731934,
    -0.01668783836066723,
    -0.06020952761173248,
    -0.019391294568777084,
    0.0024676411412656307,
    0.03558267652988434,
    0.02880082093179226,
    -0.06167479231953621,
    0.03669401630759239,
    -0.09900108724832535,
    0.03455405309796333,
    0.07334786653518677,
    -0.020077593624591827,
    0.03836630657315254,
    -0.04997524991631508,
    -0.020296674221754074,
    0.016469862312078476,
    -0.014408618211746216,
    -0.023618189617991447,
    0.012671124190092087,
    0.023724891245365143,
    -0.015094190835952759,
    0.05017249658703804,
    0.0321388840675354,
    -0.005970901343971491,
    0.08673839271068573,
    -0.001553715905174613,
    -0.02316322736442089,
    -0.030316228047013283,
    0.03139571473002434,
    0.0407760888338089,
    -0.036644142121076584,
    0.04901188611984253,
    0.0580742210149765,
    0.01951276697218418,
    -0.11021998524665833,
    0.0631694346666336,
    0.078104168176651,
    -0.03440149128437042,
    -0.029483335092663765,
    0.05523247644305229,
    -0.018058938905596733,
    0.06146648898720741,
    -0.03617595136165619,
    0.06059618294239044,
    0.06615184247493744,
    0.08932412415742874,
    -0.06814508140087128,
    -0.0221516415476799,
    -0.0076853190548717976,
    -0.01757356896996498,
    -0.028080331161618233,
    -0.019758207723498344,
    0.04394172877073288,
    0.06498384475708008,
    -0.04863631725311279,
    -0.009840522892773151,
    0.06603918969631195,
    0.1215502917766571,
    0.0328231081366539,
    0.06833373010158539,
    -0.06150973588228226,
    -0.04395930841565132,
    -0.03479819744825363,
    0.08428160101175308,
    -0.05520668253302574,
    -0.04002559185028076,
    0.02799389138817787,
    -0.0547613725066185,
    -0.06579083204269409,
    -0.02816738933324814,
    0.025480471551418304,
    -0.04352669045329094,
    0.013236848637461662,
    0.04054078459739685,
    0.06917902827262878,
    -0.048814091831445694,
    -0.006309454794973135,
    -0.036851007491350174,
    0.04032948240637779,
    -0.01867610774934292,
    0.026301203295588493,
    0.0020675419364124537,
    0.0012880130670964718,
    -0.011673332192003727,
    0.03669683262705803,
    0.045207567512989044,
    -0.046571627259254456,
    0.038207996636629105,
    -0.05291955918073654,
    -0.042269516736269,
    -0.044396866112947464,
    0.007126419804990292,
    -0.02455751597881317,
    -0.01645798422396183,
    -0.054592810571193695,
    -0.04142334312200546,
    -0.011457430198788643,
    -0.0015800375258550048,
    -0.05412241816520691,
    -0.06893596798181534,
    0.06457342207431793,
    -0.044075362384319305,
    0.01592421345412731,
    -0.022482672706246376,
    -0.020529549568891525,
    -0.05168353021144867,
    -0.0006574299186468124,
    0.04829980432987213,
    0.03180062770843506,
    -0.012427516281604767,
    0.017336970195174217,
    0.027951767668128014,
    0.06496814638376236,
    -0.01891428604722023,
    0.0025768878404051065,
    -0.12612731754779816,
    -0.015237699262797832,
    -0.07047370821237564,
    -0.00393969239667058,
    0.03488484025001526,
    -0.019366124644875526,
    -0.03489839658141136,
    -0.042991675436496735,
    0.023325316607952118,
    -0.0009797306265681982,
    0.005940117873251438,
    9.671778570918832e-06,
    0.025412822142243385,
    -0.03671465814113617,
    -0.061451829969882965,
    0.0362202487885952,
    0.05581744387745857,
    0.013263413682579994,
    -0.0024549250956624746,
    0.0003185213718097657,
    -0.014979330822825432,
    -0.04242364689707756,
    0.031935106962919235,
    -0.05466889962553978,
    -0.04892493784427643,
    0.03963163122534752,
    -0.004432980902493,
    0.029604315757751465,
    -0.038969192653894424,
    0.05818375572562218,
    -0.04807332530617714,
    0.028684178367257118,
    -0.06216626241803169,
    -0.035828061401844025,
    -0.14367295801639557,
    0.04344107210636139,
    0.05076345056295395,
    -0.09177185595035553,
    -0.03888857364654541,
    0.08136768639087677,
    -0.011876869946718216,
    -0.022966692224144936,
    -0.00043347422615624964,
    0.006803844124078751,
    0.016953397542238235,
    0.0029700014274567366,
    0.02213985100388527,
    0.019991472363471985,
    0.04384816437959671,
    -0.07678765803575516,
    0.03031676821410656,
    -0.042157839983701706,
    0.013286410830914974,
    0.0034674578346312046,
    -0.0027904792223125696,
    0.021471621468663216,
    -0.03853717818856239,
    0.06253187358379364,
    -0.01855190470814705,
    0.0044884998351335526,
    -0.026716044172644615,
    -0.03803684562444687,
    0.04170047864317894,
    0.08651560544967651,
    0.02963625267148018,
    0.05807065963745117,
    0.007550198584794998,
    -0.06261368840932846,
    -0.004237034823745489,
    0.06154298782348633,
    0.046755991876125336,
    -0.05584005266427994,
    0.07995196431875229,
    0.02324797213077545,
    0.021408922970294952,
    0.03918056562542915,
    -0.07574834674596786,
    0.02616884559392929,
    -0.01924818381667137,
    -0.05961247906088829,
    -0.043092332780361176,
    0.03291993960738182,
    -0.06308137625455856,
    -0.046483322978019714,
    -0.14211151003837585,
    -0.04369965195655823,
    -0.0244552381336689,
    -0.0004720128490589559,
    -0.029660291969776154,
    -0.013988543301820755,
    -0.01373723428696394,
    0.015049734152853489,
    0.049089465290308,
    0.0059984829276800156,
    0.029100483283400536,
    -0.026462724432349205,
    0.03785873204469681,
    -0.002310515381395817,
    0.017227008938789368,
    -0.021344950422644615,
    0.009521709755063057,
    0.06935348361730576,
    -0.026482470333576202,
    0.02641346864402294,
    0.03871888667345047,
    0.008556949906051159,
    -0.0006541056209243834,
    -0.06126999109983444,
    -0.06665653735399246,
    -0.01662769727408886,
    0.0514313206076622,
    0.017144175246357918,
    0.01691831462085247,
    -0.010212921537458897,
    0.054084211587905884,
    -0.003371722996234894,
    -0.015240643173456192,
    0.02687940001487732,
    0.046773023903369904,
    -0.00959814339876175,
    -0.03007996268570423,
    0.024135854095220566,
    -0.04186943918466568,
    0.13658778369426727,
    0.03832796588540077,
    -0.011877777986228466,
    -0.02680453471839428,
    3.071821265621111e-05,
    -0.018393803387880325,
    0.010576511733233929,
    -0.019491517916321754,
    -0.02213376946747303,
    -0.07459202408790588,
    -0.009086405858397484,
    -0.05765628069639206,
