{
  "embedding_files": [
    "gt_360.9s_f405.jpg",
    "gt_73.2s_f3.jpg",
    "gt_154.0s_f112.jpg",
    "gt_138.2s_f88.jpg",
    "gt_158.3s_f23.jpg"
  ],
  "backup_files": [
    "gt_248.1s_f27.jpg",
    "gt_215.4s_f4.jpg",
    "gt_91.9s_f37.jpg",
    "gt_199.1s_f42.jpg",
    "gt_182.6s_f32.jpg"
  ],
  "scores": {
    "gt_158.3s_f23.jpg": 49.2274,
    "gt_199.1s_f42.jpg": 39.1086,
    "gt_182.6s_f32.jpg": 23.2298,
    "gt_73.2s_f3.jpg": 53.3193,
    "gt_138.2s_f88.jpg": 49.9813,
    "gt_91.9s_f37.jpg": 24.6656,
    "gt_154.0s_f112.jpg": 51.4944,
    "gt_360.9s_f405.jpg": 54.7571,
    "gt_215.4s_f4.jpg": 47.4616,
    "gt_248.1s_f27.jpg": 41.8611
  },
  "approved_files": [
    "gt_360.9s_f405.jpg",
    "gt_73.2s_f3.jpg",
    "gt_154.0s_f112.jpg",
    "gt_138.2s_f88.jpg",
    "gt_158.3s_f23.jpg",
    "gt_215.4s_f4.jpg",
    "gt_248.1s_f27.jpg",
    "gt_199.1s_f42.jpg",
    "gt_91.9s_f37.jpg",
    "gt_182.6s_f32.jpg"
  ],
  "mean_embedding": [
    0.06304705888032913,
    0.0030028761830180883,
    0.0007831983966752887,
    0.05540773272514343,
    -0.014452953822910786,
    0.014734572730958462,
    -0.001128184492699802,
    0.03576521575450897,
    0.014281181618571281,
    0.04775825887918472,
    -0.019554337486624718,
    -0.056345537304878235,
    -0.030216101557016373,
    0.07965022325515747,
    0.024295657873153687,
    0.020983636379241943,
    -0.027083391323685646,
    -0.04482325166463852,
    0.0070393988862633705,
    -0.042013850063085556,
    0.014275035820901394,
    -0.06309240311384201,
    0.02268884889781475,
    -0.0033142564352601767,
    0.021338311955332756,
    -0.01929146610200405,
    -0.01438106968998909,
    0.029413485899567604,
    -0.002412153873592615,
    -0.00399324344471097,
    0.04901941865682602,
    0.07066170871257782,
    0.010071313939988613,
    -0.06607311218976974,
    0.008903762325644493,
    0.02119283191859722,
    -0.06734156608581543,
    0.030086373910307884,
    0.005412530153989792,
    -0.010715981014072895,
    -0.03865297883749008,
    0.0021952944807708263,
    -0.030805302783846855,
    0.06650372594594955,
    -0.04614231735467911,
    0.011601478792726994,
    -0.0802539587020874,
    0.06480316817760468,
    0.011217129416763783,
    0.0019104988314211369,
    0.036762598901987076,
    -0.02881441079080105,
    0.012522008270025253,
    0.006824907381087542,
    0.017259931191802025,
    0.06549108028411865,
    -0.04780609905719757,
    -0.011681787669658661,
    0.0021550762467086315,
    0.07002706080675125,
    0.003612222382798791,
    -0.011054407805204391,
    0.06203394755721092,
    0.0014546759193763137,
    -0.005007151979953051,
    -0.06492985039949417,
    -0.06185246631503105,
    0.06201675906777382,
    0.002010847209021449,
    0.05177169293165207,
    0.006802036426961422,
    -0.01782987080514431,
    -0.023826388642191887,
    0.009378951974213123,
    -0.004382675979286432,
    0.0844513550400734,
    0.00724645983427763,
    0.050873856991529465,
    0.04456378147006035,
    0.08839215338230133,
    -0.02532287687063217,
    0.025884520262479782,
    0.04015952721238136,
    0.02323000133037567,
    -0.04347815737128258,
    -0.0266867708414793,
    0.079045869410038,
    -0.024619366973638535,
    0.008405460976064205,
    0.0199288260191679,
    -0.023822776973247528,
    0.10085014253854752,
    0.0359046533703804,
    -0.0028906988445669413,
    0.0470610186457634,
    -0.06605368107557297,
    0.08620770275592804,
    -0.0031910352408885956,
    -0.03581209480762482,
    -0.043209172785282135,
    0.0046761068515479565,
    0.05203333869576454,
    0.07557874172925949,
    0.02898166887462139,
    0.015703119337558746,
    0.010263397358357906,
    0.06669387966394424,
    -0.05750508978962898,
    -0.018378950655460358,
    0.01594872586429119,
    -0.04059064760804176,
    0.06110018864274025,
    0.008319891057908535,
    -0.10738798975944519,
    -0.0421946682035923,
    0.009641536511480808,
    -0.030536528676748276,
    -0.02430214174091816,
    -0.05528218671679497,
    0.05031246319413185,
    -0.03320091590285301,
    -0.012524599209427834,
    0.055413272231817245,
    0.005003659054636955,
    0.017589854076504707,
    -0.010905765928328037,
    0.03369328752160072,
    -0.005074756685644388,
    -0.03606933727860451,
    -0.005806253291666508,
    0.12256620079278946,
    -0.022783413529396057,
    -0.02877887338399887,
    -0.09457733482122421,
    -0.014333317056298256,
    -0.04212233051657677,
    0.010537690483033657,
    0.013521101325750351,
    -0.06141958013176918,
    0.038692448288202286,
    0.0609002411365509,
    0.03720025718212128,
    0.02420993521809578,
    0.03465140238404274,
    0.0693463459610939,
    -0.0715106651186943,
    -0.05488361045718193,
    0.021487394347786903,
    -0.06448353081941605,
    0.06481803953647614,
    -0.046604473143815994,
    -0.022023212164640427,
    -0.03606066852807999,
    -0.145823135972023,
    -0.05366025120019913,
    0.04298246279358864,
    0.016840698197484016,
    0.03379133716225624,
    -0.03735068812966347,
    0.08998755365610123,
    0.0933881625533104,
    0.002475413493812084,
    0.010018393397331238,
    -0.01877385750412941,
    -0.05550345033407211,
    0.0032627186737954617,
    -0.04003829136490822,
    -0.047874175012111664,
    -0.08319922536611557,
    -0.058613672852516174,
    0.0019507762044668198,
    -0.02983447164297104,
    0.02214903011918068,
    -0.029189016669988632,
    0.0023722427431493998,
    -0.07127165794372559,
    0.027554841712117195,
    -0.004466282669454813,
    0.08973681181669235,
    -0.08861414343118668,
    -0.061045676469802856,
    -0.08191919326782227,
    0.06484999507665634,
    0.05153169482946396,
    0.0025190268643200397,
    0.006500892341136932,
    0.0564788356423378,
    0.06328416615724564,
    0.01574026793241501,
    0.04309230297803879,
    -0.0013326186453923583,
    0.0499095693230629,
    -0.034804776310920715,
    -0.009521941654384136,
    -0.032817304134368896,
    -0.03207637369632721,
    0.048176802694797516,
    0.021004753187298775,
    0.010030143894255161,
    0.0013987787533551455,
    0.03351467102766037,
    0.04375447332859039,
    0.06229624152183533,
    0.07785513997077942,
    0.062464579939842224,
    -0.028244685381650925,
    -0.045782338827848434,
    -0.0002352479932596907,
    0.015022865496575832,
    0.0027352450415492058,
    -0.018401943147182465,
    0.0563562847673893,
    -0.022541427984833717,
    0.008333404548466206,
    0.007290538400411606,
    0.043596819043159485,
    -0.01148906908929348,
    -0.010097451508045197,
    -0.012280764989554882,
    0.002275168662890792,
    0.05740505829453468,
    -0.006834454368799925,
    -0.03337493911385536,
    0.021734017878770828,
    -0.012904367409646511,
    -0.07068619132041931,
    0.07310916483402252,
    0.06625569611787796,
    -0.044633783400058746,
    -0.0024569383822381496,
    0.0009577464661560953,
    0.03097662143409252,
    -0.07523784041404724,
    0.00436488538980484,
    -0.05682838335633278,
    -0.021764283999800682,
    0.02418901026248932,
    0.002122747479006648,
    -0.0601690448820591,
    0.04959776997566223,
    0.027557311579585075,
    0.03921152278780937,
    -0.02157466858625412,
    -0.016547517850995064,
    0.0019137399503961205,
    0.049281347543001175,
    -0.05675052851438522,
    -0.005198713857680559,
    -0.001161973224952817,
    -0.09721259027719498,
    0.05573001503944397,
    -0.052990153431892395,
    0.07851248234510422,
    -0.044369179755449295,
    -0.046758510172367096,
    0.03692495822906494,
    0.03859444335103035,
    0.019952304661273956,
    0.04348462447524071,
    -0.07101178914308548,
    0.032152947038412094,
    -0.0031556347385048866,
    0.02883409708738327,
    -0.0504511222243309,
    -0.05539041757583618,
    -0.0561433769762516,
    0.0028371645603328943,
    0.013691367581486702,
    -0.006094611249864101,
    0.033086519688367844,
    -0.033955059945583344,
