{
  "embedding_files": [
    "gt_154.8s_f5.jpg",
    "gt_127.0s_f3.jpg",
    "gt_168.4s_f6.jpg",
    "gt_97.4s_f0.jpg",
    "gt_184.1s_f7.jpg"
  ],
  "backup_files": [
    "gt_139.9s_f4.jpg",
    "gt_198.7s_f8.jpg",
    "new_1776234540574_gt_412.9s_f7.jpg",
    "new_1776234540574_gt_597.5s_f57.jpg",
    "new_1776234540574_gt_850.2s_f92.jpg"
  ],
  "scores": {
    "gt_154.8s_f5.jpg": 94.8324,
    "gt_127.0s_f3.jpg": 90.9744,
    "gt_168.4s_f6.jpg": 89.3516,
    "gt_97.4s_f0.jpg": 40.0788,
    "gt_184.1s_f7.jpg": 33.0279,
    "gt_139.9s_f4.jpg": 28.0931,
    "gt_198.7s_f8.jpg": 24.3354
  },
  "approved_files": [
    "gt_154.8s_f5.jpg",
    "gt_127.0s_f3.jpg",
    "gt_168.4s_f6.jpg",
    "gt_97.4s_f0.jpg",
    "gt_184.1s_f7.jpg",
    "gt_139.9s_f4.jpg",
    "gt_198.7s_f8.jpg",
    "new_1776234540574_gt_412.9s_f7.jpg",
    "new_1776234540574_gt_597.5s_f57.jpg",
    "new_1776234540574_gt_850.2s_f92.jpg"
  ],
  "mean_embedding": [
    -0.014528773725032806,
    0.012381193228065968,
    -0.003721096320077777,
    0.014862094074487686,
    -0.05548902228474617,
    -0.06304265558719635,
    -0.009646409191191196,
    -0.03478861600160599,
    -0.054959673434495926,
    -0.06733056902885437,
    0.0337006114423275,
    -0.022782277315855026,
    0.03652729094028473,
    -0.0059708114713430405,
    -0.03977496549487114,
    -0.09235469996929169,
    -0.001211613300256431,
    0.0020351207349449396,
    -0.0686657577753067,
    -0.02809867635369301,
    0.044847361743450165,
    -0.0007484754896722734,
    -0.009600077755749226,
    0.014952783472836018,
    -0.019065793603658676,
    -0.026646355167031288,
    -0.06604862213134766,
    -0.07550106942653656,
    -0.04261051118373871,
    -0.06354476511478424,
    0.018590128049254417,
    -0.012654924765229225,
    -0.0013402362819761038,
    -0.03668897598981857,
    0.026207780465483665,
    0.024937396869063377,
    -0.05603239685297012,
    0.022603889927268028,
    0.004647794179618359,
    0.018392445519566536,
    -0.0708330050110817,
    -0.047397155314683914,
    -0.03843909129500389,
    0.018595632165670395,
    0.042580489069223404,
    -0.0004930617287755013,
    0.022667620331048965,
    0.040669869631528854,
    0.01908537745475769,
    0.03002679906785488,
    0.02526460587978363,
    0.11921799927949905,
    -0.012960067950189114,
    0.07016103714704514,
    -0.0016148242866620421,
    -0.00039259932236745954,
    -0.005909331142902374,
    0.019835688173770905,
    0.0688638985157013,
    -0.026003271341323853,
    0.10885802656412125,
    0.06974193453788757,
    0.0383775494992733,
    0.08887046575546265,
    -0.038067225366830826,
    0.055972930043935776,
    -0.03853567689657211,
    -0.058603521436452866,
    0.12465564161539078,
    -0.04406975209712982,
    0.03979330509901047,
    -0.015068953856825829,
    -0.049412086606025696,
    -0.06241924315690994,
    -0.0023068024311214685,
    0.051748886704444885,
    0.07233641296625137,
    -0.055503960698843,
    -0.015755200758576393,
    -0.052327293902635574,
    -0.0019062000792473555,
    -0.05080494284629822,
    -0.05579462647438049,
    -0.044223930686712265,
    -0.05021147429943085,
    0.02137923240661621,
    -0.042585473507642746,
    -0.06196364387869835,
    0.035240814089775085,
    -0.05735894292593002,
    0.0013662944547832012,
    -0.03992409259080887,
    -0.05847712233662605,
    0.05435594543814659,
    0.017707861959934235,
    0.019827192649245262,
    -0.030048072338104248,
    0.010099627077579498,
    -0.0007688502664677799,
    -0.019768264144659042,
    0.00452373456209898,
    -0.06014660373330116,
    0.11538946628570557,
    0.06048598885536194,
    -0.030490588396787643,
    0.04620170220732689,
    0.020853688940405846,
    -0.09510695189237595,
    0.024743160232901573,
    0.01330757699906826,
    0.020423248410224915,
    -0.04028647765517235,
    0.060696348547935486,
    -0.04714472219347954,
    -0.005304161924868822,
    -0.04087447747588158,
    0.02736659161746502,
    0.0053526111878454685,
    -0.046208109706640244,
    0.019339468330144882,
    -0.025089209899306297,
    -0.0118596525862813,
    0.04380236566066742,
    0.024333400651812553,
    -0.030120795592665672,
    0.045148707926273346,
    0.009457715786993504,
    -0.025024380534887314,
    -0.0061246841214597225,
    -0.02402849867939949,
    -0.019492827355861664,
    0.02139607071876526,
    0.0550517812371254,
    -0.002795560983940959,
    -0.09203986823558807,
    0.06428734958171844,
    -0.006489511113613844,
    0.0274951234459877,
    0.0059731500223279,
    -0.004081021528691053,
    0.062013179063797,
    0.028893420472741127,
    0.052641671150922775,
    0.0634453147649765,
    0.04666572064161301,
    -0.015434375032782555,
    -0.01911662518978119,
    -0.018012184649705887,
    0.09488276392221451,
    -0.038922298699617386,
    0.007701604161411524,
    -0.04038096219301224,
    -0.05880862474441528,
    0.00011056578659918159,
    -0.031124180182814598,
    0.004201202187687159,
    -0.06272687017917633,
    -0.08962597697973251,
    -0.055379945784807205,
    -0.027022991329431534,
    0.0009916513226926327,
    0.03205172345042229,
    0.012095742858946323,
    0.06196562200784683,
    -0.024551453068852425,
    -0.03414405509829521,
    -0.09456326812505722,
    0.02750598080456257,
    -0.007583153899759054,
    -0.011692768894135952,
    -0.012412585318088531,
    0.04823433235287666,
    -0.06352131813764572,
    0.04648933932185173,
    0.08711568266153336,
    -0.04504622891545296,
    -0.01573977805674076,
    0.013752029277384281,
    0.016580797731876373,
    0.03362492099404335,
    -0.01974479667842388,
    -0.0049432688392698765,
    -0.007585255894809961,
    0.02619168721139431,
    0.010264755226671696,
    -0.007991380989551544,
    -0.08672437071800232,
    -0.05306742340326309,
    0.010060197673738003,
    -0.07565436512231827,
    0.01474392507225275,
    0.03254765644669533,
    0.02643580362200737,
    0.014644443057477474,
    0.06696341931819916,
    -0.07241657376289368,
    -0.00244316179305315,
    -0.022691965103149414,
    0.0450478121638298,
    -0.06453932076692581,
    0.026709387078881264,
    -0.08032629638910294,
    -0.058004483580589294,
    0.04462984949350357,
    -0.010650339536368847,
    0.05281183123588562,
    0.04417240619659424,
    0.030014902353286743,
    0.04935036227107048,
    -0.017755677923560143,
    0.012558205053210258,
    0.05160541459918022,
    -0.06397945433855057,
    -0.014840533956885338,
    -0.05368669331073761,
    0.09877117723226547,
    0.09969134628772736,
    0.02374284155666828,
    0.025800665840506554,
    0.06075106933712959,
    0.0025611172895878553,
    -0.01969260908663273,
    0.037496764212846756,
    -0.019703159108757973,
    -0.03245018795132637,
    -0.007728030905127525,
    0.08664818853139877,
    0.012754715047776699,
    0.008917579427361488,
    -0.03497352823615074,
    0.022476444020867348,
    -0.036497220396995544,
    -0.004646860994398594,
    0.00038476454210467637,
    0.01669883169233799,
    -0.012414956465363503,
    -0.01377133559435606,
    0.10307993739843369,
    0.045724425464868546,
    0.03804851323366165,
    -0.023938041180372238,
    -0.027809452265501022,
    -0.05244053155183792,
    -0.011357923969626427,
    0.059219785034656525,
    -0.027572130784392357,
    -0.03418007120490074,
    0.06639827787876129,
    0.011788190342485905,
    -0.01614290662109852,
    0.07670167833566666,
    -0.03296558931469917,
    0.01088093314319849,
    0.0006458624848164618,
    0.1002122163772583,
    -0.06781310588121414,
    0.038975756615400314,
    0.05048752203583717,
    0.08857939392328262,
    0.03296710550785065,
    -0.02751217782497406,
    -0.12616324424743652,
    0.02580895461142063,
    -0.03375086188316345,
    -0.029782650992274284,
    -0.03119921125471592,
    -0.012127499096095562,
    -0.04647956043481827,
    -0.08795017004013062,
    0.06469429284334183,
    0.09894262999296188,
