{
  "embedding_files": [
    "gt_1141.5s_f153.jpg",
    "gt_589.1s_f93.jpg",
    "gt_2.1s_f11.jpg",
    "gt_184.5s_f25.jpg",
    "gt_383.1s_f47.jpg"
  ],
  "backup_files": [],
  "scores": {
    "gt_2.1s_f11.jpg": 36.7975,
    "gt_184.5s_f25.jpg": 33.4046,
    "gt_383.1s_f47.jpg": 9.3352,
    "gt_589.1s_f93.jpg": 43.6212,
    "gt_1141.5s_f153.jpg": 44.0034
  },
  "approved_files": [
    "gt_1141.5s_f153.jpg",
    "gt_589.1s_f93.jpg",
    "gt_2.1s_f11.jpg",
    "gt_184.5s_f25.jpg",
    "gt_383.1s_f47.jpg"
  ],
  "mean_embedding": [
    -0.035678502172231674,
    0.045066073536872864,
    -0.006828983314335346,
    0.015367601998150349,
    -0.07852690666913986,
    0.02816062420606613,
    -0.03576570749282837,
    0.08622492849826813,
    0.006365477107465267,
    -0.003918645903468132,
    -0.021095722913742065,
    0.0380934476852417,
    0.011198004707694054,
    0.04049059748649597,
    -0.0262092724442482,
    0.01602742448449135,
    0.003454399760812521,
    -0.03284251317381859,
    0.006227531470358372,
    0.013699942268431187,
    0.04243679344654083,
    -0.016848541796207428,
    0.033794015645980835,
    -0.013145015574991703,
    0.03464142233133316,
    -0.0077072144486010075,
    -0.07945603877305984,
    -0.03075096756219864,
    -0.028750060126185417,
    -0.06613332778215408,
    -0.03192609176039696,
    0.005645560100674629,
    0.028208483010530472,
    0.0594138540327549,
    0.06020558252930641,
    -0.032958850264549255,
    -0.011670236475765705,
    -0.0029525512363761663,
    0.007497019600123167,
    -0.00244724890217185,
    -0.01607540436089039,
    -0.06193999573588371,
    -0.0011156746186316013,
    -0.0374281220138073,
    -0.0037652922328561544,
    -0.0074233985505998135,
    -0.009464065544307232,
    0.003790157614275813,
    0.05939514562487602,
    -0.0465058796107769,
    -0.010103856213390827,
    0.014561086893081665,
    -0.041008979082107544,
    0.023146292194724083,
    0.04349221661686897,
    0.03921209275722504,
    0.05235275626182556,
    -0.02903658337891102,
    -0.05026836320757866,
    -0.0016257913084700704,
    0.02831604890525341,
    -0.014684522524476051,
    0.003627830184996128,
    -0.007507910951972008,
    -0.016054566949605942,
    -0.014562313444912434,
    0.009306919761002064,
    -0.05048539489507675,
    -0.004539987072348595,
    0.0012901496374979615,
    -0.018479976803064346,
    -0.044936299324035645,
    0.00981594156473875,
    -0.09345969557762146,
    -0.0627518892288208,
    -0.014854414388537407,
    0.025522969663143158,
    -0.06584343314170837,
    0.06333450227975845,
    0.041081856936216354,
    -0.09480002522468567,
    -0.017894107848405838,
    0.05743882432579994,
    -0.04375144839286804,
    0.006092169787734747,
    -0.00255579617805779,
    -0.023407073691487312,
    0.04764525219798088,
    0.021654721349477768,
    -0.03408136963844299,
    -0.022875769063830376,
    0.0740225613117218,
    0.0268215611577034,
    -0.04785006865859032,
    0.018333086743950844,
    0.002817621221765876,
    -0.0729336217045784,
    0.006827671546489,
    0.001544987433589995,
    -0.007063901051878929,
    0.049488093703985214,
    0.07206588238477707,
    0.03695245087146759,
    0.0393974632024765,
    0.059718742966651917,
    -0.049537237733602524,
    0.016785945743322372,
    -0.10782714188098907,
    0.05785779282450676,
    0.02847612276673317,
    0.05411091074347496,
    -0.014595728367567062,
    -0.0545533262193203,
    -0.012453715316951275,
    -0.007744031958281994,
    0.023378266021609306,
    0.004819564055651426,
    0.04573243856430054,
    0.008972041308879852,
    0.034312572330236435,
    0.01641290821135044,
    0.011303368955850601,
    0.01082687545567751,
    0.05131683126091957,
    -0.04224226251244545,
    0.020272066816687584,
    0.02172338403761387,
    0.0021086838096380234,
    0.006002373527735472,
    0.004458954557776451,
    -0.013735794462263584,
    0.09279363602399826,
    -0.055907197296619415,
    -0.06977694481611252,
    -0.013132793828845024,
    -0.03260944038629532,
    0.06930489838123322,
    -0.02047373540699482,
    0.03675570711493492,
    0.03641697019338608,
    -0.03632928431034088,
    -0.016426660120487213,
    -0.12095430493354797,
    -0.08875267207622528,
    -0.0006237077177502215,
    -0.028640661388635635,
    -0.03453557565808296,
    0.02699698694050312,
    0.020806435495615005,
    -0.02775556966662407,
    -0.024851016700267792,
    -0.027548177167773247,
    -0.049970708787441254,
    0.037784393876791,
    -0.04605036973953247,
    -0.05969430133700371,
    0.0024702514056116343,
    0.002422415418550372,
    0.032408207654953,
    0.06971597671508789,
    0.03712739795446396,
    -0.01372495573014021,
    0.018598154187202454,
    -0.040762435644865036,
    0.017172299325466156,
    0.008410453796386719,
    -0.07880828529596329,
    0.023480234667658806,
    0.027896277606487274,
    -0.035475779324769974,
    0.028407294303178787,
    0.09551404416561127,
    0.058044347912073135,
    0.06226542964577675,
    0.03493119776248932,
    -0.006765283178538084,
    0.03448524326086044,
    -0.0028143904637545347,
    0.08470798283815384,
    0.04677953943610191,
    -0.019369034096598625,
    -0.017653238028287888,
    0.02179972268640995,
    -0.01160742063075304,
    0.02951670065522194,
    -0.010516910813748837,
    0.10301272571086884,
    -0.04105360060930252,
    0.05343499034643173,
    -0.053462155163288116,
    -0.08060048520565033,
    -0.02083416096866131,
    0.017624318599700928,
    0.026901304721832275,
    0.03415309637784958,
    0.07149462401866913,
    0.04238482192158699,
    -0.0022332058288156986,
    -0.04165756702423096,
    -0.014689206145703793,
    0.02378532849252224,
    0.012023793533444405,
    0.02129998616874218,
    0.07265345752239227,
    -0.0019422575132921338,
    0.012029056437313557,
    0.005415765568614006,
    -0.05432832986116409,
    0.03681977093219757,
    0.019887635484337807,
    -0.0319427028298378,
    0.07149233669042587,
    -0.016016090288758278,
    0.12558194994926453,
    0.020478077232837677,
    0.023493267595767975,
    -0.05809493362903595,
    -0.0011546334717422724,
    0.04571014270186424,
    -0.08776449412107468,
    0.008305616676807404,
    0.044113241136074066,
    -0.018603667616844177,
    0.014931279234588146,
    0.023350650444626808,
    -0.07920641452074051,
    -0.019493356347084045,
    0.026408687233924866,
    0.08270452171564102,
    -0.015238560736179352,
    -0.023992644622921944,
    0.001119672553613782,
    0.006074319593608379,
    -0.02962745539844036,
    0.04301037639379501,
    0.06172168627381325,
    -0.07091644406318665,
    -0.11482945829629898,
    0.006561345886439085,
    -0.005123612936586142,
    -0.05244305357336998,
    -0.03681626543402672,
    0.04325181245803833,
    -0.0802215114235878,
    0.00878356583416462,
    -0.013930424116551876,
    0.03361331671476364,
    0.026633916422724724,
    -0.03786616772413254,
    -0.027190757915377617,
    -0.015150278806686401,
    -0.04729464277625084,
    -0.041191466152668,
    0.08809124678373337,
    0.015383976511657238,
    -0.04415152594447136,
    0.013411100022494793,
    -0.05535683035850525,
    -0.01124441996216774,
    -0.060124676674604416,
    -0.025904428213834763,
    -0.029951754957437515,
    -0.029415857046842575,
    -0.03933464735746384,
    0.0215067807585001,
    -0.00390701973810792,
    0.03483111038804054,
    -0.034494008868932724,
    -0.08431238681077957,
    -0.06303826719522476,
    -0.044180046766996384,
    -0.047524720430374146,
    -0.031008780002593994,
    0.0097836684435606,
    0.002917094388976693,
    0.05226186290383339,
    -0.05453181266784668,
    0.05028708651661873,
    -0.005802637431770563,
    -0.045806437730789185,
    0.046679116785526276,
    -0.040857214480638504,
    0.005279864650219679,
    -0.07861461490392685,
    -0.0033384812995791435,
    0.07793451845645905,
    0.038616061210632324,
