{
  "embedding_files": [
    "gt_1141.5s_f153.jpg",
    "gt_589.1s_f93.jpg",
    "gt_2.1s_f11.jpg",
    "gt_184.5s_f25.jpg",
    "gt_383.1s_f47.jpg"
  ],
  "backup_files": [],
  "scores": {
    "gt_2.1s_f11.jpg": 36.7975,
    "gt_184.5s_f25.jpg": 33.4046,
    "gt_383.1s_f47.jpg": 9.3352,
    "gt_589.1s_f93.jpg": 43.6212,
    "gt_1141.5s_f153.jpg": 44.0034
  },
  "approved_files": [
    "gt_1141.5s_f153.jpg",
    "gt_589.1s_f93.jpg",
    "gt_2.1s_f11.jpg",
    "gt_184.5s_f25.jpg",
    "gt_383.1s_f47.jpg"
  ],
  "mean_embedding": [
    -0.035686686635017395,
    0.045074112713336945,
    -0.006815682165324688,
    0.015379112213850021,
    -0.0785277709364891,
    0.028133034706115723,
    -0.035771019756793976,
    0.08620569109916687,
    0.006364651024341583,
    -0.003933188505470753,
    -0.02107623964548111,
    0.03809270262718201,
    0.011170908808708191,
    0.040498122572898865,
    -0.026203345507383347,
    0.016052652150392532,
    0.0034518030006438494,
    -0.03284063562750816,
    0.006232983432710171,
    0.013716237619519234,
    0.042433001101017,
    -0.01684408448636532,
    0.03379017487168312,
    -0.013155506923794746,
    0.03462543338537216,
    -0.007687252946197987,
    -0.07945563644170761,
    -0.03075709566473961,
    -0.028760744258761406,
    -0.06613346934318542,
    -0.03191710636019707,
    0.005633719731122255,
    0.028209861367940903,
    0.05940849334001541,
    0.060189954936504364,
    -0.03298145532608032,
    -0.011671815067529678,
    -0.0029418007470667362,
    0.007493979297578335,
    -0.0024428574834018946,
    -0.016085032373666763,
    -0.06194314733147621,
    -0.0011260883184149861,
    -0.037434354424476624,
    -0.0037771882489323616,
    -0.007414214313030243,
    -0.009487048722803593,
    0.0037754285149276257,
    0.059401728212833405,
    -0.04649679735302925,
    -0.010095390491187572,
    0.014550586231052876,
    -0.04099055752158165,
    0.023136112838983536,
    0.04347842559218407,
    0.03919801861047745,
    0.052356693893671036,
    -0.029041098430752754,
    -0.050286538898944855,
    -0.0016534291207790375,
    0.028313031420111656,
    -0.014690166339278221,
    0.0036400523968040943,
    -0.007513612043112516,
    -0.016061225906014442,
    -0.014576665125787258,
    0.009299525059759617,
    -0.05048873648047447,
    -0.0045347390696406364,
    0.0013178044464439154,
    -0.01848563179373741,
    -0.04494526982307434,
    0.00981572363525629,
    -0.09346850961446762,
    -0.06275017559528351,
    -0.014856604859232903,
    0.02553688734769821,
    -0.06583002954721451,
    0.06333011388778687,
    0.041100215166807175,
    -0.09478658437728882,
    -0.017906466498970985,
    0.05743730440735817,
    -0.043747372925281525,
    0.006102840416133404,
    -0.002575904130935669,
    -0.023400800302624702,
    0.04765825346112251,
    0.021684184670448303,
    -0.03409242257475853,
    -0.022886482998728752,
    0.07401210069656372,
    0.026821859180927277,
    -0.04785994067788124,
    0.018320411443710327,
    0.002801471622660756,
    -0.07293891161680222,
    0.006823847535997629,
    0.0015430658822879195,
    -0.0070794131606817245,
    0.0494903028011322,
    0.07209055870771408,
    0.03692976385354996,
    0.03939680755138397,
    0.05972761660814285,
    -0.04952455684542656,
    0.016785500571131706,
    -0.10783745348453522,
    0.05786174163222313,
    0.02847118489444256,
    0.054113101214170456,
    -0.014586228877305984,
    -0.054554250091314316,
    -0.01245241891592741,
    -0.007729280740022659,
    0.023391399532556534,
    0.004825270734727383,
    0.04572063684463501,
    0.008980982936918736,
    0.034324873238801956,
    0.016402920708060265,
    0.011294830590486526,
    0.010816301219165325,
    0.05132661387324333,
    -0.04225943610072136,
    0.020284108817577362,
    0.021718313917517662,
    0.0021100633312016726,
    0.00600823387503624,
    0.004442947916686535,
    -0.0137313948944211,
    0.09278936684131622,
    -0.05591472610831261,
    -0.06978926807641983,
    -0.013112392276525497,
    -0.032620709389448166,
    0.06932315975427628,
    -0.020477166399359703,
    0.03675436973571777,
    0.03640976920723915,
    -0.03632872924208641,
    -0.016421886160969734,
    -0.12094880640506744,
    -0.08874637633562088,
    -0.0006083634216338396,
    -0.02863069251179695,
    -0.03455471992492676,
    0.02697962149977684,
    0.020790856331586838,
    -0.027766073122620583,
    -0.024853218346834183,
    -0.02755914442241192,
    -0.049950048327445984,
    0.03779930621385574,
    -0.046035367995500565,
    -0.05969833955168724,
    0.0024800451938062906,
    0.002412325469776988,
    0.03240812569856644,
    0.06971479207277298,
    0.03712967410683632,
    -0.013717527501285076,
    0.018586713820695877,
    -0.04075637459754944,
    0.0171964168548584,
    0.008403259329497814,
    -0.07879576086997986,
    0.023474745452404022,
    0.027921421453356743,
    -0.03547165170311928,
    0.02840620093047619,
    0.09552010148763657,
    0.05805300548672676,
    0.06230227276682854,
    0.034935615956783295,
    -0.006739384960383177,
    0.03448638692498207,
    -0.0028205530252307653,
    0.08472216129302979,
    0.046772684901952744,
    -0.019389113411307335,
    -0.017657047137618065,
    0.021804459393024445,
    -0.011619971133768559,
    0.029508747160434723,
    -0.010532028041779995,
    0.10302432626485825,
    -0.04104017838835716,
    0.053427353501319885,
    -0.053460389375686646,
    -0.08059845864772797,
    -0.020830780267715454,
    0.01763175055384636,
    0.026910196989774704,
    0.03413933515548706,
    0.07147575169801712,
    0.04237710312008858,
    -0.0022406578063964844,
    -0.04165475443005562,
    -0.014694605953991413,
    0.02381310798227787,
    0.012035232037305832,
    0.021300192922353745,
    0.07264288514852524,
    -0.0019495784072205424,
    0.012015965767204762,
    0.005413620732724667,
    -0.05432682856917381,
    0.036812473088502884,
    0.019882289692759514,
    -0.03192877769470215,
    0.07149011641740799,
    -0.016015715897083282,
    0.12559454143047333,
    0.020487181842327118,
    0.02349145896732807,
    -0.05810798704624176,
    -0.0011492755729705095,
    0.04571019858121872,
    -0.08777274191379547,
    0.008300150744616985,
    0.044104695320129395,
    -0.01861398108303547,
    0.014928776770830154,
    0.02334853634238243,
    -0.07920514047145844,
    -0.019511738792061806,
    0.02640874683856964,
    0.08273440599441528,
    -0.015248001553118229,
    -0.02398163266479969,
    0.001121949520893395,
    0.006055905483663082,
    -0.029605472460389137,
    0.043002087622880936,
    0.06174393743276596,
    -0.07091052830219269,
    -0.11482212692499161,
    0.006542901508510113,
    -0.0051337783224880695,
    -0.0524490661919117,
    -0.03680906817317009,
    0.043255362659692764,
    -0.08022310584783554,
    0.00878180842846632,
    -0.01392501313239336,
    0.033609140664339066,
    0.026630181819200516,
    -0.037865448743104935,
    -0.027163159102201462,
    -0.015151861123740673,
    -0.04729384556412697,
    -0.04117877036333084,
    0.08807346969842911,
    0.015386980958282948,
    -0.04415634647011757,
    0.013375227339565754,
    -0.055351629853248596,
    -0.011263854801654816,
    -0.060145195573568344,
    -0.0259133018553257,
    -0.029926178976893425,
    -0.02940550446510315,
    -0.03933374583721161,
    0.02152419462800026,
    -0.003886021673679352,
    0.03482736274600029,
    -0.034497108310461044,
    -0.08428636938333511,
    -0.06304027140140533,
    -0.044187188148498535,
    -0.04752424359321594,
    -0.030985841527581215,
    0.009798659943044186,
    0.0029425667598843575,
    0.05225443094968796,
    -0.054540835320949554,
    0.05031011253595352,
    -0.005797279067337513,
    -0.04579661041498184,
    0.046650856733322144,
    -0.04086437076330185,
    0.005287424195557833,
    -0.07861150801181793,
    -0.003338842885568738,
    0.07792799919843674,
