{
  "embedding_files": [
    "gt_1141.5s_f153.jpg",
    "gt_589.1s_f93.jpg",
    "gt_2.1s_f11.jpg",
    "gt_184.5s_f25.jpg",
    "gt_383.1s_f47.jpg"
  ],
  "backup_files": [],
  "scores": {
    "gt_2.1s_f11.jpg": 36.7975,
    "gt_184.5s_f25.jpg": 33.4046,
    "gt_383.1s_f47.jpg": 9.3352,
    "gt_589.1s_f93.jpg": 43.6212,
    "gt_1141.5s_f153.jpg": 44.0034
  },
  "approved_files": [
    "gt_1141.5s_f153.jpg",
    "gt_589.1s_f93.jpg",
    "gt_2.1s_f11.jpg",
    "gt_184.5s_f25.jpg",
    "gt_383.1s_f47.jpg"
  ],
  "mean_embedding": [
    -0.033990152180194855,
    0.033029112964868546,
    -0.01747187040746212,
    0.03300203010439873,
    -0.08203312754631042,
    0.03461074084043503,
    -0.03405093401670456,
    0.08682568371295929,
    -0.005745618604123592,
    0.0024044248275458813,
    -0.03041685000061989,
    0.03473159298300743,
    0.014966858550906181,
    0.04479503259062767,
    -0.02730569615960121,
    0.00564483692869544,
    -3.7712703488068655e-05,
    -0.025426529347896576,
    0.003164435038343072,
    0.003972713369876146,
    0.04212603345513344,
    -0.003267347812652588,
    0.031040960922837257,
    -0.010568195022642612,
    0.02977249212563038,
    -0.019378991797566414,
    -0.08003412187099457,
    -0.03389250859618187,
    -0.008996864780783653,
    -0.07810070365667343,
    -0.03771309554576874,
    -0.005190213676542044,
    0.04014311730861664,
    0.06582503020763397,
    0.06318320333957672,
    -0.03183411806821823,
    -0.01813957467675209,
    0.0020200058352202177,
    0.011928439140319824,
    0.009159326553344727,
    -0.017589200288057327,
    -0.053822338581085205,
    0.006695818156003952,
    -0.045244861394166946,
    0.012714400887489319,
    0.003410029923543334,
    -0.006632796488702297,
    0.0071075414307415485,
    0.061635617166757584,
    -0.038209669291973114,
    -0.0058977906592190266,
    -0.0005288386601023376,
    -0.0518583282828331,
    0.009711267426609993,
    0.03964247554540634,
    0.03921180218458176,
    0.05681169778108597,
    -0.031435418874025345,
    -0.04865812137722969,
    0.00037896778667345643,
    0.0336715504527092,
    -0.0007369178929366171,
    -0.012704199180006981,
    -0.014170169830322266,
    -0.011391655541956425,
    -0.006468598730862141,
    0.02871861308813095,
    -0.06821688264608383,
    -0.006658063270151615,
    0.004692595452070236,
    -0.019658617675304413,
    -0.05397389084100723,
    0.004155552480369806,
    -0.0820227712392807,
    -0.04453814774751663,
    -0.010466604493558407,
    0.017568564042448997,
    -0.05238788574934006,
    0.06300775706768036,
    0.06174292042851448,
    -0.09947741031646729,
    -0.010199573822319508,
    0.06383824348449707,
    -0.055706936866045,
    0.0016675766091793776,
    -0.004020131658762693,
    -0.027219703420996666,
    0.0533970408141613,
    0.033657122403383255,
    -0.04308859258890152,
    -0.01563798449933529,
    0.07858423888683319,
    0.02577218972146511,
    -0.04541744664311409,
    0.0255647674202919,
    0.005194392520934343,
    -0.058105699717998505,
    0.003655968001112342,
    -0.009654940105974674,
    -0.002775565953925252,
    0.04001951590180397,
    0.06664500385522842,
    0.026232842355966568,
    0.03693261370062828,
    0.06551769375801086,
    -0.042891182005405426,
    0.014101284556090832,
    -0.0962444469332695,
    0.06801170110702515,
    0.04135468974709511,
    0.0517437569797039,
    -0.027058659121394157,
    -0.05385996773838997,
    -0.018048526719212532,
    -0.012371588498353958,
    0.02181759662926197,
    0.019244879484176636,
    0.0320344977080822,
    0.0028721392154693604,
    0.044535912573337555,
    0.008885860443115234,
    0.027948016300797462,
    -0.004427685867995024,
    0.047150302678346634,
    -0.045057058334350586,
    0.022554336115717888,
    0.02798507735133171,
    -0.0011653895489871502,
    0.002274011028930545,
    -8.208904546336271e-06,
    -0.009824177250266075,
    0.10848922282457352,
    -0.05265587940812111,
    -0.06348738074302673,
    -0.01747310347855091,
    -0.048167649656534195,
    0.04852769523859024,
    -0.018029971048235893,
    0.04331067204475403,
    0.0484079048037529,
    -0.04223485663533211,
    -0.02372298389673233,
    -0.10813821852207184,
    -0.10067842900753021,
    -0.005004908889532089,
    -0.0452495776116848,
    -0.04557863622903824,
    0.02588965930044651,
    0.02018917351961136,
    -0.016425788402557373,
    -0.01888502947986126,
    -0.027925552800297737,
    -0.051964376121759415,
    0.044975876808166504,
    -0.04180510342121124,
    -0.048646941781044006,
    0.015615295618772507,
    -0.011807523667812347,
    0.028707262128591537,
    0.07875601202249527,
    0.045533228665590286,
    -0.009866324253380299,
    0.0032612220384180546,
    -0.010531940497457981,
    0.008417204953730106,
    0.00833743903785944,
    -0.07879022508859634,
    0.019835883751511574,
    0.027454907074570656,
    -0.0460532046854496,
    0.036423150449991226,
    0.11538918316364288,
    0.040624599903821945,
    0.08506811410188675,
    0.045688942074775696,
    -0.009561245329678059,
    0.050311379134655,
    -0.0032403485383838415,
    0.07375121861696243,
    0.05454633757472038,
    -0.01609375886619091,
    -0.022368112578988075,
    0.01119809877127409,
    -0.008982596918940544,
    0.03484049811959267,
    -0.0009414466330781579,
    0.08475352823734283,
    -0.041855089366436005,
    0.06135382503271103,
    -0.06000162661075592,
    -0.08266498148441315,
    -0.020239368081092834,
    0.012289856560528278,
    0.021562309935688972,
    0.03322918340563774,
    0.06630419939756393,
    0.04635242372751236,
    -0.01211880799382925,
    -0.041733335703611374,
    -0.014638606458902359,
    0.01606650836765766,
    0.012291277758777142,
    0.02913190983235836,
    0.05486227571964264,
    -0.008700541220605373,
    0.011603944003582,
    -0.005639186128973961,
    -0.06061941012740135,
    0.03585495054721832,
    0.021986449137330055,
    -0.012866201810538769,
    0.06919198483228683,
    -0.024765053763985634,
    0.11925708502531052,
    0.019186191260814667,
    0.03206918016076088,
    -0.06359598785638809,
    0.010934803634881973,
    0.05388515442609787,
    -0.09062210470438004,
    -0.013411984778940678,
    0.0405573807656765,
    -0.02229708805680275,
    0.009849990718066692,
    0.024625040590763092,
    -0.07972832769155502,
    -0.028066381812095642,
    0.03450698032975197,
    0.09153345227241516,
    -0.012629235163331032,
    -0.03696390613913536,
    -0.0009723599068820477,
    0.015905559062957764,
    -0.019624285399913788,
    0.05305424705147743,
    0.06559933722019196,
    -0.07821977138519287,
    -0.108757384121418,
    0.013654936105012894,
    0.0024369205348193645,
    -0.05782470479607582,
    -0.03169472515583038,
    0.04027729853987694,
    -0.0826299712061882,
    0.0002976656542159617,
    -0.009106434881687164,
    0.030103178694844246,
    0.02398800477385521,
    -0.03871512413024902,
    -0.035624872893095016,
    -0.022784465923905373,
    -0.04121674224734306,
    -0.03325078636407852,
    0.08958931267261505,
    0.014157295227050781,
    -0.0514596663415432,
    0.0012855069944635034,
    -0.056867826730012894,
    -0.012930414639413357,
    -0.054962728172540665,
    -0.024122342467308044,
    -0.011263588443398476,
    -0.02435615099966526,
    -0.0403146892786026,
    0.004436410032212734,
    0.0007797906291671097,
    0.053404875099658966,
    -0.030673153698444366,
    -0.07738588005304337,
    -0.051883239299058914,
    -0.043879710137844086,
    -0.05591223016381264,
    -0.008470389991998672,
    0.01639278419315815,
    0.0013754424871876836,
    0.0520334430038929,
    -0.05814186856150627,
    0.04913075640797615,
    -0.011089956387877464,
    -0.050583600997924805,
    0.03868768364191055,
    -0.040679287165403366,
    -0.014684509485960007,
    -0.08313419669866562,
    -0.007508468814194202,
    0.056778088212013245,
