{
  "embedding_files": [
    "gt_117.2s_f14.jpg",
    "gt_217.1s_f60.jpg",
    "gt_324.5s_f94.jpg",
    "gt_2.3s_f10.jpg",
    "gt_33.8s_f30.jpg"
  ],
  "backup_files": [
    "gt_73.0s_f47.jpg",
    "new_1776234257661_gt_184.5s_f30.jpg",
    "new_1776234257661_gt_2.1s_f6.jpg",
    "new_1776234257661_gt_383.1s_f53.jpg",
    "new_1776234257661_gt_503.3s_f77.jpg"
  ],
  "scores": {
    "gt_2.3s_f10.jpg": 1.6238,
    "gt_33.8s_f30.jpg": 1.5782,
    "gt_73.0s_f47.jpg": 1.408,
    "gt_117.2s_f14.jpg": 10.9828,
    "gt_217.1s_f60.jpg": 10.5675,
    "gt_324.5s_f94.jpg": 9.8562
  },
  "approved_files": [
    "gt_117.2s_f14.jpg",
    "gt_217.1s_f60.jpg",
    "gt_324.5s_f94.jpg",
    "gt_2.3s_f10.jpg",
    "gt_33.8s_f30.jpg",
    "gt_73.0s_f47.jpg",
    "new_1776234257661_gt_184.5s_f30.jpg",
    "new_1776234257661_gt_2.1s_f6.jpg",
    "new_1776234257661_gt_383.1s_f53.jpg",
    "new_1776234257661_gt_503.3s_f77.jpg"
  ],
  "mean_embedding": [
    -0.0331844687461853,
    0.003640147391706705,
    0.0753302276134491,
    -0.0007566790445707738,
    0.068785659968853,
    -0.020274100825190544,
    -0.036127641797065735,
    -0.057143136858940125,
    -0.017764931544661522,
    -0.04907587915658951,
    -0.027316251769661903,
    0.042379382997751236,
    -0.09221190214157104,
    -0.0223686583340168,
    0.03832598403096199,
    -0.06173413619399071,
    0.03775600716471672,
    0.02672211267054081,
    0.01488299760967493,
    -0.07486852258443832,
    0.0127638541162014,
    -0.0128783555701375,
    0.040201421827077866,
    0.011707923375070095,
    0.028896721079945564,
    0.035509832203388214,
    -0.03136954456567764,
    -0.0024506226181983948,
    -0.02086879499256611,
    -0.05236774682998657,
    -0.039821557700634,
    -0.04795870929956436,
    0.04037376493215561,
    0.044558003544807434,
    0.008417046628892422,
    -0.0006230938015505672,
    -0.004370463080704212,
    0.022490911185741425,
    -0.023406224325299263,
    0.017846252769231796,
    0.03276273235678673,
    -0.08302464336156845,
    0.020984040573239326,
    0.033232029527425766,
    0.02927912399172783,
    0.04028591141104698,
    -0.004656776320189238,
    0.02922298200428486,
    0.05307772755622864,
    0.12746202945709229,
    -0.020528458058834076,
    -0.0025429637171328068,
    0.0006255437037907541,
    0.07379047572612762,
    0.03447075933218002,
    0.03130683675408363,
    0.0801442489027977,
    -0.04728299006819725,
    0.012912712059915066,
    -0.03360052406787872,
    -0.016680384054780006,
    0.07810278981924057,
    -0.04260294884443283,
    -0.029660413041710854,
    -0.012118103913962841,
    0.04245147854089737,
    0.03826521709561348,
    -0.01794028840959072,
    0.055027879774570465,
    -0.07737023383378983,
    0.05134464427828789,
    -0.024605294689536095,
    0.02877894416451454,
    0.026943374425172806,
    -0.05974419414997101,
    0.028102535754442215,
    -0.032054733484983444,
    0.002332652686163783,
    0.01579982228577137,
    0.07091111689805984,
    0.0280938558280468,
    0.053944963961839676,
    -0.011922098696231842,
    0.009198054671287537,
    0.003305619116872549,
    -0.04213886335492134,
    0.06810752302408218,
    0.04333244636654854,
    0.008298940025269985,
    -0.0777120441198349,
    0.06091109663248062,
    0.028936978429555893,
    -0.0952521488070488,
    -0.005033739842474461,
    0.002028451068326831,
    -0.0027258764021098614,
    0.06459608674049377,
    -0.037810176610946655,
    -0.01852482743561268,
    0.04380439221858978,
    0.026093434542417526,
    0.02575627900660038,
    0.08860713243484497,
    0.019529931247234344,
    0.05501203611493111,
    -0.052653051912784576,
    -0.0063887485302984715,
    -0.025612950325012207,
    0.04105433076620102,
    0.017416156828403473,
    -0.04683142900466919,
    0.019229257479310036,
    0.024071963503956795,
    -0.04054977372288704,
    -0.016296450048685074,
    0.027079930528998375,
    0.07128099352121353,
    -0.005140341818332672,
    -0.030134843662381172,
    -0.015691440552473068,
    -0.0628143846988678,
    0.038865894079208374,
    0.02115311659872532,
    0.0004116834024898708,
    0.02505059354007244,
    0.08078240603208542,
    0.06271565705537796,
    0.0735929012298584,
    0.03419385105371475,
    -0.0023835012689232826,
    -0.04592850059270859,
    -0.00038114929338917136,
    -0.06748335808515549,
    0.010828229598701,
    0.012398204766213894,
    -0.014279178343713284,
    -0.08060575276613235,
    0.04300423339009285,
    -0.0550411231815815,
    0.060095760971307755,
    -0.0025698498357087374,
    0.0048802741803228855,
    -0.04885360971093178,
    0.031102454289793968,
    -0.07057365030050278,
    0.015267477370798588,
    -0.05502541363239288,
    0.00958497915416956,
    0.03891748934984207,
    0.06650961190462112,
    0.010838665068149567,
    -0.03753739595413208,
    -0.025597339496016502,
    0.06895389407873154,
    -0.01730942353606224,
    -0.0668843612074852,
    -0.022034218534827232,
    -0.06804423034191132,
    0.035527266561985016,
    0.020276550203561783,
    0.09065208584070206,
    0.041556067764759064,
    0.02485697530210018,
    0.025481102988123894,
    -0.0567985475063324,
    0.051073107868433,
    -0.06301217526197433,
    -0.017712678760290146,
    -0.026908675208687782,
    -0.13093706965446472,
    0.027313081547617912,
    0.09044401347637177,
    0.056647658348083496,
    0.032161880284547806,
    0.013996580615639687,
    0.023827070370316505,
    0.0083299670368433,
    0.0270057562738657,
    0.05801233649253845,
    0.043788377195596695,
    -0.05002939701080322,
    -0.06007206439971924,
    -0.02557128481566906,
    0.07840330898761749,
    -0.061271924525499344,
    -0.014130711555480957,
    -0.02296382561326027,
    0.014312682673335075,
    0.06459563225507736,
    -0.093690425157547,
    -0.05186991021037102,
    0.006128509528934956,
    -0.056183937937021255,
    0.035436421632766724,
    -0.027534063905477524,
    0.06921751797199249,
    0.09041944146156311,
    0.04164363443851471,
    -0.016093561425805092,
    -0.010232741013169289,
    -0.010637680999934673,
    -0.026987828314304352,
    -0.008806879632174969,
    -0.05658469721674919,
    -0.009135300293564796,
    0.07084812968969345,
    0.0008505412261001766,
    -0.010532905347645283,
    -0.041033823043107986,
    0.029768312349915504,
    0.08436272293329239,
    -0.004881706554442644,
    -0.06817004829645157,
    0.015604962594807148,
    -0.04525025933980942,
    -0.0040773372165858746,
    -0.0966469794511795,
    0.017032498493790627,
    -0.023071585223078728,
    -0.018015902489423752,
    -0.04160119965672493,
    -0.0239592082798481,
    -0.03976399078965187,
    0.02725720778107643,
    0.08137335628271103,
    -0.0020690583623945713,
    -0.08522871136665344,
    0.07350078225135803,
    0.04872998967766762,
    0.006996748503297567,
    -0.054065413773059845,
    -0.07475481182336807,
    0.019902992993593216,
    -0.05340985581278801,
    -0.05341183766722679,
    -0.015764977782964706,
    -0.03939245641231537,
    0.034262727946043015,
    -0.014182022772729397,
    -0.004374549724161625,
    -0.07963930815458298,
    -0.032828930765390396,
    -0.03286416083574295,
    -0.10926955938339233,
    0.10216450691223145,
    0.000638482510112226,
    0.03130273148417473,
    0.011539407074451447,
    0.027732200920581818,
    -0.02041265182197094,
    0.016712412238121033,
    0.05083990469574928,
    0.04363328963518143,
    0.07837069034576416,
    -0.004612910561263561,
    0.09302988648414612,
    -0.005823556799441576,
    0.01694284938275814,
    -0.04712944105267525,
    -0.06674167513847351,
    0.02686901018023491,
    -0.040811602026224136,
    -0.030900517478585243,
    0.0403771698474884,
    0.047208599746227264,
    0.022276118397712708,
    -0.008291295729577541,
    0.03807387873530388,
    -0.028944959864020348,
    0.031034843996167183,
    0.02783898077905178,
    0.04844735562801361,
