{
  "embedding_files": [
    "gt_579.2s_f88.jpg",
    "gt_211.2s_f7.jpg",
    "gt_399.0s_f50.jpg",
    "gt_300.2s_f25.jpg",
    "gt_384.7s_f46.jpg"
  ],
  "backup_files": [
    "gt_219.5s_f18.jpg",
    "gt_534.6s_f86.jpg"
  ],
  "scores": {
    "gt_384.7s_f46.jpg": 19.3833,
    "gt_534.6s_f86.jpg": 10.7661,
    "gt_219.5s_f18.jpg": 7.5611,
    "gt_211.2s_f7.jpg": 91.8246,
    "gt_399.0s_f50.jpg": 88.8026,
    "gt_300.2s_f25.jpg": 59.3772,
    "gt_579.2s_f88.jpg": 97.887
  },
  "approved_files": [
    "gt_384.7s_f46.jpg",
    "gt_534.6s_f86.jpg",
    "gt_219.5s_f18.jpg",
    "gt_211.2s_f7.jpg",
    "gt_300.2s_f25.jpg",
    "gt_399.0s_f50.jpg",
    "gt_579.2s_f88.jpg"
  ],
  "mean_embedding": [
    0.006413028575479984,
    0.04916166514158249,
    0.008981774561107159,
    0.009919433854520321,
    -0.014431867748498917,
    -0.01745832897722721,
    0.02374890446662903,
    -0.005689555313438177,
    0.0029280653689056635,
    0.05946081504225731,
    0.019882995635271072,
    0.08522682636976242,
    0.018240414559841156,
    0.031061289831995964,
    -0.030767936259508133,
    0.0127166248857975,
    -0.012439756654202938,
    0.0447213239967823,
    -0.005508800502866507,
    -0.06954797357320786,
    -0.003117587184533477,
    -0.024495761841535568,
    0.027180815115571022,
    0.02491571195423603,
    -0.029005438089370728,
    -0.05759066715836525,
    -0.016057908535003662,
    -0.03489908576011658,
    -0.01023127418011427,
    0.07598277926445007,
    -0.004480296280235052,
    -0.011392848566174507,
    0.018899718299508095,
    0.040544889867305756,
    0.020192014053463936,
    -0.092981718480587,
    -0.058960605412721634,
    -0.043662179261446,
    0.08738436549901962,
    0.022595787420868874,
    0.036507945507764816,
    -0.01138289738446474,
    0.056371983140707016,
    -0.042175281792879105,
    0.0050989179871976376,
    0.0016403858317062259,
    -0.01876378245651722,
    0.003939297050237656,
    0.03342001512646675,
    -0.006114170420914888,
    0.018357152119278908,
    0.041648223996162415,
    -0.026036368682980537,
    0.01579165831208229,
    0.02739480882883072,
    0.058836258947849274,
    -0.037887539714574814,
    -0.03486477956175804,
    -0.07978738099336624,
    -0.049730800092220306,
    -0.030814718455076218,
    0.005114552564918995,
    -0.0007400508620776236,
    0.04928428679704666,
    0.06290103495121002,
    -0.040793657302856445,
    0.000891687988769263,
    0.021099288016557693,
    -0.07981093227863312,
    0.04247748851776123,
    0.07721679657697678,
    0.05055956542491913,
    0.03619572892785072,
    -0.08490227907896042,
    -0.0076891109347343445,
    0.025735877454280853,
    0.05826837569475174,
    -0.02839876152575016,
    0.05031552165746689,
    0.06090832129120827,
    -0.03339215740561485,
    -0.005536171607673168,
    -0.05618962273001671,
    -0.019821325317025185,
    0.049607276916503906,
    0.017375057563185692,
    -0.009995813481509686,
    -0.060911212116479874,
    -0.03544221073389053,
    0.02112685889005661,
    0.041817404329776764,
    0.1080152615904808,
    -0.03132487088441849,
    0.024314817041158676,
    0.019432974979281425,
    0.059938933700323105,
    0.005395420361310244,
    0.02862837165594101,
    -0.020040594041347504,
    -0.08493607491254807,
    0.057395052164793015,
    0.01923345774412155,
    0.0605657733976841,
    0.03966549411416054,
    0.032500412315130234,
    -0.081211619079113,
    0.0250672847032547,
    0.0076277670450508595,
    -0.008558674715459347,
    0.025640826672315598,
    -0.012233162298798561,
    0.004835760220885277,
    0.013310498557984829,
    0.03170109912753105,
    0.008396648801863194,
    0.02594737522304058,
    -0.054916299879550934,
    -0.044553663581609726,
    0.05404770001769066,
    0.027701064944267273,
    0.015071069821715355,
    -0.0023829068522900343,
    0.05882902443408966,
    0.03549143671989441,
    -0.032790571451187134,
    0.01285448670387268,
    0.006834170315414667,
    0.04887465015053749,
    -0.08548642694950104,
    -0.0250458475202322,
    -0.05642726272344589,
    0.04511666297912598,
    -0.0715053379535675,
    -0.0684344619512558,
    0.0005936898523941636,
    -0.03143707290291786,
    0.05745859071612358,
    -0.10007286071777344,
    0.0069253467954695225,
    0.05433228611946106,
    -0.028395341709256172,
    0.04523596167564392,
    -0.009822068735957146,
    0.056067824363708496,
    -0.09575916826725006,
    0.016193633899092674,
    -0.0028565882239490747,
    0.04788985848426819,
    -0.002018777886405587,
    0.02469181828200817,
    -0.09151972085237503,
    0.014355862513184547,
    -0.015719495713710785,
    -0.0025002926122397184,
    0.0503036230802536,
    0.04115486145019531,
    0.047269586473703384,
    -0.006368202157318592,
    0.0022277403622865677,
    -0.007615101523697376,
    0.01378447562456131,
    -0.03299998119473457,
    -0.0676070898771286,
    -0.004239838104695082,
    -0.027537647634744644,
    0.034698549658060074,
    0.028419382870197296,
    -0.01595665141940117,
    -0.06460937857627869,
    -0.02631189301609993,
    0.024625029414892197,
    0.031223440542817116,
    -0.020540228113532066,
    0.05292735621333122,
    0.03712240234017372,
    -0.005882446654140949,
    -0.004979092627763748,
    -0.04870615899562836,
    0.06185232847929001,
    0.052794381976127625,
    -0.06531563401222229,
    0.007163994014263153,
    0.017310673370957375,
    -0.02086145058274269,
    -0.021000582724809647,
    0.003342520212754607,
    -0.006112506613135338,
    -0.0037912328261882067,
    0.10370274633169174,
    -0.03762946277856827,
    -0.02420732006430626,
    -0.007751198951154947,
    0.0299207866191864,
    -0.03962772712111473,
    -0.1375720500946045,
    -0.019845878705382347,
    0.03137369081377983,
    -0.048451680690050125,
    0.044345710426568985,
    -0.023863863199949265,
    -0.025347594171762466,
    -0.004706037696450949,
    0.04903087764978409,
    0.033105190843343735,
    -0.03224850073456764,
    -0.019923942163586617,
    -0.047505129128694534,
    0.04976510629057884,
    0.0012685632100328803,
    -0.018503723666071892,
    -0.054787129163742065,
    0.1473088562488556,
    -0.07069700211286545,
    0.05145677179098129,
    -0.049435753375291824,
    -0.010687705129384995,
    -0.09105847030878067,
    -0.06041776016354561,
    -0.006512570194900036,
    -0.012674481607973576,
    -0.014019841328263283,
    -0.02619270049035549,
    -0.05551749840378761,
    0.034034211188554764,
    0.001659922767430544,
    0.004271376878023148,
    -0.015289444476366043,
    0.04617191478610039,
    0.04708075523376465,
    -0.06360519677400589,
    0.07548008859157562,
    -0.04577788710594177,
    -0.027036407962441444,
    0.04374329745769501,
    -0.034936875104904175,
    -0.004573123063892126,
    0.01812960021197796,
    -0.0034564377274364233,
    -0.002931260736659169,
    0.043365683406591415,
    -0.025542421266436577,
    -0.032335106283426285,
    0.05558997765183449,
    -0.027481326833367348,
    0.0781506821513176,
    0.043512772768735886,
    0.018202926963567734,
    0.018102362751960754,
    0.005284653510898352,
    0.07752790302038193,
    0.02719283290207386,
    -0.029870634898543358,
    0.05356423184275627,
    0.00834027398377657,
    -0.07082801312208176,
    0.005462332163006067,
    -0.06863303482532501,
    0.018279477953910828,
    -0.032812051475048065,
    -0.04375942051410675,
    -0.08929229527711868,
    0.05768662691116333,
    0.0353773757815361,
    0.02913239225745201,
    0.052893850952386856,
    -0.009159437380731106,
    0.003509627189487219,
    0.025451935827732086,
    -0.11401014029979706,
    -0.04248684644699097,
    0.02968606725335121,
    0.05124334245920181,
    -0.03103497065603733,
    0.046257536858320236,
    -0.009168380871415138,
    0.06788788735866547,
    0.029696058481931686,
    -0.037819504737854004,
    -0.023867905139923096,
    -0.009285145439207554,
