{
  "embedding_files": [
    "gt_579.2s_f88.jpg",
    "gt_211.2s_f7.jpg",
    "gt_399.0s_f50.jpg",
    "gt_300.2s_f25.jpg",
    "gt_384.7s_f46.jpg"
  ],
  "backup_files": [
    "gt_219.5s_f18.jpg",
    "gt_534.6s_f86.jpg"
  ],
  "scores": {
    "gt_384.7s_f46.jpg": 19.3833,
    "gt_534.6s_f86.jpg": 10.7661,
    "gt_219.5s_f18.jpg": 7.5611,
    "gt_211.2s_f7.jpg": 91.8246,
    "gt_399.0s_f50.jpg": 88.8026,
    "gt_300.2s_f25.jpg": 59.3772,
    "gt_579.2s_f88.jpg": 97.887
  },
  "approved_files": [
    "gt_384.7s_f46.jpg",
    "gt_534.6s_f86.jpg",
    "gt_219.5s_f18.jpg",
    "gt_211.2s_f7.jpg",
    "gt_300.2s_f25.jpg",
    "gt_399.0s_f50.jpg",
    "gt_579.2s_f88.jpg"
  ],
  "mean_embedding": [
    0.013002650812268257,
    0.051216743886470795,
    0.016342641785740852,
    0.01153894979506731,
    -0.021710962057113647,
    -0.022614438086748123,
    0.02878662757575512,
    -0.021096007898449898,
    0.014929922297596931,
    0.06877483427524567,
    0.04120601713657379,
    0.0866626650094986,
    0.020033439621329308,
    0.038027118891477585,
    -0.026855163276195526,
    0.011273657903075218,
    0.003785322420299053,
    0.04062017425894737,
    -0.0019485793309286237,
    -0.06159006059169769,
    -0.0034405600745230913,
    -0.015067893080413342,
    0.03308205306529999,
    0.022006208077073097,
    -0.026228005066514015,
    -0.06145547702908516,
    -0.010654767975211143,
    -0.03463518247008324,
    -0.0021628481335937977,
    0.07564445585012436,
    -0.007859203964471817,
    -0.004952749703079462,
    0.018127236515283585,
    0.04217403754591942,
    0.011636114679276943,
    -0.08878090232610703,
    -0.06305036693811417,
    -0.03964424133300781,
    0.09298332035541534,
    0.02504979632794857,
    0.03478994220495224,
    -0.0030217391904443502,
    0.04657435789704323,
    -0.03604895994067192,
    0.006856022868305445,
    0.006084599997848272,
    -0.029007965698838234,
    0.00015528629592154175,
    0.036350786685943604,
    -0.014505917206406593,
    0.01714003086090088,
    0.0494067557156086,
    -0.029525183141231537,
    0.015568598173558712,
    0.030066892504692078,
    0.05063551291823387,
    -0.031692806631326675,
    -0.046140581369400024,
    -0.06635922938585281,
    -0.05618179216980934,
    -0.02551477588713169,
    -0.0096889054402709,
    0.0025440831668674946,
    0.050013698637485504,
    0.06187530606985092,
    -0.03300393745303154,
    -0.0046554007567465305,
    0.0006904064794071019,
    -0.07938939332962036,
    0.046013008803129196,
    0.07649245858192444,
    0.05851028487086296,
    0.026503371074795723,
    -0.07991821318864822,
    -0.00017198074783664197,
    0.01647375524044037,
    0.05669520050287247,
    -0.027269426733255386,
    0.044332217425107956,
    0.07324293255805969,
    -0.04917821288108826,
    -0.008830290287733078,
    -0.06926510483026505,
    -0.01980060338973999,
    0.04118553549051285,
    0.010251999832689762,
    -0.010780034586787224,
    -0.057535089552402496,
    -0.03546826168894768,
    0.01598242297768593,
    0.04476412758231163,
    0.10250632464885712,
    -0.026425765827298164,
    0.026423437520861626,
    0.02979307621717453,
    0.05466407909989357,
    -0.00015750862075947225,
    0.03976016491651535,
    -0.015879468992352486,
    -0.07420101761817932,
    0.0695558488368988,
    -0.0016087424010038376,
    0.06910514086484909,
    0.037034910172224045,
    0.04322785884141922,
    -0.08239180594682693,
    0.03432128578424454,
    0.01626667194068432,
    -0.013812807388603687,
    0.02529831789433956,
    -0.012322424910962582,
    -0.00021898074191994965,
    0.009836242534220219,
    0.03314760699868202,
    0.01170491985976696,
    0.02147519774734974,
    -0.05222843959927559,
    -0.04770302399992943,
    0.05513444170355797,
    0.02967333048582077,
    0.01963496208190918,
    0.009077970869839191,
    0.05763217434287071,
    0.04200109839439392,
    -0.020837267860770226,
    0.010949145071208477,
    0.01831972599029541,
    0.04787416756153107,
    -0.09451790899038315,
    -0.018701553344726562,
    -0.052988339215517044,
    0.05190620198845863,
    -0.08240927755832672,
    -0.0624634250998497,
    0.003419020678848028,
    -0.04297907277941704,
    0.0483107753098011,
    -0.11199598759412766,
    0.01453373022377491,
    0.06433378905057907,
    -0.023454125970602036,
    0.05980866402387619,
    -0.00394826103001833,
    0.06213489547371864,
    -0.10008969157934189,
    0.013577258214354515,
    -0.00564863346517086,
    0.04095935821533203,
    -0.01159138698130846,
    0.02822965756058693,
    -0.08627067506313324,
    0.019097641110420227,
    -0.013849618844687939,
    -0.015526151284575462,
    0.04768133908510208,
    0.03551410138607025,
    0.06433800607919693,
    -0.014833076857030392,
    0.010313740000128746,
    -0.013234984129667282,
    0.013436912558972836,
    -0.04237988963723183,
    -0.06968372315168381,
    0.0024396206717938185,
    -0.027164684608578682,
    0.0241440050303936,
    0.02967648208141327,
    -0.008869197219610214,
    -0.05416987091302872,
    -0.01544917467981577,
    0.016154145821928978,
    0.025464141741394997,
    -0.011504504829645157,
    0.049617938697338104,
    0.04051715135574341,
    -0.006586861796677113,
    0.00520268315449357,
    -0.061148468405008316,
    0.07023514062166214,
    0.06433914601802826,
    -0.05207102373242378,
    0.013763467781245708,
    0.017525924369692802,
    -0.026236489415168762,
    -0.014098288491368294,
    -0.007326042279601097,
    -0.0032255174592137337,
    0.006169221363961697,
    0.11218549311161041,
    -0.04177383705973625,
    -0.026854706928133965,
    0.0026773898862302303,
    0.024504702538251877,
    -0.030265048146247864,
    -0.12974786758422852,
    -0.012091455981135368,
    0.02387704700231552,
    -0.03366728127002716,
    0.04661564156413078,
    -0.015013733878731728,
    -0.027200141921639442,
    -0.012383904308080673,
    0.052873678505420685,
    0.027875427156686783,
    -0.03293563798069954,
    -0.028952568769454956,
    -0.04521552473306656,
    0.04547041654586792,
    -0.002370010130107403,
    -0.012354857288300991,
    -0.05132020264863968,
    0.12428224831819534,
    -0.07436592876911163,
    0.03584405779838562,
    -0.060379330068826675,
    -0.0013266750611364841,
    -0.08841746300458908,
    -0.05988246574997902,
    -0.009369631297886372,
    -0.018252622336149216,
    -0.009718136861920357,
    -0.03550734370946884,
    -0.06760717928409576,
    0.036804087460041046,
    -0.010245111770927906,
    0.007340398151427507,
    -0.029362332075834274,
    0.03215650096535683,
    0.050029028207063675,
    -0.06373357027769089,
    0.07271809875965118,
    -0.044942278414964676,
    -0.03281767666339874,
    0.04430122673511505,
    -0.04120519012212753,
    -0.013712186366319656,
    0.02593989111483097,
    -0.004193268716335297,
    -0.008195659145712852,
    0.053607966750860214,
    -0.030674975365400314,
    -0.0415668711066246,
    0.051853034645318985,
    -0.02415379136800766,
    0.07811414450407028,
    0.058964867144823074,
    0.02231089025735855,
    0.020931724458932877,
    0.007505633402615786,
    0.07760248333215714,
    0.03289869800209999,
    -0.016049129888415337,
    0.05032678321003914,
    0.02824215590953827,
    -0.07541683316230774,
    -0.003293311456218362,
    -0.06898139417171478,
    0.020938526839017868,
    -0.027753449976444244,
    -0.039689965546131134,
    -0.0838090255856514,
    0.047625187784433365,
    0.046090565621852875,
    0.03558234125375748,
    0.054207444190979004,
    0.0026399241760373116,
    -0.006007192190736532,
    0.026389991864562035,
    -0.11389493197202682,
    -0.04957498237490654,
    0.039084549993276596,
    0.04177389666438103,
    -0.04323733597993851,
    0.04357984662055969,
    -0.01163486484438181,
    0.07329372316598892,
    0.01919829659163952,
    -0.03210863843560219,
    -0.0231659896671772,
    -0.007242774590849876,
