{
  "embedding_files": [
    "gt_579.2s_f88.jpg",
    "gt_211.2s_f7.jpg",
    "gt_399.0s_f50.jpg",
    "gt_300.2s_f25.jpg",
    "gt_384.7s_f46.jpg"
  ],
  "backup_files": [
    "gt_219.5s_f18.jpg",
    "gt_534.6s_f86.jpg"
  ],
  "scores": {
    "gt_384.7s_f46.jpg": 19.3833,
    "gt_534.6s_f86.jpg": 10.7661,
    "gt_219.5s_f18.jpg": 7.5611,
    "gt_211.2s_f7.jpg": 91.8246,
    "gt_399.0s_f50.jpg": 88.8026,
    "gt_300.2s_f25.jpg": 59.3772,
    "gt_579.2s_f88.jpg": 97.887
  },
  "approved_files": [
    "gt_384.7s_f46.jpg",
    "gt_534.6s_f86.jpg",
    "gt_219.5s_f18.jpg",
    "gt_211.2s_f7.jpg",
    "gt_300.2s_f25.jpg",
    "gt_399.0s_f50.jpg",
    "gt_579.2s_f88.jpg"
  ],
  "mean_embedding": [
    0.013003985397517681,
    0.05122540146112442,
    0.01633773371577263,
    0.01154821552336216,
    -0.02171715535223484,
    -0.022595645859837532,
    0.0287687499076128,
    -0.021098565310239792,
    0.014939585700631142,
    0.06877895444631577,
    0.041188739240169525,
    0.08669555932283401,
    0.02006426267325878,
    0.03799382224678993,
    -0.026839084923267365,
    0.011270185932517052,
    0.0037851466331630945,
    0.04063882306218147,
    -0.001968536525964737,
    -0.06162633001804352,
    -0.0034355188254266977,
    -0.015075163915753365,
    0.03309078514575958,
    0.022031769156455994,
    -0.026216106489300728,
    -0.06144675984978676,
    -0.010637016966938972,
    -0.03461234271526337,
    -0.00215355702675879,
    0.07561911642551422,
    -0.007840528152883053,
    -0.0049288892187178135,
    0.018164237961173058,
    0.04223737493157387,
    0.011668821796774864,
    -0.08875615894794464,
    -0.06306123733520508,
    -0.03963654860854149,
    0.09298662096261978,
    0.02505742385983467,
    0.03483494743704796,
    -0.0030229364056140184,
    0.04654212296009064,
    -0.03605646267533302,
    0.006886213086545467,
    0.006070788949728012,
    -0.029037529602646828,
    0.0001606007426744327,
    0.03634686768054962,
    -0.014501802623271942,
    0.017123162746429443,
    0.04942415654659271,
    -0.029514314606785774,
    0.015554176643490791,
    0.03008382022380829,
    0.05063285306096077,
    -0.03169606998562813,
    -0.046169888228178024,
    -0.06634694337844849,
    -0.056207627058029175,
    -0.025504473596811295,
    -0.009716331958770752,
    0.002564813941717148,
    0.0499780997633934,
    0.0618644580245018,
    -0.032975904643535614,
    -0.004644510801881552,
    0.0006612653378397226,
    -0.07937805354595184,
    0.04603379964828491,
    0.07649300992488861,
    0.05848539620637894,
    0.02647136151790619,
    -0.07994107156991959,
    -0.000175530047272332,
    0.016469018533825874,
    0.05663473531603813,
    -0.02727457694709301,
    0.04434837028384209,
    0.0732363760471344,
    -0.04920092970132828,
    -0.008806601166725159,
    -0.06929262727499008,
    -0.019805246964097023,
    0.041219692677259445,
    0.010249142535030842,
    -0.010789988562464714,
    -0.057551559060811996,
    -0.035462357103824615,
    0.015989618375897408,
    0.044763047248125076,
    0.10254104435443878,
    -0.026408961042761803,
    0.026419758796691895,
    0.02980116568505764,
    0.054668813943862915,
    -0.0001771809911588207,
    0.0397421233355999,
    -0.015886660665273666,
    -0.07418748736381531,
    0.0695333406329155,
    -0.0015994309214875102,
    0.06908515095710754,
    0.03704928234219551,
    0.04321186989545822,
    -0.08241596817970276,
    0.03429676219820976,
    0.016293084248900414,
    -0.01385211106389761,
    0.025272026658058167,
    -0.012358631938695908,
    -0.00023372424766421318,
    0.00983983464539051,
    0.033115170896053314,
    0.011683223769068718,
    0.021467365324497223,
    -0.05220093950629234,
    -0.04769367352128029,
    0.05513999983668327,
    0.029687033966183662,
    0.019647793844342232,
    0.009129678830504417,
    0.05760786682367325,
    0.04199542850255966,
    -0.020831933245062828,
    0.010935728438198566,
    0.01827637292444706,
    0.04787559062242508,
    -0.09451454877853394,
    -0.01870889775454998,
    -0.05297106131911278,
    0.05192966014146805,
    -0.08242832869291306,
    -0.06244807317852974,
    0.003343760734423995,
    -0.04297077655792236,
    0.048267681151628494,
    -0.11201607435941696,
    0.014542986638844013,
    0.06435655057430267,
    -0.02342582866549492,
    0.05981460586190224,
    -0.003963185474276543,
    0.062108393758535385,
    -0.10008056461811066,
    0.013576855883002281,
    -0.005693327635526657,
    0.0409499891102314,
    -0.01158240158110857,
    0.02821555733680725,
    -0.0862189456820488,
    0.019124561920762062,
    -0.013852652162313461,
    -0.015489459037780762,
    0.04767783731222153,
    0.03552704304456711,
    0.06434394419193268,
    -0.014859014190733433,
    0.010288367979228497,
    -0.013243630528450012,
    0.01344258338212967,
    -0.042432695627212524,
    -0.06969786435365677,
    0.002447108505293727,
    -0.02715037763118744,
    0.024142522364854813,
    0.029659636318683624,
    -0.008833611384034157,
    -0.05419905111193657,
    -0.015421980991959572,
    0.016127368435263634,
    0.02544422075152397,
    -0.01149178110063076,
    0.04964951425790787,
    0.04052463546395302,
    -0.0065598320215940475,
    0.0052187214605510235,
    -0.06113022193312645,
    0.0702354833483696,
    0.0643838495016098,
    -0.05204248055815697,
    0.013712254352867603,
    0.017500758171081543,
    -0.026241498067975044,
    -0.014125233516097069,
    -0.007313780952244997,
    -0.003261829726397991,
    0.00615518307313323,
    0.11223844438791275,
    -0.04173722118139267,
    -0.02685954049229622,
    0.0026361134368926287,
    0.024516791105270386,
    -0.030246645212173462,
    -0.12973491847515106,
    -0.01206305343657732,
    0.023861758410930634,
    -0.03363935649394989,
    0.046611543744802475,
    -0.014991048723459244,
    -0.027194159105420113,
    -0.012371474876999855,
    0.05289475619792938,
    0.02785676158964634,
    -0.03293456882238388,
    -0.028938813135027885,
    -0.04519131779670715,
    0.045479387044906616,
    -0.0023291881661862135,
    -0.012314792722463608,
    -0.05127929151058197,
    0.12424496561288834,
    -0.07436352223157883,
    0.03581312671303749,
    -0.06032378226518631,
    -0.0013083083322271705,
    -0.0884186252951622,
    -0.0598587691783905,
    -0.009380048140883446,
    -0.018290147185325623,
    -0.009736912325024605,
    -0.035474568605422974,
    -0.06761539727449417,
    0.03682105988264084,
    -0.01025119237601757,
    0.007346124853938818,
    -0.02938803844153881,
    0.032145097851753235,
    0.05003782734274864,
    -0.06373728066682816,
    0.07275523245334625,
    -0.04498627409338951,
    -0.03281748294830322,
    0.04428931325674057,
    -0.04117767885327339,
    -0.013699688017368317,
    0.025957776233553886,
    -0.004210657440125942,
    -0.008195572532713413,
    0.05364257097244263,
    -0.03069121204316616,
    -0.04160473495721817,
    0.051861315965652466,
    -0.024139991030097008,
    0.07809331268072128,
    0.058988895267248154,
    0.02226911298930645,
    0.02090471424162388,
    0.007507656700909138,
    0.07761718332767487,
    0.03290547803044319,
    -0.01607946678996086,
    0.05027010664343834,
    0.028286784887313843,
    -0.07540620118379593,
    -0.0033332693856209517,
    -0.06901822239160538,
    0.02094595693051815,
    -0.0277800802141428,
    -0.039707109332084656,
    -0.08382143080234528,
    0.047619786113500595,
    0.046092238277196884,
    0.035609953105449677,
    0.05421153083443642,
    0.0026284647174179554,
    -0.0059468406252563,
    0.026414714753627777,
    -0.11387532949447632,
    -0.049628835171461105,
    0.03909003734588623,
    0.041802261024713516,
    -0.04324245825409889,
    0.04354707524180412,
    -0.011625208891928196,
    0.07326290756464005,
    0.01922367699444294,
    -0.03212946280837059,
    -0.023174919188022614,
    -0.007245211862027645,
    0.015465614385902882,
