{
  "embedding_files": [
    "gt_534.6s_f100.jpg",
    "gt_384.7s_f42.jpg",
    "gt_300.2s_f27.jpg",
    "gt_750.2s_f133.jpg",
    "gt_399.0s_f51.jpg",
    "gt_211.2s_f5.jpg"
  ],
  "backup_files": [
    "new_1776234453005_gt_310.5s_f1.jpg",
    "new_1776234453005_gt_431.4s_f32.jpg",
    "new_1776234453005_gt_890.5s_f102.jpg",
    "new_1776234453005_gt_742.8s_f80.jpg",
    "gt_219.5s_f28.jpg"
  ],
  "scores": {
    "gt_534.6s_f100.jpg": 31.2342,
    "gt_384.7s_f42.jpg": 30.6994,
    "gt_219.5s_f28.jpg": 16.6511,
    "gt_300.2s_f27.jpg": 27.9542,
    "gt_399.0s_f51.jpg": 18.0685,
    "gt_211.2s_f5.jpg": 8.419,
    "gt_750.2s_f133.jpg": 25.4899
  },
  "approved_files": [
    "gt_534.6s_f100.jpg",
    "gt_384.7s_f42.jpg",
    "gt_219.5s_f28.jpg",
    "gt_211.2s_f5.jpg",
    "gt_300.2s_f27.jpg",
    "gt_399.0s_f51.jpg",
    "gt_750.2s_f133.jpg",
    "new_1776234453005_gt_1051.3s_f126.jpg",
    "new_1776234453005_gt_310.5s_f1.jpg",
    "new_1776234453005_gt_431.4s_f32.jpg",
    "new_1776234453005_gt_742.8s_f80.jpg",
    "new_1776234453005_gt_890.5s_f102.jpg"
  ],
  "mean_embedding": [
    -0.022016776725649834,
    -0.012941911816596985,
    -0.0026394715532660484,
    -0.027600262314081192,
    0.011758623644709587,
    -0.011984337121248245,
    -0.0831398144364357,
    -0.03842514753341675,
    -0.025150151923298836,
    0.014047016389667988,
    0.019370989874005318,
    0.039155263453722,
    -0.09003233164548874,
    -0.0954536497592926,
    0.02372477389872074,
    -0.004416723735630512,
    0.04767635464668274,
    -0.013273999094963074,
    -0.036738887429237366,
    -0.026823807507753372,
    0.08854787796735764,
    0.0679868757724762,
    -0.016542993485927582,
    -0.08720293641090393,
    0.02548510953783989,
    0.0503804050385952,
    0.0187334343791008,
    0.018828408792614937,
    -0.019479548558592796,
    -0.026340782642364502,
    -0.022930758073925972,
    0.031075259670615196,
    0.06303320825099945,
    0.006401801016181707,
    0.10288914293050766,
    0.027985816821455956,
    0.050925031304359436,
    -0.0328034833073616,
    0.0743902251124382,
    -0.011698015965521336,
    0.0638284832239151,
    -0.006004983093589544,
    0.024712026119232178,
    -0.029105884954333305,
    0.004426682833582163,
    -0.013277716003358364,
    -0.020231308415532112,
    0.03405735641717911,
    0.08342541754245758,
    0.02643776871263981,
    0.036552175879478455,
    0.04473305121064186,
    -0.028804082423448563,
    -0.019863540306687355,
    0.005707315634936094,
    0.06964575499296188,
    -0.006303953472524881,
    0.033316921442747116,
    -0.03662513568997383,
    -0.05321094021201134,
    0.010118640027940273,
    -0.027761874720454216,
    -0.03638206794857979,
    0.01610417291522026,
    0.04658609256148338,
    -0.043532345443964005,
    -0.047064706683158875,
    -0.015246933326125145,
    -0.015320226550102234,
    0.04682368040084839,
    -0.04048646613955498,
    -0.04037818685173988,
    0.0022592879831790924,
    -0.043944984674453735,
    -0.0344773530960083,
    0.02234046161174774,
    0.07028896361589432,
    0.009307864122092724,
    0.048571545630693436,
    -0.027456821873784065,
    0.02795533463358879,
    -0.02803735062479973,
    -0.01912897266447544,
    0.06099516898393631,
    0.07720468938350677,
    -0.0853428766131401,
    0.04825837165117264,
    -0.01023771520704031,
    -0.03087436780333519,
    0.009000147692859173,
    0.01146678812801838,
    0.06913856416940689,
    -0.031865037977695465,
    -0.029538286849856377,
    -0.056836649775505066,
    -0.051656339317560196,
    0.026752417907118797,
    -0.02361331880092621,
    0.02385776676237583,
    -0.04363090917468071,
    0.10189053416252136,
    0.06845272332429886,
    -0.01947863958775997,
    -0.022808237001299858,
    0.057947929948568344,
    0.007112336810678244,
    -0.06105529144406319,
    0.041671670973300934,
    0.07774193584918976,
    -0.04384675621986389,
    0.07379841804504395,
    -0.02857409603893757,
    0.0403517410159111,
    0.0030530202202498913,
    0.019188925623893738,
    -0.005474425386637449,
    0.04042959213256836,
    0.01739482209086418,
    0.00569975096732378,
    0.09033817052841187,
    0.02953443117439747,
    0.024364346638321877,
    0.006350737996399403,
    0.025231564417481422,
    -0.043587807565927505,
    0.0008206574129872024,
    0.03403200954198837,
    0.07863502204418182,
    -0.03312165290117264,
    -0.034673452377319336,
    -0.019531534984707832,
    0.029772337526082993,
    -0.006231431849300861,
    0.0051132389344275,
    0.03753824532032013,
    -0.042871564626693726,
    0.017991265282034874,
    -0.06413832306861877,
    0.042796723544597626,
    0.01991399936378002,
    0.00034271087497472763,
    -0.0291329026222229,
    0.05514233186841011,
    0.005077317822724581,
    -0.05373081937432289,
    0.06902974843978882,
    0.05503033846616745,
    0.014143523760139942,
    -0.017392000183463097,
    0.02265988104045391,
    0.0709010660648346,
    0.024444974958896637,
    -0.08112920075654984,
    0.009357502683997154,
    -0.025101561099290848,
    0.030113553628325462,
    0.016520369797945023,
    0.0183726754039526,
    0.0059759714640676975,
    -0.016494344919919968,
    0.004133168142288923,
    -0.04166807234287262,
    -0.05778684467077255,
    -0.030049843713641167,
    -0.0005681742914021015,
    -0.034293435513973236,
    0.001317646587267518,
    -0.05883415415883064,
    -0.031823284924030304,
    0.07351811230182648,
    -0.014129560440778732,
    -0.05173652991652489,
    -0.02932090498507023,
    0.006580709479749203,
    0.039306480437517166,
    -0.045944176614284515,
    0.010261124931275845,
    -0.031021472066640854,
    0.012297223322093487,
    -0.031935542821884155,
    0.03470895439386368,
    -0.03615039214491844,
    -0.049999915063381195,
    0.00419158348813653,
    -0.09906540811061859,
    -0.12908440828323364,
    -0.07440587133169174,
    0.01948859728872776,
    0.035290323197841644,
    0.11244554817676544,
    0.013983720913529396,
    0.08709046989679337,
    0.04692171886563301,
    0.036058586090803146,
    -0.10748103260993958,
    0.00624738959595561,
    0.030430831015110016,
    -0.03629961237311363,
    -0.0021489921491593122,
    0.024462008848786354,
    -0.044116728007793427,
    0.03862910717725754,
    0.05737590789794922,
    -0.013534977100789547,
    0.022275980561971664,
    0.08230925351381302,
    0.04527490958571434,
    0.03707747533917427,
    0.011281215585768223,
    -0.015594822354614735,
    0.025263942778110504,
    0.10320404917001724,
    -0.010763994418084621,
    0.10635003447532654,
    -0.023468010127544403,
    -0.0458606593310833,
    -0.13398191332817078,
    -0.006041163112968206,
    -0.024809859693050385,
    -0.006582190748304129,
    -0.005399075336754322,
    0.02606814168393612,
    -0.06060623377561569,
    -0.018696215003728867,
    -0.002867800649255514,
    -0.006564693991094828,
    -0.053287770599126816,
    0.06931186467409134,
    -0.0020216612610965967,
    -0.013038767501711845,
    0.07341738045215607,
    -0.0034474118147045374,
    -0.016243018209934235,
    -0.04791586846113205,
    0.002936047501862049,
    0.04076198488473892,
    -0.015589260496199131,
    0.019431879743933678,
    -0.02486269921064377,
    -0.042367853224277496,
    -0.02549378015100956,
    0.013998085632920265,
    0.017233120277523994,
    -0.028230978175997734,
    0.09541602432727814,
    0.0636717900633812,
    0.0526057593524456,
    0.003301834687590599,
    -0.034293774515390396,
    0.029990417882800102,
    0.03606090694665909,
    0.01743275113403797,
    0.037476975470781326,
    -0.040474098175764084,
    0.08799269050359726,
    0.01773737743496895,
    -0.08983059972524643,
    0.007819128222763538,
    -0.02919015660881996,
    -0.053715843707323074,
    -0.05481888726353645,
    -0.027407146990299225,
    -0.0025230892933905125,
    0.04142965003848076,
    0.04839576780796051,
