{
  "embedding_files": [
    "gt_534.6s_f100.jpg",
    "gt_384.7s_f42.jpg",
    "gt_300.2s_f27.jpg",
    "gt_750.2s_f133.jpg",
    "gt_399.0s_f51.jpg",
    "gt_211.2s_f5.jpg"
  ],
  "backup_files": [
    "gt_219.5s_f28.jpg",
    "new_1776234453005_gt_1051.3s_f126.jpg",
    "new_1776234453005_gt_310.5s_f1.jpg",
    "new_1776234453005_gt_431.4s_f32.jpg",
    "new_1776234453005_gt_742.8s_f80.jpg",
    "new_1776234453005_gt_890.5s_f102.jpg"
  ],
  "scores": {
    "gt_534.6s_f100.jpg": 31.2342,
    "gt_384.7s_f42.jpg": 30.6994,
    "gt_219.5s_f28.jpg": 16.6511,
    "gt_300.2s_f27.jpg": 27.9542,
    "gt_399.0s_f51.jpg": 18.0685,
    "gt_211.2s_f5.jpg": 8.419,
    "gt_750.2s_f133.jpg": 25.4899
  },
  "approved_files": [
    "gt_534.6s_f100.jpg",
    "gt_384.7s_f42.jpg",
    "gt_219.5s_f28.jpg",
    "gt_211.2s_f5.jpg",
    "gt_300.2s_f27.jpg",
    "gt_399.0s_f51.jpg",
    "gt_750.2s_f133.jpg",
    "new_1776234453005_gt_1051.3s_f126.jpg",
    "new_1776234453005_gt_310.5s_f1.jpg",
    "new_1776234453005_gt_431.4s_f32.jpg",
    "new_1776234453005_gt_742.8s_f80.jpg",
    "new_1776234453005_gt_890.5s_f102.jpg"
  ],
  "mean_embedding": [
    -0.023721663281321526,
    -0.01070904079824686,
    -0.006667361594736576,
    -0.020166639238595963,
    0.003961927257478237,
    -0.009403953328728676,
    -0.07724908739328384,
    -0.03569488599896431,
    -0.02329922839999199,
    0.01978839933872223,
    0.020852630957961082,
    0.027933910489082336,
    -0.09583678096532822,
    -0.09771035611629486,
    0.020068176090717316,
    -0.010685754008591175,
    0.03872814401984215,
    -0.015267156064510345,
    -0.04606691747903824,
    -0.04117460176348686,
    0.08169403672218323,
    0.06775090843439102,
    -0.015736175701022148,
    -0.09018190950155258,
    0.029999863356351852,
    0.053998611867427826,
    -0.0032466936390846968,
    0.020649340003728867,
    -0.03204168379306793,
    -0.019524021074175835,
    -0.033587925136089325,
    0.03370872512459755,
    0.06009874865412712,
    0.01758573390543461,
    0.09749244898557663,
    0.015353481285274029,
    0.05183301493525505,
    -0.04212905839085579,
    0.06462841480970383,
    -0.00274169584736228,
    0.060234129428863525,
    -0.004082424100488424,
    0.023604245856404305,
    -0.03149525821208954,
    0.004849606193602085,
    -0.026207251474261284,
    -0.02076675184071064,
    0.034899309277534485,
    0.08043493330478668,
    0.015062035992741585,
    0.03356412798166275,
    0.06644454598426819,
    -0.05197076126933098,
    -0.020819976925849915,
    0.020403660833835602,
    0.07621827721595764,
    -0.009197213687002659,
    0.04026614502072334,
    -0.0386185459792614,
    -0.05062490701675415,
    -0.005371605511754751,
    -0.019784925505518913,
    -0.032482098788022995,
    0.006111819297075272,
    0.04497170448303223,
    -0.05591173470020294,
    -0.03776426240801811,
    -0.021526968106627464,
    -0.014914839528501034,
    0.05740492790937424,
    -0.03956243768334389,
    -0.039608728140592575,
    -0.006631552241742611,
    -0.048892807215452194,
    -0.026517638936638832,
    0.0013113805325701833,
    0.06582943350076675,
    -0.0006869373610243201,
    0.05338184908032417,
    -0.01638125814497471,
    0.043602317571640015,
    -0.03137432783842087,
    -0.01856834627687931,
    0.05844041705131531,
    0.08208193629980087,
    -0.08633815497159958,
    0.040987756103277206,
    -0.007455528248101473,
    -0.02318361960351467,
    0.0015915611293166876,
    0.024238964542746544,
    0.04353388026356697,
    -0.037829577922821045,
    -0.024625515565276146,
    -0.07735109329223633,
    -0.04047811031341553,
    0.02041185088455677,
    -0.009817837737500668,
    0.003648777725175023,
    -0.046864986419677734,
    0.10732181370258331,
    0.06459131091833115,
    -0.014014671556651592,
    -0.008721732534468174,
    0.0715780034661293,
    0.0049192714504897594,
    -0.07182668894529343,
    0.044964831322431564,
    0.08279801905155182,
    -0.03740131855010986,
    0.055617932230234146,
    -0.03212258219718933,
    0.0493231937289238,
    0.0020575181115418673,
    0.013911974616348743,
    0.0012630707351490855,
    0.04510614275932312,
    0.015677865594625473,
    -0.0036030590999871492,
    0.10592862963676453,
    0.02319088950753212,
    0.03284815698862076,
    0.009773331694304943,
    0.021699335426092148,
    -0.041767142713069916,
    -0.0013520503416657448,
    0.03273436799645424,
    0.06610813736915588,
    -0.04204520583152771,
    -0.054345786571502686,
    -0.023145774379372597,
    0.03177902474999428,
    0.0022155623883008957,
    0.015417317859828472,
    0.037799522280693054,
    -0.04018242657184601,
    0.026548312976956367,
    -0.07057636976242065,
    0.03222358226776123,
    0.02151423506438732,
    -0.0021703517995774746,
    -0.017232896760106087,
    0.046745870262384415,
    0.02274000272154808,
    -0.04772324487566948,
    0.06210893765091896,
    0.05039292573928833,
    0.00897812470793724,
    -0.007699287962168455,
    0.02749853953719139,
    0.06677962839603424,
    0.011190284043550491,
    -0.08658967167139053,
    0.006547609344124794,
    -0.007927270606160164,
    0.021665439009666443,
    0.016753727570176125,
    0.01739213801920414,
    0.01715168170630932,
    -0.021762074902653694,
    0.007371933665126562,
    -0.04337097331881523,
    -0.055097904056310654,
    -0.042025696486234665,
    0.006636389996856451,
    -0.030758798122406006,
    -0.0041335648857057095,
    -0.04979883134365082,
    -0.03965592756867409,
    0.07009744644165039,
    -0.015933701768517494,
    -0.049727316945791245,
    -0.03804510086774826,
    0.014278161339461803,
    0.0479714460670948,
    -0.04926019906997681,
    0.022574549540877342,
    -0.02619786188006401,
    0.022213494405150414,
    -0.03661799803376198,
    0.030303632840514183,
    -0.017261922359466553,
    -0.0515906848013401,
    -0.007155127357691526,
    -0.10311276465654373,
    -0.12549257278442383,
    -0.0869322344660759,
    0.020480941981077194,
    0.017046844586730003,
    0.10862612724304199,
    0.01925567537546158,
    0.08997214585542679,
    0.05027439817786217,
    0.038533154875040054,
    -0.10212055593729019,
    0.006522496696561575,
    0.025639301165938377,
    -0.025254331529140472,
    -0.011214575730264187,
    0.021917754784226418,
    -0.031510669738054276,
    0.035743456333875656,
    0.04529980197548866,
    -0.01975075714290142,
    0.02752622403204441,
    0.0833478644490242,
    0.04442768916487694,
    0.041612423956394196,
    -0.0003166348033118993,
    -0.021922150626778603,
    0.00854087807238102,
    0.09758787602186203,
    -0.022063372656702995,
    0.12083883583545685,
    -0.015542003326117992,
    -0.022737078368663788,
    -0.12081483751535416,
    -0.0004381011822260916,
    -0.014714104123413563,
    0.0009406816679984331,
    0.0009708700235933065,
    0.024186531081795692,
    -0.06114906817674637,
    -0.014420484192669392,
    0.015367765910923481,
    0.007487643044441938,
    -0.04602844640612602,
    0.06618469208478928,
    -0.012068452313542366,
    -0.0066545335575938225,
    0.07399801909923553,
    -0.0012024416355416179,
    -0.013263359665870667,
    -0.03856852278113365,
    0.00462782708927989,
    0.049317676573991776,
    -0.002686417894437909,
    0.0196467787027359,
    -0.021976931020617485,
    -0.03672053664922714,
    -0.013504604808986187,
    -0.0008619815926067531,
    0.012445424683392048,
    -0.028304673731327057,
    0.09812930971384048,
    0.057714130729436874,
    0.055109407752752304,
    0.010592302307486534,
    -0.033362116664648056,
    0.035054370760917664,
    0.03331184759736061,
    0.01256551407277584,
    0.02238147333264351,
    -0.03897877410054207,
    0.093226358294487,
    0.013956364244222641,
    -0.09151223301887512,
    0.0070940349251031876,
    -0.031350962817668915,
    -0.0432623028755188,
    -0.04388248175382614,
    -0.030291931703686714,
    -0.00907384417951107,
