{
  "embedding_files": [
    "gt_87.0s_f38.jpg",
    "gt_65.7s_f9.jpg",
    "gt_53.6s_f0.jpg",
    "gt_76.0s_f24.jpg",
    "gt_310.5s_f12.jpg"
  ],
  "backup_files": [
    "gt_184.5s_f36.jpg",
    "gt_589.5s_f68.jpg",
    "gt_431.4s_f39.jpg",
    "gt_2.1s_f8.jpg",
    "gt_729.5s_f126.jpg"
  ],
  "scores": {
    "gt_184.5s_f36.jpg": 6.8732,
    "gt_2.1s_f8.jpg": 3.2945,
    "gt_729.5s_f126.jpg": 3.1558,
    "gt_310.5s_f12.jpg": 7.1856,
    "gt_589.5s_f68.jpg": 6.3024,
    "gt_431.4s_f39.jpg": 3.4254,
    "gt_87.0s_f38.jpg": 37.092,
    "gt_65.7s_f9.jpg": 32.7623,
    "gt_53.6s_f0.jpg": 28.0964,
    "gt_76.0s_f24.jpg": 9.8282
  },
  "approved_files": [
    "gt_310.5s_f12.jpg",
    "gt_184.5s_f36.jpg",
    "gt_589.5s_f68.jpg",
    "gt_431.4s_f39.jpg",
    "gt_2.1s_f8.jpg",
    "gt_729.5s_f126.jpg",
    "gt_503.3s_f83.jpg",
    "gt_933.4s_f142.jpg"
  ],
  "mean_embedding": [
    0.01670784503221512,
    -0.0018391902558505535,
    0.02543533593416214,
    -0.036332014948129654,
    -0.03684719279408455,
    0.05172238126397133,
    -0.006576478015631437,
    0.04752162843942642,
    -0.012615535408258438,
    -0.015632791444659233,
    0.0005442273104563355,
    -0.05209394916892052,
    -0.03753001615405083,
    0.03547164797782898,
    -0.04318268969655037,
    -0.09827709943056107,
    -0.05313977226614952,
    -0.0015682533849030733,
    -0.019100379198789597,
    0.011375289410352707,
    0.06358703225851059,
    0.022446252405643463,
    0.0326484814286232,
    0.006141222547739744,
    0.01883518509566784,
    0.020159661769866943,
    -0.08082159608602524,
    0.003204867709428072,
    0.05199695751070976,
    -0.018509360030293465,
    -0.04969426244497299,
    -0.09627915918827057,
    0.0350366085767746,
    -0.08181290328502655,
    -0.056041862815618515,
    0.0564551055431366,
    -0.032585758715867996,
    0.05607416853308678,
    0.049559686332941055,
    -0.06360260397195816,
    0.02418486401438713,
    -0.014173577539622784,
    -0.010241521522402763,
    0.10383616387844086,
    0.02537253499031067,
    -0.0489828921854496,
    -0.005024576559662819,
    -0.027582157403230667,
    -0.04027469828724861,
    -0.0059720897115767,
    -0.029062239453196526,
    0.036820583045482635,
    -0.049161333590745926,
    0.03524475172162056,
    0.03977034613490105,
    0.022395100444555283,
    0.05100778862833977,
    -0.0013264124281704426,
    0.03446115180850029,
    0.033691130578517914,
    -0.021268008276820183,
    -0.001568682724609971,
    -0.04535725712776184,
    0.007442883215844631,
    0.034520555287599564,
    0.06786821782588959,
    0.024580899626016617,
    -0.04747847095131874,
    0.04942105710506439,
    -0.03943168744444847,
    0.07323682308197021,
    -0.05364147573709488,
    -0.028569869697093964,
    0.035473015159368515,
    0.007127497345209122,
    -0.006741377059370279,
    0.04460737854242325,
    0.019656803458929062,
    0.06643830239772797,
    -0.05704193189740181,
    0.023276982828974724,
    -0.0334334634244442,
    0.000831020122859627,
    -0.03963093459606171,
    -0.007012714631855488,
    -0.02419782616198063,
    -0.009154796600341797,
    -0.043578315526247025,
    -0.03814457356929779,
    -0.023657510057091713,
    0.04387056082487106,
    0.05420723184943199,
    0.031254466623067856,
    0.06037173792719841,
    -0.026070643216371536,
    -0.01686638407409191,
    -0.009240473620593548,
    0.019125841557979584,
    -0.0035408930853009224,
    0.0024108390789479017,
    -0.0014628777280449867,
    0.0381244495511055,
    -0.02116660214960575,
    0.025405604392290115,
    0.07302676886320114,
    0.0006895572878420353,
    -0.021349895745515823,
    -0.040737781673669815,
    0.023831306025385857,
    0.05616435408592224,
    0.03852277621626854,
    -0.10134311765432358,
    -0.005998417269438505,
    -0.010942190885543823,
    -6.174791633384302e-05,
    -0.06448972225189209,
    -0.01853652112185955,
    -0.08340713381767273,
    -0.02966957725584507,
    0.05175609141588211,
    -0.06541916728019714,
    -0.020434003323316574,
    -0.024673281237483025,
    0.018819598481059074,
    0.013998462818562984,
    0.038397639989852905,
    0.02395373210310936,
    -0.07411167025566101,
    0.022676005959510803,
    -0.00718579301610589,
    -0.06538236141204834,
    0.07151850312948227,
    -0.004676390439271927,
    0.0754665806889534,
    0.044407352805137634,
    0.027679460123181343,
    -0.02709653042256832,
    0.014825163409113884,
    0.015908190980553627,
    -0.03719281032681465,
    0.05308001488447189,
    -0.005832364782691002,
    0.07711969316005707,
    0.04942595586180687,
    0.008141309954226017,
    -0.018603118136525154,
    -0.08674055337905884,
    0.048085082322359085,
    0.013269842602312565,
    0.023686282336711884,
    0.03751685842871666,
    -0.005122495349496603,
    0.004236183594912291,
    -0.007192580960690975,
    0.029088854789733887,
    -0.053509537130594254,
    -0.0518571212887764,
    -0.052660562098026276,
    0.014150449074804783,
    -0.028195086866617203,
    -0.004399390425533056,
    0.08263462036848068,
    -0.030185751616954803,
    -0.012034295126795769,
    -0.033959582448005676,
    0.10502158105373383,
    -0.08845897018909454,
    0.027999429032206535,
    -0.08388158679008484,
    0.07514657080173492,
    0.06758640706539154,
    -0.016278797760605812,
    0.03522104397416115,
    0.05238144472241402,
    -0.011926813051104546,
    -0.005666270852088928,
    -0.016641991212964058,
    -0.04313048720359802,
    0.044209327548742294,
    0.026805371046066284,
    0.06973669677972794,
    -0.040839795023202896,
    -0.013367276638746262,
    -0.004944780375808477,
    -0.03497065603733063,
    0.036987241357564926,
    -0.012441495433449745,
    -0.016627322882413864,
    0.03725845366716385,
    -0.0783870741724968,
    0.023030415177345276,
    0.01674831658601761,
    0.04894832521677017,
    0.03893259912729263,
    -0.03763967379927635,
    0.007046183571219444,
    0.06983848661184311,
    0.03180903196334839,
    -0.08895856142044067,
    -0.003365248441696167,
    0.060955144464969635,
    -0.02250499092042446,
    0.004249713383615017,
    0.03872810676693916,
    0.010610440745949745,
    0.0009004432358779013,
    0.024876544252038002,
    -0.046507250517606735,
    0.01447261217981577,
    -0.04293026030063629,
    -0.015962064266204834,
    0.027354585006833076,
    0.02865626849234104,
    -0.04036711901426315,
    -0.002046255161985755,
    -0.05069153010845184,
    -0.0109596261754632,
    -0.01755605824291706,
    -0.006511021871119738,
    0.07939509302377701,
    -0.03119831159710884,
    -0.06012372300028801,
    -0.028724398463964462,
    -0.07195942103862762,
    0.05255802348256111,
    -0.07462184876203537,
    0.01795579493045807,
    0.061567261815071106,
    0.0535266175866127,
    0.015129935927689075,
    0.003439847845584154,
    0.03684064373373985,
    0.036477845162153244,
    -0.04565113037824631,
    0.05388655140995979,
    0.03786487132310867,
    -0.04623592644929886,
    0.028069769963622093,
    -0.031062986701726913,
    -0.04236385226249695,
    0.03720318153500557,
    -0.05272587388753891,
    -0.07548438012599945,
    -0.09172801673412323,
    0.09392360597848892,
    0.025521589443087578,
    0.02808784507215023,
    0.03052562288939953,
    -0.002816200954839587,
    0.04623798280954361,
    0.08855253458023071,
    0.025742817670106888,
    0.05048331245779991,
    0.0022831750102341175,
    0.027489231899380684,
    -0.035910967737436295,
    0.019137375056743622,
    -0.045730430632829666,
    -0.008990909904241562,
    -0.03546147048473358,
    -0.0012166787637397647,
    -0.07015302032232285,
    -0.0521400086581707,
    -0.07057809084653854,
    -0.005741176661103964,
    0.02207489311695099,
    0.013294870033860207,
    -0.062188975512981415,
    0.02254500612616539,
    -0.018506862223148346,
    -0.007067216094583273,
    -0.016663122922182083,
    0.06943264603614807,
