{
  "embedding_files": [
    "gt_310.5s_f12.jpg",
    "gt_184.5s_f36.jpg",
    "gt_589.5s_f68.jpg",
    "gt_431.4s_f39.jpg",
    "gt_2.1s_f8.jpg"
  ],
  "backup_files": [
    "gt_729.5s_f126.jpg",
    "gt_503.3s_f83.jpg",
    "gt_933.4s_f142.jpg"
  ],
  "scores": {
    "gt_184.5s_f36.jpg": 6.8732,
    "gt_2.1s_f8.jpg": 3.2945,
    "gt_729.5s_f126.jpg": 3.1558,
    "gt_503.3s_f83.jpg": 3.1293,
    "gt_933.4s_f142.jpg": 3.0021,
    "gt_310.5s_f12.jpg": 7.1856,
    "gt_589.5s_f68.jpg": 6.3024,
    "gt_431.4s_f39.jpg": 3.4254
  },
  "approved_files": [
    "gt_310.5s_f12.jpg",
    "gt_184.5s_f36.jpg",
    "gt_589.5s_f68.jpg",
    "gt_431.4s_f39.jpg",
    "gt_2.1s_f8.jpg",
    "gt_729.5s_f126.jpg",
    "gt_503.3s_f83.jpg",
    "gt_933.4s_f142.jpg"
  ],
  "mean_embedding": [
    0.030759297311306,
    -0.00658574840053916,
    0.021726250648498535,
    -0.04267442971467972,
    -0.04583894461393356,
    0.04473648592829704,
    0.00575778353959322,
    0.04546882584691048,
    -0.011152711696922779,
    -0.022593654692173004,
    0.00030839681858196855,
    -0.0575527548789978,
    -0.02285841479897499,
    0.051950033754110336,
    -0.036331091076135635,
    -0.08805496245622635,
    -0.0539170578122139,
    -0.006855540443211794,
    -0.021915817633271217,
    0.012943847104907036,
    0.05605033040046692,
    0.037781596183776855,
    0.02219880372285843,
    -0.001981426030397415,
    0.026103179901838303,
    0.027455607429146767,
    -0.0921381488442421,
    -0.023256193846464157,
    0.03398705646395683,
    -0.030854670330882072,
    -0.05417037382721901,
    -0.08144912123680115,
    0.0339474119246006,
    -0.07018343359231949,
    -0.05827634781599045,
    0.034059032797813416,
    -0.034597743302583694,
    0.04524555429816246,
    0.0376981683075428,
    -0.05694936215877533,
    0.007705162279307842,
    -0.01632235012948513,
    -0.004791274666786194,
    0.1154245138168335,
    0.04063231498003006,
    -0.05368000641465187,
    0.005047353450208902,
    -0.04588314890861511,
    -0.025643527507781982,
    -0.003355290275067091,
    -0.02741592563688755,
    0.01847514510154724,
    -0.030798504129052162,
    0.04454009234905243,
    0.033328890800476074,
    0.023088084533810616,
    0.062445007264614105,
    -0.007801560685038567,
    0.022837189957499504,
    0.02096530981361866,
    -0.029414251446723938,
    -0.018839096650481224,
    -0.022477401420474052,
    -0.007292207330465317,
    0.03214782476425171,
    0.07936414331197739,
    0.03465189412236214,
    -0.06756372004747391,
    0.04313095286488533,
    -0.03785106539726257,
    0.07629884779453278,
    -0.03758950158953667,
    -0.056870993226766586,
    0.027450360357761383,
    0.0014582243748009205,
    -0.005118031520396471,
    0.04523700103163719,
    0.03153255581855774,
    0.05534171685576439,
    -0.06510189175605774,
    0.014262838289141655,
    -0.04391792416572571,
    0.0045735714957118034,
    -0.06384047120809555,
    -0.011132181622087955,
    -0.016136690974235535,
    -0.012206386774778366,
    -0.04042160138487816,
    -0.04824357107281685,
    -0.031423117965459824,
    0.02013915590941906,
    0.05002466216683388,
    0.01786864921450615,
    0.06524763256311417,
    -0.04899891838431358,
    0.0007854438154026866,
    -0.02992434799671173,
    0.023193469271063805,
    0.00761299766600132,
    0.030827444046735764,
    0.0005447717267088592,
    0.02105684019625187,
    -0.027042247354984283,
    0.023415876552462578,
    0.06282396614551544,
    0.00964430533349514,
    -0.020081816241145134,
    -0.06721509993076324,
    0.014696701429784298,
    0.05178119242191315,
    0.03715655952692032,
    -0.08548668026924133,
    0.002980500692501664,
    -0.017664138227701187,
    -0.013588150963187218,
    -0.06277408450841904,
    -0.018297497183084488,
    -0.09107761830091476,
    -0.03880602866411209,
    0.04993068054318428,
    -0.06187867373228073,
    -0.006048418115824461,
    -0.004461858421564102,
    0.015266402624547482,
    0.007434960454702377,
    0.043909162282943726,
    0.010443742386996746,
    -0.08695780485868454,
    0.03261827677488327,
    -0.009907118044793606,
    -0.06966666877269745,
    0.07904486358165741,
    0.0018853620858862996,
    0.06707078218460083,
    0.025149507448077202,
    0.034585997462272644,
    -0.012682849541306496,
    0.022851360961794853,
    0.017839858308434486,
    -0.04251783341169357,
    0.0504329539835453,
    -0.017700035125017166,
    0.05423220247030258,
    0.05174870416522026,
    0.019654307514429092,
    -0.02493056282401085,
    -0.07531251013278961,
    0.03539957106113434,
    0.029838841408491135,
    0.026964886114001274,
    0.011060982942581177,
    -0.007356985472142696,
    0.01064781192690134,
    -0.013653415255248547,
    0.03703853860497475,
    -0.06896673887968063,
    -0.040783073753118515,
    -0.03720252215862274,
    -0.0025492641143500805,
    -0.018961822614073753,
    -0.001189340022392571,
    0.08156075328588486,
    -0.025560390204191208,
    -0.013440935872495174,
    -0.0387924425303936,
    0.10879852622747421,
    -0.08737745136022568,
    0.04332393407821655,
    -0.09750692546367645,
    0.08158287405967712,
    0.05743272230029106,
    -0.022886337712407112,
    0.02351066842675209,
    0.03667212277650833,
    -0.0007259853882715106,
    -0.0009567244560457766,
    -0.005006927065551281,
    -0.00972959864884615,
    0.05018039047718048,
    0.013539133593440056,
    0.08067704737186432,
    -0.042146265506744385,
    -0.019272340461611748,
    -0.01617402583360672,
    -0.013380780816078186,
    0.030749717727303505,
    -0.01531719509512186,
    -0.0008491650805808604,
    0.02210140973329544,
    -0.07811342179775238,
    0.011420149356126785,
    0.00838132668286562,
    0.04571377858519554,
    0.04076951742172241,
    -0.02212315797805786,
    0.009407645091414452,
    0.06597083061933517,
    0.04129980877041817,
    -0.09637968987226486,
    -0.003703068010509014,
    0.06707794219255447,
    -0.021925536915659904,
    -0.010031144134700298,
    0.04127013310790062,
    0.00911974161863327,
    -0.008983446285128593,
    0.032284002751111984,
    -0.02872122824192047,
    0.023708559572696686,
    -0.05234739929437637,
    -0.008124829269945621,
    0.01886906661093235,
    0.028876204043626785,
    -0.0335443839430809,
    0.0020148532930761576,
    -0.03298638015985489,
    -0.002248710487037897,
    -0.03994285315275192,
    -0.015196998603641987,
    0.0672377422451973,
    -0.023680465295910835,
    -0.04794091358780861,
    -0.03223814815282822,
    -0.06775149703025818,
    0.0676017478108406,
    -0.0663694441318512,
    0.024015100672841072,
    0.07554095983505249,
    0.05431347340345383,
    0.02003340981900692,
    0.00729689234867692,
    0.03546912595629692,
    0.0319933146238327,
    -0.04561033844947815,
    0.052754923701286316,
    0.015714006498456,
    -0.045757051557302475,
    0.02766432799398899,
    0.0008615339174866676,
    -0.03123415820300579,
    0.014293750748038292,
    -0.06907695531845093,
    -0.06096804141998291,
    -0.07231971621513367,
    0.09350193291902542,
    0.01695382036268711,
    0.035208359360694885,
    0.018828632310032845,
    0.003022984368726611,
    0.03351648896932602,
    0.09879178553819656,
    0.01994478888809681,
    0.05359283462166786,
    -0.00506686232984066,
    0.029665013775229454,
    -0.03600792586803436,
    0.025858497247099876,
    -0.043042801320552826,
    -0.0006336202495731413,
    -0.03127313777804375,
    -0.0037687032017856836,
    -0.06947088986635208,
    -0.030321281403303146,
    -0.06467367708683014,
    -0.010031014680862427,
    0.01567498967051506,
    0.02286190539598465,
    -0.05922761186957359,
    0.004033418372273445,
    0.004668965470045805,
    -0.02099606953561306,
    -0.0416017547249794,
    0.059032704681158066,
    0.10523710399866104,
    -0.04147126153111458,
    -0.011977672576904297,
    0.015979060903191566,
    -0.01848428323864937,
