{
  "embedding_files": [
    "gt_310.5s_f12.jpg",
    "gt_184.5s_f36.jpg",
    "gt_589.5s_f68.jpg",
    "gt_431.4s_f39.jpg",
    "gt_2.1s_f8.jpg"
  ],
  "backup_files": [
    "gt_503.3s_f83.jpg",
    "gt_729.5s_f126.jpg",
    "gt_933.4s_f142.jpg"
  ],
  "scores": {
    "gt_184.5s_f36.jpg": 6.8732,
    "gt_2.1s_f8.jpg": 3.2945,
    "gt_729.5s_f126.jpg": 3.1558,
    "gt_503.3s_f83.jpg": 3.1293,
    "gt_933.4s_f142.jpg": 3.0021,
    "gt_310.5s_f12.jpg": 7.1856,
    "gt_589.5s_f68.jpg": 6.3024,
    "gt_431.4s_f39.jpg": 3.4254
  },
  "approved_files": [
    "gt_310.5s_f12.jpg",
    "gt_184.5s_f36.jpg",
    "gt_589.5s_f68.jpg",
    "gt_431.4s_f39.jpg",
    "gt_2.1s_f8.jpg",
    "gt_729.5s_f126.jpg",
    "gt_503.3s_f83.jpg",
    "gt_933.4s_f142.jpg"
  ],
  "mean_embedding": [
    0.01670306921005249,
    -0.0018378249369561672,
    0.025436466559767723,
    -0.03632105141878128,
    -0.0368470773100853,
    0.05172860994935036,
    -0.00657315831631422,
    0.047516003251075745,
    -0.01260690949857235,
    -0.015631813555955887,
    0.000543824047781527,
    -0.052087731659412384,
    -0.037526682019233704,
    0.035471729934215546,
    -0.04317661002278328,
    -0.09827925264835358,
    -0.05314737558364868,
    -0.0015712068416178226,
    -0.019108576700091362,
    0.011378268711268902,
    0.06358683109283447,
    0.022447608411312103,
    0.032644473016262054,
    0.006135855335742235,
    0.01883862167596817,
    0.020158974453806877,
    -0.0808224156498909,
    0.0032029070425778627,
    0.05200064927339554,
    -0.01851431094110012,
    -0.049687787890434265,
    -0.09628286957740784,
    0.03502906858921051,
    -0.08181914687156677,
    -0.056036029011011124,
    0.05645930394530296,
    -0.032586220651865005,
    0.05606987699866295,
    0.04957098513841629,
    -0.06360920518636703,
    0.024186350405216217,
    -0.01416623406112194,
    -0.010238957591354847,
    0.10383456200361252,
    0.025374310091137886,
    -0.04898260161280632,
    -0.0050238571129739285,
    -0.02757873386144638,
    -0.04026546701788902,
    -0.005966526456177235,
    -0.029059775173664093,
    0.03681594133377075,
    -0.0491587296128273,
    0.03524412587285042,
    0.03977173566818237,
    0.022395625710487366,
    0.05101286619901657,
    -0.0013232339406386018,
    0.034463196992874146,
    0.03369014710187912,
    -0.021268870681524277,
    -0.0015655268216505647,
    -0.04535898566246033,
    0.007437392137944698,
    0.03451359644532204,
    0.06786496937274933,
    0.024586979299783707,
    -0.047471269965171814,
    0.04942186921834946,
    -0.0394333079457283,
    0.07324809581041336,
    -0.05363946035504341,
    -0.028565943241119385,
    0.035476017743349075,
    0.007124048657715321,
    -0.0067369877360761166,
    0.04461044445633888,
    0.01965266838669777,
    0.06644226610660553,
    -0.057046663016080856,
    0.023274268954992294,
    -0.033430952578783035,
    0.0008315133745782077,
    -0.03963121026754379,
    -0.00701740151271224,
    -0.024201635271310806,
    -0.009154211729764938,
    -0.043573081493377686,
    -0.038148555904626846,
    -0.023658940568566322,
    0.043880876153707504,
    0.054211318492889404,
    0.031255997717380524,
    0.06037060543894768,
    -0.026071639731526375,
    -0.016868187114596367,
    -0.009237527847290039,
    0.01912412792444229,
    -0.0035299283917993307,
    0.0024082765448838472,
    -0.001463938388042152,
    0.03812510520219803,
    -0.021167784929275513,
    0.025402521714568138,
    0.07303253561258316,
    0.0006940576713532209,
    -0.021356146782636642,
    -0.04073072969913483,
    0.023832956328988075,
    0.05616813525557518,
    0.03851316124200821,
    -0.10134223103523254,
    -0.005999345798045397,
    -0.010929012671113014,
    -6.641119398409501e-05,
    -0.06449145078659058,
    -0.018542511388659477,
    -0.0834140032529831,
    -0.02966993674635887,
    0.05175178498029709,
    -0.06541697680950165,
    -0.020435478538274765,
    -0.02467223070561886,
    0.01882133260369301,
    0.013999074697494507,
    0.03840269148349762,
    0.023953231051564217,
    -0.07410822063684464,
    0.02267283760011196,
    -0.00718699861317873,
    -0.06537917256355286,
    0.07152236253023148,
    -0.004677934572100639,
    0.07547083497047424,
    0.04440738260746002,
    0.02768227458000183,
    -0.02710041217505932,
    0.01483362540602684,
    0.015912581235170364,
    -0.03719388321042061,
    0.05306949466466904,
    -0.005832630209624767,
    0.07712408900260925,
    0.04942485690116882,
    0.00813454668968916,
    -0.01859947107732296,
    -0.0867438092827797,
    0.04808901995420456,
    0.013268551789224148,
    0.023687314242124557,
    0.037517085671424866,
    -0.0051192049868404865,
    0.004232320934534073,
    -0.007191624026745558,
    0.029099218547344208,
    -0.05351901054382324,
    -0.05185438320040703,
    -0.05266058072447777,
    0.014147346839308739,
    -0.028200341388583183,
    -0.004397713579237461,
    0.08263535052537918,
    -0.03018474020063877,
    -0.01203576847910881,
    -0.03396066650748253,
    0.10501934587955475,
    -0.08845590800046921,
    0.02800021506845951,
    -0.08388125896453857,
    0.07514247298240662,
    0.06758524477481842,
    -0.016273850575089455,
    0.03522157296538353,
    0.05238739028573036,
    -0.011928738094866276,
    -0.0056713358499109745,
    -0.01663820818066597,
    -0.0431339405477047,
    0.04421230033040047,
    0.026806816458702087,
    0.06973227858543396,
    -0.04083666577935219,
    -0.01336250826716423,
    -0.004947735462337732,
    -0.03498061001300812,
    0.03698808327317238,
    -0.01243616733700037,
    -0.016623500734567642,
    0.03726479038596153,
    -0.07839009165763855,
    0.023028600960969925,
    0.016756696626544,
    0.04895830154418945,
    0.038937680423259735,
    -0.037638455629348755,
    0.0070438566617667675,
    0.06984196603298187,
    0.0318136103451252,
    -0.0889597162604332,
    -0.003374691354110837,
    0.06095295771956444,
    -0.02250603772699833,
    0.004246571566909552,
    0.038725562393665314,
    0.01061249803751707,
    0.000905869877897203,
    0.024871299043297768,
    -0.046511512249708176,
    0.014468318782746792,
    -0.042927663773298264,
    -0.015960650518536568,
    0.027356920763850212,
    0.028663532808423042,
    -0.04036495089530945,
    -0.002039512386545539,
    -0.05069759488105774,
    -0.010958618484437466,
    -0.017558541148900986,
    -0.00651051290333271,
    0.07939573377370834,
    -0.031200168654322624,
    -0.06011929735541344,
    -0.028719890862703323,
    -0.07195133715867996,
    0.05254857987165451,
    -0.07462391257286072,
    0.017953433096408844,
    0.061562832444906235,
    0.05352659896016121,
    0.015131224878132343,
    0.0034432581160217524,
    0.03684982657432556,
    0.03647220879793167,
    -0.04564514756202698,
    0.05387543514370918,
    0.037865687161684036,
    -0.04623998701572418,
    0.028073061257600784,
    -0.031061602756381035,
    -0.042361024767160416,
    0.03719853237271309,
    -0.05272126570343971,
    -0.07549070566892624,
    -0.09172771871089935,
    0.09393283724784851,
    0.02551690675318241,
    0.028080634772777557,
    0.030527986586093903,
    -0.00282008433714509,
    0.046239595860242844,
    0.08854915201663971,
    0.02574317157268524,
    0.050488077104091644,
    0.0022817645221948624,
    0.02749302238225937,
    -0.035919275134801865,
    0.019130703061819077,
    -0.04572566971182823,
    -0.008993414230644703,
    -0.03546370193362236,
    -0.0012210411950945854,
    -0.07015222311019897,
    -0.052143644541502,
    -0.07058141380548477,
    -0.0057411701418459415,
    0.02207847870886326,
    0.013294881209731102,
    -0.0621875636279583,
    0.022543318569660187,
    -0.018496310338377953,
    -0.007067554164677858,
    -0.016657566651701927,
    0.06943611055612564,
    0.11554073542356491,
    -0.04129532724618912,
    -0.01877572387456894,
    0.01577954925596714,
