{
  "embedding_files": [
    "gt_26.2s_f0.jpg",
    "gt_132.1s_f49.jpg",
    "gt_80.2s_f26.jpg",
    "new_1776234245578_gt_184.5s_f22.jpg",
    "new_1776234245578_gt_2.1s_f2.jpg"
  ],
  "backup_files": [
    "new_1776234245578_gt_383.1s_f46.jpg"
  ],
  "scores": {
    "gt_26.2s_f0.jpg": 18.4825,
    "gt_132.1s_f49.jpg": 4.7845,
    "gt_80.2s_f26.jpg": 1.5525
  },
  "approved_files": [
    "gt_26.2s_f0.jpg",
    "gt_132.1s_f49.jpg",
    "gt_80.2s_f26.jpg",
    "new_1776234245578_gt_184.5s_f22.jpg",
    "new_1776234245578_gt_2.1s_f2.jpg",
    "new_1776234245578_gt_383.1s_f46.jpg"
  ],
  "mean_embedding": [
    -0.10727209597826004,
    0.06905095279216766,
    0.054714709520339966,
    0.0018218819750472903,
    0.035465337336063385,
    0.03571981191635132,
    -0.013632483780384064,
    -0.03670500963926315,
    0.0068096984177827835,
    0.02059292234480381,
    -0.03817227855324745,
    -0.07748475670814514,
    0.0371798574924469,
    -0.012902758084237576,
    0.04285557568073273,
    -0.10780032724142075,
    0.0074256230145692825,
    0.0672570988535881,
    0.04037409648299217,
    0.025511087849736214,
    -0.024193977937102318,
    0.026409951969981194,
    -0.01923743635416031,
    0.007203415501862764,
    0.03840333968400955,
    -0.044800788164138794,
    0.02089676633477211,
    -0.04635608568787575,
    0.12386354058980942,
    0.06704776734113693,
    -0.013975494541227818,
    0.041775282472372055,
    0.023190543055534363,
    -0.0039486633613705635,
    0.047678377479314804,
    0.02525925263762474,
    0.028531841933727264,
    -0.01639183983206749,
    0.023792987689375877,
    -0.018956860527396202,
    0.026197772473096848,
    -0.054708853363990784,
    -0.014540023170411587,
    0.018749943003058434,
    0.001027988619171083,
    -0.0552959106862545,
    -0.00441477308049798,
    0.027465812861919403,
    -0.04660170525312424,
    -0.01811676286160946,
    0.01491635199636221,
    0.01554135698825121,
    -0.03248228132724762,
    0.03535113111138344,
    -0.03249708563089371,
    0.04740752652287483,
    0.049550604075193405,
    -0.005654726643115282,
    0.05808020010590553,
    -0.013588267378509045,
    0.08701518923044205,
    0.01792120933532715,
    -0.0010154708288609982,
    -0.033418428152799606,
    0.08084529638290405,
    -0.01082767453044653,
    -0.03608698770403862,
    -0.0131029998883605,
    0.01498438324779272,
    0.02113324962556362,
    -0.07150214910507202,
    0.07350649684667587,
    -0.04884781688451767,
    -0.03099033609032631,
    0.0006271952297538519,
    -0.04929475858807564,
    0.06516008824110031,
    -0.0036029911134392023,
    0.09917471557855606,
    0.060253337025642395,
    -0.003357133362442255,
    -0.05210278928279877,
    -0.039834655821323395,
    0.03701060637831688,
    0.040235016494989395,
    -0.02661769464612007,
    -0.020432885736227036,
    0.009093478322029114,
    0.029145659878849983,
    0.0023098879028111696,
    -0.058115869760513306,
    0.012010023929178715,
    0.03686103969812393,
    0.0157247856259346,
    -0.04644516110420227,
    0.023697173222899437,
    0.08108896762132645,
    -0.04008235037326813,
    0.003367970697581768,
    0.08313214778900146,
    0.027910515666007996,
    -0.022384298965334892,
    -0.050375740975141525,
    -0.047093216329813004,
    -0.0023182984441518784,
    0.03601577877998352,
    0.02431429922580719,
    -0.038883112370967865,
    -0.032710179686546326,
    -0.041737720370292664,
    0.028259383514523506,
    0.056372422724962234,
    -0.011987689882516861,
    0.03744761273264885,
    0.034415602684020996,
    0.05185798928141594,
    -0.06734912842512131,
    0.024539483711123466,
    -0.03160899877548218,
    0.07184305042028427,
    -0.04439998045563698,
    -0.012955795042216778,
    -0.009528614580631256,
    -0.0028838282451033592,
    -0.05924263224005699,
    0.0650218054652214,
    -0.010645455680787563,
    -0.041784822940826416,
    -0.046435561031103134,
    0.020602470263838768,
    -0.023587506264448166,
    0.011945538222789764,
    -0.020039716735482216,
    0.05049429088830948,
    -0.15338122844696045,
    -0.03798290342092514,
    -0.01671544648706913,
    -0.05215299129486084,
    -0.04692345857620239,
    -0.033571984618902206,
    0.01831839047372341,
    0.05246436595916748,
    0.06154312565922737,
    -0.01966852694749832,
    0.009251742623746395,
    -0.04563349112868309,
    0.018667072057724,
    0.060309454798698425,
    -0.017212271690368652,
    0.02483433112502098,
    0.013631151989102364,
    -0.050608545541763306,
    -0.008486642502248287,
    0.015070408582687378,
    0.041625697165727615,
    -0.06328893452882767,
    0.09380513429641724,
    0.005558295175433159,
    -0.029021253809332848,
    0.0021050700452178717,
    0.013704913668334484,
    0.07198288291692734,
    0.040415726602077484,
    0.09359541535377502,
    -0.04525412619113922,
    -0.05220950022339821,
    -0.044835712760686874,
    -0.0007001414778642356,
    -0.04953836649656296,
    -0.03581644967198372,
    0.0032448142301291227,
    -0.02111031860113144,
    0.023714151233434677,
    -0.05678393691778183,
    0.016498805955052376,
    0.03753427416086197,
    -0.03504490852355957,
    -0.05774018168449402,
    0.022535311058163643,
    0.05913000926375389,
    -0.041371528059244156,
    -0.012646730057895184,
    -0.061973441392183304,
    -0.07523538917303085,
    -0.026073694229125977,
    -0.06573773920536041,
    0.0333380289375782,
    -0.025511033833026886,
    0.03730938211083412,
    0.06603644043207169,
    0.038779325783252716,
    0.021027738228440285,
    -0.050118543207645416,
    -0.07525987178087234,
    0.039720457047224045,
    -0.054249003529548645,
    0.0847511813044548,
    -0.0009726037969812751,
    -0.03264203295111656,
    0.030914021655917168,
    0.050194352865219116,
    -0.07968857884407043,
    -0.04745977744460106,
    0.06501274555921555,
    -0.05872560665011406,
    0.026946034282445908,
    -0.013862494379281998,
    0.046425431966781616,
    -0.0009462326997891068,
    0.01678009331226349,
    0.011841921135783195,
    -0.033704496920108795,
    -0.016534917056560516,
    0.01255533192306757,
    -0.01974659040570259,
    0.011653352528810501,
    0.021043812856078148,
    -0.02369852177798748,
    -0.023202762007713318,
    0.04005470499396324,
    -0.03845132887363434,
    0.04707498103380203,
    0.07331696152687073,
    -0.03894319757819176,
    0.02977277711033821,
    0.05411031097173691,
    0.03980233147740364,
    -0.012685424648225307,
    -0.005108023062348366,
    -0.00018612814892549068,
    -0.006339102052152157,
    -0.07073810696601868,
    0.00727262394502759,
    -0.09121298044919968,
    0.019364668056368828,
    0.043371569365262985,
    0.01396519597619772,
    0.02205933816730976,
    0.027099423110485077,
    -0.046717382967472076,
    0.015392213128507137,
    -0.0963997170329094,
    -0.031490176916122437,
    -0.005250666290521622,
    0.06241624802350998,
    -0.010212685912847519,
    0.01975860446691513,
    -0.02883034572005272,
    0.044961001724004745,
    0.05359625071287155,
    0.03042696975171566,
    -0.004786689765751362,
    0.10054035484790802,
    0.013977223075926304,
    0.01785675808787346,
    -0.06632550805807114,
    0.07296086847782135,
    -0.054901573807001114,
    -0.03076678328216076,
    0.032776132225990295,
    -0.012468955479562283,
    -0.004507133737206459,
    -0.03387719392776489,
    0.051743846386671066,
    -0.02562764286994934,
    -0.015163802541792393,
    -0.07839495688676834,
    0.02928212471306324,
    -0.039451129734516144,
    0.021571503952145576,
    0.010084763169288635,
    -0.08470961451530457,
    0.0284921545535326,
    0.02299376018345356,
    -0.0043742298148572445,
    -0.06473427265882492,
    -0.0625252053141594,
    -0.10670635849237442,
    0.039777424186468124,
    -0.05518036335706711,
    0.052314095199108124,
    -0.030957212671637535,
    0.04696561023592949,
    0.04625023901462555,
