{
  "embedding_files": [
    "gt_26.2s_f0.jpg",
    "gt_132.1s_f49.jpg",
    "gt_80.2s_f26.jpg",
    "new_1776234245578_gt_184.5s_f22.jpg",
    "new_1776234245578_gt_2.1s_f2.jpg"
  ],
  "backup_files": [
    "new_1776234245578_gt_383.1s_f46.jpg"
  ],
  "scores": {
    "gt_26.2s_f0.jpg": 18.4825,
    "gt_132.1s_f49.jpg": 4.7845,
    "gt_80.2s_f26.jpg": 1.5525
  },
  "approved_files": [
    "gt_26.2s_f0.jpg",
    "gt_132.1s_f49.jpg",
    "gt_80.2s_f26.jpg",
    "new_1776234245578_gt_184.5s_f22.jpg",
    "new_1776234245578_gt_2.1s_f2.jpg",
    "new_1776234245578_gt_383.1s_f46.jpg"
  ],
  "mean_embedding": [
    -0.10481148958206177,
    0.06626152992248535,
    0.045083943754434586,
    0.015356688760221004,
    0.03944661095738411,
    0.028125464916229248,
    0.011819110251963139,
    -0.04366471990942955,
    0.011796696111559868,
    0.01956815831363201,
    -0.03558477759361267,
    -0.05421049892902374,
    0.057148318737745285,
    -0.006817305460572243,
    0.0460706390440464,
    -0.09747501462697983,
    0.004012716934084892,
    0.07449937611818314,
    0.037115052342414856,
    0.013623638078570366,
    -0.040315091609954834,
    0.007105328608304262,
    -0.0177506972104311,
    0.0020554729271680117,
    0.033439863473176956,
    -0.030655143782496452,
    0.027720190584659576,
    -0.036412592977285385,
    0.11827502399682999,
    0.06449046730995178,
    -0.007825808599591255,
    0.04121244326233864,
    0.02560916170477867,
    0.0018518735887482762,
    0.06138056144118309,
    0.017007863149046898,
    0.019496038556098938,
    -0.02945052646100521,
    0.05679940804839134,
    -0.02062433585524559,
    0.042699333280324936,
    -0.06571643799543381,
    -0.0017650446388870478,
    -0.0039729163981974125,
    0.006535019725561142,
    -0.05461052432656288,
    -0.015815740451216698,
    0.03518689051270485,
    -0.04214376583695412,
    -0.007673191372305155,
    0.004118478856980801,
    -0.000688134809024632,
    -0.03806661441922188,
    0.047309115529060364,
    -0.03612899407744408,
    0.05759348347783089,
    0.05202152580022812,
    0.01931324414908886,
    0.05112134665250778,
    -0.008802383206784725,
    0.1004372090101242,
    0.03796994686126709,
    -0.015391173772513866,
    -0.04500606283545494,
    0.06702280044555664,
    -0.023595508188009262,
    -0.037686798721551895,
    0.00870454590767622,
    0.006913247052580118,
    0.018140865489840508,
    -0.07650928199291229,
    0.06294960528612137,
    -0.05659646913409233,
    -0.011742884293198586,
    -0.006294161081314087,
    -0.042801085859537125,
    0.06892983615398407,
    -0.019012706354260445,
    0.08754115551710129,
    0.03557716682553291,
    -0.008039946667850018,
    -0.0720403715968132,
    -0.03650622442364693,
    0.04634886234998703,
    0.04046894609928131,
    -0.03474245220422745,
    -0.020546618849039078,
    0.0026293385308235884,
    0.01608426868915558,
    0.010338418185710907,
    -0.04926016926765442,
    0.034019727259874344,
    0.03355058282613754,
    0.0037044149357825518,
    -0.05000319331884384,
    0.020260650664567947,
    0.06270982325077057,
    -0.029453041031956673,
    0.00018211618589702994,
    0.0925406739115715,
    0.03473055735230446,
    -0.01926264539361,
    -0.06664828211069107,
    -0.04781113937497139,
    -0.011847157962620258,
    0.038451261818408966,
    0.024254264310002327,
    -0.02841920591890812,
    -0.02832384780049324,
    -0.02840961143374443,
    0.025099454447627068,
    0.024629293009638786,
    -0.016632752493023872,
    0.04925331473350525,
    0.029764289036393166,
    0.04025833308696747,
    -0.04380149394273758,
    0.045244477689266205,
    -0.005130064208060503,
    0.0788331925868988,
    -0.03445924073457718,
    -0.01739644818007946,
    0.001760737388394773,
    0.004886032547801733,
    -0.048269689083099365,
    0.06358980387449265,
    -0.00904012843966484,
    -0.041778840124607086,
    -0.05346105620265007,
    0.02640235424041748,
    -0.009259825572371483,
    0.019251400604844093,
    -0.013684378936886787,
    0.06041882932186127,
    -0.15523000061511993,
    -0.04054613783955574,
    -0.0002935202792286873,
    -0.02680506743490696,
    -0.04873298853635788,
    -0.04330400750041008,
    0.014026284217834473,
    0.046026796102523804,
    0.06092333048582077,
    -0.014353441074490547,
    0.008803854696452618,
    -0.0443471223115921,
    0.04266416281461716,
    0.05617005378007889,
    -0.02587488479912281,
    0.004888924770057201,
    0.01966300792992115,
    -0.0544426292181015,
    0.025381961837410927,
    0.014918836764991283,
    0.03245037794113159,
    -0.06899755448102951,
    0.08572257310152054,
    0.008310826495289803,
    -0.012114843353629112,
    -0.0013079771306365728,
    0.00790654681622982,
    0.06951755285263062,
    0.03562915697693825,
    0.10033413022756577,
    -0.04451347887516022,
    -0.0625467300415039,
    -0.027007922530174255,
    0.0011529350886121392,
    -0.05426677316427231,
    -0.042701322585344315,
    -0.005327432416379452,
    -0.020447436720132828,
    0.025813065469264984,
    -0.06886263191699982,
    0.009942864999175072,
    0.03681999444961548,
    -0.042916189879179,
    -0.05368431285023689,
    0.015602434054017067,
    0.05345757678151131,
    -0.04528496041893959,
    -0.02210753597319126,
    -0.04399062320590019,
    -0.06332340836524963,
    -0.015300790779292583,
    -0.04424621909856796,
    0.01756831631064415,
    -0.033525511622428894,
    0.040787678211927414,
    0.06216008588671684,
    0.07250721752643585,
    0.03563080355525017,
    -0.047209642827510834,
    -0.06817689538002014,
    0.06082573160529137,
    -0.057640910148620605,
    0.08628353476524353,
    0.00213617947883904,
    -0.04435553774237633,
    0.026339562609791756,
    0.05337193235754967,
    -0.07890893518924713,
    -0.03285514563322067,
    0.058316998183727264,
    -0.048299212008714676,
    0.013263294473290443,
    -0.030042046681046486,
    0.03178428113460541,
    0.008798928931355476,
    0.046699315309524536,
    -0.010810810141265392,
    -0.031367603689432144,
    -0.01596100814640522,
    0.023678677156567574,
    -0.024708008393645287,
    0.014407476410269737,
    0.006510820705443621,
    -0.030907126143574715,
    -0.010248353704810143,
    0.037310320883989334,
    -0.026701755821704865,
    0.056084103882312775,
    0.09039828181266785,
    -0.033915989100933075,
    0.03413672372698784,
    0.06126313656568527,
    0.0366162471473217,
    -0.015313557349145412,
    -0.019885815680027008,
    0.0130840465426445,
    -0.016007818281650543,
    -0.04722381755709648,
    0.011382543481886387,
    -0.09479450434446335,
    0.028804177418351173,
    0.022664014250040054,
    0.008918188512325287,
    0.03866148740053177,
    0.02529112435877323,
    -0.04644208773970604,
    0.01916497014462948,
    -0.09417130798101425,
    -0.027407728135585785,
    -0.0046384199522435665,
    0.06861838698387146,
    -0.023131437599658966,
    0.01255805604159832,
    -0.0433528870344162,
    0.04917875677347183,
    0.048311006277799606,
    0.014985600486397743,
    -0.0017318612663075328,
    0.1036207303404808,
    0.01671871915459633,
    0.026902565732598305,
    -0.06253159046173096,
    0.0600186325609684,
    -0.07659421116113663,
    -0.037393562495708466,
    0.014661679975688457,
    -0.011117660440504551,
    0.00606032507494092,
    -0.03385297581553459,
    0.048377081751823425,
    -0.02192043513059616,
    -0.027576064690947533,
    -0.07773018628358841,
    0.0265186857432127,
    -0.027160491794347763,
    0.010310678742825985,
    0.025515347719192505,
    -0.07606722414493561,
    0.01753629557788372,
    0.03203299641609192,
    -0.0019926964305341244,
    -0.06733674556016922,
    -0.055936913937330246,
    -0.09458016604185104,
    0.0402878038585186,
    -0.038422420620918274,
    0.046450335532426834,
    -0.031495001167058945,
    0.05742841586470604,
    0.03964553028345108,
    -0.10564280301332474,
