{
  "embedding_files": [
    "gt_162.7s_f145.jpg",
    "gt_67.2s_f0.jpg",
    "gt_145.3s_f125.jpg",
    "gt_284.3s_f321.jpg",
    "gt_111.1s_f84.jpg"
  ],
  "backup_files": [
    "gt_101.7s_f48.jpg",
    "gt_128.3s_f109.jpg",
    "gt_194.9s_f210.jpg",
    "gt_58.0s_f19.jpg",
    "gt_86.3s_f27.jpg"
  ],
  "scores": {
    "gt_111.1s_f84.jpg": 32.4032,
    "gt_128.3s_f109.jpg": 28.0189,
    "gt_145.3s_f125.jpg": 42.4175,
    "gt_58.0s_f19.jpg": 27.4078,
    "gt_162.7s_f145.jpg": 81.946,
    "gt_194.9s_f210.jpg": 28.3425,
    "gt_284.3s_f321.jpg": 33.6057,
    "gt_67.2s_f0.jpg": 46.5214,
    "gt_86.3s_f27.jpg": 31.9329,
    "gt_101.7s_f48.jpg": 27.5071
  },
  "approved_files": [
    "gt_162.7s_f145.jpg",
    "gt_145.3s_f125.jpg",
    "gt_111.1s_f84.jpg",
    "gt_194.9s_f210.jpg",
    "gt_128.3s_f109.jpg",
    "gt_58.0s_f19.jpg",
    "gt_101.7s_f48.jpg",
    "gt_284.3s_f321.jpg",
    "gt_67.2s_f0.jpg",
    "gt_86.3s_f27.jpg"
  ],
  "mean_embedding": [
    -0.032876741141080856,
    0.017952928319573402,
    -0.00272885849699378,
    -0.008203864097595215,
    0.048368848860263824,
    -0.06357185542583466,
    0.0001609718892723322,
    -0.05696086958050728,
    0.00879624206572771,
    0.04544755443930626,
    0.001444161869585514,
    0.016065282747149467,
    0.019593242555856705,
    0.018505554646253586,
    0.008758703246712685,
    -0.009710597805678844,
    0.015108014456927776,
    0.04084663465619087,
    -0.018757902085781097,
    -0.007438270840793848,
    0.07889920473098755,
    0.057992756366729736,
    -0.03808460384607315,
    -0.10366117209196091,
    0.016873221844434738,
    0.039261169731616974,
    -0.04258248582482338,
    -0.06867031008005142,
    0.01063369121402502,
    0.04914384335279465,
    -0.05802701413631439,
    -0.04321742802858353,
    0.00048644939670339227,
    -0.031171541661024094,
    0.06181779503822327,
    -0.020897166803479195,
    -0.017364265397191048,
    -0.03914579749107361,
    -0.04609273001551628,
    -0.00577292125672102,
    -0.03033873438835144,
    0.005179520230740309,
    -0.03422458842396736,
    -0.007383955642580986,
    0.04862571507692337,
    0.023200053721666336,
    0.02573629841208458,
    -0.06857409328222275,
    0.021913547068834305,
    -0.017664587125182152,
    -0.05431990325450897,
    0.017956100404262543,
    0.018273474648594856,
    0.030951211228966713,
    0.0013328097993507981,
    -0.0028666898142546415,
    -0.02269715815782547,
    0.04009845852851868,
    0.03249593451619148,
    -0.058832962065935135,
    -0.011522083543241024,
    0.028889033943414688,
    -0.045223165303468704,
    0.03812539204955101,
    0.009259398095309734,
    0.028124826028943062,
    -0.03669220581650734,
    -0.018760347738862038,
    0.05980212613940239,
    0.03727656975388527,
    -0.057027943432331085,
    -0.03225550055503845,
    0.0030109768267720938,
    0.004371460061520338,
    0.008208520710468292,
    -0.055329564958810806,
    0.004694287199527025,
    -0.0015540072927251458,
    0.009692908264696598,
    0.04672553390264511,
    0.05659440532326698,
    -0.04053540155291557,
    -0.06159255653619766,
    -0.016857728362083435,
    0.1221199482679367,
    0.0444713830947876,
    -0.05536624416708946,
    -0.12118423730134964,
    -0.01500852219760418,
    0.00043266816646791995,
    -0.006510941311717033,
    -0.05450795963406563,
    -0.0015124214114621282,
    -0.04057371988892555,
    -0.07095503807067871,
    0.027629630640149117,
    0.009441129863262177,
    0.02445937506854534,
    -0.053694382309913635,
    0.01896650530397892,
    0.028722235932946205,
    0.020229442045092583,
    0.009992213919758797,
    -0.04076245799660683,
    -0.010316322557628155,
    -0.06865950673818588,
    -0.018565921112895012,
    -0.023436788469552994,
    0.017960885539650917,
    0.023967428132891655,
    0.0757272019982338,
    -0.03407769277691841,
    0.02570257894694805,
    0.0024615132715553045,
    0.041094351559877396,
    0.029619021341204643,
    0.01891067624092102,
    -0.004635827615857124,
    0.05021008849143982,
    -0.002570238197222352,
    -0.02702041156589985,
    0.03917635977268219,
    0.00007922613440314308,
    0.05810486897826195,
    -0.030996622517704964,
    0.07370442897081375,
    -0.021627049893140793,
    -0.049363963305950165,
    -0.05173845589160919,
    0.021877167746424675,
    -0.05256182327866554,
    0.020535632967948914,
    -0.059147607535123825,
    0.03519135341048241,
    -0.035690899938344955,
    -0.03893769904971123,
    0.0587577261030674,
    -0.009372558444738388,
    -0.012573646381497383,
    0.08125674724578857,
    0.03149383142590523,
    0.04892020672559738,
    0.0016352636739611626,
    -0.0294475294649601,
    0.027888895943760872,
    0.051971014589071274,
    0.01563037373125553,
    0.025789832696318626,
    0.009973455220460892,
    -0.05786043033003807,
    -0.025920400395989418,
    0.009043978527188301,
    0.050359152257442474,
    0.06684943288564682,
    -0.02819708175957203,
    0.002169786486774683,
    0.02922477200627327,
    0.02225388027727604,
    0.05820295587182045,
    0.0378597229719162,
    -0.01733076386153698,
    -0.03597317263484001,
    -0.07880125939846039,
    0.036785393953323364,
    0.025833437219262123,
    -0.07502949982881546,
    -0.028763584792613983,
    -0.004592883866280317,
    -0.016232779249548912,
    -0.040858328342437744,
    0.002937636338174343,
    -0.023564046248793602,
    0.022330161184072495,
    0.015353966504335403,
    -0.040871042758226395,
    -0.021796345710754395,
    -0.007790988776832819,
    0.004588455893099308,
    0.04669135808944702,
    0.0169762521982193,
    0.02772725373506546,
    0.056210216134786606,
    -0.0629441887140274,
    0.006181770469993353,
    -0.0007424497744068503,
    0.017747923731803894,
    0.03290288895368576,
    -0.07934687286615372,
    0.016530603170394897,
    0.004333932884037495,
    0.0700836107134819,
    0.10780297219753265,
    0.017730776220560074,
    0.06087437644600868,
    -0.006345478817820549,
    0.03206365555524826,
    0.042907945811748505,
    0.010670852847397327,
    -0.04313270002603531,
    -0.013956557959318161,
    0.04355284944176674,
    -0.038825083523988724,
    -0.03896443173289299,
    0.02083665505051613,
    -0.01299405936151743,
    -0.0011150580830872059,
    0.02347530797123909,
    -0.03787584230303764,
    0.08463148772716522,
    -0.02418285608291626,
    0.009922396391630173,
    0.04360170662403107,
    0.035892896354198456,
    0.022915927693247795,
    0.05795741081237793,
    0.09818867594003677,
    -0.014099366031587124,
    0.007502093445509672,
    0.08222590386867523,
    0.006898742634803057,
    0.1353914886713028,
    0.030704315751791,
    0.015388409607112408,
    0.07282617688179016,
    0.08036651462316513,
    0.026062780991196632,
    -0.03812001645565033,
    0.09384581446647644,
    0.024411914870142937,
    0.02067607454955578,
    0.02637888677418232,
    -0.025842292234301567,
    -0.018653206527233124,
    -0.05555993691086769,
    -0.027828102931380272,
    -0.034489355981349945,
    0.07085169106721878,
    -0.07974100112915039,
    0.058291178196668625,
    -0.009979037567973137,
    0.010372130200266838,
    -0.09730888903141022,
    -0.04668940231204033,
    0.048496849834918976,
    0.0976148322224617,
    -0.07808855921030045,
    -0.01197371631860733,
    0.058391958475112915,
    -0.03486733138561249,
    0.05558689683675766,
    0.04347187653183937,
    0.041763171553611755,
    -0.017266470938920975,
    0.015064379200339317,
    -0.05893271416425705,
    0.07935633510351181,
    0.013544561341404915,
    -0.062474846839904785,
    0.003895803587511182,
    0.008561080321669579,
    -0.012872579507529736,
    -0.041751641780138016,
    -0.06884907931089401,
    0.04019696265459061,
    0.027394143864512444,
    0.025152746587991714,
    -0.049904827028512955,
    0.01670321449637413,
    -0.028042785823345184,
    -0.10083646327257156,
