{
  "embedding_files": [
    "gt_162.7s_f145.jpg",
    "gt_67.2s_f0.jpg",
    "gt_145.3s_f125.jpg",
    "gt_284.3s_f321.jpg",
    "gt_111.1s_f84.jpg",
    "gt_101.7s_f48.jpg",
    "gt_86.3s_f27.jpg"
  ],
  "backup_files": [
    "gt_128.3s_f109.jpg",
    "gt_194.9s_f210.jpg",
    "gt_58.0s_f19.jpg"
  ],
  "scores": {
    "gt_111.1s_f84.jpg": 32.4032,
    "gt_128.3s_f109.jpg": 28.0189,
    "gt_145.3s_f125.jpg": 42.4175,
    "gt_58.0s_f19.jpg": 27.4078,
    "gt_162.7s_f145.jpg": 81.946,
    "gt_194.9s_f210.jpg": 28.3425,
    "gt_284.3s_f321.jpg": 33.6057,
    "gt_67.2s_f0.jpg": 46.5214,
    "gt_86.3s_f27.jpg": 31.9329,
    "gt_101.7s_f48.jpg": 27.5071
  },
  "approved_files": [
    "gt_162.7s_f145.jpg",
    "gt_145.3s_f125.jpg",
    "gt_111.1s_f84.jpg",
    "gt_194.9s_f210.jpg",
    "gt_128.3s_f109.jpg",
    "gt_58.0s_f19.jpg",
    "gt_101.7s_f48.jpg",
    "gt_284.3s_f321.jpg",
    "gt_67.2s_f0.jpg",
    "gt_86.3s_f27.jpg"
  ],
  "mean_embedding": [
    -0.027119174599647522,
    0.02623051591217518,
    0.004552739206701517,
    -0.007696691434830427,
    0.037948865443468094,
    -0.055318914353847504,
    0.006282724440097809,
    -0.050090473145246506,
    0.022410081699490547,
    0.046039219945669174,
    -0.0007965866243466735,
    0.005334246437996626,
    0.012372237630188465,
    0.014313948340713978,
    0.018759921193122864,
    -0.00972837209701538,
    0.018848204985260963,
    0.03998896852135658,
    -0.01484442874789238,
    -0.016472458839416504,
    0.07991743087768555,
    0.047915488481521606,
    -0.035283349454402924,
    -0.10172128677368164,
    0.011045407503843307,
    0.04604851454496384,
    -0.05069247633218765,
    -0.08568032085895538,
    0.015534881502389908,
    0.052427344024181366,
    -0.058967847377061844,
    -0.044497884809970856,
    -0.00031203145044855773,
    -0.029937634244561195,
    0.061837583780288696,
    -0.0250693392008543,
    -0.028081580996513367,
    -0.02819838374853134,
    -0.051766980439424515,
    -0.0013753550592809916,
    -0.022804901003837585,
    0.0019663104321807623,
    -0.024228453636169434,
    -0.01757255755364895,
    0.05640869587659836,
    0.004910358227789402,
    0.030995097011327744,
    -0.04904564097523689,
    0.015022600069642067,
    -0.011852734722197056,
    -0.057048115879297256,
    0.0026614691596478224,
    0.01942824386060238,
    0.03206430748105049,
    0.010339947417378426,
    0.0015432798536494374,
    -0.013691836036741734,
    0.024363694712519646,
    0.030894622206687927,
    -0.05282199755311012,
    -0.015451555140316486,
    0.02831541933119297,
    -0.04702259227633476,
    0.02986873872578144,
    0.012699839659035206,
    0.02684633992612362,
    -0.032399505376815796,
    -0.027788732200860977,
    0.053965020924806595,
    0.0372655875980854,
    -0.05620155856013298,
    -0.02859652414917946,
    0.01122025866061449,
    0.007196619641035795,
    -0.004016125574707985,
    -0.061248503625392914,
    -0.013594872318208218,
    0.002344217151403427,
    0.03207540884613991,
    0.057436373084783554,
    0.046723831444978714,
    -0.025098217651247978,
    -0.0633564367890358,
    -0.023249901831150055,
    0.11536134034395218,
    0.03819743171334267,
    -0.04764653742313385,
    -0.10569179058074951,
    -0.00888966117054224,
    -0.020095283165574074,
    -0.0017775706946849823,
    -0.06271407008171082,
    0.009505181573331356,
    -0.04237104207277298,
    -0.06266267597675323,
    0.022889232262969017,
    0.008549402467906475,
    0.02475222945213318,
    -0.04737618938088417,
    0.027486039325594902,
    0.01935482583940029,
    0.011165107600390911,
    0.020112421363592148,
    -0.03569298982620239,
    -0.01570119708776474,
    -0.06830145418643951,
    -0.02074175700545311,
    -0.015407580882310867,
    0.024414511397480965,
    0.02501186542212963,
    0.06842754036188126,
    -0.03451404720544815,
    0.029930226504802704,
    0.006183365825563669,
    0.04008961468935013,
    0.025485411286354065,
    0.03366384655237198,
    -0.011272069066762924,
    0.04316462576389313,
    0.004988642409443855,
    -0.031732577830553055,
    0.03396249935030937,
    0.00429606344550848,
    0.061642616987228394,
    -0.022799396887421608,
    0.06402488797903061,
    -0.020525235682725906,
    -0.05933621898293495,
    -0.05439508706331253,
    0.030303822830319405,
    -0.05705385282635689,
    0.02666252665221691,
    -0.048463281244039536,
    0.03215651959180832,
    -0.04114236310124397,
    -0.03779388964176178,
    0.0533418133854866,
    -0.003874841146171093,
    -0.00814987812191248,
    0.07611361145973206,
    0.023725025355815887,
    0.046396009624004364,
    -0.006753616966307163,
    -0.03882171958684921,
    0.025341056287288666,
    0.044981710612773895,
    0.014065902680158615,
    0.023405896499753,
    0.010194056667387486,
    -0.048691101372241974,
    -0.017091039568185806,
    0.004771075211465359,
    0.038516584783792496,
    0.07305427640676498,
    -0.02534729801118374,
    -4.705934043158777e-05,
    0.045757949352264404,
    0.021908773109316826,
    0.05772578343749046,
    0.054813358932733536,
    -0.014951903373003006,
    -0.033972904086112976,
    -0.0763956606388092,
    0.020410582423210144,
    0.03128456324338913,
    -0.06099632382392883,
    -0.027796458452939987,
    -0.00328645808622241,
    -0.014548089355230331,
    -0.03701235353946686,
    -0.0007570958696305752,
    -0.004302365239709616,
    0.034002769738435745,
    0.019746940582990646,
    -0.03679434955120087,
    -0.02188936434686184,
    0.0020838447380810976,
    0.015264857560396194,
    0.04728531464934349,
    0.0115013113245368,
    0.016945870593190193,
    0.05784786492586136,
    -0.07461537420749664,
    0.0064539299346506596,
    -0.012315225787460804,
    0.014212352223694324,
    0.031404078006744385,
    -0.07038070261478424,
    0.023621417582035065,
    0.00048536687972955406,
    0.05880797281861305,
    0.1007012277841568,
    0.01661759801208973,
    0.07038458436727524,
    -0.014840633608400822,
    0.021697914227843285,
    0.04781708866357803,
    0.019670164212584496,
    -0.038142308592796326,
    -0.02043139562010765,
    0.045239612460136414,
    -0.043955061584711075,
    -0.028291992843151093,
    0.009104184806346893,
    -0.007999168708920479,
    0.0013802411267533898,
    0.014354364015161991,
    -0.06211599335074425,
    0.09452720731496811,
    -0.027389485388994217,
    0.0041169459000229836,
    0.02990085445344448,
    0.04065855219960213,
    0.01596129685640335,
    0.06342796236276627,
    0.10103864967823029,
    -0.02181580662727356,
    -0.0009774301433935761,
    0.07425829768180847,
    0.015387632884085178,
    0.13906870782375336,
    0.015670765191316605,
    0.011099791154265404,
    0.07346473634243011,
    0.08966238796710968,
    0.01809682697057724,
    -0.046467456966638565,
    0.10310617834329605,
    0.041265103965997696,
    0.02681131102144718,
    0.024186095222830772,
    -0.033577803522348404,
    -0.01856907457113266,
    -0.06450119614601135,
    -0.014218397438526154,
    -0.02291792817413807,
    0.05141349881887436,
    -0.08818099647760391,
    0.04812578111886978,
    -0.011673461645841599,
    -0.0007416293956339359,
    -0.0909854993224144,
    -0.04957438260316849,
    0.05148700997233391,
    0.10630340129137039,
    -0.07628676295280457,
    -0.010828446596860886,
    0.0593906007707119,
    -0.03164089471101761,
    0.04945142939686775,
    0.044649168848991394,
    0.031071076169610023,
    -0.015164163894951344,
    0.02046985924243927,
    -0.05674558877944946,
    0.06675519049167633,
    0.015612531453371048,
    -0.0697883889079094,
    0.013455215841531754,
    0.01826588809490204,
    -0.011349913664162159,
    -0.050804127007722855,
    -0.0645110011100769,
    0.05463959276676178,
    0.03251902759075165,
    0.03257356584072113,
    -0.04732508957386017,
    0.007417380344122648,
    -0.02587432973086834,
    -0.09628981351852417,
