{
  "embedding_files": [
    "gt_162.7s_f145.jpg",
    "gt_67.2s_f0.jpg",
    "gt_145.3s_f125.jpg",
    "gt_284.3s_f321.jpg",
    "gt_111.1s_f84.jpg",
    "gt_101.7s_f48.jpg",
    "gt_86.3s_f27.jpg"
  ],
  "backup_files": [
    "gt_58.0s_f19.jpg",
    "gt_194.9s_f210.jpg",
    "gt_128.3s_f109.jpg"
  ],
  "scores": {
    "gt_111.1s_f84.jpg": 32.4032,
    "gt_128.3s_f109.jpg": 28.0189,
    "gt_145.3s_f125.jpg": 42.4175,
    "gt_58.0s_f19.jpg": 27.4078,
    "gt_162.7s_f145.jpg": 81.946,
    "gt_194.9s_f210.jpg": 28.3425,
    "gt_284.3s_f321.jpg": 33.6057,
    "gt_67.2s_f0.jpg": 46.5214,
    "gt_86.3s_f27.jpg": 31.9329,
    "gt_101.7s_f48.jpg": 27.5071
  },
  "approved_files": [
    "gt_162.7s_f145.jpg",
    "gt_145.3s_f125.jpg",
    "gt_111.1s_f84.jpg",
    "gt_194.9s_f210.jpg",
    "gt_128.3s_f109.jpg",
    "gt_58.0s_f19.jpg",
    "gt_101.7s_f48.jpg",
    "gt_284.3s_f321.jpg",
    "gt_67.2s_f0.jpg",
    "gt_86.3s_f27.jpg"
  ],
  "mean_embedding": [
    -0.02711586467921734,
    0.02623225376009941,
    0.004546246957033873,
    -0.007687365636229515,
    0.03794395178556442,
    -0.05531950667500496,
    0.006281843408942223,
    -0.05008576065301895,
    0.022406812757253647,
    0.04603477939963341,
    -0.0007955598994158208,
    0.005332035478204489,
    0.012371644377708435,
    0.014317402616143227,
    0.01876547373831272,
    -0.009727977216243744,
    0.018853820860385895,
    0.03998617082834244,
    -0.014840880408883095,
    -0.016474325209856033,
    0.07991789281368256,
    0.04790976643562317,
    -0.035280972719192505,
    -0.10171417891979218,
    0.011048567481338978,
    0.04604867845773697,
    -0.0506979301571846,
    -0.0856785848736763,
    0.01553760003298521,
    0.052420131862163544,
    -0.05896603688597679,
    -0.04450199380517006,
    -0.00030765729025006294,
    -0.029936064034700394,
    0.06183743476867676,
    -0.02507115714251995,
    -0.028085552155971527,
    -0.028202451765537262,
    -0.051764316856861115,
    -0.0013779733562842011,
    -0.022798826918005943,
    0.0019614403136074543,
    -0.024230018258094788,
    -0.017578603699803352,
    0.056417062878608704,
    0.004912734497338533,
    0.03099300153553486,
    -0.049045346677303314,
    0.015025460161268711,
    -0.011849607340991497,
    -0.057046450674533844,
    0.0026656666304916143,
    0.019427768886089325,
    0.0320621021091938,
    0.010339914821088314,
    0.0015394756337627769,
    -0.013690962456166744,
    0.024366669356822968,
    0.03089912422001362,
    -0.05282098427414894,
    -0.015458001755177975,
    0.028318380936980247,
    -0.047021932899951935,
    0.02986530400812626,
    0.012698101811110973,
    0.026839617639780045,
    -0.032402701675891876,
    -0.02778768725693226,
    0.05395686626434326,
    0.03726440668106079,
    -0.05620722845196724,
    -0.028601087629795074,
    0.011219967156648636,
    0.00719547038897872,
    -0.00401720218360424,
    -0.06124890223145485,
    -0.013595624826848507,
    0.0023532784543931484,
    0.03208441659808159,
    0.05743638053536415,
    0.046730849891901016,
    -0.02510373480618,
    -0.06336283683776855,
    -0.02325139008462429,
    0.11535956710577011,
    0.03819222375750542,
    -0.047640714794397354,
    -0.10569114983081818,
    -0.008891619741916656,
    -0.02009701542556286,
    -0.0017766831442713737,
    -0.0627129077911377,
    0.009499951265752316,
    -0.04237271845340729,
    -0.06266207993030548,
    0.022896064445376396,
    0.008549746125936508,
    0.024757899343967438,
    -0.04737218841910362,
    0.027485137805342674,
    0.0193488709628582,
    0.0111624076962471,
    0.020115232095122337,
    -0.03568832576274872,
    -0.015704086050391197,
    -0.06830403953790665,
    -0.020746733993291855,
    -0.015401020646095276,
    0.024418730288743973,
    0.025007978081703186,
    0.06842776387929916,
    -0.034517552703619,
    0.029934290796518326,
    0.006194297224283218,
    0.04008916765451431,
    0.02548321895301342,
    0.03366357833147049,
    -0.011258152313530445,
    0.04316592589020729,
    0.0049883038736879826,
    -0.031738970428705215,
    0.033966872841119766,
    0.004290166310966015,
    0.06164097040891647,
    -0.02280164137482643,
    0.06402549892663956,
    -0.020527558401226997,
    -0.05934176221489906,
    -0.05439424887299538,
    0.03030490130186081,
    -0.05705462023615837,
    0.026653824374079704,
    -0.04846380650997162,
    0.03216226026415825,
    -0.04114003852009773,
    -0.03779124468564987,
    0.05333650857210159,
    -0.0038679877761751413,
    -0.00815554428845644,
    0.0761101022362709,
    0.023729661479592323,
    0.046396370977163315,
    -0.006756920367479324,
    -0.03881649300456047,
    0.02533506602048874,
    0.04497196525335312,
    0.014062078669667244,
    0.0234092865139246,
    0.010197299532592297,
    -0.04869977757334709,
    -0.017091993242502213,
    0.004764040466398001,
    0.03851773962378502,
    0.0730491578578949,
    -0.025345511734485626,
    -5.0364902563160285e-05,
    0.04576563462615013,
    0.021903028711676598,
    0.05772574245929718,
    0.05481661111116409,
    -0.014950978569686413,
    -0.03397325798869133,
    -0.07639121264219284,
    0.020409399643540382,
    0.03128519281744957,
    -0.06100144982337952,
    -0.027788806706666946,
    -0.0032880769576877356,
    -0.014550793915987015,
    -0.03700931742787361,
    -0.0007580217206850648,
    -0.004300322849303484,
    0.03399902582168579,
    0.019751612097024918,
    -0.03679355978965759,
    -0.02188584953546524,
    0.0020866498816758394,
    0.01526834536343813,
    0.0472898930311203,
    0.011501566506922245,
    0.01694740355014801,
    0.05784662812948227,
    -0.07460949569940567,
    0.006443681661039591,
    -0.012319926172494888,
    0.014208421111106873,
    0.03139273822307587,
    -0.0703849196434021,
    0.023623107001185417,
    0.0004892355646006763,
    0.05881257727742195,
    0.10070904344320297,
    0.01661965623497963,
    0.0703863874077797,
    -0.014837026596069336,
    0.021694229915738106,
    0.047821514308452606,
    0.019670210778713226,
    -0.0381399430334568,
    -0.020432759076356888,
    0.04524556174874306,
    -0.04395302012562752,
    -0.028291519731283188,
    0.009098763577640057,
    -0.007998448796570301,
    0.0013826822396367788,
    0.014348754659295082,
    -0.06212036311626434,
    0.09453306347131729,
    -0.02738068625330925,
    0.004113406408578157,
    0.02989828959107399,
    0.04066917300224304,
    0.015963884070515633,
    0.06342139095067978,
    0.10103698074817657,
    -0.021826157346367836,
    -0.0009786428418010473,
    0.07425370067358017,
    0.015388015657663345,
    0.13907060027122498,
    0.01566673256456852,
    0.011098628863692284,
    0.07346216589212418,
    0.08966182172298431,
    0.01810317672789097,
    -0.04646965116262436,
    0.103106789290905,
    0.04126525670289993,
    0.02681650035083294,
    0.02418871410191059,
    -0.03357919305562973,
    -0.01856943406164646,
    -0.06450681388378143,
    -0.014215362258255482,
    -0.02291230298578739,
    0.05140785872936249,
    -0.0881732627749443,
    0.04811570420861244,
    -0.011671788990497589,
    -0.0007372538675554097,
    -0.09099103510379791,
    -0.04958536848425865,
    0.05148467421531677,
    0.10631201416254044,
    -0.07628768682479858,
    -0.010826761834323406,
    0.05939282104372978,
    -0.03163807466626167,
    0.049454040825366974,
    0.04464985802769661,
    0.031067563220858574,
    -0.015159671194851398,
    0.020475832745432854,
    -0.05675312504172325,
    0.06675577908754349,
    0.015608641318976879,
    -0.06979435682296753,
    0.013459744863212109,
    0.018263034522533417,
    -0.01135003287345171,
    -0.050811391323804855,
    -0.06451062858104706,
    0.054639123380184174,
    0.03251779079437256,
    0.03257717192173004,
    -0.04732641950249672,
    0.007411500904709101,
    -0.025876736268401146,
    -0.09629540145397186,
    0.036843832582235336,
