{
  "embedding_files": [
    "new_1776234249539_gt_383.1s_f50.jpg",
    "gt_58.0s_f12.jpg",
    "gt_67.2s_f7.jpg",
    "gt_86.3s_f31.jpg",
    "gt_117.2s_f2.jpg"
  ],
  "backup_files": [
    "gt_127.6s_f72.jpg",
    "gt_324.5s_f89.jpg",
    "new_1776234249539_gt_2.1s_f3.jpg",
    "new_1776234249539_gt_589.1s_f90.jpg",
    "gt_111.1s_f81.jpg"
  ],
  "scores": {
    "gt_117.2s_f2.jpg": 24.7385,
    "gt_324.5s_f89.jpg": 22.6561,
    "new_1776234249539_gt_2.1s_f3.jpg": 22.5786,
    "new_1776234249539_gt_383.1s_f50.jpg": 45.9404,
    "new_1776234249539_gt_589.1s_f90.jpg": 22.4172,
    "gt_58.0s_f12.jpg": 30.1388,
    "gt_111.1s_f81.jpg": 20.7323,
    "gt_67.2s_f7.jpg": 28.095,
    "gt_86.3s_f31.jpg": 24.9234,
    "gt_127.6s_f72.jpg": 23.6533
  },
  "approved_files": [
    "gt_117.2s_f2.jpg",
    "gt_324.5s_f89.jpg",
    "gt_217.1s_f43.jpg",
    "gt_73.0s_f46.jpg",
    "gt_2.3s_f5.jpg",
    "gt_33.8s_f25.jpg",
    "new_1776234249539_gt_184.5s_f21.jpg",
    "new_1776234249539_gt_2.1s_f3.jpg",
    "new_1776234249539_gt_383.1s_f50.jpg",
    "new_1776234249539_gt_589.1s_f90.jpg",
    "new_1776234515701_gt_431.4s_f36.jpg",
    "new_1776234515701_gt_589.5s_f64.jpg",
    "new_1776234515701_gt_890.5s_f108.jpg"
  ],
  "mean_embedding": [
    0.0031492679845541716,
    0.023823756724596024,
    -0.0014495993964374065,
    -0.020970692858099937,
    -0.036969445645809174,
    -0.013424423523247242,
    0.01884816214442253,
    -0.023906003683805466,
    0.017063414677977562,
    0.04662231355905533,
    0.01877611130475998,
    0.0329013355076313,
    -0.03401533141732216,
    -0.0151202492415905,
    0.02567918784916401,
    0.020290520042181015,
    0.024909840896725655,
    -0.018857255578041077,
    0.004817839711904526,
    -0.043677639216184616,
    -0.02013017050921917,
    -0.0034309271723031998,
    0.046750571578741074,
    0.010327446274459362,
    -0.018371596932411194,
    -0.013569706119596958,
    -0.07647906243801117,
    0.01249898225069046,
    -0.013374513015151024,
    -0.012107416056096554,
    -0.011219045147299767,
    -0.04851933941245079,
    -0.04524291679263115,
    0.016352489590644836,
    0.0003398044209461659,
    0.008594997227191925,
    -0.01989079639315605,
    -0.025660913437604904,
    -0.04467068985104561,
    0.05571115389466286,
    -0.0033570847008377314,
    -0.020498134195804596,
    -0.039216794073581696,
    0.11659011244773865,
    -0.03144663944840431,
    0.017255915328860283,
    0.12793870270252228,
    0.015533811412751675,
    -0.01757126674056053,
    0.002599443541839719,
    -0.07726014405488968,
    0.03810647502541542,
    0.061040233820676804,
    -0.03640352562069893,
    0.06575264781713486,
    0.013517921790480614,
    0.032586827874183655,
    -0.044737473130226135,
    -0.004341038875281811,
    0.0193241685628891,
    -0.049304280430078506,
    -0.031068533658981323,
    0.018490206450223923,
    0.011694232933223248,
    0.07760296016931534,
    0.01205633208155632,
    -0.023223739117383957,
    0.01297125592827797,
    0.008196783252060413,
    0.009008824825286865,
    0.018349934369325638,
    -0.023848725482821465,
    0.0550021193921566,
    -0.0305357463657856,
    0.021105369552969933,
    0.019731981679797173,
    0.051102712750434875,
    -0.04669002816081047,
    0.003183918073773384,
    0.09896494448184967,
    -0.0015886086039245129,
    0.0008001105161383748,
    0.07923591881990433,
    0.024140547960996628,
    -0.01446890365332365,
    0.02258249558508396,
    0.06276174634695053,
    0.02045378088951111,
    0.0025212618056684732,
    -0.021118810400366783,
    0.03354693576693535,
    0.022392485290765762,
    -0.013902196660637856,
    -0.06244570389389992,
    -0.0033859119284898043,
    -0.03196531906723976,
    0.07033862173557281,
    -0.02361304499208927,
    -0.03139358386397362,
    0.021252065896987915,
    -0.07343697547912598,
    -0.08279810100793839,
    0.02417316846549511,
    0.03361405432224274,
    -0.004410270135849714,
    0.04584965109825134,
    0.03805861994624138,
    -0.049727004021406174,
    0.08657942712306976,
    0.018818654119968414,
    0.053636401891708374,
    -0.009096359834074974,
    -0.10564247518777847,
    -0.0064544337801635265,
    -0.02472698502242565,
    0.039572395384311676,
    0.0864056944847107,
    -0.04895691201090813,
    -0.1494484841823578,
    0.00027111772214993834,
    -0.0384017638862133,
    0.018260281533002853,
    -0.016121603548526764,
    0.07984165102243423,
    0.029614845290780067,
    0.006927626673132181,
    -0.041875310242176056,
    -0.03383805602788925,
    -0.0225788876414299,
    0.05810289457440376,
    0.04157820716500282,
    0.07929657399654388,
    0.0018029939383268356,
    -0.010777960531413555,
    -0.007829439826309681,
    -0.02331356517970562,
    0.01956992596387863,
    0.005147141870111227,
    -0.021423283964395523,
    -0.0055997674353420734,
    -0.043622322380542755,
    -0.027878466993570328,
    -0.03206218034029007,
    -0.03875332325696945,
    -0.11588991433382034,
    0.021753480657935143,
    -0.0023466467391699553,
    0.014374530874192715,
    -0.027896087616682053,
    -0.05156000331044197,
    0.033296920359134674,
    0.018534252420067787,
    -0.0790913850069046,
    -0.09622876346111298,
    -0.03676312044262886,
    -0.10021933168172836,
    -0.047211743891239166,
    -0.07296203076839447,
    -0.018172401934862137,
    0.060320690274238586,
    0.0442083403468132,
    0.0439634770154953,
    0.00020846497500315309,
    0.03288401663303375,
    -0.013007031753659248,
    0.011959850788116455,
    0.04514622688293457,
    -0.018631912767887115,
    0.005143749061971903,
    -0.015625322237610817,
    0.02767554484307766,
    0.05022231116890907,
    0.1011725664138794,
    0.027862248942255974,
    -0.015132592059671879,
    -0.08449874818325043,
    0.005829993169754744,
    0.04154493287205696,
    0.0446602888405323,
    0.08260143548250198,
    -0.05603686347603798,
    -0.06394290179014206,
    0.061243992298841476,
    0.095746710896492,
    0.08914823085069656,
    -0.004370296373963356,
    -0.022809525951743126,
    -0.009732851758599281,
    0.05898086354136467,
    -0.12553776800632477,
    -0.016384392976760864,
    -0.006415337789803743,
    -0.005738404579460621,
    -0.03795406222343445,
    0.01031441893428564,
    -0.004722906742244959,
    0.014277554117143154,
    0.014461039565503597,
    -0.00930732861161232,
    -0.017454007640480995,
    -0.02964956685900688,
    -0.03646023944020271,
    -0.02251391112804413,
    0.006267614662647247,
    -0.004131726920604706,
    -0.020085327327251434,
    -0.06180749461054802,
    0.005299487616866827,
    -0.015379034914076328,
    0.007647804915904999,
    -0.07408202439546585,
    0.012983734719455242,
    0.011778904125094414,
    0.03659842908382416,
    -0.07166487723588943,
    0.023895511403679848,
    0.0018292594468221068,
    0.017204267904162407,
    0.07912357151508331,
    -0.09056468307971954,
    0.06264400482177734,
    -0.015975169837474823,
    -0.05143989622592926,
    0.01603332720696926,
    0.04306677728891373,
    -0.03343154117465019,
    -0.0028835793491452932,
    0.06449081748723984,
    -0.023196885362267494,
    -0.04412108287215233,
    -0.09532862901687622,
    0.028788726776838303,
    0.026781802996993065,
    -0.012821157462894917,
    0.0521487221121788,
    0.021889150142669678,
    0.04218762740492821,
    -0.007061544805765152,
    -0.06565038859844208,
    0.0129494434222579,
    -0.039084240794181824,
    -0.0369657464325428,
    0.027213631197810173,
    0.016541168093681335,
    -0.03474894165992737,
    0.004272856283932924,
    -0.025190209969878197,
    0.015200788155198097,
    0.07669968158006668,
    -0.03431332856416702,
    -0.009225338697433472,
    -0.04118988290429115,
    0.009678494185209274,
    0.0009735438507050276,
    -0.003151562763378024,
    -0.06981893628835678,
    0.0173183586448431,
    -0.028855344280600548,
    -0.04397160932421684,
