{
  "embedding_files": [
    "new_1776234249539_gt_383.1s_f50.jpg",
    "gt_58.0s_f12.jpg",
    "gt_67.2s_f7.jpg",
    "gt_86.3s_f31.jpg",
    "gt_117.2s_f2.jpg",
    "gt_111.1s_f81.jpg",
    "gt_127.6s_f72.jpg",
    "gt_224.0s_f129.jpg",
    "gt_234.3s_f135.jpg",
    "gt_244.4s_f145.jpg",
    "gt_254.8s_f151.jpg",
    "gt_265.3s_f162.jpg",
    "gt_275.8s_f172.jpg"
  ],
  "backup_files": [
    "gt_324.5s_f89.jpg",
    "new_1776234249539_gt_2.1s_f3.jpg",
    "new_1776234249539_gt_589.1s_f90.jpg"
  ],
  "scores": {
    "gt_117.2s_f2.jpg": 24.7385,
    "gt_324.5s_f89.jpg": 22.6561,
    "new_1776234249539_gt_2.1s_f3.jpg": 22.5786,
    "new_1776234249539_gt_383.1s_f50.jpg": 45.9404,
    "new_1776234249539_gt_589.1s_f90.jpg": 22.4172,
    "gt_58.0s_f12.jpg": 30.1388,
    "gt_111.1s_f81.jpg": 20.7323,
    "gt_67.2s_f7.jpg": 28.095,
    "gt_86.3s_f31.jpg": 24.9234,
    "gt_127.6s_f72.jpg": 23.6533
  },
  "approved_files": [
    "gt_117.2s_f2.jpg",
    "gt_324.5s_f89.jpg",
    "new_1776234249539_gt_2.1s_f3.jpg",
    "new_1776234249539_gt_383.1s_f50.jpg",
    "new_1776234249539_gt_589.1s_f90.jpg",
    "gt_111.1s_f81.jpg",
    "gt_127.6s_f72.jpg",
    "gt_224.0s_f129.jpg",
    "gt_234.3s_f135.jpg",
    "gt_244.4s_f145.jpg",
    "gt_254.8s_f151.jpg",
    "gt_265.3s_f162.jpg",
    "gt_275.8s_f172.jpg",
    "gt_58.0s_f12.jpg",
    "gt_67.2s_f7.jpg",
    "gt_86.3s_f31.jpg"
  ],
  "mean_embedding": [
    0.03858846798539162,
    0.02441425621509552,
    -0.016810450702905655,
    0.023883739486336708,
    -0.012634366750717163,
    -0.02036706544458866,
    0.031722262501716614,
    -0.0712335854768753,
    0.03327950835227966,
    0.022483356297016144,
    0.01735500618815422,
    -0.002655280753970146,
    -0.018519040197134018,
    -0.0217294842004776,
    0.022556958720088005,
    -0.02181108482182026,
    0.056346919387578964,
    -0.03196844831109047,
    -0.02653990499675274,
    -0.06319358199834824,
    -0.008216244168579578,
    -0.030044030398130417,
    0.023795193061232567,
    -0.015830181539058685,
    -0.014481734484434128,
    0.004905293229967356,
    -0.03612164780497551,
    0.0027791347820311785,
    -0.012220285832881927,
    0.04448807239532471,
    -0.03887026384472847,
    0.006869265343993902,
    0.007977142930030823,
    0.017758475616574287,
    0.030743001028895378,
    0.029062679037451744,
    -0.01436072587966919,
    -0.00939221866428852,
    -0.02136102505028248,
    0.025966960936784744,
    -0.03307872265577316,
    -0.010186846368014812,
    -0.04291844367980957,
    0.09849861264228821,
    0.04009027034044266,
    0.024544812738895416,
    0.0921638160943985,
    0.025072626769542694,
    -0.046077921986579895,
    0.040783386677503586,
    -0.04290074482560158,
    0.023592939600348473,
    0.07619354128837585,
    -0.0077127027325332165,
    0.060682062059640884,
    0.013049034401774406,
    0.00399743253365159,
    -0.03705616295337677,
    0.04132728651165962,
    0.037547145038843155,
    -0.031387295573949814,
    -0.01379030104726553,
    0.01355889905244112,
    0.01222215499728918,
    0.031486667692661285,
    0.015618503093719482,
    -0.05636252835392952,
    -0.004326521418988705,
    0.03346411511301994,
    0.03136659413576126,
    0.03340666741132736,
    -0.03018118254840374,
    0.047146763652563095,
    0.007715125568211079,
    0.028049295768141747,
    0.005672399885952473,
    0.07357048243284225,
    -0.009674745611846447,
    -0.004910008050501347,
    0.06553982943296432,
    0.012372484430670738,
    0.01129043847322464,
    0.06212002411484718,
    0.036844201385974884,
    -0.024213088676333427,
    0.001983407186344266,
    0.05350635573267937,
    -0.04849223792552948,
    -0.004211901221424341,
    -0.005896709393709898,
    0.011725393123924732,
    0.0023693188559263945,
    0.014006291516125202,
    -0.04766780138015747,
    0.003972600679844618,
    -0.05649334192276001,
    0.0775507241487503,
    0.01871330663561821,
    -0.01774628832936287,
    -0.004003411624580622,
    -0.07344873994588852,
    -0.011921875178813934,
    0.013312187977135181,
    0.041344985365867615,
    0.002006684662774205,
    0.035794179886579514,
    0.01809295266866684,
    -0.04751761630177498,
    0.06608901172876358,
    0.02253560908138752,
    0.058048147708177567,
    0.007147924043238163,
    -0.09393339604139328,
    0.029424211010336876,
    -0.018877075985074043,
    0.04932470992207527,
    0.08133872598409653,
    -0.04168081283569336,
    -0.1785443276166916,
    -0.01415987778455019,
    -0.03328770026564598,
    0.016775580123066902,
    -0.030909916386008263,
    0.053143709897994995,
    -0.005980717018246651,
    0.028415622189641,
    -0.040326040238142014,
    -0.008481395430862904,
    -0.03397056832909584,
    0.02330891229212284,
    0.04856321960687637,
    0.07810262590646744,
    -0.04240848496556282,
    -0.002717962022870779,
    0.0006177440518513322,
    -0.05092090368270874,
    0.013297400437295437,
    0.0009425873286090791,
    -0.021031351760029793,
    0.014546009711921215,
    -0.03736385703086853,
    -0.02272803895175457,
    -0.015773262828588486,
    -0.04448429122567177,
    -0.053621985018253326,
    0.04629575088620186,
    -0.014440489932894707,
    -0.004846739117056131,
    -0.03631306812167168,
    -0.039332516491413116,
    0.06075263395905495,
    0.01165027730166912,
    -0.045760203152894974,
    -0.07863976806402206,
    -0.02057337574660778,
    -0.09425501525402069,
    -0.01877514272928238,
    -0.07448621094226837,
    -0.05136528238654137,
    0.049407653510570526,
    0.07405077666044235,
    0.03754182532429695,
    -0.009884528815746307,
    0.04635098949074745,
    -0.02613641507923603,
    -0.03413108363747597,
    0.052680980414152145,
    -0.03537040576338768,
    -0.0029670442454516888,
    -0.012224326841533184,
    0.016561979427933693,
    0.018796147778630257,
    0.08661622554063797,
    0.0025054069701582193,
    -0.027466950938105583,
    -0.06478899717330933,
    0.002758998889476061,
    0.034210097044706345,
    0.07502473890781403,
    0.11892009526491165,
    -0.06830459833145142,
    -0.053076572716236115,
    0.03455067425966263,
    0.05001169070601463,
    0.09875672310590744,
    -0.02336244285106659,
    -0.025998594239354134,
    -0.010971283540129662,
    0.06305377185344696,
    -0.07088293880224228,
    -0.039096347987651825,
    0.01637323573231697,
    -0.0052741155959665775,
    -0.029067156836390495,
    -0.01982223056256771,
    -0.021493276581168175,
    0.0009137811721302569,
    0.029125459492206573,
    -0.004637411329895258,
    -0.04414728656411171,
    -0.012891476042568684,
    -0.06666117161512375,
    -0.014674209989607334,
    -0.016424618661403656,
    0.005129230674356222,
    -0.010733416303992271,
    -0.08229323476552963,
    0.01268018875271082,
    -0.016589321196079254,
    0.0040489304810762405,
    -0.10049362480640411,
    -0.025456536561250687,
    -0.031907375901937485,
    0.010764779523015022,
    -0.05378537252545357,
    0.034512367099523544,
    -0.027127722278237343,
    0.01111945416778326,
    0.06830921024084091,
    -0.07133099436759949,
    0.05112703889608383,
    -0.0032136496156454086,
    -0.08372597396373749,
    0.04824971407651901,
    0.03473212942481041,
    -0.04363519325852394,
    -0.03062516637146473,
    0.0462813675403595,
    -0.011135213077068329,
    -0.012987067922949791,
    -0.07489395886659622,
    0.0399818979203701,
    -0.016513390466570854,
    -0.04841409996151924,
    -0.013161106035113335,
    0.023421060293912888,
    0.058209579437971115,
    0.02166447788476944,
    -0.08337484300136566,
    -0.012800829485058784,
    -0.009437430649995804,
    -0.040399905294179916,
    -0.005840344820171595,
    0.05703016743063927,
    -0.023010678589344025,
    -0.015674743801355362,
    -0.02386970818042755,
    0.025989700108766556,
    0.06351018697023392,
    -0.014145961031317711,
    -0.02344290167093277,
    -0.062177471816539764,
    0.04156937450170517,
