{
  "embedding_files": [
    "gt_117.2s_f2.jpg",
    "gt_324.5s_f89.jpg",
    "gt_217.1s_f43.jpg",
    "gt_73.0s_f46.jpg",
    "gt_2.3s_f5.jpg"
  ],
  "backup_files": [
    "gt_33.8s_f25.jpg",
    "new_1776234249539_gt_184.5s_f21.jpg",
    "new_1776234249539_gt_2.1s_f3.jpg",
    "new_1776234249539_gt_383.1s_f50.jpg",
    "new_1776234249539_gt_589.1s_f90.jpg",
    "new_1776234515701_gt_431.4s_f36.jpg",
    "new_1776234515701_gt_589.5s_f64.jpg",
    "new_1776234515701_gt_890.5s_f108.jpg"
  ],
  "scores": {
    "gt_73.0s_f46.jpg": 2.339,
    "gt_2.3s_f5.jpg": 2.2742,
    "gt_33.8s_f25.jpg": 1.8605,
    "gt_117.2s_f2.jpg": 24.7385,
    "gt_324.5s_f89.jpg": 22.6561,
    "gt_217.1s_f43.jpg": 13.5218
  },
  "approved_files": [
    "gt_117.2s_f2.jpg",
    "gt_324.5s_f89.jpg",
    "gt_217.1s_f43.jpg",
    "gt_73.0s_f46.jpg",
    "gt_2.3s_f5.jpg",
    "gt_33.8s_f25.jpg",
    "new_1776234249539_gt_184.5s_f21.jpg",
    "new_1776234249539_gt_2.1s_f3.jpg",
    "new_1776234249539_gt_383.1s_f50.jpg",
    "new_1776234249539_gt_589.1s_f90.jpg",
    "new_1776234515701_gt_431.4s_f36.jpg",
    "new_1776234515701_gt_589.5s_f64.jpg",
    "new_1776234515701_gt_890.5s_f108.jpg"
  ],
  "mean_embedding": [
    0.034716520458459854,
    0.030437413603067398,
    -0.015538724139332771,
    -0.0028041729237884283,
    -0.043146416544914246,
    -0.013343743048608303,
    0.019693365320563316,
    -0.005465392954647541,
    0.018200447782874107,
    0.020301982760429382,
    0.03946410119533539,
    0.037056468427181244,
    -0.05556359514594078,
    -0.020098354667425156,
    0.027068182826042175,
    0.009471249766647816,
    0.015536637976765633,
    -0.01921362243592739,
    -0.0016030478291213512,
    -0.012798426672816277,
    -0.024347882717847824,
    -0.0072378492914140224,
    0.04953448474407196,
    0.006413585972040892,
    -0.0007338274735957384,
    -0.011591237038373947,
    -0.08607052266597748,
    -7.104875112418085e-05,
    -0.010377021506428719,
    0.0006751631153747439,
    -0.03304855898022652,
    -0.03860009089112282,
    -0.031262677162885666,
    0.0024944008328020573,
    0.01991192065179348,
    -0.014119336381554604,
    -0.03154470771551132,
    -0.008948670700192451,
    -0.04002569615840912,
    0.03439415246248245,
    0.0021263607777655125,
    -0.03333449363708496,
    -0.049694374203681946,
    0.11958736181259155,
    -0.023950809612870216,
    0.0374230220913887,
    0.12872333824634552,
    0.026023324579000473,
    -0.011725365184247494,
    0.007327275350689888,
    -0.05657889321446419,
    0.06031837686896324,
    0.05613706633448601,
    -0.043235283344984055,
    0.06832040101289749,
    0.022831443697214127,
    0.039609577506780624,
    -0.06397128850221634,
    -0.010400641709566116,
    0.035164155066013336,
    -0.05790450796484947,
    -0.010691611096262932,
    0.031527355313301086,
    0.01203654333949089,
    0.07312709093093872,
    -0.013924210332334042,
    -0.014712275005877018,
    0.0037858563009649515,
    0.02182423323392868,
    0.002379871206358075,
    0.0130805978551507,
    -0.017451930791139603,
    0.05986343324184418,
    -0.023310447111725807,
    0.021353352814912796,
    -0.004675191827118397,
    0.06674344837665558,
    -0.02900020219385624,
    0.017553649842739105,
    0.08844432234764099,
    -0.0012524585472419858,
    -0.022020248696208,
    0.09661639481782913,
    0.03395232558250427,
    -0.011428953148424625,
    0.006837297696620226,
    0.06934799998998642,
    0.008711501024663448,
    0.024653058499097824,
    -0.03672478720545769,
    0.03746172785758972,
    0.013739371672272682,
    -0.025124086067080498,
    -0.04888162389397621,
    -0.010403875261545181,
    -0.03253868594765663,
    0.06815463304519653,
    -0.009760846383869648,
    -0.06436509639024734,
    0.013140571303665638,
    -0.07841671258211136,
    -0.05533469095826149,
    0.03397534787654877,
    0.0335211418569088,
    0.0004944091197103262,
    0.02495650202035904,
    0.03895187750458717,
    -0.07278135418891907,
    0.07942374050617218,
    0.007119804620742798,
    0.06296341866254807,
    -0.016303664073348045,
    -0.1060430258512497,
    0.020162789151072502,
    -0.0292365625500679,
    0.017450354993343353,
    0.10919282585382462,
    -0.035756129771471024,
    -0.1442873775959015,
    -0.011170729994773865,
    -0.04846730828285217,
    0.022458819672465324,
    -0.022883476689457893,
    0.05495063588023186,
    0.02100236900150776,
    0.026624364778399467,
    -0.024479420855641365,
    -0.035210493952035904,
    -0.010002085007727146,
    0.040624722838401794,
    0.026141297072172165,
    0.0857904702425003,
    -0.025974905118346214,
    -0.002341141225770116,
    0.007716066669672728,
    -0.022604094818234444,
    0.01556930597871542,
    0.023088138550519943,
    -0.015885036438703537,
    0.024746278300881386,
    -0.027392074465751648,
    -0.023115351796150208,
    -0.019395185634493828,
    -0.02006271667778492,
    -0.11051423847675323,
    0.022956252098083496,
    0.013226758688688278,
    0.018437372520565987,
    -0.00386817567050457,
    -0.04911620542407036,
    0.04111794754862785,
    0.018065443262457848,
    -0.06369175761938095,
    -0.10138670355081558,
    -0.02952975034713745,
    -0.11994156241416931,
    -0.038809940218925476,
    -0.06033403426408768,
    -0.02674778178334236,
    0.050666872411966324,
    0.05121335759758949,
    0.05043073743581772,
    -7.351560634560883e-05,
    0.023493245244026184,
    -0.029287029057741165,
    0.01368201058357954,
    0.04278036952018738,
    -0.017291856929659843,
    -0.009767244569957256,
    -0.03462142497301102,
    0.04193345457315445,
    0.05303598567843437,
    0.07881255447864532,
    0.03512271121144295,
    -0.004563720431178808,
    -0.07473871111869812,
    0.003934387117624283,
    0.053811412304639816,
    0.062105294317007065,
    0.08766244351863861,
    -0.032587356865406036,
    -0.0581030435860157,
    0.0632619857788086,
    0.07759743183851242,
    0.09687910974025726,
    -0.03212388604879379,
    -0.016656706109642982,
    -0.012721285223960876,
    0.07819074392318726,
    -0.12178928405046463,
    -0.03338295593857765,
    -0.00976369995623827,
    0.004152094013988972,
    -0.021210195496678352,
    0.006149841472506523,
    -0.02049170434474945,
    0.016567783430218697,
    0.019165540114045143,
    0.003817368997260928,
    -0.04569561779499054,
    0.007665922865271568,
    -0.043842628598213196,
    -0.02301083132624626,
    -0.010365953668951988,
    -0.02480151690542698,
    -0.008112814277410507,
    -0.062720388174057,
    -0.0022650810424238443,
    -0.02226352132856846,
    0.01332076545804739,
    -0.06717413663864136,
    -0.005840121302753687,
    0.021813729777932167,
    0.03837607428431511,
    -0.05245553329586983,
    0.010397042147815228,
    -0.01198869664222002,
    0.00911083072423935,
    0.06812965869903564,
    -0.09076631814241409,
    0.051310256123542786,
    -0.02720167674124241,
    -0.0597492977976799,
    0.02291797660291195,
    0.06326741725206375,
    -0.05225726217031479,
    -0.004359032493084669,
    0.07562524825334549,
    -0.010497577488422394,
    -0.04805026948451996,
    -0.09064998477697372,
    0.029743000864982605,
    0.036059167236089706,
    -0.003404538379982114,
    0.03165377676486969,
    0.015032797120511532,
    0.04521307349205017,
    0.010959863662719727,
    -0.06323346495628357,
    0.024119950830936432,
    -0.04199230298399925,
    -0.03924822062253952,
    0.006873954087495804,
    0.015039799734950066,
    -0.029102394357323647,
    0.009249847382307053,
    0.008384890854358673,
    0.01626315340399742,
    0.06979729235172272,
    -0.017750103026628494,
    -0.01324940100312233,
    -0.04256881773471832,
    0.00824345275759697,
    -0.0020458800718188286,
    0.005484283901751041,
    -0.0664016380906105,
    0.007426694966852665,
    -0.039784301072359085,
    -0.035473793745040894,
    0.07523969560861588,
    -0.013844715431332588,
