{
  "embedding_files": [
    "new_1776234545051_gt_597.5s_f43.jpg",
    "new_1776234545051_gt_850.2s_f98.jpg",
    "gt_534.6s_f118.jpg",
    "new_1776234545051_gt_412.9s_f11.jpg",
    "gt_26.2s_f2.jpg",
    "gt_111.1s_f89.jpg",
    "gt_73.5s_f38.jpg",
    "gt_87.6s_f28.jpg"
  ],
  "backup_files": [
    "gt_2.3s_f9.jpg",
    "gt_73.0s_f49.jpg"
  ],
  "scores": {
    "gt_2.3s_f9.jpg": 7.8774,
    "gt_73.0s_f49.jpg": 7.0725,
    "gt_26.2s_f2.jpg": 15.2778,
    "gt_534.6s_f118.jpg": 74.9829,
    "gt_73.5s_f38.jpg": 7.093,
    "new_1776234545051_gt_412.9s_f11.jpg": 66.2714,
    "new_1776234545051_gt_597.5s_f43.jpg": 97.1375,
    "new_1776234545051_gt_850.2s_f98.jpg": 79.543,
    "gt_111.1s_f89.jpg": 11.4987,
    "gt_87.6s_f28.jpg": 6.3333
  },
  "approved_files": [
    "gt_534.6s_f118.jpg",
    "gt_26.2s_f2.jpg",
    "gt_2.3s_f9.jpg",
    "gt_73.0s_f49.jpg",
    "new_1776234545051_gt_412.9s_f11.jpg",
    "new_1776234545051_gt_597.5s_f43.jpg",
    "new_1776234545051_gt_850.2s_f98.jpg",
    "gt_111.1s_f89.jpg",
    "gt_73.5s_f38.jpg",
    "gt_87.6s_f28.jpg"
  ],
  "mean_embedding": [
    0.03762154281139374,
    0.0795162096619606,
    -0.026549430564045906,
    -0.06654384732246399,
    -0.07268134504556656,
    -0.020283784717321396,
    -0.012475930154323578,
    0.020774533972144127,
    0.0028623000252991915,
    -0.005661599338054657,
    0.0033776327036321163,
    0.017609691247344017,
    -0.04876382648944855,
    -0.024605313315987587,
    -0.024112261831760406,
    0.015205539762973785,
    -0.014882736839354038,
    -0.07375124841928482,
    -0.030501799657940865,
    0.04538470879197121,
    0.027426380664110184,
    -0.023314187303185463,
    0.0048794192261993885,
    0.053999681025743484,
    0.0156685933470726,
    0.08861559629440308,
    -0.008162427693605423,
    0.054729919880628586,
    -0.01887083426117897,
    -0.0023540190886706114,
    -0.022983670234680176,
    0.012418209575116634,
    -0.0200925562530756,
    -0.03931812196969986,
    -0.08125520497560501,
    -0.03192189708352089,
    -0.07339136302471161,
    0.003560233162716031,
    0.023286672309041023,
    -0.001152922515757382,
    0.004810033831745386,
    0.007683968171477318,
    -0.01823561266064644,
    0.04197456315159798,
    -0.02576396055519581,
    -0.004423584323376417,
    -0.006283954251557589,
    0.0274939127266407,
    0.016608256846666336,
    -0.05204292759299278,
    0.03206771984696388,
    0.01900332234799862,
    0.007378092501312494,
    0.06943367421627045,
    -0.09526445716619492,
    0.08731403946876526,
    0.0220032949000597,
    -0.017078598961234093,
    0.053451407700777054,
    -0.0253827553242445,
    -0.0278721135109663,
    -0.02472076751291752,
    -0.00218004803173244,
    -0.03853878006339073,
    -0.004631738644093275,
    -0.009648947976529598,
    -0.05695309862494469,
    -0.03753606602549553,
    -0.02929830551147461,
    -0.059213846921920776,
    -0.029617400839924812,
    0.06093582138419151,
    -0.08881791681051254,
    0.05145229026675224,
    0.10357031226158142,
    0.039752084761857986,
    0.08674868196249008,
    -0.03443518653512001,
    0.07318169623613358,
    0.04598509147763252,
    -0.012395760975778103,
    -0.028163766488432884,
    0.008725605905056,
    -0.02283751778304577,
    -0.02270621247589588,
    0.0561552494764328,
    0.06601911038160324,
    -0.030324507504701614,
    -0.02917599491775036,
    -0.04351607710123062,
    0.01555326022207737,
    0.03401212394237518,
    0.06479519605636597,
    0.001977129140868783,
    -0.029303207993507385,
    0.062100160866975784,
    -0.07176186889410019,
    -0.0016880264738574624,
    -0.04646472632884979,
    0.021593360230326653,
    -0.061857011169195175,
    -0.06567318737506866,
    -0.010811160318553448,
    0.04224960505962372,
    0.028602106496691704,
    0.04270090535283089,
    0.027089891955256462,
    -0.014158297330141068,
    0.0387582927942276,
    0.017964165657758713,
    0.017539294436573982,
    -0.014212870970368385,
    0.011354164220392704,
    -0.055247873067855835,
    0.00035650591598823667,
    0.003044367069378495,
    -0.025629481300711632,
    -0.05044504255056381,
    -0.02648293413221836,
    -0.0070994021371006966,
    0.06550005078315735,
    0.04229496791958809,
    0.04951636865735054,
    0.048510242253541946,
    -0.05512665584683418,
    -0.04380200430750847,
    0.030312644317746162,
    -0.03268934413790703,
    0.00452399579808116,
    0.02925415150821209,
    0.034468237310647964,
    0.03328352048993111,
    -0.03104565106332302,
    -0.015910763293504715,
    -0.04703686758875847,
    0.05458693951368332,
    -0.03223828226327896,
    -0.024059969931840897,
    0.007676111068576574,
    0.0020927211735397577,
    -0.001981921261176467,
    0.031525637954473495,
    0.012965019792318344,
    -0.020542578771710396,
    -0.027496840804815292,
    -0.06215682998299599,
    -0.0322473980486393,
    0.08516146242618561,
    -0.02943950705230236,
    -0.0346527099609375,
    -0.015386917628347874,
    0.05750153213739395,
    -0.06794965267181396,
    -0.010686956346035004,
    0.019311068579554558,
    0.03710128739476204,
    -0.010267086327075958,
    -0.05615398287773132,
    -0.02171820029616356,
    0.06824972480535507,
    0.07722441852092743,
    -0.008780239149928093,
    -0.008851544000208378,
    -0.02231852523982525,
    0.0030836148653179407,
    0.04273947328329086,
    7.541141258116113e-07,
    0.03845147788524628,
    -0.06423769891262054,
    -0.023684455081820488,
    0.01164027489721775,
    -0.02804924175143242,
    0.02858259715139866,
    0.04467305168509483,
    0.10067048668861389,
    -0.08620362728834152,
    0.005569110624492168,
    -0.014338809065520763,
    0.03818122297525406,
    0.03317349776625633,
    -0.02259247750043869,
    0.005458141211420298,
    0.0020817231852561235,
    0.02315513789653778,
    -0.053012680262327194,
    0.03023158200085163,
    -0.057795241475105286,
    -0.04142262414097786,
    0.07192950695753098,
    -0.009817835874855518,
    -0.002634401898831129,
    0.06345802545547485,
    -0.034474313259124756,
    -0.008235124871134758,
    -0.019973425194621086,
    -0.07323435693979263,
    -0.025745373219251633,
    0.017006725072860718,
    -0.08628611266613007,
    -0.00436777900904417,
    0.026759272441267967,
    0.08793848007917404,
    -0.046494223177433014,
    -0.06156039983034134,
    0.02369021438062191,
    -0.0252376738935709,
    0.04626231640577316,
    -0.02083655260503292,
    -0.0074089448899030685,
    -0.0762600526213646,
    0.0507044792175293,
    0.04436292126774788,
    0.01572742685675621,
    0.024543840438127518,
    0.06360159069299698,
    0.04225935786962509,
    0.006213513668626547,
    -0.00017855410987976938,
    0.017144666984677315,
    0.04054995998740196,
    -0.013062762096524239,
    0.006775687448680401,
    -0.005861581768840551,
    -0.024748506024479866,
    -0.0462888740003109,
    0.02343190647661686,
    0.024685608223080635,
    0.06260151416063309,
    0.04869364574551582,
    -0.01578676514327526,
    -0.07934530079364777,
    0.023751070722937584,
    0.017252741381525993,
    0.02288106083869934,
    0.1270235776901245,
    -0.002085419837385416,
    -0.05935810133814812,
    0.04884227365255356,
    0.04662719741463661,
    0.09262589365243912,
    -0.013382180593907833,
    -0.1259617656469345,
    -0.030533703044056892,
    -0.03911781683564186,
    -0.00857037864625454,
    0.007226297631859779,
    0.044132862240076065,
    -0.03464274853467941,
    -0.023838229477405548,
    -0.07524660229682922,
    0.09539009630680084,
    0.00490383617579937,
    -0.04445337504148483,
    0.0006814447697252035,
    0.03378038853406906,
    0.0185837522149086,
    -0.038568489253520966,
    0.021300289779901505,
    -0.025381077080965042,
    0.027997994795441628,
    0.018477799370884895,
    -0.12864762544631958,
    -0.014504609629511833,
    -0.053001414984464645,
    0.056834276765584946,
