{
  "embedding_files": [
    "new_1776234545051_gt_597.5s_f43.jpg",
    "new_1776234545051_gt_850.2s_f98.jpg",
    "gt_534.6s_f118.jpg",
    "new_1776234545051_gt_412.9s_f11.jpg",
    "gt_26.2s_f2.jpg",
    "gt_111.1s_f89.jpg",
    "gt_73.5s_f38.jpg",
    "gt_87.6s_f28.jpg"
  ],
  "backup_files": [
    "gt_2.3s_f9.jpg",
    "gt_73.0s_f49.jpg"
  ],
  "scores": {
    "gt_2.3s_f9.jpg": 7.8774,
    "gt_73.0s_f49.jpg": 7.0725,
    "gt_26.2s_f2.jpg": 15.2778,
    "gt_534.6s_f118.jpg": 74.9829,
    "gt_73.5s_f38.jpg": 7.093,
    "new_1776234545051_gt_412.9s_f11.jpg": 66.2714,
    "new_1776234545051_gt_597.5s_f43.jpg": 97.1375,
    "new_1776234545051_gt_850.2s_f98.jpg": 79.543,
    "gt_111.1s_f89.jpg": 11.4987,
    "gt_87.6s_f28.jpg": 6.3333
  },
  "approved_files": [
    "gt_534.6s_f118.jpg",
    "gt_26.2s_f2.jpg",
    "gt_2.3s_f9.jpg",
    "gt_73.0s_f49.jpg",
    "new_1776234545051_gt_412.9s_f11.jpg",
    "new_1776234545051_gt_597.5s_f43.jpg",
    "new_1776234545051_gt_850.2s_f98.jpg",
    "gt_111.1s_f89.jpg",
    "gt_73.5s_f38.jpg",
    "gt_87.6s_f28.jpg"
  ],
  "mean_embedding": [
    0.03761561959981918,
    0.07952257990837097,
    -0.026544004678726196,
    -0.06655272841453552,
    -0.07269509881734848,
    -0.020309560000896454,
    -0.01247614249587059,
    0.02077910490334034,
    0.002835419960319996,
    -0.005666076205670834,
    0.003383148927241564,
    0.017627201974391937,
    -0.04874429851770401,
    -0.024610938504338264,
    -0.02411806397140026,
    0.015214605256915092,
    -0.014891304075717926,
    -0.07374468445777893,
    -0.03048829548060894,
    0.04537747800350189,
    0.027438394725322723,
    -0.02331484481692314,
    0.00490168621763587,
    0.05400802567601204,
    0.015683632344007492,
    0.0886283665895462,
    -0.008174926973879337,
    0.05473959818482399,
    -0.01889418251812458,
    -0.0023577639367431402,
    -0.02298254892230034,
    0.012397258542478085,
    -0.020095983520150185,
    -0.03933237865567207,
    -0.08126075565814972,
    -0.031951505690813065,
    -0.07339590787887573,
    0.0035279695875942707,
    0.023270972073078156,
    -0.001152167096734047,
    0.004789047874510288,
    0.007694919127970934,
    -0.018238691613078117,
    0.0419914610683918,
    -0.025780053809285164,
    -0.004441190045326948,
    -0.006293985061347485,
    0.027541927993297577,
    0.016604458913207054,
    -0.052062831819057465,
    0.032055024057626724,
    0.019002804532647133,
    0.0073755355551838875,
    0.06942232698202133,
    -0.09529594331979752,
    0.08731686323881149,
    0.021982308477163315,
    -0.017082558944821358,
    0.05346808582544327,
    -0.02540585957467556,
    -0.027869878336787224,
    -0.02473141811788082,
    -0.002188778715208173,
    -0.03853056579828262,
    -0.004623775836080313,
    -0.0096312640234828,
    -0.056973740458488464,
    -0.03753122314810753,
    -0.0292796790599823,
    -0.05921914428472519,
    -0.02965305745601654,
    0.06090531498193741,
    -0.08881677687168121,
    0.051445938646793365,
    0.10355176031589508,
    0.039742521941661835,
    0.08677452057600021,
    -0.034438058733940125,
    0.07317978143692017,
    0.04597022011876106,
    -0.012383177876472473,
    -0.028158625587821007,
    0.008700184524059296,
    -0.022841695696115494,
    -0.022698072716593742,
    0.056165773421525955,
    0.0660308301448822,
    -0.030302368104457855,
    -0.029159406200051308,
    -0.043497443199157715,
    0.015547527931630611,
    0.033979304134845734,
    0.06480419635772705,
    0.0019682920537889004,
    -0.0293484665453434,
    0.0621173121035099,
    -0.07176689058542252,
    -0.0017029520822688937,
    -0.04645126312971115,
    0.021591616794466972,
    -0.06186789646744728,
    -0.06568531692028046,
    -0.010797157883644104,
    0.04222332686185837,
    0.02857474610209465,
    0.04268670454621315,
    0.027080126106739044,
    -0.014150632545351982,
    0.03873404115438461,
    0.017977053299546242,
    0.01751760207116604,
    -0.014194014482200146,
    0.011364015750586987,
    -0.05523822829127312,
    0.00038115904317237437,
    0.0030407647136598825,
    -0.025621533393859863,
    -0.05044177919626236,
    -0.026481611654162407,
    -0.007096184883266687,
    0.06550788879394531,
    0.04230425879359245,
    0.04950777068734169,
    0.04850022867321968,
    -0.055136438459157944,
    -0.04380315914750099,
    0.030331024900078773,
    -0.03269372507929802,
    0.004534440115094185,
    0.029211657121777534,
    0.03445770591497421,
    0.03331412747502327,
    -0.031047064810991287,
    -0.01591729186475277,
    -0.04709337651729584,
    0.05461222305893898,
    -0.032197095453739166,
    -0.024055970832705498,
    0.00768770556896925,
    0.002105018123984337,
    -0.00199310714378953,
    0.03154090791940689,
    0.012952782213687897,
    -0.020542355254292488,
    -0.02751944586634636,
    -0.06214088201522827,
    -0.0322418250143528,
    0.0851934552192688,
    -0.029409881681203842,
    -0.03466329351067543,
    -0.015411113388836384,
    0.057506028562784195,
    -0.06796890497207642,
    -0.010674667544662952,
    0.019325613975524902,
    0.037087589502334595,
    -0.010240025818347931,
    -0.056124068796634674,
    -0.021732468158006668,
    0.068226657807827,
    0.07723110914230347,
    -0.008799099363386631,
    -0.008852068334817886,
    -0.022333743050694466,
    0.00307672331109643,
    0.04273676499724388,
    -1.8103153706761077e-05,
    0.0384194478392601,
    -0.06426844745874405,
    -0.023706240579485893,
    0.01163574866950512,
    -0.02806803770363331,
    0.02855941839516163,
    0.04466285556554794,
    0.10070030391216278,
    -0.08619467914104462,
    0.005570252425968647,
    -0.014323780313134193,
    0.03813939914107323,
    0.03318461775779724,
    -0.022608257830142975,
    0.005476108752191067,
    0.0021055801771581173,
    0.023159001022577286,
    -0.05302621051669121,
    0.030209027230739594,
    -0.05780168995261192,
    -0.041450873017311096,
    0.07192020118236542,
    -0.009802131913602352,
    -0.0026431360747665167,
    0.06346556544303894,
    -0.03445665165781975,
    -0.008245345205068588,
    -0.019953908398747444,
    -0.07322611659765244,
    -0.025780942291021347,
    0.017024347558617592,
    -0.08627485483884811,
    -0.004356588702648878,
    0.026777071878314018,
    0.087929867208004,
    -0.04648464545607567,
    -0.061528973281383514,
    0.023676373064517975,
    -0.025238431990146637,
    0.04627189412713051,
    -0.020843971520662308,
    -0.00738849863409996,
    -0.07625511288642883,
    0.050712935626506805,
    0.04436962679028511,
    0.01574007421731949,
    0.024574732407927513,
    0.06361871212720871,
    0.04226754605770111,
    0.006214772816747427,
    -0.00019977286865469068,
    0.017134344205260277,
    0.04058361053466797,
    -0.01305337529629469,
    0.00677264342084527,
    -0.0058476272970438,
    -0.024761294946074486,
    -0.046268217265605927,
    0.02345905266702175,
    0.02469637244939804,
    0.06256444752216339,
    0.048710159957408905,
    -0.015818461775779724,
    -0.0793362557888031,
    0.023741137236356735,
    0.017245832830667496,
    0.02288333885371685,
    0.1270284652709961,
    -0.0020723682828247547,
    -0.05935081094503403,
    0.048838257789611816,
    0.046624068170785904,
    0.09262463450431824,
    -0.013386309146881104,
    -0.12595483660697937,
    -0.030530182644724846,
    -0.039076585322618484,
    -0.008554844185709953,
    0.007207395508885384,
    0.044115494936704636,
    -0.03463169187307358,
    -0.02380705438554287,
    -0.07525058090686798,
    0.09540168941020966,
    0.00492630572989583,
    -0.044448982924222946,
    0.0006773141212761402,
    0.033770810812711716,
    0.018597446382045746,
    -0.038562748581171036,
    0.021287664771080017,
    -0.025393400341272354,
    0.02798149548470974,
    0.01846751943230629,
    -0.12863190472126007,
    -0.014513291418552399,
    -0.05299745872616768,
    0.05682319030165672,
