{
  "embedding_files": [
    "new_1776234545051_gt_597.5s_f43.jpg",
    "new_1776234545051_gt_850.2s_f98.jpg",
    "gt_534.6s_f118.jpg",
    "new_1776234545051_gt_412.9s_f11.jpg",
    "gt_26.2s_f2.jpg"
  ],
  "backup_files": [
    "gt_111.1s_f89.jpg",
    "gt_2.3s_f9.jpg",
    "gt_73.0s_f49.jpg",
    "gt_73.5s_f38.jpg",
    "gt_87.6s_f28.jpg"
  ],
  "scores": {
    "gt_2.3s_f9.jpg": 7.8774,
    "gt_73.0s_f49.jpg": 7.0725,
    "gt_26.2s_f2.jpg": 15.2778,
    "gt_534.6s_f118.jpg": 74.9829,
    "gt_73.5s_f38.jpg": 7.093,
    "new_1776234545051_gt_412.9s_f11.jpg": 66.2714,
    "new_1776234545051_gt_597.5s_f43.jpg": 97.1375,
    "new_1776234545051_gt_850.2s_f98.jpg": 79.543,
    "gt_111.1s_f89.jpg": 11.4987,
    "gt_87.6s_f28.jpg": 6.3333
  },
  "approved_files": [
    "gt_534.6s_f118.jpg",
    "gt_26.2s_f2.jpg",
    "gt_2.3s_f9.jpg",
    "gt_73.0s_f49.jpg",
    "new_1776234545051_gt_412.9s_f11.jpg",
    "new_1776234545051_gt_597.5s_f43.jpg",
    "new_1776234545051_gt_850.2s_f98.jpg",
    "gt_111.1s_f89.jpg",
    "gt_73.5s_f38.jpg",
    "gt_87.6s_f28.jpg"
  ],
  "mean_embedding": [
    0.03925921767950058,
    0.08460459113121033,
    -0.027360955253243446,
    -0.0660262331366539,
    -0.07556886970996857,
    -0.021634375676512718,
    -0.017955858260393143,
    0.017352893948554993,
    0.012085912749171257,
    -0.0012515285052359104,
    0.004168970976024866,
    0.0171486958861351,
    -0.044766008853912354,
    -0.027173707261681557,
    -0.02636665478348732,
    0.010526580736041069,
    -0.018769124522805214,
    -0.07589808106422424,
    -0.031035516411066055,
    0.04171600565314293,
    0.024873627349734306,
    -0.00927053578197956,
    -0.003863814054057002,
    0.05568288266658783,
    0.01943069137632847,
    0.0871349647641182,
    -0.004229852929711342,
    0.06122826784849167,
    -0.022764837369322777,
    0.0029233796522021294,
    -0.014253207482397556,
    0.018440179526805878,
    -0.02695314958691597,
    -0.0456848070025444,
    -0.08172820508480072,
    -0.03311122953891754,
    -0.07850038260221481,
    0.009702865034341812,
    0.019132964313030243,
    0.011459210887551308,
    0.01248741615563631,
    0.00081449601566419,
    -0.013881080783903599,
    0.03988180309534073,
    -0.022807041183114052,
    -0.009342573583126068,
    -0.010231108404695988,
    0.018376674503087997,
    0.016653859987854958,
    -0.05129021033644676,
    0.03866627812385559,
    0.019028708338737488,
    -0.0015449546044692397,
    0.05016114190220833,
    -0.09815981239080429,
    0.09174027293920517,
    0.011757113970816135,
    -0.020170778036117554,
    0.06491323560476303,
    -0.02848144993185997,
    -0.01940743811428547,
    -0.025898059830069542,
    0.003297931281849742,
    -0.04043538495898247,
    -0.006866781041026115,
    -0.020217783749103546,
    -0.06627083569765091,
    -0.039806004613637924,
    -0.03369409218430519,
    -0.05296215042471886,
    -0.04034775123000145,
    0.05873692408204079,
    -0.08891637623310089,
    0.04139133542776108,
    0.10423838347196579,
    0.03501715883612633,
    0.08421402424573898,
    -0.03636246174573898,
    0.07363981008529663,
    0.04422145336866379,
    -0.004623217508196831,
    -0.027584930881857872,
    0.01338309794664383,
    -0.018674397841095924,
    -0.016711922362446785,
    0.0585714653134346,
    0.05351674556732178,
    -0.028932899236679077,
    -0.02538805827498436,
    -0.042333442717790604,
    0.01584998145699501,
    0.02801423892378807,
    0.06193846836686134,
    0.007138686720281839,
    -0.041739001870155334,
    0.06351318210363388,
    -0.06793029606342316,
    -0.0008374328608624637,
    -0.052283067256212234,
    0.02692149206995964,
    -0.05653482303023338,
    -0.06661777943372726,
    -0.013654281385242939,
    0.03623110428452492,
    0.02484634704887867,
    0.04462917521595955,
    0.032320693135261536,
    -0.01727711781859398,
    0.03458646684885025,
    0.0191439650952816,
    0.019009364768862724,
    -0.004301026463508606,
    0.020670725032687187,
    -0.05312344431877136,
    -0.0022020619362592697,
    0.011949310079216957,
    -0.02339041605591774,
    -0.05514607951045036,
    -0.027341380715370178,
    0.003523241961374879,
    0.058709628880023956,
    0.034810349345207214,
    0.04499737173318863,
    0.04537542536854744,
    -0.05564628168940544,
    -0.05481364205479622,
    0.03143271431326866,
    -0.03407381474971771,
    0.01365854311734438,
    0.030525315552949905,
    0.04592544957995415,
    0.025894034653902054,
    -0.02552962303161621,
    -0.009790502488613129,
    -0.05208858102560043,
    0.059524137526750565,
    -0.0420706532895565,
    -0.02571878395974636,
    0.005227856803685427,
    -0.00906485877931118,
    0.004460520576685667,
    0.031779710203409195,
    0.021765166893601418,
    -0.01717163622379303,
    -0.025031089782714844,
    -0.061918847262859344,
    -0.02492816373705864,
    0.08518818020820618,
    -0.03047683648765087,
    -0.03830677270889282,
    -0.006895383819937706,
    0.04852326214313507,
    -0.07186638563871384,
    -0.006408511195331812,
    0.01993666961789131,
    0.04689616709947586,
    -0.00420271186158061,
    -0.05449496954679489,
    -0.017847906798124313,
    0.07202734053134918,
    0.07272366434335709,
    -0.01656649261713028,
    -0.009656068868935108,
    -0.027836576104164124,
    0.009545557200908661,
    0.041411448270082474,
    -0.002504118485376239,
    0.033024467527866364,
    -0.07196833193302155,
    -0.012223963625729084,
    5.540713914342632e-7,
    -0.03546353802084923,
    0.02619972638785839,
    0.04111284017562866,
    0.10170843452215195,
    -0.08129429072141647,
    -0.008654632605612278,
    -0.01655566319823265,
    0.04335971176624298,
    0.027767540886998177,
    -0.02475591003894806,
    0.020912542939186096,
    -0.00907424557954073,
    0.02704785019159317,
    -0.06302198022603989,
    0.019176607951521873,
    -0.05442671850323677,
    -0.04031642898917198,
    0.08164985477924347,
    -0.002980957506224513,
    0.003587106242775917,
    0.04839496687054634,
    -0.02847648225724697,
    -0.007665742188692093,
    -0.023308629170060158,
    -0.07954245060682297,
    -0.03087785467505455,
    0.025822723284363747,
    -0.06949745118618011,
    0.008213073946535587,
    0.03243096545338631,
    0.08580448478460312,
    -0.04052485525608063,
    -0.05927075818181038,
    0.018677357584238052,
    -0.032016776502132416,
    0.04840567708015442,
    -0.014027170836925507,
    -0.012907586991786957,
    -0.07809455692768097,
    0.04396633803844452,
    0.04777338355779648,
    0.009450669400393963,
    0.02898486889898777,
    0.06567589938640594,
    0.03864361345767975,
    0.005005652084946632,
    -0.006906962487846613,
    0.006645801942795515,
    0.03458550572395325,
    -0.01466486044228077,
    0.006237131543457508,
    0.002600244479253888,
    -0.024198265746235847,
    -0.05069766566157341,
    0.025491653010249138,
    0.02865425869822502,
    0.06072307750582695,
    0.04701126739382744,
    -0.020092330873012543,
    -0.08184408396482468,
    0.01722949929535389,
    0.024129629135131836,
    0.025247039273381233,
    0.12302820384502411,
    0.013620950281620026,
    -0.0636703297495842,
    0.0477607361972332,
    0.04543979838490486,
    0.07990873605012894,
    -0.007498500868678093,
    -0.11344411224126816,
    -0.05031563341617584,
    -0.041694577783346176,
    -0.004870789125561714,
    0.01313856616616249,
    0.037686239928007126,
    -0.041311923414468765,
    -0.02333478257060051,
    -0.06826301664113998,
    0.08982542902231216,
    0.01071205548942089,
    -0.03948146849870682,
    0.001561124692671001,
    0.04750322923064232,
    0.02650889754295349,
    -0.04700746759772301,
    0.03011908568441868,
    -0.01709577441215515,
    0.03558717295527458,
    0.00715464586392045,
    -0.12228590995073318,
    -0.009667690843343735,
    -0.05188854783773422,
    0.061381272971630096,
    -0.01477754395455122,
