{
  "embedding_files": [
    "gt_213.3s_f184.jpg",
    "gt_179.3s_f153.jpg",
    "gt_102.8s_f103.jpg",
    "gt_2.0s_f5.jpg",
    "gt_35.4s_f45.jpg"
  ],
  "backup_files": [
    "gt_140.2s_f135.jpg",
    "gt_69.1s_f69.jpg"
  ],
  "scores": {
    "gt_2.0s_f5.jpg": 2.9537,
    "gt_35.4s_f45.jpg": 2.8356,
    "gt_69.1s_f69.jpg": 2.5179,
    "gt_102.8s_f103.jpg": 3.0806,
    "gt_140.2s_f135.jpg": 2.4652,
    "gt_179.3s_f153.jpg": 3.0964,
    "gt_213.3s_f184.jpg": 3.2248
  },
  "approved_files": [
    "gt_213.3s_f184.jpg",
    "gt_179.3s_f153.jpg",
    "gt_102.8s_f103.jpg",
    "gt_2.0s_f5.jpg",
    "gt_35.4s_f45.jpg",
    "gt_69.1s_f69.jpg",
    "gt_140.2s_f135.jpg"
  ],
  "mean_embedding": [
    -0.01736592873930931,
    -0.06847435235977173,
    0.013670895248651505,
    -0.033797185868024826,
    -0.06024283915758133,
    0.020485518500208855,
    -0.04246518388390541,
    -0.06310330331325531,
    0.073471300303936,
    -0.03117416612803936,
    0.01225246675312519,
    0.010051845572888851,
    0.020734751597046852,
    -0.0003564463695511222,
    -0.00965022947639227,
    0.0023526037111878395,
    -0.04289228469133377,
    0.014333844184875488,
    -0.05434811860322952,
    0.05285535007715225,
    0.10013333708047867,
    -0.038165099918842316,
    0.032689861953258514,
    -0.09298118203878403,
    -0.018094265833497047,
    0.03019087202847004,
    0.043102286756038666,
    -0.07624959945678711,
    -0.053292881697416306,
    0.018905961886048317,
    0.15011495351791382,
    0.029906023293733597,
    -0.10262500494718552,
    -0.025980912148952484,
    -0.051451366394758224,
    0.029916420578956604,
    -0.0018440873827785254,
    -0.05361253768205643,
    0.08106333762407303,
    -0.08186820149421692,
    0.016695016995072365,
    -0.023217307403683662,
    0.06351719796657562,
    0.04472946375608444,
    -0.08111752569675446,
    0.04190048202872276,
    -0.014045333489775658,
    -0.04417143389582634,
    0.018342403694987297,
    -0.01175738126039505,
    0.04259594902396202,
    -0.06273787468671799,
    0.004622894339263439,
    -0.019982924684882164,
    0.02141488343477249,
    0.004098203033208847,
    0.06082560122013092,
    0.025383787229657173,
    0.018339447677135468,
    -0.10505783557891846,
    -0.033156998455524445,
    0.0491793118417263,
    -0.011060895398259163,
    -0.011546329595148563,
    0.02560950070619583,
    -0.008884337730705738,
    0.030253805220127106,
    0.012072321958839893,
    -0.021478911861777306,
    0.02421359159052372,
    0.07676982134580612,
    -0.020011501386761665,
    0.04008110985159874,
    -0.011125577613711357,
    0.042633913457393646,
    0.012148609384894371,
    -0.015952209010720253,
    -0.030460603535175323,
    0.006147562991827726,
    -0.020936064422130585,
    0.058431532233953476,
    -0.029524758458137512,
    0.009567676112055779,
    -0.011349393986165524,
    -0.013734757900238037,
    -0.009086609818041325,
    0.029321948066353798,
    0.046120185405015945,
    -0.004711848217993975,
    0.04469503462314606,
    -0.03949702903628349,
    -0.0308743417263031,
    0.055229540914297104,
    0.0030567795038223267,
    -0.03302653133869171,
    -0.033670008182525635,
    0.025618961080908775,
    -0.08990355581045151,
    -0.006605019327253103,
    0.04756281524896622,
    0.058238591998815536,
    -0.019068453460931778,
    0.01828642189502716,
    0.04083508625626564,
    -0.06070847064256668,
    -0.0072486246936023235,
    -0.0902295783162117,
    -0.11112760752439499,
    -0.023589113727211952,
    0.03611520305275917,
    -0.0001819921308197081,
    -0.07908400893211365,
    -0.039611928164958954,
    0.005303724203258753,
    -0.012057177722454071,
    0.04182969406247139,
    -0.006550061982125044,
    -0.06490983814001083,
    0.05141136422753334,
    0.0711953416466713,
    0.0627513900399208,
    0.030696336179971695,
    0.06699204444885254,
    0.06940587610006332,
    -0.14187607169151306,
    -0.014501119963824749,
    -0.025569655001163483,
    -0.052358780056238174,
    0.05653396621346474,
    0.011906403116881847,
    -0.04482051730155945,
    0.005821953993290663,
    0.038594845682382584,
    -0.0249854177236557,
    0.004966047126799822,
    0.010606168769299984,
    -0.03581642732024193,
    -0.016679009422659874,
    0.028978364542126656,
    -0.04355344548821449,
    0.05296231806278229,
    0.02187412604689598,
    -0.057415734976530075,
    -0.0689539909362793,
    0.027269313111901283,
    0.09329033643007278,
    -0.016597388312220573,
    0.00922655314207077,
    0.001454019919037819,
    -0.007223811466246843,
    -0.018775807693600655,
    -0.0383901484310627,
    -0.03928421810269356,
    -0.06825444847345352,
    -0.044979337602853775,
    0.004747690167278051,
    -0.010479195043444633,
    -0.022861752659082413,
    -0.07167615741491318,
    0.03538411110639572,
    -0.056928426027297974,
    -0.012579502537846565,
    0.009822447784245014,
    -0.029293829575181007,
    0.09354010969400406,
    0.019618334248661995,
    0.04402194172143936,
    -0.016425691545009613,
    0.04214542359113693,
    -0.00765389297157526,
    0.043302495032548904,
    -0.0489131398499012,
    0.027704894542694092,
    0.051499415189027786,
    -0.016723649576306343,
    -0.017600782215595245,
    0.042007967829704285,
    0.007323270197957754,
    0.01856965944170952,
    -0.00265085743740201,
    -0.035715941339731216,
    -0.05218062549829483,
    -0.015747040510177612,
    0.059313610196113586,
    -0.009502092376351357,
    -0.01822999119758606,
    -0.06372088938951492,
    0.048496127128601074,
    -0.014730674214661121,
    -0.07332656532526016,
    0.06527474522590637,
    0.008449661545455456,
    0.011095566675066948,
    -0.011389936320483685,
    -0.023425698280334473,
    0.0040518115274608135,
    0.03605057671666145,
    0.036416251212358475,
    -0.060073304921388626,
    -0.042180031538009644,
    -0.09123783558607101,
    -0.042258214205503464,
    -0.009265436790883541,
    -0.027860378846526146,
    -0.01886402815580368,
    0.00019718387920875102,
    0.11251133680343628,
    0.054502177983522415,
    -0.008205653168261051,
    -0.040374573320150375,
    0.0359625406563282,
    -0.004281310830265284,
    -0.01804828643798828,
    0.052508462220430374,
    0.0775555744767189,
    0.02028813026845455,
    -0.018488802015781403,
    0.06609942764043808,
    0.00434764102101326,
    -0.004250726662576199,
    0.03927357867360115,
    -0.026224976405501366,
    -0.04639678820967674,
    -0.057761795818805695,
    -0.02606753259897232,
    0.05954590067267418,
    0.049390632659196854,
    0.039100322872400284,
    -0.014256775379180908,
    -0.06282969564199448,
    0.06312139332294464,
    -0.00457368278875947,
    0.005095603410154581,
    0.05105024576187134,
    0.02500760182738304,
    0.058296944946050644,
    0.03333478793501854,
    -0.007069593761116266,
    0.005117233842611313,
    0.048555608838796616,
    -0.06165812909603119,
    -0.021889999508857727,
    -0.01706545241177082,
    -0.05190610513091087,
    -0.04365445673465729,
    -0.05768508464097977,
    0.021355299279093742,
    -0.11107511818408966,
    -0.006392211653292179,
    -0.03371410071849823,
    -0.006639580707997084,
    -0.06690744310617447,
    0.05016308277845383,
    -0.016383584588766098,
    -0.01443461887538433,
    -0.004168917890638113,
    0.012247388251125813,
    -0.02696654200553894,
    -0.0624363049864769,
    0.048875801265239716,
    0.04983353242278099,
    -0.013081456534564495,
    0.0820097029209137,
    0.0072938925586640835,
    0.009059498086571693,
    -0.01631196029484272,
    -0.05153844878077507,
    0.028587600216269493,
    -0.031155075877904892,
    0.02515893056988716,
    -0.03491266444325447,
    0.01102139987051487,
    -0.04971201717853546,
    0.028853891417384148,
    0.033278729766607285,
    0.04836566001176834,
    -0.0037936093285679817,
    0.05330757051706314,
    0.021223176270723343,
    -0.04201826825737953,
