{
  "embedding_files": [
    "gt_310.5s_f7.jpg",
    "gt_431.4s_f33.jpg",
    "gt_890.5s_f103.jpg",
    "gt_1051.3s_f125.jpg",
    "gt_589.5s_f63.jpg"
  ],
  "backup_files": [],
  "scores": {
    "gt_310.5s_f7.jpg": 49.684,
    "gt_431.4s_f33.jpg": 37.118,
    "gt_890.5s_f103.jpg": 10.0428,
    "gt_1051.3s_f125.jpg": 9.5381,
    "gt_589.5s_f63.jpg": 6.4023
  },
  "approved_files": [
    "gt_310.5s_f7.jpg",
    "gt_431.4s_f33.jpg",
    "gt_890.5s_f103.jpg",
    "gt_1051.3s_f125.jpg",
    "gt_589.5s_f63.jpg"
  ],
  "mean_embedding": [
    -0.027909623458981514,
    -0.016188349574804306,
    0.028526104986667633,
    0.0033017874229699373,
    0.018242547288537025,
    0.05308009684085846,
    -0.0766553059220314,
    0.044146664440631866,
    0.06585954129695892,
    0.06804882735013962,
    0.023359287530183792,
    0.008739490993320942,
    0.04777471721172333,
    -0.004709114320576191,
    -0.06370150297880173,
    0.0071068317629396915,
    0.01806766353547573,
    0.013843156397342682,
    -0.03256027773022652,
    -0.03605956584215164,
    0.08075353503227234,
    0.011803521774709225,
    0.005977976135909557,
    -0.025690307840704918,
    0.02885323576629162,
    -0.03683601692318916,
    -0.06438785791397095,
    -0.04172943904995918,
    0.016560712829232216,
    -0.06432311236858368,
    -0.028241736814379692,
    -0.06341706216335297,
    -0.021928459405899048,
    -0.05934519320726395,
    -0.01795576885342598,
    0.005113290157169104,
    -0.06470205634832382,
    -0.06396239250898361,
    0.04791475459933281,
    -0.008280394598841667,
    0.03365952521562576,
    0.004258007742464542,
    0.012277410365641117,
    -0.016010552644729614,
    0.011943704448640347,
    0.04043035954236984,
    -0.008453515358269215,
    0.004680001176893711,
    0.038891442120075226,
    0.029102163389325142,
    -0.05262710154056549,
    -0.007459632121026516,
    0.02949553169310093,
    0.003433885984122753,
    -0.01061176136136055,
    0.02109633944928646,
    -0.027277885004878044,
    0.05879771709442139,
    0.02918257936835289,
    -0.028401345014572144,
    -0.024269193410873413,
    -0.10677127540111542,
    0.0228430163115263,
    0.03067573718726635,
    0.02035422809422016,
    0.09208383411169052,
    0.04354863613843918,
    0.004390324465930462,
    0.012975411489605904,
    -0.037666354328393936,
    0.035199567675590515,
    -0.06817898899316788,
    -0.0020690790843218565,
    0.02814188413321972,
    -0.03796050697565079,
    0.011708319187164307,
    0.09086187183856964,
    -0.06974992156028748,
    0.0006447266205213964,
    -0.04627351090312004,
    0.022843820974230766,
    -0.04805703088641167,
    -0.08875872194766998,
    -0.0618467703461647,
    0.027054468169808388,
    0.015745142474770546,
    -0.07704372704029083,
    0.028656000271439552,
    -0.006845558527857065,
    0.08716905117034912,
    -0.05419830605387688,
    -0.046640995889902115,
    -0.03137841820716858,
    -0.008908232674002647,
    -0.02197100780904293,
    -0.006210300140082836,
    -0.04054070636630058,
    0.011024081148207188,
    0.03508847951889038,
    0.0007516302284784615,
    -0.005806623492389917,
    -0.004642065614461899,
    0.028696956112980843,
    -0.056947238743305206,
    0.02300623618066311,
    -0.011282411403954029,
    -0.03374608978629112,
    -0.07059080898761749,
    -0.028734352439641953,
    0.01450669951736927,
    -0.00084631924983114,
    0.027086308225989342,
    0.005422048270702362,
    -0.019068578258156776,
    0.0268101803958416,
    0.014906787313520908,
    0.044269219040870667,
    0.04809731990098953,
    0.0056190891191363335,
    0.04338431730866432,
    0.022780129685997963,
    0.04711573198437691,
    0.05468553677201271,
    0.10672159492969513,
    -0.05234683305025101,
    0.03981322422623634,
    0.04689784348011017,
    -0.05542241409420967,
    0.04625260457396507,
    -0.049624744802713394,
    -0.06674298644065857,
    0.03576471656560898,
    -0.0578392818570137,
    -0.030359065160155296,
    -0.08956410735845566,
    -0.023999888449907303,
    0.040945734828710556,
    0.03958890214562416,
    -0.0833062082529068,
    -0.010717445984482765,
    0.06086872145533562,
    -0.029870618134737015,
    -0.0434817411005497,
    -0.034173641353845596,
    -0.07665153592824936,
    0.05512591451406479,
    -0.02271939627826214,
    0.048382412642240524,
    0.017200825735926628,
    0.028768060728907585,
    -0.040104299783706665,
    0.03149303421378136,
    -0.017767557874321938,
    -0.026984795928001404,
    -0.005738257896155119,
    -0.07004783302545547,
    -0.0633644238114357,
    -0.023237239569425583,
    -0.023007716983556747,
    0.012880931608378887,
    -0.026377590373158455,
    0.047376397997140884,
    -0.028039906173944473,
    0.01639331318438053,
    -0.05673599988222122,
    -0.03683284670114517,
    -0.07747934758663177,
    0.0053529441356658936,
    -0.039232973009347916,
    0.03088783472776413,
    0.039750710129737854,
    0.035202398896217346,
    0.03445512801408768,
    -0.012943820096552372,
    0.018557174131274223,
    -0.010618578642606735,
    0.06051790714263916,
    0.0029182848520576954,
    0.057392168790102005,
    0.022736184298992157,
    -0.010463873855769634,
    0.013735778629779816,
    -0.06614243239164352,
    0.03502916917204857,
    0.05815582349896431,
    -0.00756053626537323,
    0.05400175601243973,
    -0.04586213827133179,
    0.01324357558041811,
    -0.04320215806365013,
    0.028149809688329697,
    0.10331502556800842,
    0.06025608628988266,
    0.12241224944591522,
    -0.04558394104242325,
    -0.011145266704261303,
    0.007385513745248318,
    0.031226303428411484,
    -0.032813910394907,
    -0.0019409795058891177,
    0.07718650996685028,
    -0.011930406093597412,
    -0.023004943504929543,
    0.01706235483288765,
    0.01894746907055378,
    -0.03477945178747177,
    0.011505911126732826,
    -0.03864062577486038,
    0.10019943118095398,
    0.02092226780951023,
    0.02135954424738884,
    0.05619427189230919,
    0.004425014369189739,
    0.014686483889818192,
    0.019889837130904198,
    0.016495807096362114,
    -0.0700724646449089,
    -0.020933987572789192,
    0.10295692086219788,
    -0.0343581885099411,
    0.004948284011334181,
    -0.03277475759387016,
    -0.0021222271025180817,
    -0.03192652761936188,
    -0.011251482181251049,
    0.05945901200175285,
    0.023555194959044456,
    0.007882305420935154,
    0.06179942190647125,
    -0.03836008161306381,
    0.1132027730345726,
    0.00827309675514698,
    0.002144430298358202,
    -0.008752589114010334,
    0.049462758004665375,
    0.08323092013597488,
    -0.01109285932034254,
    -0.01691148616373539,
    -0.013630349189043045,
    0.04112057015299797,
    -0.03402344137430191,
    0.0027917998377233744,
    -0.02515987679362297,
    -0.03501158580183983,
    0.07104518264532089,
    -0.05063701048493385,
    0.0442274808883667,
    0.02066541090607643,
    0.014061948284506798,
    -0.03654732182621956,
    0.03854801133275032,
    -0.07256124168634415,
    0.07005096971988678,
    0.0027009136974811554,
    -0.03437027335166931,
    0.003163563087582588,
    0.03789179027080536,
    -0.050094109028577805,
    0.0022903254721313715,
    -0.13414455950260162,
    -0.037860020995140076,
    -0.056833457201719284,
    -0.07883194088935852,
    -0.030278300866484642,
    -0.021476009860634804,
    -0.05764438211917877,
    0.05787235125899315,
    -0.046328067779541016,
    0.02551858127117157,
    -0.02283204346895218,
    0.04126036539673805,
    0.04077254235744476,
    -0.023024704307317734,
    -0.009697620756924152,
    -0.00225737108848989,
    -0.026599908247590065,
    -0.06533564627170563,
    -0.0209873765707016,
    0.021193409338593483,
    0.023851189762353897,
    0.02468375861644745,
    -0.04602295905351639,
    -0.01705585978925228,
    -0.04531301185488701,
    -0.08373979479074478,
    0.00222162832506001,
    0.010848058387637138,
