{
  "embedding_files": [
    "gt_310.5s_f7.jpg",
    "gt_431.4s_f33.jpg",
    "gt_890.5s_f103.jpg",
    "gt_1051.3s_f125.jpg",
    "gt_589.5s_f63.jpg"
  ],
  "backup_files": [],
  "scores": {
    "gt_310.5s_f7.jpg": 49.684,
    "gt_431.4s_f33.jpg": 37.118,
    "gt_890.5s_f103.jpg": 10.0428,
    "gt_1051.3s_f125.jpg": 9.5381,
    "gt_589.5s_f63.jpg": 6.4023
  },
  "approved_files": [
    "gt_310.5s_f7.jpg",
    "gt_431.4s_f33.jpg",
    "gt_890.5s_f103.jpg",
    "gt_1051.3s_f125.jpg",
    "gt_589.5s_f63.jpg"
  ],
  "mean_embedding": [
    -0.00037409935612231493,
    -0.007057388313114643,
    0.03177953138947487,
    0.0037695050705224276,
    0.010913100093603134,
    0.05286351963877678,
    -0.062337953597307205,
    0.03995212912559509,
    0.052220843732357025,
    0.05745433643460274,
    0.01678914576768875,
    -0.002821708330884576,
    0.048826999962329865,
    0.009754141792654991,
    -0.04873058944940567,
    -0.0011474170023575425,
    0.02940244972705841,
    0.005311924964189529,
    -0.026746027171611786,
    -0.012309364974498749,
    0.09204210340976715,
    -0.0002912718045990914,
    -0.0005403644754551351,
    -0.014245354570448399,
    0.020317770540714264,
    -0.03299429640173912,
    -0.06628178805112839,
    -0.05038316175341606,
    0.007861075922846794,
    -0.04378509521484375,
    -0.024395769461989403,
    -0.05193961784243584,
    -0.013968381099402905,
    -0.04654182866215706,
    -0.007912647910416126,
    -0.00019815683481283486,
    -0.07465063780546188,
    -0.048876386135816574,
    0.045828111469745636,
    -0.016622157767415047,
    0.042099423706531525,
    0.0030117591377347708,
    0.015138687565922737,
    -0.029082302004098892,
    0.010540848597884178,
    0.012105222791433334,
    -0.004744098521769047,
    0.005062244366854429,
    0.03819495812058449,
    0.0189701896160841,
    -0.07666981965303421,
    -0.014044072479009628,
    0.036971624940633774,
    -0.013452192768454552,
    -0.01182352751493454,
    -0.01894465833902359,
    -0.028246156871318817,
    0.03964255377650261,
    0.03173454478383064,
    -0.04044090956449509,
    -0.007274462375789881,
    -0.0859898179769516,
    0.030515655875205994,
    0.03896228224039078,
    0.0318504199385643,
    0.0964464470744133,
    0.0276362095028162,
    0.0006160563789308071,
    0.0027314850594848394,
    -0.02271546795964241,
    0.035677410662174225,
    -0.08283673226833344,
    0.005345321726053953,
    0.012179150246083736,
    -0.03781406208872795,
    0.027849581092596054,
    0.1078103557229042,
    -0.06165258586406708,
    0.012905285693705082,
    -0.019092021510004997,
    0.04504625126719475,
    -0.038025401532649994,
    -0.06819494068622589,
    -0.0556524321436882,
    0.01708543673157692,
    0.010066921822726727,
    -0.06820685416460037,
    0.0016401875764131546,
    -0.023657072335481644,
    0.08025191724300385,
    -0.04729079827666283,
    -0.05400656908750534,
    -0.02844294346868992,
    0.02627304196357727,
    0.004081892780959606,
    -0.01849191077053547,
    -0.04843137040734291,
    -0.004669535905122757,
    0.03126570209860802,
    -0.023281598463654518,
    -0.009720206260681152,
    -0.01730145327746868,
    0.05464011803269386,
    -0.05948193743824959,
    0.023394882678985596,
    -0.029511313885450363,
    -0.018160823732614517,
    -0.09347418695688248,
    -0.02681160904467106,
    0.01072756852954626,
    0.001255400711670518,
    0.02460096776485443,
    0.0064812954515218735,
    -0.03865056857466698,
    0.03340182080864906,
    0.022161731496453285,
    0.03814564272761345,
    0.04778347164392471,
    -0.014424105174839497,
    0.043363336473703384,
    -0.005744263529777527,
    0.047684889286756516,
    0.07310357689857483,
    0.09825432300567627,
    -0.05756709724664688,
    0.017190970480442047,
    0.04654654487967491,
    -0.02197679691016674,
    0.055007461458444595,
    -0.041505299508571625,
    -0.040701817721128464,
    0.054208870977163315,
    -0.07268765568733215,
    -0.024721501395106316,
    -0.08780749142169952,
    -0.01660069450736046,
    0.035852592438459396,
    0.041935995221138,
    -0.08427776396274567,
    -0.02832687832415104,
    0.0612044520676136,
    -0.021380795165896416,
    -0.051981180906295776,
    -0.003836343763396144,
    -0.07613225281238556,
    0.061200615018606186,
    -0.04247850179672241,
    0.05050873011350632,
    0.010425116866827011,
    0.02015562541782856,
    -0.04925476759672165,
    0.033115267753601074,
    0.0079641779884696,
    -0.017619675025343895,
    -0.022287316620349884,
    -0.04671930521726608,
    -0.06236540526151657,
    -0.022877182811498642,
    -0.03528706356883049,
    0.03383035957813263,
    -0.0019252024358138442,
    0.05846429243683815,
    -0.0476955883204937,
    0.033814314752817154,
    -0.06924576312303543,
    -0.04439621791243553,
    -0.06852531433105469,
    -0.006244151387363672,
    -0.018721727654337883,
    0.046939440071582794,
    0.05679076164960861,
    0.04447446018457413,
    0.04922795295715332,
    -0.003067020094022155,
    0.0012362238485366106,
    -0.009614082053303719,
    0.06927277147769928,
    0.018807129934430122,
    0.06155828386545181,
    0.013411332853138447,
    -0.008565406315028667,
    0.004888066556304693,
    -0.06435564160346985,
    0.03208703175187111,
    0.012428436428308487,
    0.007199764717370272,
    0.04516415297985077,
    -0.06886056065559387,
    0.0009057221468538046,
    -0.07814235985279083,
    0.049924083054065704,
    0.1028670072555542,
    0.053816989064216614,
    0.11146863549947739,
    -0.05524732172489166,
    -0.011115273460745811,
    -0.0015853819204494357,
    0.03475715592503548,
    -0.028530178591609,
    0.005910847801715136,
    0.05244104936718941,
    -0.02919868566095829,
    -0.028303414583206177,
    0.008423659019172192,
    0.0048613836988806725,
    -0.010392574593424797,
    0.02820129320025444,
    -0.015213534235954285,
    0.08251169323921204,
    0.013340489007532597,
    0.015164368785917759,
    0.05237078666687012,
    0.016595851629972458,
    0.009194758720695972,
    0.02724071778357029,
    0.014682057313621044,
    -0.07477064430713654,
    -0.027088429778814316,
    0.07074020802974701,
    -0.03994394466280937,
    -0.003986521624028683,
    -0.04586178809404373,
    -0.011870812624692917,
    -0.03428136929869652,
    -0.02224402315914631,
    0.0621226541697979,
    0.0380505807697773,
    0.025090398266911507,
    0.029089534655213356,
    -0.04433412104845047,
    0.1112063005566597,
    -0.018763301894068718,
    0.01264144480228424,
    0.006919587031006813,
    0.03821014240384102,
    0.0699789896607399,
    -0.004673114977777004,
    -0.021081704646348953,
    0.006476214621216059,
    0.03779791295528412,
    -0.03362264484167099,
    0.018558433279395103,
    -0.04404018446803093,
    -0.019540535286068916,
    0.06727171689271927,
    -0.06355465203523636,
    0.05690491199493408,
    0.03559422120451927,
    0.022683005779981613,
    -0.04396916925907135,
    0.055089469999074936,
    -0.07802936434745789,
    0.0656425878405571,
    0.006784785073250532,
    -0.0495748296380043,
    0.013208400458097458,
    0.030406780540943146,
    -0.043071772903203964,
    -0.012100045569241047,
    -0.12922555208206177,
    -0.025130143389105797,
    -0.07998806238174438,
    -0.0490654818713665,
    -0.05256599187850952,
    -0.020326917991042137,
    -0.06286231428384781,
    0.06427263468503952,
    -0.04279101639986038,
    -0.00031453394331038,
    -0.009023644030094147,
    0.043344639241695404,
    0.04194577783346176,
    -0.014556475915014744,
    0.010810071602463722,
    -0.011480791494250298,
    -0.02327139303088188,
    -0.06724879890680313,
    -0.02174721471965313,
    0.041251182556152344,
    0.035017095506191254,
    0.0038370611146092415,
    -0.03782156482338905,
    -0.05452968552708626,
    -0.010701607912778854,
    -0.07120072841644287,
    -0.007341303862631321,
