{
  "embedding_files": [
    "gt_310.5s_f7.jpg",
    "gt_431.4s_f33.jpg",
    "gt_890.5s_f103.jpg",
    "gt_1051.3s_f125.jpg",
    "gt_589.5s_f63.jpg"
  ],
  "backup_files": [],
  "scores": {
    "gt_310.5s_f7.jpg": 49.684,
    "gt_431.4s_f33.jpg": 37.118,
    "gt_890.5s_f103.jpg": 10.0428,
    "gt_1051.3s_f125.jpg": 9.5381,
    "gt_589.5s_f63.jpg": 6.4023
  },
  "approved_files": [
    "gt_310.5s_f7.jpg",
    "gt_431.4s_f33.jpg",
    "gt_890.5s_f103.jpg",
    "gt_1051.3s_f125.jpg",
    "gt_589.5s_f63.jpg"
  ],
  "mean_embedding": [
    -0.027911890298128128,
    -0.01617554947733879,
    0.02850984036922455,
    0.0033033371437340975,
    0.018233515322208405,
    0.05309199169278145,
    -0.07666932791471481,
    0.044139888137578964,
    0.06587526947259903,
    0.06805123388767242,
    0.023357396945357323,
    0.008745870552957058,
    0.047790806740522385,
    -0.004689764231443405,
    -0.06370571255683899,
    0.007090339902788401,
    0.018077820539474487,
    0.013832779601216316,
    -0.03256151080131531,
    -0.036058761179447174,
    0.08076325058937073,
    0.011822284199297428,
    0.005988283082842827,
    -0.02569105476140976,
    0.028869012370705605,
    -0.0368429534137249,
    -0.06440404057502747,
    -0.04174570366740227,
    0.016570691019296646,
    -0.06433318555355072,
    -0.02824896015226841,
    -0.06342446804046631,
    -0.021920138970017433,
    -0.05933952331542969,
    -0.017962032929062843,
    0.005126732401549816,
    -0.0647074356675148,
    -0.06396374106407166,
    0.04792005941271782,
    -0.00828335527330637,
    0.03366987779736519,
    0.004247279372066259,
    0.012279911898076534,
    -0.015994874760508537,
    0.011943777091801167,
    0.04042043536901474,
    -0.00845496915280819,
    0.004663829691708088,
    0.03888960927724838,
    0.029100190848112106,
    -0.05261906236410141,
    -0.007442260626703501,
    0.029482558369636536,
    0.003435930935665965,
    -0.010599770583212376,
    0.021089542657136917,
    -0.027285495772957802,
    0.05879424512386322,
    0.029182717204093933,
    -0.02840770035982132,
    -0.024259837344288826,
    -0.10678068548440933,
    0.02286282181739807,
    0.030671769753098488,
    0.020371275022625923,
    0.0920863077044487,
    0.04352941736578941,
    0.0043875183910131454,
    0.012980114668607712,
    -0.037663739174604416,
    0.03522144630551338,
    -0.06816352903842926,
    -0.00206073303706944,
    0.028141837567090988,
    -0.03795139864087105,
    0.0117174768820405,
    0.09086417406797409,
    -0.06975056976079941,
    0.0006416365504264832,
    -0.04628413915634155,
    0.02282392606139183,
    -0.04807138070464134,
    -0.08874525874853134,
    -0.061853837221860886,
    0.027029335498809814,
    0.015736978501081467,
    -0.07704703509807587,
    0.028650624677538872,
    -0.006855367682874203,
    0.08715163171291351,
    -0.05419795960187912,
    -0.04664338380098343,
    -0.03137749433517456,
    -0.008885962888598442,
    -0.021960830315947533,
    -0.006214567460119724,
    -0.0405350923538208,
    0.011013830080628395,
    0.03508174419403076,
    0.0007629373576492071,
    -0.0058073620311915874,
    -0.004634290933609009,
    0.02870076335966587,
    -0.0569583959877491,
    0.02301011234521866,
    -0.011279571801424026,
    -0.033740099519491196,
    -0.07059475034475327,
    -0.02873816527426243,
    0.014513220638036728,
    -0.0008528167381882668,
    0.027072051540017128,
    0.0054198638536036015,
    -0.01907828450202942,
    0.026801664382219315,
    0.014911016449332237,
    0.04425884783267975,
    0.048102352768182755,
    0.005613849498331547,
    0.043392959982156754,
    0.02279246784746647,
    0.047113921493291855,
    0.05467970296740532,
    0.10672364383935928,
    -0.052336204797029495,
    0.03981257602572441,
    0.046907246112823486,
    -0.05541936308145523,
    0.046238213777542114,
    -0.04964579641819,
    -0.06674409657716751,
    0.035761792212724686,
    -0.0578245148062706,
    -0.030381450429558754,
    -0.08954901248216629,
    -0.024006333202123642,
    0.04095345363020897,
    0.03957528620958328,
    -0.08329761028289795,
    -0.010714641772210598,
    0.06087076663970947,
    -0.029859328642487526,
    -0.04349963739514351,
    -0.034163378179073334,
    -0.07665498554706573,
    0.05512995645403862,
    -0.022717710584402084,
    0.04836567863821983,
    0.017202045768499374,
    0.028767338022589684,
    -0.0400862991809845,
    0.0315057635307312,
    -0.017764786258339882,
    -0.026987489312887192,
    -0.005743224639445543,
    -0.07003968209028244,
    -0.0633847564458847,
    -0.02322559803724289,
    -0.023009460419416428,
    0.012887239456176758,
    -0.02640085481107235,
    0.047358814626932144,
    -0.028035180643200874,
    0.016387155279517174,
    -0.05675069987773895,
    -0.03682843968272209,
    -0.07747947424650192,
    0.005358364898711443,
    -0.03923967480659485,
    0.03087654523551464,
    0.039749279618263245,
    0.03519053012132645,
    0.03445405140519142,
    -0.012944781221449375,
    0.018558550626039505,
    -0.010632687248289585,
    0.06052059680223465,
    0.0029035306069999933,
    0.05739942565560341,
    0.022739842534065247,
    -0.010457008145749569,
    0.01372589636594057,
    -0.06612749397754669,
    0.03503044322133064,
    0.05816107243299484,
    -0.0075671072117984295,
    0.05400438234210014,
    -0.04586213827133179,
    0.013235176913440228,
    -0.0432027205824852,
    0.028162403032183647,
    0.10331206768751144,
    0.06025102734565735,
    0.12240511178970337,
    -0.04556749761104584,
    -0.011148235760629177,
    0.007371399085968733,
    0.031217345967888832,
    -0.032814960926771164,
    -0.001928623067215085,
    0.07718066871166229,
    -0.011919359676539898,
    -0.023016389459371567,
    0.01706385612487793,
    0.01896512880921364,
    -0.034780554473400116,
    0.011501661501824856,
    -0.03861236944794655,
    0.1001918837428093,
    0.02093512937426567,
    0.02134913206100464,
    0.05623139813542366,
    0.004433759488165379,
    0.014655590988695621,
    0.019864000380039215,
    0.016496852040290833,
    -0.0700857862830162,
    -0.02092377282679081,
    0.10294796526432037,
    -0.03437446802854538,
    0.004948597867041826,
    -0.03276761248707771,
    -0.0021223267540335655,
    -0.03191876411437988,
    -0.011248687282204628,
    0.059463225305080414,
    0.023558516055345535,
    0.007875115610659122,
    0.061801228672266006,
    -0.03835476562380791,
    0.11319955438375473,
    0.008296222425997257,
    0.002163008786737919,
    -0.008766825310885906,
    0.049466270953416824,
    0.0832364410161972,
    -0.011103018186986446,
    -0.016895847395062447,
    -0.013647911138832569,
    0.041118696331977844,
    -0.03401660919189453,
    0.0027906890027225018,
    -0.02515200711786747,
    -0.03501244634389877,
    0.0710359513759613,
    -0.05062476545572281,
    0.04422682523727417,
    0.02067352458834648,
    0.014074544422328472,
    -0.036550577729940414,
    0.0385429672896862,
    -0.07256558537483215,
    0.07006314396858215,
    0.0026963131967931986,
    -0.03437270224094391,
    0.0031573527958244085,
    0.03789537772536278,
    -0.050090525299310684,
    0.0023049297742545605,
    -0.13413333892822266,
    -0.03784172236919403,
    -0.056840572506189346,
    -0.07883375138044357,
    -0.03026706725358963,
    -0.021467426791787148,
    -0.05764317139983177,
    0.057868842035532,
    -0.04634404182434082,
    0.025520551949739456,
    -0.022823477163910866,
    0.04124804213643074,
    0.040772680193185806,
    -0.023022782057523727,
    -0.009681208990514278,
    -0.0022652805782854557,
    -0.02658049762248993,
    -0.06532695889472961,
    -0.021003497764468193,
    0.02119213528931141,
    0.023834679275751114,
    0.024677494540810585,
    -0.0460047721862793,
    -0.01706312596797943,
    -0.04530499503016472,
    -0.08373954147100449,
    0.0022355138789862394,
    0.010843735188245773,
