{
  "embedding_files": [
    "gt_213.3s_f181.jpg",
    "gt_35.4s_f54.jpg",
    "gt_69.1s_f62.jpg"
  ],
  "backup_files": [],
  "scores": {
    "gt_213.3s_f181.jpg": 33.9479,
    "gt_35.4s_f54.jpg": 25.8044,
    "gt_69.1s_f62.jpg": 23.7197
  },
  "approved_files": [
    "gt_213.3s_f181.jpg",
    "gt_35.4s_f54.jpg",
    "gt_69.1s_f62.jpg"
  ],
  "mean_embedding": [
    -0.03614823520183563,
    -0.036550309509038925,
    -0.05165094509720802,
    0.00441008573397994,
    -0.02120591327548027,
    -0.0393831804394722,
    0.03636554256081581,
    2.5517685571685433e-05,
    0.03265988826751709,
    0.08777832239866257,
    0.05241851508617401,
    -0.06302698701620102,
    0.08053235709667206,
    0.07850244641304016,
    -0.00908324308693409,
    -0.043837882578372955,
    -0.01894967071712017,
    -0.005512408446520567,
    0.04785727709531784,
    -0.009892902337014675,
    0.0010712835937738419,
    -0.0076859393157064915,
    0.029201611876487732,
    -0.019879357889294624,
    -0.03203823044896126,
    -0.08444101363420486,
    0.04964537173509598,
    -0.08316561579704285,
    -0.019743170589208603,
    0.06660941243171692,
    0.05810541659593582,
    0.030293229967355728,
    0.046358026564121246,
    0.005747470539063215,
    0.01856135204434395,
    -0.06751647591590881,
    0.016043102368712425,
    0.03546997159719467,
    0.09900622069835663,
    0.06438189744949341,
    -0.012066650204360485,
    0.07265468686819077,
    -0.03290568292140961,
    0.013693569228053093,
    -0.06602924317121506,
    0.015762241557240486,
    -0.012066856026649475,
    -0.030004264786839485,
    -0.02087072655558586,
    0.04236393794417381,
    -0.0036856511142104864,
    0.01534036360681057,
    0.032824672758579254,
    -0.015067478641867638,
    -0.015855547040700912,
    0.05027167126536369,
    -0.0008982933359220624,
    0.005261282902210951,
    0.09691645205020905,
    -0.03877529874444008,
    0.10078096389770508,
    -0.029012342914938927,
    -0.00819057784974575,
    0.02801111899316311,
    -0.007438729517161846,
    0.006044554989784956,
    -0.11136379092931747,
    0.02764146961271763,
    0.026994751766324043,
    0.01158863864839077,
    -0.008262958377599716,
    0.0480930358171463,
    -0.01720520481467247,
    0.011006275191903114,
    -0.020451486110687256,
    0.013222454115748405,
    0.050604529678821564,
    0.005429285112768412,
    0.04269144684076309,
    0.0382985919713974,
    0.01749829575419426,
    -0.05679108574986458,
    -0.006660794839262962,
    0.01744445227086544,
    -0.014978716149926186,
    0.03408164530992508,
    0.015773678198456764,
    -0.0369863361120224,
    -0.020540079101920128,
    -0.0028090195264667273,
    -0.02885584346950054,
    -0.02074357680976391,
    0.08725282549858093,
    -0.02493918314576149,
    0.02622465044260025,
    -0.08165283501148224,
    0.04045810550451279,
    0.02500568889081478,
    0.01403134036809206,
    0.10088806599378586,
    -0.027056191116571426,
    0.04343980550765991,
    -0.05567946285009384,
    -0.05572395771741867,
    0.07684586942195892,
    -0.0660194382071495,
    0.041720423847436905,
    -0.04081743210554123,
    -0.07713302224874496,
    -0.021652406081557274,
    0.008161448873579502,
    0.03944101929664612,
    0.05661921948194504,
    -0.081669881939888,
    -0.01549757830798626,
    0.058026157319545746,
    -0.0011434798361733556,
    0.04849177971482277,
    0.008183115161955357,
    0.1346643567085266,
    -0.018687868490815163,
    -0.004897578153759241,
    0.019792599603533745,
    0.029514988884329796,
    -0.019326237961649895,
    -0.004081721883267164,
    0.009807930327951908,
    0.03436782583594322,
    0.015645110979676247,
    -0.005129119381308556,
    -0.0017947752494364977,
    0.041394058614969254,
    0.029572386294603348,
    -0.006792785599827766,
    -0.052420005202293396,
    -0.017169447615742683,
    0.03869963809847832,
    -0.0027194598224014044,
    0.023874327540397644,
    0.022018423303961754,
    0.04950077459216118,
    0.008534937165677547,
    0.07660369575023651,
    0.09422396868467331,
    0.0377839021384716,
    0.0338408499956131,
    -0.023968664929270744,
    -0.009475281462073326,
    0.0004318005812820047,
    0.10223492980003357,
    0.030273251235485077,
    -0.0076545546762645245,
    0.048939298838377,
    -0.01526662241667509,
    0.00917174480855465,
    -0.01692843623459339,
    -0.038735631853342056,
    -0.0063281129114329815,
    -0.06368063390254974,
    0.09064818173646927,
    0.05692806467413902,
    -0.04940514639019966,
    -0.04370321333408356,
    -0.008431125432252884,
    -0.06035452336072922,
    0.0628228634595871,
    -0.07565314322710037,
    0.0018815294606611133,
    -0.07831358909606934,
    -0.012227751314640045,
    -0.04377647116780281,
    0.036864329129457474,
    0.02115732803940773,
    0.018714699894189835,
    0.013816059567034245,
    -0.10199610888957977,
    -0.03994351252913475,
    0.00424737436696887,
    -0.02250998467206955,
    -0.05601699277758598,
    0.02004040777683258,
    0.06184867396950722,
    -0.006514840293675661,
    -0.028850091621279716,
    0.04763488098978996,
    0.055740807205438614,
    0.024750400334596634,
    -0.017027463763952255,
    -0.029221121221780777,
    0.009519543498754501,
    -0.011238334700465202,
    0.06758901476860046,
    -0.040629077702760696,
    0.03466002643108368,
    0.05671936273574829,
    -0.033509377390146255,
    0.003230950329452753,
    -0.035771504044532776,
    0.03899193927645683,
    0.0002042952983174473,
    0.020908212289214134,
    -0.0015696336049586535,
    -0.07640817761421204,
    0.030434610322117805,
    0.021493347361683846,
    -0.02536693401634693,
    -0.04849361628293991,
    0.008000598289072514,
    0.032106030732393265,
    0.023357082158327103,
    -0.028241602703928947,
    0.04344401881098747,
    -0.024244146421551704,
    -0.025354573503136635,
    -0.05948794260621071,
    -0.010214800015091896,
    0.027971390634775162,
    -0.019708966836333275,
    -0.02040213905274868,
    0.011525293812155724,
    -0.03035292960703373,
    0.03356098383665085,
    -0.05287282168865204,
    0.00483855651691556,
    -0.011888710781931877,
    0.02783406525850296,
    -0.03096657432615757,
    0.08594687283039093,
    -0.06411336362361908,
    -0.019302040338516235,
    -0.029761144891381264,
    -0.013686400838196278,
    -0.01648014783859253,
    -0.035616710782051086,
    -0.025880686938762665,
    -0.0378228984773159,
    0.0075783575884997845,
    0.0032892676535993814,
    -0.01397559605538845,
    0.04408072307705879,
    0.0384645015001297,
    -0.03794838488101959,
    -0.007978600449860096,
    0.08816323429346085,
    0.06812260299921036,
    -0.015309540554881096,
    0.03335998207330704,
    -0.003168565919622779,
    -0.06427015364170074,
    0.008450656197965145,
    0.0938023030757904,
    -0.03840635344386101,
    0.017844654619693756,
    -0.02875744178891182,
    -0.01534718181937933,
    0.034136198461055756,
    -0.006200682837516069,
    0.025190232321619987,
    -0.0059343320317566395,
    -0.033319178968667984,
    0.0001419204636476934,
    -0.07674819231033325,
    0.004869762808084488,
    0.05892965570092201,
    0.061020009219646454,
    0.00489082932472229,
    0.033669572323560715,
    0.0028552203439176083,
    -0.1083228811621666,
    0.014400426298379898,
    0.06332305818796158,
    -0.03146018460392952,
    0.03956647962331772,
    -0.0036948369815945625,
    0.017657950520515442,
    0.0072480058297514915,
    -0.026398777961730957,
    0.07990498095750809,
    -0.012629191391170025,
    0.03869359940290451,
    0.0740131363272667,
    0.06976725161075592,
    0.07210855185985565,
    0.013125641271471977,
    0.014273767359554768,
    -0.003459970699623227,
    0.013170224614441395,
    -0.013735916465520859,
    0.011534897610545158,
    -0.01380956918001175,
    0.08426515012979507,
    0.04231623560190201,
    0.011205804534256458,
