{
  "embedding_files": [
    "gt_213.3s_f190.jpg",
    "gt_140.2s_f124.jpg",
    "gt_69.1s_f73.jpg",
    "gt_102.8s_f97.jpg",
    "gt_2.0s_f12.jpg"
  ],
  "backup_files": [
    "gt_35.4s_f55.jpg"
  ],
  "scores": {
    "gt_69.1s_f73.jpg": 23.4993,
    "gt_2.0s_f12.jpg": 6.3151,
    "gt_35.4s_f55.jpg": 6.0945,
    "gt_102.8s_f97.jpg": 7.8181,
    "gt_140.2s_f124.jpg": 25.3131,
    "gt_213.3s_f190.jpg": 31.0946
  },
  "approved_files": [
    "gt_213.3s_f190.jpg",
    "gt_140.2s_f124.jpg",
    "gt_69.1s_f73.jpg",
    "gt_102.8s_f97.jpg",
    "gt_2.0s_f12.jpg",
    "gt_35.4s_f55.jpg"
  ],
  "mean_embedding": [
    0.05693763121962547,
    -0.06812240183353424,
    -0.027071086689829826,
    -0.0011024605482816696,
    0.0041918628849089146,
    0.05268775299191475,
    0.039681632071733475,
    0.030918540433049202,
    0.07760951668024063,
    -0.008145006373524666,
    0.0178648941218853,
    -0.06205064803361893,
    0.0340564101934433,
    0.0717596560716629,
    -0.000261394219705835,
    -0.0623912587761879,
    0.010535155422985554,
    0.005544694606214762,
    0.010325689800083637,
    0.05885448679327965,
    -0.0035795914009213448,
    -0.01193744782358408,
    -0.03829414024949074,
    -0.008410140872001648,
    0.058103203773498535,
    -0.02469526045024395,
    -0.018028829246759415,
    -0.08285316824913025,
    -0.044453106820583344,
    0.07296254485845566,
    -0.03851931914687157,
    0.03495608642697334,
    -0.06498054414987564,
    -0.04589926823973656,
    -0.00964873842895031,
    0.03065476194024086,
    0.06284964829683304,
    -0.018236838281154633,
    0.08390948921442032,
    0.0007592099136672914,
    0.04746450111269951,
    -0.025128774344921112,
    -0.05329642444849014,
    0.009670378640294075,
    -0.07513080537319183,
    0.08536975085735321,
    -0.08255300670862198,
    -0.041541583836078644,
    -0.022025741636753082,
    -0.01945311203598976,
    -0.04336365684866905,
    0.027820367366075516,
    -0.017926281318068504,
    0.000272622040938586,
    0.056538913398981094,
    0.0452398881316185,
    0.010442094877362251,
    0.0022854553535580635,
    0.019783375784754753,
    0.010683028027415276,
    0.007484587840735912,
    -0.013359622098505497,
    -0.02517658844590187,
    -0.005482136271893978,
    0.004790863487869501,
    0.03094783052802086,
    0.0639578253030777,
    -0.014337236061692238,
    0.021565711125731468,
    -0.024641914293169975,
    0.014405828900635242,
    0.11205088347196579,
    0.007103911135345697,
    -0.007566550746560097,
    0.06127037853002548,
    0.01302383840084076,
    0.11492098122835159,
    0.046937376260757446,
    -0.017560146749019623,
    -0.03875184804201126,
    0.037933532148599625,
    -0.040463536977767944,
    -0.11566945165395737,
    0.003893511136993766,
    0.06482712179422379,
    0.07391660660505295,
    0.045970842242240906,
    0.024661796167492867,
    -0.03183932229876518,
    0.036680251359939575,
    -0.024222852662205696,
    -0.007030533626675606,
    0.0842457041144371,
    0.008597137406468391,
    -0.00242352276109159,
    0.002791555831208825,
    -0.007321413606405258,
    -0.025430278852581978,
    -0.030583390966057777,
    0.06398474425077438,
    0.07690773904323578,
    -0.033993616700172424,
    0.06146996095776558,
    -0.03776771202683449,
    0.008852377533912659,
    0.03559189662337303,
    -0.06609351933002472,
    -0.012030893936753273,
    0.022694312036037445,
    -0.04708258435130119,
    -0.030964316800236702,
    -0.05077186971902847,
    -0.001750773168168962,
    0.01471632905304432,
    0.014558425173163414,
    0.02176080085337162,
    -0.0010751868830993772,
    0.028784634545445442,
    0.013708425685763359,
    0.11128747463226318,
    -0.02005033567547798,
    0.03710346668958664,
    -0.056683048605918884,
    0.01855713129043579,
    -0.02759655937552452,
    -0.08585035055875778,
    0.0941823422908783,
    -0.10382364690303802,
    -0.028197890147566795,
    0.024365782737731934,
    -0.0025093136355280876,
    -0.05405073240399361,
    0.058385226875543594,
    0.020371664315462112,
    -0.037932634353637695,
    -0.003294072113931179,
    -0.019500207155942917,
    -0.028501223772764206,
    -0.08630906045436859,
    0.012050990015268326,
    0.141410693526268,
    0.015487071126699448,
    0.021371696144342422,
    -0.041071537882089615,
    0.04459668695926666,
    -0.034601639956235886,
    -0.02805158868432045,
    -0.02275778353214264,
    -0.05456683412194252,
    0.029864277690649033,
    -0.031803298741579056,
    0.02609211578965187,
    -0.03838479146361351,
    -0.019439876079559326,
    0.026272084563970566,
    -0.024098237976431847,
    0.03228851035237312,
    -0.04917946085333824,
    -0.04093926399946213,
    0.03795850649476051,
    0.007683646399527788,
    -0.007316454313695431,
    0.04035239666700363,
    0.09037983417510986,
    0.0958218052983284,
    0.05476616322994232,
    0.023391759023070335,
    0.003987430594861507,
    -0.061190396547317505,
    -0.007639220915734768,
    0.021164678037166595,
    -0.02041020803153515,
    0.11111428588628769,
    0.01808708906173706,
    -0.006235986482352018,
    0.017554182559251785,
    0.01716894470155239,
    -0.03080051578581333,
    -0.052472297102212906,
    0.040205445140600204,
    0.047499947249889374,
    -0.04669516906142235,
    0.02001403272151947,
    -0.03171965107321739,
    0.05117505043745041,
    0.03175480663776398,
    0.04217062145471573,
    -0.0391969233751297,
    -0.00597867788746953,
    0.021487044170498848,
    0.020977817475795746,
    -0.012650574557483196,
    0.005667875055223703,
    -0.001498861820437014,
    -0.002776235807687044,
    0.017705975100398064,
    -0.026774412021040916,
    -0.007161647081375122,
    -0.07880306988954544,
    0.008390299044549465,
    -0.008407320827245712,
    0.005993618629872799,
    -0.026268262416124344,
    0.01738874986767769,
    -0.017950790002942085,
    -0.02833430841565132,
    0.002385537140071392,
    0.04214907065033913,
    0.044147275388240814,
    -0.05062089487910271,
    -0.05044875293970108,
    -0.05505681037902832,
    0.004165141377598047,
    -0.04111393168568611,
    -0.06828340142965317,
    0.031069960445165634,
    -0.008940587751567364,
    -0.11453920602798462,
    0.02231365442276001,
    0.017829986289143562,
    -0.05443654954433441,
    0.026922376826405525,
    0.03005981631577015,
    -0.07206882536411285,
    -0.01701349765062332,
    0.04422508552670479,
    -0.04652218520641327,
    0.009547259658575058,
    0.05427684634923935,
    0.008133217692375183,
    0.06622252613306046,
    -0.010800196789205074,
    -0.01848580315709114,
    0.02996831387281418,
    0.008118643425405025,
    0.018636811524629593,
    -0.0355866402387619,
    0.0057628401555120945,
    0.03165842220187187,
    0.07100723683834076,
    -0.00451738340780139,
    0.0034576361067593098,
    -0.033479854464530945,
    0.03675807639956474,
    0.03216653689742088,
    -0.03649603947997093,
    0.023555349558591843,
    -0.018835382536053658,
    -0.013864589855074883,
    0.03291149437427521,
    -0.05207931995391846,
    0.0444076843559742,
    0.05134481191635132,
    0.04051951691508293,
    -0.054034389555454254,
    -0.008120831102132797,
    0.05266435444355011,
    -0.04271429777145386,
    -0.033991266041994095,
    -0.04715796560049057,
    -0.0094589963555336,
    -0.08732893317937851,
    0.0011574033414945006,
    -0.021247023716568947,
    -0.02512458898127079,
    -0.0015775184147059917,
    -0.0026100364048033953,
    -0.002786712720990181,
    -0.02684885449707508,
    -0.0034955062437802553,
    -0.02101617120206356,
    -0.08539769053459167,
    -0.07292928546667099,
    0.025871802121400833,
    -0.03661955147981644,
    -0.046707335859537125,
    0.01934168115258217,
    0.002442934550344944,
    -0.008872760459780693,
    -0.12034105509519577,
    0.022856861352920532,
    -0.04987359046936035,
    -0.00042281378409825265,
