{
  "embedding_files": [
    "gt_742.8s_f84.jpg",
    "gt_597.5s_f36.jpg",
    "gt_431.4s_f41.jpg",
    "gt_412.9s_f8.jpg",
    "gt_850.2s_f107.jpg"
  ],
  "backup_files": [
    "gt_310.5s_f10.jpg",
    "new_1776234533173_gt_1051.3s_f151.jpg",
    "new_1776234533173_gt_589.5s_f59.jpg",
    "new_1776234533173_gt_890.5s_f116.jpg"
  ],
  "scores": {
    "gt_742.8s_f84.jpg": 8.4461,
    "gt_431.4s_f41.jpg": 3.6743,
    "gt_310.5s_f10.jpg": 3.3946,
    "gt_597.5s_f36.jpg": 4.2876,
    "gt_412.9s_f8.jpg": 3.5453,
    "gt_850.2s_f107.jpg": 3.4633
  },
  "approved_files": [
    "gt_742.8s_f84.jpg",
    "gt_597.5s_f36.jpg",
    "gt_431.4s_f41.jpg",
    "gt_412.9s_f8.jpg",
    "gt_850.2s_f107.jpg",
    "gt_310.5s_f10.jpg",
    "new_1776234533173_gt_1051.3s_f151.jpg",
    "new_1776234533173_gt_589.5s_f59.jpg",
    "new_1776234533173_gt_890.5s_f116.jpg"
  ],
  "mean_embedding": [
    0.05480261519551277,
    0.023211760446429253,
    0.04460158944129944,
    0.045949824154376984,
    -0.02334774285554886,
    0.038867656141519547,
    -0.037928540259599686,
    -0.003808523528277874,
    0.042843762785196304,
    0.03100593015551567,
    0.0020776051096618176,
    -0.050029147416353226,
    0.03909200429916382,
    0.01297500729560852,
    -0.02826216071844101,
    0.03198598697781563,
    0.028216488659381866,
    -0.013499456457793713,
    0.004142432007938623,
    -0.018867384642362595,
    -0.02813752181828022,
    0.016722040250897408,
    -0.013297291472554207,
    -0.02424779161810875,
    -0.012743324972689152,
    -0.047380514442920685,
    -0.09197146445512772,
    -0.07058023661375046,
    0.026959242299199104,
    0.03851974010467529,
    -0.015031997114419937,
    -0.0574706569314003,
    -0.004300815053284168,
    -0.02555999718606472,
    -0.02346098981797695,
    0.030680133029818535,
    -0.0662020891904831,
    -0.0073569780215620995,
    0.0040422952733933926,
    0.027181565761566162,
    0.011694243177771568,
    -0.058909863233566284,
    -0.057595085352659225,
    -0.027425415813922882,
    0.013262311927974224,
    0.03764280676841736,
    0.05556230992078781,
    0.006318925879895687,
    0.031812071800231934,
    0.018856283277273178,
    -0.00032959613599814475,
    -0.012953621335327625,
    0.029530832543969154,
    -0.033978525549173355,
    0.025045495480298996,
    -0.05057476460933685,
    0.03543265908956528,
    -0.029257746413350105,
    -0.021546587347984314,
    0.008995330892503262,
    0.06856103241443634,
    0.0031278145033866167,
    -0.03012760542333126,
    0.06859329342842102,
    0.01369599811732769,
    -0.047101862728595734,
    -0.04861414059996605,
    0.049561742693185806,
    -0.039809465408325195,
    0.02306237258017063,
    0.0071727256290614605,
    -0.02725910395383835,
    -0.030105765908956528,
    -0.05409909412264824,
    -0.05595965310931206,
    0.07767049223184586,
    0.09130511432886124,
    0.040379222482442856,
    0.09565794467926025,
    0.017642881721258163,
    -0.018609680235385895,
    -0.07432775944471359,
    0.015437973663210869,
    0.08070133626461029,
    0.007954549044370651,
    0.011358540505170822,
    0.051875997334718704,
    0.08838457614183426,
    0.01818951405584812,
    -0.06989901512861252,
    -0.09836388379335403,
    -0.06090515851974487,
    -0.006086740177124739,
    0.00026794595760293305,
    -0.021318327635526657,
    0.008576610125601292,
    -0.01438185852020979,
    -0.01417422853410244,
    0.0064873951487243176,
    -0.0505373477935791,
    -0.039129648357629776,
    0.05638366565108299,
    0.045225027948617935,
    -0.002263925038278103,
    0.08017031848430634,
    0.05716452747583389,
    0.03851109743118286,
    -0.12607036530971527,
    -0.031046032905578613,
    -0.05878186970949173,
    -0.0014837022172287107,
    0.044766463339328766,
    -0.04626034200191498,
    -0.03015461564064026,
    0.030432147905230522,
    0.040347594767808914,
    0.010610400699079037,
    0.013127148151397705,
    -0.04364198446273804,
    0.0894540548324585,
    -0.04291919991374016,
    -0.012432957999408245,
    -0.041752781718969345,
    0.011352719739079475,
    -0.018958477303385735,
    -0.06827747821807861,
    0.03889329731464386,
    -0.03183302283287048,
    -0.035578370094299316,
    -0.011565007269382477,
    0.10880537331104279,
    0.04718731343746185,
    0.018784495070576668,
    0.00481944065541029,
    -0.03517055884003639,
    0.05176704004406929,
    -0.03682543337345123,
    0.049123819917440414,
    -0.04524528235197067,
    -0.0892922505736351,
    0.07645317167043686,
    -0.014001886360347271,
    0.039610959589481354,
    -0.06637892127037048,
    -0.019001241773366928,
    -0.02806282229721546,
    0.037106361240148544,
    0.044497448951005936,
    0.002165628597140312,
    -0.012073474004864693,
    -0.04010864347219467,
    -0.057506341487169266,
    -0.0007734129903838038,
    -0.040144599974155426,
    -0.014635281637310982,
    -0.03055323101580143,
    -0.0035271807573735714,
    0.052511755377054214,
    -0.0480366013944149,
    0.11636023223400116,
    -0.00692138122394681,
    0.0572061687707901,
    0.002175369765609503,
    0.02977011539041996,
    -0.006301433313637972,
    0.014782236889004707,
    -0.019902436062693596,
    0.020229455083608627,
    -0.06085200607776642,
    0.010103195905685425,
    0.0560491681098938,
    0.05779661238193512,
    0.03620121628046036,
    0.0464705266058445,
    -0.035929493606090546,
    -0.03046800196170807,
    -0.09771960973739624,
    0.02190350368618965,
    0.050128743052482605,
    0.03368736803531647,
    0.025725943967700005,
    -0.023253584280610085,
    0.056298501789569855,
    -0.09406284242868423,
    -0.014822839759290218,
    0.018943654373288155,
    -0.036021649837493896,
    -0.004230552352964878,
    -0.02321993187069893,
    -0.07019978016614914,
    0.018893679603934288,
    -0.044713735580444336,
    -9.945556485035922e-06,
    0.008879515342414379,
    0.04065981134772301,
    -0.0949191302061081,
    0.0282392967492342,
    0.014185174368321896,
    -0.00883374735713005,
    0.023883149027824402,
    0.020293621346354485,
    -0.03063262440264225,
    -0.014916857704520226,
    0.07883711159229279,
    0.039253875613212585,
    -0.00874357856810093,
    0.04137043654918671,
    -0.021246863529086113,
    -0.010505763813853264,
    -0.009681238792836666,
    -0.03847164288163185,
    0.004243125673383474,
    -0.017787056043744087,
    -0.04290038347244263,
    0.003215253818780184,
    -0.01173789706081152,
    -0.11300943791866302,
    -0.03938297927379608,
    -0.02555607073009014,
    0.0029058149084448814,
    0.03538880869746208,
    0.05310540646314621,
    0.023378971964120865,
    -0.031248489394783974,
    0.04425182193517685,
    -0.0409281887114048,
    0.03293386101722717,
    0.09182099252939224,
    0.004483056254684925,
    -0.03212154284119606,
    -0.11529593169689178,
    0.01771681010723114,
    0.025497762486338615,
    0.006647120695561171,
    -0.0111323157325387,
    -0.0034680794924497604,
    -0.08981315046548843,
    0.007584604434669018,
    5.56675877305679e-05,
    0.019431008026003838,
    -0.035201139748096466,
    -0.005498271901160479,
    -0.07280419766902924,
    -0.008915809914469719,
    0.027473056688904762,
    0.009711348451673985,
    0.075858935713768,
    0.01420643087476492,
    0.020029451698064804,
    -0.0021318860817700624,
    0.05896357074379921,
    0.0221926998347044,
    0.06172238290309906,
    -0.020486468449234962,
    0.011830497533082962,
    -0.028809666633605957,
    0.008091552183032036,
    0.007090164814144373,
    0.05582372099161148,
    0.050595253705978394,
    0.0037080873735249043,
    -0.0616707019507885,
    -0.013313858769834042,
    -0.059480663388967514,
    -0.08158353716135025,
    -0.035508546978235245,
    -0.004878624342381954,
    -0.01165325753390789,
    0.06498593091964722,
    0.025748934596776962,
    0.016871711239218712,
    -0.023132219910621643,
    0.030091600492596626,
