{
  "embedding_files": [
    "gt_742.8s_f84.jpg",
    "gt_597.5s_f36.jpg",
    "gt_431.4s_f41.jpg",
    "gt_412.9s_f8.jpg",
    "gt_850.2s_f107.jpg"
  ],
  "backup_files": [
    "new_1776234533173_gt_1051.3s_f151.jpg",
    "gt_310.5s_f10.jpg",
    "new_1776234533173_gt_890.5s_f116.jpg",
    "new_1776234533173_gt_589.5s_f59.jpg"
  ],
  "scores": {
    "gt_742.8s_f84.jpg": 8.4461,
    "gt_431.4s_f41.jpg": 3.6743,
    "gt_310.5s_f10.jpg": 3.3946,
    "gt_597.5s_f36.jpg": 4.2876,
    "gt_412.9s_f8.jpg": 3.5453,
    "gt_850.2s_f107.jpg": 3.4633
  },
  "approved_files": [
    "gt_742.8s_f84.jpg",
    "gt_597.5s_f36.jpg",
    "gt_431.4s_f41.jpg",
    "gt_412.9s_f8.jpg",
    "gt_850.2s_f107.jpg",
    "gt_310.5s_f10.jpg",
    "new_1776234533173_gt_1051.3s_f151.jpg",
    "new_1776234533173_gt_589.5s_f59.jpg",
    "new_1776234533173_gt_890.5s_f116.jpg"
  ],
  "mean_embedding": [
    0.05634578317403793,
    0.0275566466152668,
    0.045281797647476196,
    0.042759716510772705,
    -0.01647466979920864,
    0.037558671087026596,
    -0.03426063433289528,
    -0.0017641508020460606,
    0.031112706288695335,
    0.03050161525607109,
    0.0008235800778493285,
    -0.043138545006513596,
    0.03499665856361389,
    0.010739781893789768,
    -0.020808251574635506,
    0.032895032316446304,
    0.02658264897763729,
    -0.009742839261889458,
    0.005985867697745562,
    -0.026439307257533073,
    -0.04486417397856712,
    0.01606886275112629,
    -0.0019416739232838154,
    -0.026561977341771126,
    -0.01869809813797474,
    -0.052985433489084244,
    -0.092201367020607,
    -0.06376025825738907,
    0.025752311572432518,
    0.036448702216148376,
    -0.00792539119720459,
    -0.05335737019777298,
    0.00667992327362299,
    -0.020713333040475845,
    -0.029559481889009476,
    0.03644994646310806,
    -0.05885643884539604,
    -0.0034872759133577347,
    0.0018548803636804223,
    0.04083980619907379,
    0.010235405527055264,
    -0.0635688304901123,
    -0.05786067247390747,
    -0.020524028688669205,
    0.005533874966204166,
    0.04329070821404457,
    0.05863475054502487,
    0.011537300422787666,
    0.03589926287531853,
    0.02389158494770527,
    0.005920730996876955,
    -0.008047353476285934,
    0.02310064062476158,
    -0.03429842367768288,
    0.02387932501733303,
    -0.055277805775403976,
    0.029205406084656715,
    -0.016658807173371315,
    -0.01761174015700817,
    0.016714151948690414,
    0.059612423181533813,
    0.0014496264047920704,
    -0.03482998162508011,
    0.06101900711655617,
    -0.0004168682498857379,
    -0.037566084414720535,
    -0.04724949970841408,
    0.051977045834064484,
    -0.033990975469350815,
    0.015381415374577045,
    0.0032958046067506075,
    -0.034857310354709625,
    -0.02650904469192028,
    -0.05770885571837425,
    -0.05445410683751106,
    0.06829268485307693,
    0.08754979074001312,
    0.041021086275577545,
    0.09089308232069016,
    0.03084990754723549,
    -0.03138605132699013,
    -0.07811284065246582,
    0.019452644512057304,
    0.09261050075292587,
    0.009251336567103863,
    0.005722118075937033,
    0.04495639353990555,
    0.0943557545542717,
    0.01538613997399807,
    -0.07588706165552139,
    -0.10075739771127701,
    -0.062074750661849976,
    -0.006013116333633661,
    -0.00815716665238142,
    -0.0064196502789855,
    0.021205011755228043,
    0.0005324722733348608,
    -0.021605731919407845,
    0.0030911285430192947,
    -0.045018553733825684,
    -0.03793106973171234,
    0.05969424545764923,
    0.042754027992486954,
    0.00689075468108058,
    0.07975082844495773,
    0.05670752376317978,
    0.03461459279060364,
    -0.12789995968341827,
    -0.02750294655561447,
    -0.06069904565811157,
    -0.0005053683998994529,
    0.035162266343832016,
    -0.045352619141340256,
    -0.016054177656769753,
    0.027036646381020546,
    0.04461800679564476,
    0.008290635421872139,
    0.007674739696085453,
    -0.032510388642549515,
    0.08406997472047806,
    -0.04526950791478157,
    -0.025195175781846046,
    -0.04688209667801857,
    0.012682694010436535,
    -0.016631750389933586,
    -0.0682339146733284,
    0.04368593916296959,
    -0.016777316108345985,
    -0.03401489928364754,
    -0.014627242460846901,
    0.11207465827465057,
    0.047942642122507095,
    0.017890701070427895,
    0.012098993174731731,
    -0.024459809064865112,
    0.03909844160079956,
    -0.04009878262877464,
    0.05702344700694084,
    -0.04498488828539848,
    -0.0737752616405487,
    0.07288146764039993,
    -0.020135240629315376,
    0.035864975303411484,
    -0.062416430562734604,
    -0.01888369582593441,
    -0.012153754010796547,
    0.04713772237300873,
    0.03908673673868179,
    0.007655822206288576,
    -0.012889188714325428,
    -0.040430497378110886,
    -0.06042364984750748,
    -0.015849879011511803,
    -0.04424026980996132,
    -0.018789000809192657,
    -0.045772798359394073,
    -0.004826945718377829,
    0.0334475114941597,
    -0.04014217108488083,
    0.11543704569339752,
    -0.009354052133858204,
    0.06739222258329391,
    0.0034111537970602512,
    0.03436156362295151,
    -0.005043515469878912,
    0.012141542509198189,
    -0.02644951082766056,
    0.024832185357809067,
    -0.0603327751159668,
    0.007575794123113155,
    0.07224046438932419,
    0.054643664509058,
    0.031086042523384094,
    0.05166493356227875,
    -0.04883100464940071,
    -0.020801767706871033,
    -0.0976625382900238,
    0.03336266800761223,
    0.04237427935004234,
    0.045263200998306274,
    0.02228846587240696,
    -0.025495700538158417,
    0.048049286007881165,
    -0.08912456780672073,
    -0.01111879013478756,
    0.017133712768554688,
    -0.04514564201235771,
    0.001655393629334867,
    -0.025638418272137642,
    -0.06444501131772995,
    0.014683266170322895,
    -0.05520564317703247,
    -0.006094862706959248,
    -0.00046257112990133464,
    0.04018976166844368,
    -0.09646529704332352,
    0.024299634620547295,
    0.020214444026350975,
    -0.005807959008961916,
    0.02903733029961586,
    0.022278139367699623,
    -0.033138565719127655,
    -0.007079110015183687,
    0.08887060731649399,
    0.030808575451374054,
    -0.0067217969335615635,
    0.041179947555065155,
    -0.014218875207006931,
    -0.004298114683479071,
    0.0060646128840744495,
    -0.03062867559492588,
    0.005211777985095978,
    -0.02291015163064003,
    -0.04274897277355194,
    0.0004478495102375746,
    -0.011580049991607666,
    -0.10797522962093353,
    -0.03700695186853409,
    -0.02247907593846321,
    -0.002921270439401269,
    0.032628290355205536,
    0.055512674152851105,
    0.020584160462021828,
    -0.03693827986717224,
    0.029310841113328934,
    -0.03564390540122986,
    0.03917523846030235,
    0.09686031937599182,
    -0.0032487530261278152,
    -0.03780100494623184,
    -0.11432425677776337,
    0.013864084146916866,
    0.014860374853014946,
    0.005680468864738941,
    -0.0010059636551886797,
    -8.806678670225665e-05,
    -0.08020465821027756,
    0.006387350615113974,
    0.009467202238738537,
    0.014654281549155712,
    -0.04944432154297829,
    -0.0025131767615675926,
    -0.06500228494405746,
    -0.009308377280831337,
    0.016811205074191093,
    0.012387205846607685,
    0.07569421082735062,
    0.014942878857254982,
    0.023862984031438828,
    -0.008209669962525368,
    0.04898029938340187,
    0.027920853346586227,
    0.0651068389415741,
    -0.022430917248129845,
    0.023280655965209007,
    -0.02907138504087925,
    0.0005777745973318815,
    0.0073219225741922855,
    0.04888508841395378,
    0.05697380751371384,
    -0.005473648197948933,
    -0.05038993060588837,
    -0.016022130846977234,
    -0.05972456932067871,
    -0.07798844575881958,
    -0.03701486438512802,
    -0.0252457894384861,
    -0.014867043122649193,
    0.07879116386175156,
    0.02206489071249962,
    0.013122012838721275,
    -0.01908878982067108,
    0.016669023782014847,
