{
  "embedding_files": [
    "gt_742.8s_f84.jpg",
    "gt_597.5s_f36.jpg",
    "gt_431.4s_f41.jpg",
    "gt_412.9s_f8.jpg",
    "gt_850.2s_f107.jpg"
  ],
  "backup_files": [
    "gt_310.5s_f10.jpg",
    "new_1776234533173_gt_1051.3s_f151.jpg",
    "new_1776234533173_gt_589.5s_f59.jpg",
    "new_1776234533173_gt_890.5s_f116.jpg"
  ],
  "scores": {
    "gt_742.8s_f84.jpg": 8.4461,
    "gt_431.4s_f41.jpg": 3.6743,
    "gt_310.5s_f10.jpg": 3.3946,
    "gt_597.5s_f36.jpg": 4.2876,
    "gt_412.9s_f8.jpg": 3.5453,
    "gt_850.2s_f107.jpg": 3.4633
  },
  "approved_files": [
    "gt_742.8s_f84.jpg",
    "gt_597.5s_f36.jpg",
    "gt_431.4s_f41.jpg",
    "gt_412.9s_f8.jpg",
    "gt_850.2s_f107.jpg",
    "gt_310.5s_f10.jpg",
    "new_1776234533173_gt_1051.3s_f151.jpg",
    "new_1776234533173_gt_589.5s_f59.jpg",
    "new_1776234533173_gt_890.5s_f116.jpg"
  ],
  "mean_embedding": [
    0.056348465383052826,
    0.02755126543343067,
    0.04530458152294159,
    0.04275369271636009,
    -0.01645563542842865,
    0.03756185993552208,
    -0.034256014972925186,
    -0.0017654842231422663,
    0.031115243211388588,
    0.030501658096909523,
    0.0008373640011996031,
    -0.043136246502399445,
    0.03500138968229294,
    0.010735346004366875,
    -0.020825352519750595,
    0.03288065642118454,
    0.026582594960927963,
    -0.00976372417062521,
    0.0059983511455357075,
    -0.026436714455485344,
    -0.04483714699745178,
    0.016065223142504692,
    -0.0019400183809921145,
    -0.02656920626759529,
    -0.01867356151342392,
    -0.05296187847852707,
    -0.09222663938999176,
    -0.06378068774938583,
    0.02576454170048237,
    0.03644515573978424,
    -0.007921234704554081,
    -0.05335691571235657,
    0.006696624681353569,
    -0.020733825862407684,
    -0.02957252785563469,
    0.036464665085077286,
    -0.05884447321295738,
    -0.003510894253849983,
    0.0018624598160386086,
    0.04085283353924751,
    0.010241945274174213,
    -0.06356101483106613,
    -0.057856325060129166,
    -0.020513715222477913,
    0.005522347986698151,
    0.04329534247517586,
    0.05863063037395477,
    0.011527867056429386,
    0.035921938717365265,
    0.02392396703362465,
    0.005930349230766296,
    -0.008048918098211288,
    0.023114817216992378,
    -0.03431391716003418,
    0.023862840607762337,
    -0.05529181286692619,
    0.02922152355313301,
    -0.01665768213570118,
    -0.01763784885406494,
    0.016724377870559692,
    0.05962157994508743,
    0.0014466372085735202,
    -0.03480490297079086,
    0.06099720671772957,
    -0.00042696413584053516,
    -0.037581175565719604,
    -0.04722454398870468,
    0.051963921636343,
    -0.033998530358076096,
    0.015384986996650696,
    0.003306601895019412,
    -0.03485024720430374,
    -0.02651791088283062,
    -0.05769982188940048,
    -0.05444515123963356,
    0.06831153482198715,
    0.08754165470600128,
    0.04101598262786865,
    0.09087790548801422,
    0.03081434778869152,
    -0.031382955610752106,
    -0.07811067253351212,
    0.01945527270436287,
    0.09261854737997055,
    0.009251032955944538,
    0.005716821178793907,
    0.044965069741010666,
    0.09438338130712509,
    0.015389773063361645,
    -0.07588847726583481,
    -0.10075180232524872,
    -0.06206187605857849,
    -0.005999696906656027,
    -0.008147303946316242,
    -0.006431052926927805,
    0.021213941276073456,
    0.0005241007311269641,
    -0.021596796810626984,
    0.0030906768515706062,
    -0.0450151227414608,
    -0.0379326194524765,
    0.05971110984683037,
    0.04275555536150932,
    0.006889963056892157,
    0.07975710183382034,
    0.05673699826002121,
    0.034613337367773056,
    -0.12788790464401245,
    -0.027523377910256386,
    -0.060700882226228714,
    -0.0005021736724302173,
    0.0351705402135849,
    -0.045351773500442505,
    -0.01606859639286995,
    0.027042832225561142,
    0.04460546001791954,
    0.008278688415884972,
    0.0076737613417208195,
    -0.03249439597129822,
    0.08409132808446884,
    -0.04529106616973877,
    -0.02521258406341076,
    -0.04688793793320656,
    0.012688592076301575,
    -0.016629192978143692,
    -0.06821593642234802,
    0.043681152164936066,
    -0.01677737943828106,
    -0.03398705646395683,
    -0.014635371044278145,
    0.11207256466150284,
    0.047931160777807236,
    0.017886647954583168,
    0.012116475962102413,
    -0.02446027658879757,
    0.0391262024641037,
    -0.040101535618305206,
    0.05702558159828186,
    -0.04499484598636627,
    -0.07376269996166229,
    0.0728786289691925,
    -0.02013024315237999,
    0.03586602583527565,
    -0.06240352988243103,
    -0.018908478319644928,
    -0.012145697139203548,
    0.04713238775730133,
    0.039078488945961,
    0.007669561542570591,
    -0.012899148277938366,
    -0.04042493924498558,
    -0.06041432544589043,
    -0.015850907191634178,
    -0.04422979801893234,
    -0.01878964714705944,
    -0.04576859250664711,
    -0.004809067118912935,
    0.033457156270742416,
    -0.04012615978717804,
    0.11542915552854538,
    -0.009358995594084263,
    0.06739398092031479,
    0.0034193035680800676,
    0.03435949236154556,
    -0.0050623537972569466,
    0.012143054977059364,
    -0.026449384167790413,
    0.02483808435499668,
    -0.06033095717430115,
    0.00756881944835186,
    0.07222768664360046,
    0.05465006083250046,
    0.031086193397641182,
    0.051672834903001785,
    -0.04883847385644913,
    -0.020824965089559555,
    -0.09765346348285675,
    0.03335551917552948,
    0.04237886518239975,
    0.045267876237630844,
    0.022274570539593697,
    -0.025481805205345154,
    0.048071421682834625,
    -0.08911692351102829,
    -0.011124075390398502,
    0.01714322529733181,
    -0.04513169825077057,
    0.0016534404130652547,
    -0.02564619481563568,
    -0.06444238126277924,
    0.014681655913591385,
    -0.05523836612701416,
    -0.006072535179555416,
    -0.0004672733193729073,
    0.04020913317799568,
    -0.09645745903253555,
    0.02432706579566002,
    0.020229730755090714,
    -0.005800823215395212,
    0.029042089357972145,
    0.022292153909802437,
    -0.033140167593955994,
    -0.0070868986658751965,
    0.08886253833770752,
    0.030786065384745598,
    -0.006695165764540434,
    0.0411713682115078,
    -0.014231040142476559,
    -0.004310049116611481,
    0.00604835944250226,
    -0.03064810484647751,
    0.005228203255683184,
    -0.022878926247358322,
    -0.04274957999587059,
    0.0004334149125497788,
    -0.011584140360355377,
    -0.10795750468969345,
    -0.03701026737689972,
    -0.02247559279203415,
    -0.0029152638744562864,
    0.03264816477894783,
    0.055504389107227325,
    0.0205831378698349,
    -0.036928534507751465,
    0.029308704659342766,
    -0.03565220162272453,
    0.03919287025928497,
    0.09686318039894104,
    -0.0032366758678108454,
    -0.037806082516908646,
    -0.11431906372308731,
    0.013873760588467121,
    0.014848192222416401,
    0.005665616597980261,
    -0.0010149205336347222,
    -0.00010225454025203362,
    -0.0802147313952446,
    0.006404339801520109,
    0.009470811113715172,
    0.014637296088039875,
    -0.04944045841693878,
    -0.002510514110326767,
    -0.06498062610626221,
    -0.009295927360653877,
    0.01681603491306305,
    0.01238660141825676,
    0.07570817321538925,
    0.014942819252610207,
    0.0238591730594635,
    -0.00819325353950262,
    0.048976510763168335,
    0.02792215347290039,
    0.06509732455015182,
    -0.022447245195508003,
    0.023284368216991425,
    -0.029084403067827225,
    0.0005921859992668033,
    0.007308882661163807,
    0.04890185222029686,
    0.056967832148075104,
    -0.005477418657392263,
    -0.05039916932582855,
    -0.016019726172089577,
    -0.05972219631075859,
    -0.07797208428382874,
    -0.03698612004518509,
    -0.025241443887352943,
    -0.014863385818898678,
    0.07878254354000092,
    0.022071415558457375,
    0.013122755102813244,
    -0.01908688247203827,
    0.01666213385760784,
