{
  "embedding_files": [
    "gt_140.2s_f118.jpg",
    "gt_213.3s_f174.jpg",
    "gt_102.8s_f101.jpg"
  ],
  "backup_files": [],
  "scores": {
    "gt_140.2s_f118.jpg": 28.0201,
    "gt_213.3s_f174.jpg": 4.8536,
    "gt_102.8s_f101.jpg": 3.8157
  },
  "approved_files": [
    "gt_140.2s_f118.jpg",
    "gt_213.3s_f174.jpg",
    "gt_102.8s_f101.jpg"
  ],
  "mean_embedding": [
    -0.06420401483774185,
    0.015372251160442829,
    0.02430802583694458,
    0.024926263839006424,
    -0.010046329349279404,
    0.05505393072962761,
    0.02004915475845337,
    -0.06997285038232803,
    -0.04635893553495407,
    -0.011735649779438972,
    0.010293128900229931,
    0.009512326680123806,
    -0.0585215762257576,
    0.018301401287317276,
    -0.0037614551838487387,
    -0.07489628344774246,
    -0.06675424426794052,
    0.016507413238286972,
    0.045381512492895126,
    -0.043821968138217926,
    0.029139989987015724,
    -0.02384292148053646,
    0.06878773123025894,
    -0.09951531887054443,
    0.023072322830557823,
    -0.06443154811859131,
    0.026542410254478455,
    -0.014829886145889759,
    0.06979425996541977,
    0.12527354061603546,
    -0.032045770436525345,
    -0.025029104202985764,
    0.024269510060548782,
    0.030098693445324898,
    -0.0010242818389087915,
    0.0003024146717507392,
    0.018842678517103195,
    0.0059663993306458,
    0.015379923395812511,
    -0.06201471388339996,
    0.034044038504362106,
    0.033146053552627563,
    -0.0966661125421524,
    0.046895600855350494,
    0.006049668416380882,
    -0.02728394791483879,
    0.03040638379752636,
    -0.005505033768713474,
    -0.03641238808631897,
    0.00893594790250063,
    -0.0389958880841732,
    0.008558248169720173,
    -0.016613399609923363,
    -0.002852132311090827,
    -0.059698425233364105,
    0.03262106329202652,
    0.015329127199947834,
    0.029110034927725792,
    0.027228275313973427,
    -0.018693167716264725,
    0.013216833584010601,
    0.020068727433681488,
    -0.0757473036646843,
    0.029491068795323372,
    -0.06252939254045486,
    0.009181559085845947,
    0.024593938142061234,
    0.007726689334958792,
    -0.04040884971618652,
    0.0037888390943408012,
    -0.021646421402692795,
    -0.02208610065281391,
    -0.07439204305410385,
    -0.010267641395330429,
    0.016043810173869133,
    0.023712612688541412,
    0.03891348838806152,
    0.004192577674984932,
    -0.06176495552062988,
    -0.01856423169374466,
    0.059268731623888016,
    -0.018499024212360382,
    -0.029230957850813866,
    0.04078151658177376,
    0.09204589575529099,
    0.036636073142290115,
    -0.06451720744371414,
    -0.04878300055861473,
    -0.017964905127882957,
    -0.009376125410199165,
    0.07937169820070267,
    -0.014517471194267273,
    0.009547109715640545,
    -0.022310832515358925,
    0.0033648712560534477,
    -0.058482903987169266,
    0.018502358347177505,
    0.1187530979514122,
    0.04512384906411171,
    0.018954576924443245,
    -0.010476072318851948,
    0.09545706957578659,
    0.03280205652117729,
    0.038887642323970795,
    0.0415429063141346,
    -0.009025107137858868,
    0.06661146879196167,
    -0.08099375665187836,
    -0.05882050096988678,
    0.07046487927436829,
    -0.03341798484325409,
    0.058263350278139114,
    -0.0024699640925973654,
    0.019488902762532234,
    -0.022884277626872063,
    0.008549274876713753,
    -0.046674806624650955,
    -0.03531739115715027,
    -0.01921849511563778,
    0.06043168902397156,
    -0.018156880512833595,
    0.018856283277273178,
    0.10341406613588333,
    -0.009062452241778374,
    0.011954537592828274,
    0.024492792785167694,
    -0.003846612758934498,
    -0.06080053374171257,
    -0.04028668999671936,
    0.04177242890000343,
    0.042567577213048935,
    -0.009096069261431694,
    -0.016001801937818527,
    0.0006737251533195376,
    0.01104704663157463,
    -0.006558360531926155,
    0.00804055854678154,
    0.01779913902282715,
    0.05935243144631386,
    -0.009083165787160397,
    0.040033984929323196,
    -0.010010865516960621,
    0.03170669451355934,
    -0.00041194926598109305,
    -0.009139392524957657,
    0.010485369712114334,
    0.04186420142650604,
    0.0188448466360569,
    -0.08665656298398972,
    0.0143417464569211,
    0.0129088768735528,
    -0.049640171229839325,
    -0.049651507288217545,
    -0.022258972749114037,
    0.03616832569241524,
    -0.07383859902620316,
    -0.039976924657821655,
    0.019218076020479202,
    0.04085560515522957,
    0.02578337863087654,
    -0.09381451457738876,
    -0.014662661589682102,
    -0.013230743817985058,
    -0.01598384417593479,
    -0.024265574291348457,
    -0.013663742691278458,
    -0.021643687039613724,
    -0.10830839723348618,
    -0.07592730969190598,
    -0.01680503785610199,
    0.05076626315712929,
    0.02192646823823452,
    -0.016925930976867676,
    0.008279317058622837,
    0.05087650194764137,
    -0.054471615701913834,
    -0.02256467565894127,
    0.0009397186804562807,
    -0.0197360347956419,
    -0.0028401610907167196,
    -0.033879105001688004,
    -0.039591334760189056,
    -0.003248936263844371,
    -0.03439546003937721,
    -0.07358444482088089,
    -0.04081778973340988,
    0.026383493095636368,
    -0.01577392965555191,
    -0.0002943896397482604,
    0.03022313490509987,
    -0.00718280952423811,
    0.07017643749713898,
    0.004949389491230249,
    0.042093146592378616,
    0.022267205640673637,
    -0.03325019031763077,
    0.0021854217629879713,
    -0.029847731813788414,
    -0.04034370556473732,
    -0.0021275037433952093,
    0.024138417094945908,
    -0.09610826522111893,
    -0.07424478232860565,
    -0.019210433587431908,
    0.03667077422142029,
    3.6538478980219224e-06,
    0.03349258005619049,
    0.054229412227869034,
    -0.08837229758501053,
    -0.025341417640447617,
    0.03779338672757149,
    -0.007346027065068483,
    -0.010212617926299572,
    0.03442150354385376,
    -0.04617077857255936,
    0.02231372706592083,
    -0.015829049050807953,
    0.0038620363920927048,
    0.027636272832751274,
    -0.04358935356140137,
    -0.0186538714915514,
    0.04942753165960312,
    0.03068782016634941,
    -0.026780173182487488,
    -0.016688672825694084,
    0.06353747099637985,
    0.0026831659488379955,
    0.029640475288033485,
    0.03899582847952843,
    0.03211597725749016,
    0.04130322113633156,
    0.03841961547732353,
    0.05419602990150452,
    -0.045295100659132004,
    -0.006560582667589188,
    0.028063558042049408,
    0.05081196874380112,
    -0.018873807042837143,
    -0.010195192880928516,
    -0.004953875672072172,
    0.08231401443481445,
    -0.040681157261133194,
    -0.04482418671250343,
    0.024280456826090813,
    0.07118640840053558,
    -0.02867847867310047,
    0.020509200170636177,
    0.10866137593984604,
    -0.09316183626651764,
    0.005236582364886999,
    0.02118576690554619,
    -0.08025871962308884,
    -0.015798011794686317,
    0.007609759923070669,
    0.01610538177192211,
    0.05231219902634621,
    -0.010586128570139408,
    -0.026450209319591522,
    0.021102212369441986,
    0.047801341861486435,
    0.056715354323387146,
    -0.017268361523747444,
    0.0282298494130373,
    -0.015150394290685654,
    -0.06567510962486267,
    -0.022142352536320686,
    0.00713769719004631,
    -0.06699717044830322,
    0.017413010820746422,
    -0.038784805685281754,
    -0.002311087679117918,
    -6.224689423106611e-05,
    0.033076368272304535,
    0.01692568138241768,
    0.03855621814727783,
    0.023497523739933968,
    -0.03786042332649231,
    0.04382724687457085,
    0.04978924244642258,
    -0.08905301243066788,
    0.041292477399110794,
    0.02357824519276619,
    0.04884720221161842,
    0.02433522790670395,
    -0.033191002905368805,
    -0.01264831330627203,
    -0.047975216060876846,
    0.06678060442209244,
    -0.01348079927265644,
    0.01134101115167141,
    0.0037564632948487997,
    0.03715609759092331,
