{
  "embedding_files": [
    "gt_750.2s_f143.jpg",
    "gt_300.2s_f30.jpg",
    "gt_499.6s_f83.jpg",
    "gt_399.0s_f55.jpg",
    "gt_658.0s_f120.jpg"
  ],
  "backup_files": [],
  "scores": {
    "gt_300.2s_f30.jpg": 14.0491,
    "gt_499.6s_f83.jpg": 10.9848,
    "gt_399.0s_f55.jpg": 5.2923,
    "gt_658.0s_f120.jpg": 3.8039,
    "gt_750.2s_f143.jpg": 16.4664
  },
  "approved_files": [
    "gt_750.2s_f143.jpg",
    "gt_300.2s_f30.jpg",
    "gt_499.6s_f83.jpg",
    "gt_399.0s_f55.jpg",
    "gt_658.0s_f120.jpg"
  ],
  "mean_embedding": [
    -0.026088804006576538,
    -0.0323714055120945,
    -0.03567105531692505,
    0.0543765053153038,
    -0.009722820483148098,
    0.058276984840631485,
    -0.020646652206778526,
    0.0018284227699041367,
    -0.038173772394657135,
    -0.04823274537920952,
    0.14578932523727417,
    -0.010699469596147537,
    -0.028783993795514107,
    0.0427374392747879,
    -0.05519464612007141,
    0.009844791144132614,
    -0.03790278360247612,
    -0.07908409833908081,
    0.009580453857779503,
    -0.006918380036950111,
    0.023539196699857712,
    -0.08956721425056458,
    0.014022750779986382,
    0.031946245580911636,
    -0.060537319630384445,
    -0.0336686335504055,
    0.010044529102742672,
    -0.09768185019493103,
    0.02146763727068901,
    -0.034469783306121826,
    -0.032349780201911926,
    -0.02329445071518421,
    -0.06443937122821808,
    0.04160147160291672,
    -0.019901813939213753,
    0.019552038982510567,
    -0.06603500992059708,
    -0.041094038635492325,
    -0.023613641038537025,
    0.0016906611854210496,
    0.01039413083344698,
    -0.013914086855947971,
    -0.03032698854804039,
    0.0007765680202282965,
    0.02243083342909813,
    0.033817097544670105,
    -0.023861553519964218,
    0.029109405353665352,
    -0.0045311483554542065,
    0.06805793195962906,
    0.0172524806112051,
    0.026298414915800095,
    -0.043402984738349915,
    0.028019320219755173,
    -0.03799477964639664,
    -0.012035571038722992,
    -0.008141524158418179,
    -0.011685163713991642,
    0.08284879475831985,
    -0.07046328485012054,
    0.016985813155770302,
    -0.03343521058559418,
    -0.00657627684995532,
    0.017800461500883102,
    0.031460899859666824,
    -0.00757913663983345,
    -0.03698936477303505,
    0.0015678491909056902,
    0.046194128692150116,
    -0.04478941857814789,
    0.06557130068540573,
    0.030889268964529037,
    0.044242873787879944,
    0.007088466081768274,
    0.03633570298552513,
    -0.005218369886279106,
    0.035295937210321426,
    0.046900540590286255,
    0.02676122635602951,
    0.005540887359529734,
    0.00902938935905695,
    -0.049310192465782166,
    0.07491464912891388,
    -0.0856333002448082,
    -0.06185939162969589,
    0.04586053639650345,
    -0.05299073085188866,
    -0.012617246247828007,
    -0.0020931893959641457,
    -0.028218543156981468,
    0.10021736472845078,
    0.023319650441408157,
    0.06381120532751083,
    -0.06324119865894318,
    -0.03835802525281906,
    -0.055220481008291245,
    -0.03696763142943382,
    -0.11353117227554321,
    0.004042759072035551,
    0.05173876881599426,
    -0.013026183471083641,
    0.007090555038303137,
    0.08840981125831604,
    0.105168417096138,
    0.017954815179109573,
    0.029068415984511375,
    -0.06386689841747284,
    0.002734606619924307,
    0.0790087878704071,
    0.022531816735863686,
    -0.05308961123228073,
    -0.05562497302889824,
    0.06432387977838516,
    -0.029108794406056404,
    -0.0024808209855109453,
    -0.02807128056883812,
    0.0527375265955925,
    0.024280216544866562,
    -0.02125817909836769,
    -0.06797533482313156,
    -0.01929653063416481,
    0.020042961463332176,
    0.04538538679480553,
    0.02567255310714245,
    -0.019381998106837273,
    0.02479935996234417,
    -0.06337668746709824,
    -0.013346987776458263,
    -0.0036770415026694536,
    0.0013892806600779295,
    -0.0890481173992157,
    -0.0820508673787117,
    -0.03748345375061035,
    0.05957457423210144,
    -0.018761303275823593,
    0.0019184412667527795,
    -0.034268997609615326,
    -0.052522629499435425,
    0.0094691701233387,
    -0.052973952144384384,
    -0.029088160023093224,
    -0.04670381918549538,
    -0.011085434816777706,
    0.0030413824133574963,
    -0.04324876144528389,
    -0.007474047131836414,
    -0.02281450852751732,
    0.0033013327047228813,
    0.0016724863089621067,
    0.09264365583658218,
    -0.031400371342897415,
    -0.037005968391895294,
    -0.026014231145381927,
    -0.003941412083804607,
    0.06779094785451889,
    -0.02158079482614994,
    0.015763087198138237,
    0.0015656051691621542,
    -0.04085158556699753,
    -0.006281028501689434,
    0.008177457377314568,
    0.023060517385601997,
    0.01613076590001583,
    0.016406234353780746,
    0.04895683377981186,
    -0.02843526192009449,
    -0.05286853760480881,
    0.05784743279218674,
    -0.008069797419011593,
    -0.018002323806285858,
    0.003428458236157894,
    0.00035814696457237005,
    -0.02790866605937481,
    0.05739033222198486,
    0.016718363389372826,
    -0.023550808429718018,
    0.03262743726372719,
    0.022402482107281685,
    0.12121737003326416,
    0.045057520270347595,
    -0.05558747425675392,
    0.006825294345617294,
    -0.04706718772649765,
    -0.012565651908516884,
    0.08370121568441391,
    0.035434119403362274,
    0.05496332794427872,
    -0.006087730173021555,
    0.08846841752529144,
    0.029178975149989128,
    -0.09937310218811035,
    0.016552669927477837,
    -0.09621302783489227,
    0.10005997866392136,
    0.015430375933647156,
    -0.034487612545490265,
    0.06531114131212234,
    -0.03425901383161545,
    -0.02128458395600319,
    -0.03312976658344269,
    0.053454913198947906,
    -0.004265391733497381,
    -0.07502232491970062,
    -0.029333466663956642,
    0.0303866695612669,
    -0.020342784002423286,
    0.003199690952897072,
    -0.00678267190232873,
    -0.07528124749660492,
    -0.008576596155762672,
    0.10946597903966904,
    0.02136330120265484,
    0.020534837618470192,
    -0.03428526222705841,
    -0.08736953139305115,
    -0.0013570906594395638,
    -0.01130123995244503,
    0.03798017278313637,
    0.03605174273252487,
    -0.06667260825634003,
    0.005653157364577055,
    -0.048606980592012405,
    0.07082701474428177,
    0.004219706170260906,
    0.057925838977098465,
    -0.008318889886140823,
    -0.016224518418312073,
    0.04246608540415764,
    -0.024393176659941673,
    -0.026541059836745262,
    -0.0708739161491394,
    -0.024405263364315033,
    0.04768016189336777,
    0.06607837229967117,
    0.02495560608804226,
    -0.0028134863823652267,
    0.03550601750612259,
    0.019209153950214386,
    0.04099801927804947,
    0.008011055178940296,
    0.007188756484538317,
    -0.052568696439266205,
    0.05359741672873497,
    -0.07122141122817993,
    0.02363361418247223,
    -0.05254145711660385,
    -0.0053539094515144825,
    -0.0034166527912020683,
    0.02375480905175209,
    -0.08304893970489502,
    0.06686057895421982,
    -0.04397580027580261,
    -0.00541406124830246,
    0.0033941378351300955,
    -0.06008166819810867,
    0.021279122680425644,
    -0.016105521470308304,
    -0.009020362049341202,
    0.013309665024280548,
    0.006496414076536894,
    0.0077141933143138885,
    -0.05538000166416168,
    -0.01014762744307518,
    0.032036468386650085,
    0.03454181179404259,
    0.0081724151968956,
    -0.0074322521686553955,
    -0.1157461404800415,
    0.06126616150140762,
    0.02974860556423664,
    -0.02652260661125183,
    -0.033086370676755905,
    -0.024511732161045074,
    0.0186470840126276,
    0.013682279735803604,
    0.02726871706545353,
    -0.008704849518835545,
    -0.0014684839406982064,
    0.06454579532146454,
    -0.05714403837919235,
    -0.09474682807922363,
    0.03170038387179375,
    -0.0035037328489124775,
    7.168632873799652e-05,
    -0.048092786222696304,
    -0.03235527500510216,
