{
  "embedding_files": [
    "gt_750.2s_f143.jpg",
    "gt_300.2s_f30.jpg",
    "gt_499.6s_f83.jpg",
    "gt_399.0s_f55.jpg",
    "gt_658.0s_f120.jpg"
  ],
  "backup_files": [],
  "scores": {
    "gt_300.2s_f30.jpg": 14.0491,
    "gt_499.6s_f83.jpg": 10.9848,
    "gt_399.0s_f55.jpg": 5.2923,
    "gt_658.0s_f120.jpg": 3.8039,
    "gt_750.2s_f143.jpg": 16.4664
  },
  "approved_files": [
    "gt_750.2s_f143.jpg",
    "gt_300.2s_f30.jpg",
    "gt_499.6s_f83.jpg",
    "gt_399.0s_f55.jpg",
    "gt_658.0s_f120.jpg"
  ],
  "mean_embedding": [
    -0.042081210762262344,
    -0.029362155124545097,
    -0.02306530438363552,
    0.06539323180913925,
    -0.029200507327914238,
    0.07055127620697021,
    -0.02050631307065487,
    -0.0004585132119245827,
    -0.04510112479329109,
    -0.05516647547483444,
    0.16279274225234985,
    -0.016666138544678688,
    -0.04003049433231354,
    0.03204056993126869,
    -0.051852259784936905,
    0.010208862833678722,
    -0.027408011257648468,
    -0.08054017275571823,
    -0.003076597349718213,
    -0.016154754906892776,
    0.0356532521545887,
    -0.1019878089427948,
    0.02232329733669758,
    0.0510394461452961,
    -0.048476945608854294,
    -0.008506067097187042,
    -0.005553428549319506,
    -0.10335621982812881,
    0.005481795873492956,
    -0.027928339317440987,
    -0.023904602974653244,
    -0.02824266254901886,
    -0.06551909446716309,
    0.019386399537324905,
    -0.02480565384030342,
    0.006501935422420502,
    -0.06553162634372711,
    -0.018005607649683952,
    -0.036294445395469666,
    0.014141302555799484,
    0.028502658009529114,
    -0.02954707108438015,
    -0.025207793340086937,
    -0.0061321682296693325,
    0.028684059157967567,
    0.03229979798197746,
    -0.031485334038734436,
    0.027750130742788315,
    -0.025268808007240295,
    0.053388286381959915,
    0.0031518470495939255,
    0.02444107085466385,
    -0.05379829183220863,
    0.05301574617624283,
    -0.04012598097324371,
    -0.019406668841838837,
    0.009502493776381016,
    -0.015842009335756302,
    0.08057047426700592,
    -0.04799932613968849,
    0.026127977296710014,
    -0.03543538227677345,
    -0.00987808033823967,
    0.014855880290269852,
    0.04995008185505867,
    -0.030343208461999893,
    -0.02165445126593113,
    0.0036656169686466455,
    0.045198652893304825,
    -0.05737893655896187,
    0.05908844619989395,
    0.043763380497694016,
    0.032489001750946045,
    -0.007519921753555536,
    0.026601014658808708,
    -0.002898996928706765,
    0.041276976466178894,
    0.044321250170469284,
    0.0408807098865509,
    0.009696499444544315,
    -0.013971899636089802,
    -0.03957125544548035,
    0.07030019909143448,
    -0.07394251227378845,
    -0.07778355479240417,
    0.051453668624162674,
    -0.04592716321349144,
    -0.02170013263821602,
    0.005681237671524286,
    -0.03311492130160332,
    0.09947782754898071,
    0.02371928095817566,
    0.06247160583734512,
    -0.0628398209810257,
    -0.016625210642814636,
    -0.0676860585808754,
    -0.034918032586574554,
    -0.09359721839427948,
    0.0038233010563999414,
    0.053892847150564194,
    -0.02114054746925831,
    0.0033747220877557993,
    0.09186169505119324,
    0.10819633305072784,
    0.023946044966578484,
    0.027860566973686218,
    -0.0635928213596344,
    0.006989817135035992,
    0.06634657829999924,
    0.016892606392502785,
    -0.06266779452562332,
    -0.07673293352127075,
    0.04060771316289902,
    -0.013370489701628685,
    -0.00928697269409895,
    -0.03439493104815483,
    0.04240715131163597,
    0.018646804615855217,
    -0.019713230431079865,
    -0.0692189484834671,
    -0.017568612471222878,
    0.003479992039501667,
    0.04550350457429886,
    0.02510346658527851,
    0.010178063064813614,
    -0.0017837397754192352,
    -0.05184001475572586,
    -0.01532350480556488,
    -0.0053197420202195644,
    -0.027042457833886147,
    -0.06349578499794006,
    -0.08002520352602005,
    -0.05115574598312378,
    0.04349195212125778,
    -0.011314881965517998,
    0.011981341056525707,
    -0.022363316267728806,
    -0.06341200321912766,
    0.012045352719724178,
    -0.04735643416643143,
    -0.023575250059366226,
    -0.0518873929977417,
    0.0001653746294323355,
    -0.0008412810857407749,
    -0.02913319505751133,
    -0.010577470064163208,
    -0.030433833599090576,
    -0.015020275488495827,
    -0.009227810427546501,
    0.08074874430894852,
    -0.005347751546651125,
    -0.02177460305392742,
    -0.017537232488393784,
    -0.0005234029958955944,
    0.05712384730577469,
    -0.02100631594657898,
    0.02752799168229103,
    -0.021929701790213585,
    -0.03769860416650772,
    0.0006689473520964384,
    -0.008960040286183357,
    0.017362520098686218,
    0.017420737072825432,
    0.005059210583567619,
    0.04683239758014679,
    -0.017261216416954994,
    -0.05538686737418175,
    0.040743980556726456,
    -0.012317623011767864,
    -0.012937933206558228,
    -0.0016536741750314832,
    0.007070843130350113,
    -0.016536330804228783,
    0.05830303207039833,
    0.027813514694571495,
    -0.013769818469882011,
    0.027187932282686234,
    0.024903880432248116,
    0.11368400603532791,
    0.03965979069471359,
    -0.054329756647348404,
    0.011750096455216408,
    -0.03465539962053299,
    0.008808588609099388,
    0.07518250495195389,
    0.02293047122657299,
    0.0546254888176918,
    -0.03165865316987038,
    0.06890439242124557,
    0.018893759697675705,
    -0.09141071140766144,
    0.014634139835834503,
    -0.09836836904287338,
    0.09878694266080856,
    0.0004151848261244595,
    -0.03696366026997566,
    0.08081495761871338,
    -0.0379180870950222,
    -0.015548983588814735,
    -0.01061281654983759,
    0.04515368118882179,
    0.007813462056219578,
    -0.06362134963274002,
    -0.028129812330007553,
    0.02126624621450901,
    -0.015370381996035576,
    -0.018853142857551575,
    -0.004322754684835672,
    -0.07486101984977722,
    -0.017216311767697334,
    0.11060353368520737,
    0.022873926907777786,
    0.0398012213408947,
    -0.0498257614672184,
    -0.11573514342308044,
    -0.014021412469446659,
    -0.011452561244368553,
    0.04399021714925766,
    0.02839488536119461,
    -0.07736081629991531,
    -0.0021875305101275444,
    -0.06638377904891968,
    0.07878051698207855,
    -0.005203626584261656,
    0.04100608080625534,
    0.00826744269579649,
    -0.036939483135938644,
    0.044065386056900024,
    -0.03294330835342407,
    -0.013321630656719208,
    -0.06791898608207703,
    -0.015314692631363869,
    0.06374400109052658,
    0.06290079653263092,
    0.040044043213129044,
    0.004408212378621101,
    0.03770485520362854,
    0.02361641637980938,
    0.04981679469347,
    0.002795443870127201,
    -0.004090060945600271,
    -0.03788378834724426,
    0.02567223086953163,
    -0.06839561462402344,
    0.01918979547917843,
    -0.01451847143471241,
    -0.02327008545398712,
    0.019865691661834717,
    0.039139118045568466,
    -0.09857740253210068,
    0.06904817372560501,
    -0.039023805409669876,
    0.0058443425223231316,
    0.014920462854206562,
    -0.06371534615755081,
    0.0170692577958107,
    -0.05046749487519264,
    -0.00651015667244792,
    0.030409298837184906,
    0.026141103357076645,
    0.006818633526563644,
    -0.03771393746137619,
    -0.02442971058189869,
    0.028993362560868263,
    0.03520430624485016,
    0.00937933661043644,
    0.02852565236389637,
    -0.11140994727611542,
    0.053850557655096054,
    0.011975902132689953,
    -0.02770138345658779,
    -0.03714505955576897,
    -0.010038959793746471,
    0.04349531978368759,
    -0.0030626964289695024,
    0.039776403456926346,
    -0.021992893889546394,
    -0.024285204708576202,
    0.0385153666138649,
    -0.05893969535827637,
    -0.07812722027301788,
    0.022673185914754868,
    -0.020727625116705894,
    -0.012840816751122475,
    -0.05554147809743881,
    -0.03390709310770035,
