{
  "embedding_files": [
    "gt_750.2s_f143.jpg",
    "gt_300.2s_f30.jpg",
    "gt_499.6s_f83.jpg",
    "gt_399.0s_f55.jpg",
    "gt_658.0s_f120.jpg"
  ],
  "backup_files": [],
  "scores": {
    "gt_300.2s_f30.jpg": 14.0491,
    "gt_499.6s_f83.jpg": 10.9848,
    "gt_399.0s_f55.jpg": 5.2923,
    "gt_658.0s_f120.jpg": 3.8039,
    "gt_750.2s_f143.jpg": 16.4664
  },
  "approved_files": [
    "gt_750.2s_f143.jpg",
    "gt_300.2s_f30.jpg",
    "gt_499.6s_f83.jpg",
    "gt_399.0s_f55.jpg",
    "gt_658.0s_f120.jpg"
  ],
  "mean_embedding": [
    -0.04208073019981384,
    -0.029360003769397736,
    -0.023053845390677452,
    0.06539435684680939,
    -0.02918604388833046,
    0.07054471969604492,
    -0.020507320761680603,
    -0.00045397510984912515,
    -0.045095570385456085,
    -0.05515523999929428,
    0.16278931498527527,
    -0.016665218397974968,
    -0.04004393517971039,
    0.0320124477148056,
    -0.051851119846105576,
    0.01019199937582016,
    -0.027420662343502045,
    -0.08054482936859131,
    -0.0031048189848661423,
    -0.016162710264325142,
    0.0356321781873703,
    -0.10199915617704391,
    0.022329056635499,
    0.05103813484311104,
    -0.04848437011241913,
    -0.00850936584174633,
    -0.005572538357228041,
    -0.10334920883178711,
    0.005483880173414946,
    -0.027929140254855156,
    -0.023916643112897873,
    -0.02824285440146923,
    -0.06551577895879745,
    0.019374843686819077,
    -0.024804843589663506,
    0.00650382973253727,
    -0.06552277505397797,
    -0.018013544380664825,
    -0.03631051629781723,
    0.014141433872282505,
    0.028505874797701836,
    -0.02955734170973301,
    -0.025223620235919952,
    -0.006139625329524279,
    0.028681999072432518,
    0.03232666850090027,
    -0.03147837147116661,
    0.02776128053665161,
    -0.02526984177529812,
    0.05338865518569946,
    0.003176123835146427,
    0.024435095489025116,
    -0.05378872901201248,
    0.053037069737911224,
    -0.04015044867992401,
    -0.019412316381931305,
    0.009486107155680656,
    -0.015831544995307922,
    0.0805569514632225,
    -0.04800096154212952,
    0.026122387498617172,
    -0.03542335703969002,
    -0.009898326359689236,
    0.014865672215819359,
    0.04993727058172226,
    -0.03035246767103672,
    -0.021654712036252022,
    0.0036508918274194,
    0.04518744722008705,
    -0.05739346146583557,
    0.05909497290849686,
    0.043769218027591705,
    0.032471153885126114,
    -0.007527644746005535,
    0.02659659832715988,
    -0.0029030574951320887,
    0.041269127279520035,
    0.04433530196547508,
    0.04089014232158661,
    0.009683099575340748,
    -0.013972306624054909,
    -0.039564166218042374,
    0.07028535008430481,
    -0.07395168393850327,
    -0.07779832184314728,
    0.05146873742341995,
    -0.045924097299575806,
    -0.021714596077799797,
    0.0056632873602211475,
    -0.033104587346315384,
    0.09948647767305374,
    0.023719709366559982,
    0.062486451119184494,
    -0.06282050907611847,
    -0.016616379842162132,
    -0.06768698245286942,
    -0.03491530939936638,
    -0.09361454844474792,
    0.0038119545206427574,
    0.05388959124684334,
    -0.021140147000551224,
    0.003376422915607691,
    0.09185007214546204,
    0.10818532854318619,
    0.023932749405503273,
    0.02785320021212101,
    -0.06359155476093292,
    0.0070091113448143005,
    0.0663469210267067,
    0.01689712330698967,
    -0.06266435980796814,
    -0.07674223184585571,
    0.04062150418758392,
    -0.013376571238040924,
    -0.0093189412727952,
    -0.03439681604504585,
    0.04240911453962326,
    0.018634870648384094,
    -0.01973099634051323,
    -0.06922028958797455,
    -0.017573438584804535,
    0.0034682205878198147,
    0.04550880193710327,
    0.025077752768993378,
    0.010188465006649494,
    -0.001782134990207851,
    -0.05182856321334839,
    -0.015330273658037186,
    -0.005330647341907024,
    -0.027038278058171272,
    -0.06349139660596848,
    -0.08004040271043777,
    -0.05114518478512764,
    0.043503351509571075,
    -0.011308310553431511,
    0.011985542252659798,
    -0.022380486130714417,
    -0.06340201944112778,
    0.01204077061265707,
    -0.04734563082456589,
    -0.023590385913848877,
    -0.05187169834971428,
    0.00016276483074761927,
    -0.000871432654093951,
    -0.029147248715162277,
    -0.010591232217848301,
    -0.03044842928647995,
    -0.015004943124949932,
    -0.009237952530384064,
    0.08074331283569336,
    -0.005354982800781727,
    -0.0217816811054945,
    -0.01753973588347435,
    -0.0005177637212909758,
    0.0571104921400547,
    -0.021016115322709084,
    0.027522213757038116,
    -0.021945588290691376,
    -0.03771460801362991,
    0.0006812588544562459,
    -0.008965316228568554,
    0.017355505377054214,
    0.01743452437222004,
    0.005059955175966024,
    0.046844564378261566,
    -0.017246760427951813,
    -0.05539264529943466,
    0.04073542729020119,
    -0.012313716113567352,
    -0.012956185266375542,
    -0.0016539953649044037,
    0.0070699043571949005,
    -0.016563473269343376,
    0.05828941985964775,
    0.027830686420202255,
    -0.013771157711744308,
    0.02719169296324253,
    0.02490275353193283,
    0.11367153376340866,
    0.03963564336299896,
    -0.05432352051138878,
    0.011756659485399723,
    -0.03465976193547249,
    0.008832170628011227,
    0.07519175857305527,
    0.022928552702069283,
    0.054606541991233826,
    -0.03163794055581093,
    0.0689084529876709,
    0.01891133189201355,
    -0.0914035439491272,
    0.014621821232140064,
    -0.09837467223405838,
    0.09880410879850388,
    0.0004264087474439293,
    -0.036953095346689224,
    0.08080468326807022,
    -0.0379222109913826,
    -0.015529888682067394,
    -0.010605982504785061,
    0.04515592008829117,
    0.007830462418496609,
    -0.06363221257925034,
    -0.028143420815467834,
    0.021261118352413177,
    -0.015379144810140133,
    -0.0188467837870121,
    -0.004310740623623133,
    -0.07487483322620392,
    -0.01721884310245514,
    0.11060580611228943,
    0.0228640828281641,
    0.03979045897722244,
    -0.049809545278549194,
    -0.11571389436721802,
    -0.01399385929107666,
    -0.011456706561148167,
    0.04399874061346054,
    0.028408233076334,
    -0.07734715193510056,
    -0.002202726202085614,
    -0.06637450307607651,
    0.07878490537405014,
    -0.005194120574742556,
    0.04100784659385681,
    0.008275135420262814,
    -0.03695397078990936,
    0.04407769441604614,
    -0.03296264633536339,
    -0.01330135203897953,
    -0.06793884932994843,
    -0.015304818749427795,
    0.0637410506606102,
    0.06290227919816971,
    0.04004804044961929,
    0.004408764652907848,
    0.03769794479012489,
    0.02362263761460781,
    0.049810994416475296,
    0.0028152295853942633,
    -0.004096093121916056,
    -0.03788396343588829,
    0.025690767914056778,
    -0.06840291619300842,
    0.01918131485581398,
    -0.014515147544443607,
    -0.02329060062766075,
    0.019861893728375435,
    0.0391479916870594,
    -0.09860128164291382,
    0.06904344260692596,
    -0.03904860094189644,
    0.00585848418995738,
    0.014912904240190983,
    -0.0637022852897644,
    0.017050402238965034,
    -0.050443653017282486,
    -0.006504521705210209,
    0.030412737280130386,
    0.026141276583075523,
    0.0068223667331039906,
    -0.037712566554546356,
    -0.02444004826247692,
    0.029000174254179,
    0.03520646691322327,
    0.00937945581972599,
    0.028528038412332535,
    -0.11139626801013947,
    0.05385313555598259,
    0.011979566887021065,
    -0.027705805376172066,
    -0.03715354576706886,
    -0.010010737925767899,
    0.043497562408447266,
    -0.0030589455273002386,
    0.03978384658694267,
    -0.022000795230269432,
    -0.02429787628352642,
    0.03851177915930748,
    -0.05893956869840622,
    -0.07812809199094772,
    0.022669527679681778,
    -0.020730813965201378,
    -0.012849101796746254,
    -0.05555099621415138,
    -0.033909741789102554,
