{
  "embedding_files": [
    "new_1776234315246_gt_503.3s_f70.jpg",
    "new_1776234315246_gt_184.5s_f35.jpg",
    "new_1776234315246_gt_2.1s_f19.jpg",
    "new_1776234315246_gt_383.1s_f58.jpg",
    "gt_105.3s_f73.jpg",
    "gt_215.4s_f16.jpg",
    "gt_104.1s_f48.jpg",
    "gt_107.2s_f63.jpg",
    "gt_248.1s_f35.jpg",
    "gt_54.7s_f12.jpg",
    "gt_73.2s_f14.jpg",
    "gt_73.5s_f23.jpg",
    "gt_87.6s_f39.jpg",
    "gt_90.6s_f2.jpg",
    "gt_91.9s_f42.jpg"
  ],
  "backup_files": [],
  "scores": {
    "gt_105.3s_f73.jpg": 77.2414,
    "gt_73.5s_f23.jpg": 29.8756,
    "gt_54.7s_f12.jpg": 27.8003,
    "new_1776234315246_gt_184.5s_f35.jpg": 311.7691,
    "new_1776234315246_gt_2.1s_f19.jpg": 115.8836,
    "new_1776234315246_gt_383.1s_f58.jpg": 98.6819,
    "new_1776234315246_gt_503.3s_f70.jpg": 314.6427,
    "gt_104.1s_f48.jpg": 28.4613,
    "gt_87.6s_f39.jpg": 24.8968,
    "gt_90.6s_f2.jpg": 21.7172
  },
  "approved_files": [
    "new_1776234315246_gt_184.5s_f35.jpg",
    "new_1776234315246_gt_2.1s_f19.jpg",
    "new_1776234315246_gt_383.1s_f58.jpg",
    "new_1776234315246_gt_503.3s_f70.jpg",
    "gt_215.4s_f16.jpg",
    "gt_104.1s_f48.jpg",
    "gt_105.3s_f73.jpg",
    "gt_107.2s_f63.jpg",
    "gt_248.1s_f35.jpg",
    "gt_54.7s_f12.jpg",
    "gt_73.2s_f14.jpg",
    "gt_73.5s_f23.jpg",
    "gt_87.6s_f39.jpg",
    "gt_90.6s_f2.jpg",
    "gt_91.9s_f42.jpg"
  ],
  "mean_embedding": [
    -0.04422202706336975,
    -0.01161402277648449,
    0.019180571660399437,
    -0.02246689610183239,
    0.08731913566589355,
    -0.010119539685547352,
    0.042380429804325104,
    0.03525027260184288,
    0.00015867355978116393,
    -0.04818955436348915,
    -0.08720310032367706,
    -0.044187817722558975,
    0.05769137665629387,
    0.01435895450413227,
    0.05810140445828438,
    -0.00512566976249218,
    0.03429749980568886,
    0.06316743791103363,
    -0.03461326286196709,
    0.009468132629990578,
    0.005088665056973696,
    -0.03839360922574997,
    0.10305657237768173,
    -0.0260540172457695,
    0.0743904709815979,
    -0.03440166637301445,
    -0.03595024719834328,
    -0.02488735318183899,
    0.037527695298194885,
    -0.005198672413825989,
    -0.0145979980006814,
    -0.00939352996647358,
    0.020694082602858543,
    0.013167151249945164,
    0.009517748840153217,
    -0.03467029705643654,
    -0.029851194471120834,
    -0.1146484762430191,
    0.08319516479969025,
    0.047391828149557114,
    -0.0042532868683338165,
    -0.025839829817414284,
    -0.014239281415939331,
    -0.06608269363641739,
    0.04583325237035751,
    -0.017234278842806816,
    0.005209778435528278,
    0.06880562752485275,
    0.012891771271824837,
    -0.06519796699285507,
    0.013788766227662563,
    0.026265311986207962,
    -0.01332741416990757,
    -0.09175460785627365,
    0.03150050714612007,
    0.057973891496658325,
    -0.015470892190933228,
    -0.003983922768384218,
    0.03662247210741043,
    -0.024703383445739746,
    -0.0042633311823010445,
    -0.11745747178792953,
    -0.09649427235126495,
    -0.03303077444434166,
    0.021761693060398102,
    -0.06524702161550522,
    -0.0568866953253746,
    0.003958015237003565,
    0.0900597795844078,
    -0.044400833547115326,
    0.016644706949591637,
    -0.033665720373392105,
    0.003506215987727046,
    0.01566809043288231,
    -0.11267849057912827,
    -0.050489239394664764,
    0.017359020188450813,
    -0.02965490333735943,
    0.03809717297554016,
    0.0695592388510704,
    0.049780502915382385,
    0.0676237940788269,
    0.07361137866973877,
    -0.016191786155104637,
    0.07670977711677551,
    -0.111370749771595,
    0.014601508155465126,
    -0.06525057554244995,
    -0.011230305768549442,
    -0.03368481993675232,
    0.01758497767150402,
    0.030367784202098846,
    -0.07900179922580719,
    0.04038722813129425,
    0.014732953161001205,
    0.05756519362330437,
    -0.00699189305305481,
    0.08608680963516235,
    -0.004283631220459938,
    -0.036430202424526215,
    0.0019005617359653115,
    0.03669548034667969,
    0.02261062152683735,
    0.02484014257788658,
    -0.040323153138160706,
    0.029027152806520462,
    -0.07485289871692657,
    -0.0621325746178627,
    0.0651346743106842,
    -0.00965790543705225,
    0.0030682291835546494,
    -0.0695883110165596,
    0.012941936030983925,
    0.017690546810626984,
    0.01901942491531372,
    0.017168639227747917,
    0.008890786208212376,
    0.019993135705590248,
    -0.06799696385860443,
    -0.009026555344462395,
    -0.02169104665517807,
    0.04065989702939987,
    0.07898963987827301,
    -0.07747909426689148,
    0.05516910180449486,
    -0.011235691606998444,
    -0.037026453763246536,
    0.03293571248650551,
    -0.015386697836220264,
    -0.0184314101934433,
    -0.03238880634307861,
    0.10146729648113251,
    0.018950888887047768,
    0.040350668132305145,
    0.09508941322565079,
    -0.10127425193786621,
    -0.013328184373676777,
    -0.0002649214875418693,
    -0.05452605336904526,
    0.021401047706604004,
    0.004620053805410862,
    0.0045594722032547,
    0.050756774842739105,
    0.020556408911943436,
    0.03199726715683937,
    0.021882984787225723,
    0.09522726386785507,
    0.028031904250383377,
    -0.009176448918879032,
    0.0378023199737072,
    0.047238439321517944,
    0.024953585118055344,
    -0.01801501028239727,
    -0.09751380980014801,
    0.006045395974069834,
    -0.03549465164542198,
    0.002653799718245864,
    0.017365016043186188,
    -0.05447931960225105,
    -0.02848656103014946,
    -0.05460284277796745,
    0.026333333924412727,
    -0.043867889791727066,
    -0.02902253158390522,
    0.03656410425901413,
    0.034215014427900314,
    0.038486894220113754,
    0.017926113680005074,
    -0.1253344714641571,
    -0.04935415834188461,
    -0.021062441170215607,
    0.029696805402636528,
    0.03674529865384102,
    0.009756842628121376,
    -0.062102124094963074,
    -0.005514038726687431,
    0.07139495760202408,
    -0.00334162637591362,
    0.02469264343380928,
    -0.021855413913726807,
    0.01432710513472557,
    -0.0010290946811437607,
    0.04342889413237572,
    0.04472322389483452,
    0.018488368019461632,
    -0.05521201342344284,
    -0.030191386118531227,
    0.06335482746362686,
    0.006979342084378004,
    0.010586801916360855,
    0.05131849646568298,
    0.08338265120983124,
    -0.03032350353896618,
    -0.01084707397967577,
    -0.0005406072596088052,
    0.001710993004962802,
    0.016646254807710648,
    -0.03074069879949093,
    -0.01196877658367157,
    0.06782590597867966,
    -0.03988257050514221,
    -0.006427945103496313,
    -0.05027597025036812,
    0.007938666269183159,
    -0.06716667860746384,
    0.012539464980363846,
    0.014831592328846455,
    0.04024063050746918,
    -0.014939558692276478,
    -0.004860267974436283,
    -0.051672399044036865,
    0.04026694595813751,
    0.03673221915960312,
    0.05248596891760826,
    -0.01821262761950493,
    0.06451623141765594,
    -0.005172714125365019,
    0.005149535834789276,
    -0.07217035442590714,
    -0.03522526100277901,
    0.00826993864029646,
    0.040794968605041504,
    -0.005714923143386841,
    -0.03454942628741264,
    0.026819171383976936,
    0.048318564891815186,
    0.013941014185547829,
    -0.046717289835214615,
    0.01780315861105919,
    -0.013227459974586964,
    -0.03345610573887825,
    -0.04490331932902336,
    0.012413091026246548,
    -0.11285807937383652,
    0.0024722712114453316,
    0.09776967018842697,
    0.020218105986714363,
    -0.007292614784091711,
    -0.001448511378839612,
    -0.0467221774160862,
    0.0644514262676239,
    -0.03994973376393318,
    -0.05618996545672417,
    -0.02733306586742401,
    0.09220899641513824,
    -0.050852686166763306,
    0.024603327736258507,
    0.04789608716964722,
    -0.004145683255046606,
    -0.03082898259162903,
    0.07892343401908875,
    -0.015366742387413979,
    0.007926535792648792,
    0.006246249657124281,
