{
  "embedding_files": [
    "new_1776234315246_gt_503.3s_f70.jpg",
    "new_1776234315246_gt_184.5s_f35.jpg",
    "new_1776234315246_gt_2.1s_f19.jpg",
    "new_1776234315246_gt_383.1s_f58.jpg",
    "gt_105.3s_f73.jpg"
  ],
  "backup_files": [
    "gt_104.1s_f48.jpg",
    "gt_107.2s_f63.jpg",
    "gt_215.4s_f16.jpg",
    "gt_248.1s_f35.jpg",
    "gt_54.7s_f12.jpg"
  ],
  "scores": {
    "gt_105.3s_f73.jpg": 77.2414,
    "gt_73.5s_f23.jpg": 29.8756,
    "gt_54.7s_f12.jpg": 27.8003,
    "new_1776234315246_gt_184.5s_f35.jpg": 311.7691,
    "new_1776234315246_gt_2.1s_f19.jpg": 115.8836,
    "new_1776234315246_gt_383.1s_f58.jpg": 98.6819,
    "new_1776234315246_gt_503.3s_f70.jpg": 314.6427,
    "gt_104.1s_f48.jpg": 28.4613,
    "gt_87.6s_f39.jpg": 24.8968,
    "gt_90.6s_f2.jpg": 21.7172
  },
  "approved_files": [
    "new_1776234315246_gt_184.5s_f35.jpg",
    "new_1776234315246_gt_2.1s_f19.jpg",
    "new_1776234315246_gt_383.1s_f58.jpg",
    "new_1776234315246_gt_503.3s_f70.jpg",
    "gt_215.4s_f16.jpg",
    "gt_104.1s_f48.jpg",
    "gt_105.3s_f73.jpg",
    "gt_107.2s_f63.jpg",
    "gt_248.1s_f35.jpg",
    "gt_54.7s_f12.jpg",
    "gt_73.2s_f14.jpg",
    "gt_73.5s_f23.jpg",
    "gt_87.6s_f39.jpg",
    "gt_90.6s_f2.jpg",
    "gt_91.9s_f42.jpg"
  ],
  "mean_embedding": [
    -0.0344371572136879,
    -0.016796182841062546,
    0.014486475847661495,
    -0.02309684082865715,
    0.09945953637361526,
    -0.00931928027421236,
    0.05291967839002609,
    0.025904633104801178,
    0.018907424062490463,
    -0.0581485740840435,
    -0.0802929699420929,
    -0.04063492640852928,
    0.04432151839137077,
    0.022554980590939522,
    0.07464329153299332,
    -0.0115723991766572,
    0.03066515550017357,
    0.07223738729953766,
    -0.04332680255174637,
    -0.01918872818350792,
    -0.00442001037299633,
    -0.05630294233560562,
    0.10386147350072861,
    -0.020506802946329117,
    0.07932225614786148,
    -0.04201382026076317,
    -0.044501811265945435,
    -0.011337959207594395,
    0.04805457592010498,
    0.009200789034366608,
    -0.02037552371621132,
    -0.010897382162511349,
    0.008858086541295052,
    -0.006220929324626923,
    0.01517475675791502,
    -0.04400935769081116,
    -0.037880100309848785,
    -0.08846405893564224,
    0.1008014902472496,
    0.05906200408935547,
    -0.0008764963131397963,
    -0.03051442839205265,
    -0.005700523499399424,
    -0.056624505668878555,
    0.04863472655415535,
    -0.0004551676393020898,
    -0.0070256320759654045,
    0.08276589214801788,
    0.012199853546917439,
    -0.05189730226993561,
    0.018413295969367027,
    0.02297765575349331,
    0.0023406173568218946,
    -0.07831179350614548,
    0.026022877544164658,
    0.06014009565114975,
    -0.012390049174427986,
    0.0123581662774086,
    0.031501736491918564,
    -0.013979392126202583,
    0.001348473597317934,
    -0.09912106394767761,
    -0.08152582496404648,
    -0.03519774228334427,
    -0.002641851780936122,
    -0.0630485787987709,
    -0.05713563784956932,
    0.007203810382634401,
    0.08757197111845016,
    -0.03715008497238159,
    0.01279427669942379,
    -0.0324588380753994,
    -0.00354267586953938,
    0.01441997941583395,
    -0.12866906821727753,
    -0.06579450517892838,
    0.04106025770306587,
    -0.03246232122182846,
    0.040706533938646317,
    0.06755730509757996,
    0.06875112652778625,
    0.06072330102324486,
    0.07498088479042053,
    -0.002590764546766877,
    0.07888834178447723,
    -0.09677813202142715,
    0.020359057933092117,
    -0.04498730227351189,
    0.020329652354121208,
    -0.040392208844423294,
    0.02686478942632675,
    0.033775705844163895,
    -0.07820698618888855,
    0.04265979677438736,
    0.009081426076591015,
    0.023509880527853966,
    -0.012729036621749401,
    0.06310498714447021,
    -0.01116305310279131,
    -0.029127195477485657,
    0.0026772795245051384,
    0.04589619114995003,
    -0.0021686647087335587,
    0.022659005597233772,
    -0.02730715461075306,
    0.03552062064409256,
    -0.07911260426044464,
    -0.07038743048906326,
    0.07599260658025742,
    -0.017048249021172523,
    -0.030061252415180206,
    -0.05344836041331291,
    -0.0021074023097753525,
    0.03532709926366806,
    0.029272034764289856,
    0.03760413080453873,
    0.0045669181272387505,
    0.014175447635352612,
    -0.06717314571142197,
    0.0016527555417269468,
    -0.021603137254714966,
    0.05044252425432205,
    0.07955584675073624,
    -0.052320968359708786,
    0.053838491439819336,
    -0.013212949968874454,
    -0.01844550296664238,
    0.03313788026571274,
    -0.03361312299966812,
    0.007392700295895338,
    -0.03149073198437691,
    0.09589841961860657,
    0.01658785529434681,
    0.04147769883275032,
    0.09143539518117905,
    -0.1061011478304863,
    -0.02950321137905121,
    -0.0038895239122211933,
    -0.04623762145638466,
    0.01515743974596262,
    -0.005054300185292959,
    0.003211856819689274,
    0.05959402769804001,
    0.01706184260547161,
    0.03726518154144287,
    0.025300325825810432,
    0.0962415412068367,
    0.03619973734021187,
    -0.027827059850096703,
    0.023515043780207634,
    0.034806594252586365,
    0.02954351156949997,
    -0.014987267553806305,
    -0.10521171987056732,
    -0.009169111959636211,
    -0.035884592682123184,
    -0.010331078432500362,
    0.03100735880434513,
    -0.035623371601104736,
    -0.018760258331894875,
    -0.05812384560704231,
    0.027118852362036705,
    -0.03288603946566582,
    -0.026530439034104347,
    0.042282599955797195,
    0.026468204334378242,
    0.04255282133817673,
    0.016105880960822105,
    -0.13041652739048004,
    -0.051700811833143234,
    -0.030095035210251808,
    0.042096301913261414,
    0.03723406791687012,
    0.020165590569376945,
    -0.07769573479890823,
    -0.014918982982635498,
    0.07143935561180115,
    -0.016792312264442444,
    0.005091504659503698,
    -0.014759357087314129,
    0.011432118713855743,
    -0.0040688542649149895,
    0.035283174365758896,
    0.03778065741062164,
    0.007530697621405125,
    -0.05761989951133728,
    -0.02727462537586689,
    0.06184781342744827,
    0.002037448575720191,
    0.0030357229989022017,
    0.05113076791167259,
    0.06708213686943054,
    -0.0007896834285929799,
    -0.014732778072357178,
    -0.002126611303538084,
    0.020322583615779877,
    0.02912910468876362,
    -0.027614247053861618,
    -0.017816288396716118,
    0.04691697284579277,
    -0.05026725307106972,
    -0.012576677836477757,
    -0.030478600412607193,
    -0.002006806433200836,
    -0.0753135159611702,
    0.00914047285914421,
    0.007625560276210308,
    0.03823011741042137,
    -0.02280021645128727,
    0.021298326551914215,
    -0.04012615233659744,
    0.025672994554042816,
    0.024807263165712357,
    0.0636046901345253,
    -0.01363747101277113,
    0.04936298355460167,
    -0.0009820000268518925,
    0.01671561226248741,
    -0.06669119745492935,
    -0.05580529570579529,
    0.006639842409640551,
    0.03925398364663124,
    0.00028587598353624344,
    -0.026824815198779106,
    0.034567221999168396,
    0.06575192511081696,
    0.04179999604821205,
    -0.04151058569550514,
    0.03187106177210808,
    -0.020262323319911957,
    -0.039817873388528824,
    -0.059689588844776154,
    0.011614970862865448,
    -0.11285163462162018,
    -0.002110638190060854,
    0.11880211532115936,
    0.0066503011621534824,
    -0.011954890564084053,
    -0.009908067062497139,
    -0.025123031809926033,
    0.07115571200847626,
    -0.02890840172767639,
    -0.04029803350567818,
    -0.038942448794841766,
    0.0790141150355339,
    -0.0525803342461586,
    0.014385922811925411,
    0.06048723682761192,
    -0.004042132757604122,
    -0.021855808794498444,
    0.07043040543794632,
    -0.009465890936553478,
    -0.008627776987850666,
    -0.021942663937807083,
    0.018218422308564186,
    0.027343999594449997,
    -0.024579493328928947,
    0.022976966574788094,
