{
  "embedding_files": [
    "gt_154.8s_f5.jpg",
    "gt_127.0s_f3.jpg",
    "gt_168.4s_f6.jpg",
    "gt_97.4s_f0.jpg",
    "gt_184.1s_f7.jpg"
  ],
  "backup_files": [
    "new_1776234540574_gt_412.9s_f7.jpg",
    "new_1776234540574_gt_597.5s_f57.jpg",
    "new_1776234540574_gt_850.2s_f92.jpg",
    "gt_139.9s_f4.jpg",
    "gt_198.7s_f8.jpg"
  ],
  "scores": {
    "gt_154.8s_f5.jpg": 94.8324,
    "gt_127.0s_f3.jpg": 90.9744,
    "gt_168.4s_f6.jpg": 89.3516,
    "gt_97.4s_f0.jpg": 40.0788,
    "gt_184.1s_f7.jpg": 33.0279,
    "gt_139.9s_f4.jpg": 28.0931,
    "gt_198.7s_f8.jpg": 24.3354
  },
  "approved_files": [
    "gt_154.8s_f5.jpg",
    "gt_127.0s_f3.jpg",
    "gt_168.4s_f6.jpg",
    "gt_97.4s_f0.jpg",
    "gt_184.1s_f7.jpg",
    "gt_139.9s_f4.jpg",
    "gt_198.7s_f8.jpg",
    "new_1776234540574_gt_412.9s_f7.jpg",
    "new_1776234540574_gt_597.5s_f57.jpg",
    "new_1776234540574_gt_850.2s_f92.jpg"
  ],
  "mean_embedding": [
    -0.01454116590321064,
    0.012373752892017365,
    -0.003726090770214796,
    0.014857001602649689,
    -0.05547354742884636,
    -0.06302758306264877,
    -0.009638095274567604,
    -0.0347730778157711,
    -0.054979223757982254,
    -0.06733693927526474,
    0.03368139639496803,
    -0.022779779508709908,
    0.03652876242995262,
    -0.005974824074655771,
    -0.0398000031709671,
    -0.09235791862010956,
    -0.0011879545636475086,
    0.002029003808274865,
    -0.06863535195589066,
    -0.02808225527405739,
    0.04484944045543671,
    -0.0007641896372660995,
    -0.009585664607584476,
    0.014970239251852036,
    -0.019043415784835815,
    -0.02664957381784916,
    -0.0660550594329834,
    -0.07550172507762909,
    -0.04259421303868294,
    -0.06355458498001099,
    0.0186130553483963,
    -0.012645632028579712,
    -0.0013437476009130478,
    -0.03666358068585396,
    0.026214854791760445,
    0.024929659441113472,
    -0.05602903664112091,
    0.02260567992925644,
    0.004652060568332672,
    0.01840181276202202,
    -0.07085583359003067,
    -0.04740549996495247,
    -0.03844905272126198,
    0.01859411410987377,
    0.04257878288626671,
    -0.00048539621639065444,
    0.022682148963212967,
    0.040684349834918976,
    0.019078237935900688,
    0.030025770887732506,
    0.025257723405957222,
    0.11921872198581696,
    -0.012952625751495361,
    0.07016193121671677,
    -0.0016240335535258055,
    -0.0003972190897911787,
    -0.005912583786994219,
    0.01985153555870056,
    0.0688721239566803,
    -0.0260212030261755,
    0.10885002464056015,
    0.06973974406719208,
    0.038363389670848846,
    0.0888810083270073,
    -0.038070645183324814,
    0.05596967414021492,
    -0.038515008985996246,
    -0.058605585247278214,
    0.12464456260204315,
    -0.04404766857624054,
    0.03981736674904823,
    -0.015055048279464245,
    -0.04944618046283722,
    -0.062415800988674164,
    -0.0023078660015016794,
    0.05175413936376572,
    0.07233010977506638,
    -0.05549028888344765,
    -0.015748824924230576,
    -0.05231257900595665,
    -0.0018909400096163154,
    -0.05079502612352371,
    -0.05578017979860306,
    -0.04423025995492935,
    -0.05022359639406204,
    0.021354299038648605,
    -0.04258014261722565,
    -0.061958882957696915,
    0.03524903953075409,
    -0.05734231695532799,
    0.0013771108351647854,
    -0.039902929216623306,
    -0.05847610533237457,
    0.05434228107333183,
    0.017688622698187828,
    0.01980667933821678,
    -0.030064621940255165,
    0.010103105567395687,
    -0.0007617995142936707,
    -0.01975201815366745,
    0.004527878947556019,
    -0.06013480946421623,
    0.11538026481866837,
    0.060483261942863464,
    -0.03048790618777275,
    0.04620423913002014,
    0.020863955840468407,
    -0.09511207789182663,
    0.024756858125329018,
    0.013305013068020344,
    0.02043510042130947,
    -0.040311481803655624,
    0.060696836560964584,
    -0.04715152084827423,
    -0.0052879913710057735,
    -0.04087136685848236,
    0.027384808287024498,
    0.005346725694835186,
    -0.04619820788502693,
    0.019333401694893837,
    -0.025079576298594475,
    -0.011871881783008575,
    0.04378687962889671,
    0.024324139580130577,
    -0.03014722838997841,
    0.045173898339271545,
    0.009440433233976364,
    -0.024999825283885002,
    -0.006106807384639978,
    -0.02402324602007866,
    -0.01948242262005806,
    0.021417617797851562,
    0.05502898618578911,
    -0.0027767405845224857,
    -0.092045359313488,
    0.06426551192998886,
    -0.0065276301465928555,
    0.02748939022421837,
    0.005994345061480999,
    -0.0040731062181293964,
    0.06201712787151337,
    0.02889076992869377,
    0.05266926437616348,
    0.06344182789325714,
    0.04666532576084137,
    -0.015458950772881508,
    -0.019113725051283836,
    -0.01799742691218853,
    0.09487700462341309,
    -0.038921162486076355,
    0.007701382506638765,
    -0.04039674252271652,
    -0.05880727991461754,
    0.00010130571899935603,
    -0.031123384833335876,
    0.004221934359520674,
    -0.06274163722991943,
    -0.08963329344987869,
    -0.05538366362452507,
    -0.0269843190908432,
    0.00100643839687109,
    0.032057829201221466,
    0.012120570056140423,
    0.06195434182882309,
    -0.024536143988370895,
    -0.03414096683263779,
    -0.0945482924580574,
    0.027497315779328346,
    -0.007553387433290482,
    -0.011707548052072525,
    -0.012421311810612679,
    0.048244867473840714,
    -0.06352051347494125,
    0.04650357365608215,
    0.08710210770368576,
    -0.045075081288814545,
    -0.015731140971183777,
    0.013744818978011608,
    0.01658678986132145,
    0.03364056721329689,
    -0.019763613119721413,
    -0.004937340971082449,
    -0.0075853182934224606,
    0.026184331625699997,
    0.010251898318529129,
    -0.008004564791917801,
    -0.0867186188697815,
    -0.05306340754032135,
    0.010069960728287697,
    -0.07567611336708069,
    0.01473257690668106,
    0.03256405144929886,
    0.02641260251402855,
    0.01461351290345192,
    0.06697053462266922,
    -0.07240451872348785,
    -0.0024508775677531958,
    -0.02269519306719303,
    0.04505753517150879,
    -0.06453870236873627,
    0.02670065499842167,
    -0.08033983409404755,
    -0.05798547714948654,
    0.04463692009449005,
    -0.010650127194821835,
    0.052798956632614136,
    0.04417805001139641,
    0.030003439635038376,
    0.04934050887823105,
    -0.017772875726222992,
    0.012570993974804878,
    0.05162015184760094,
    -0.06397365778684616,
    -0.014820965006947517,
    -0.05367256700992584,
    0.09878641366958618,
    0.09970592707395554,
    0.023774975910782814,
    0.025768300518393517,
    0.06075890362262726,
    0.002558482578024268,
    -0.019685454666614532,
    0.0375002846121788,
    -0.019701732322573662,
    -0.032452672719955444,
    -0.007724993862211704,
    0.08664203435182571,
    0.012754356488585472,
    0.008943388238549232,
    -0.03499452769756317,
    0.022467507049441338,
    -0.036509741097688675,
    -0.004625910893082619,
    0.00034488397068344057,
    0.016685938462615013,
    -0.012405028566718102,
    -0.013751975260674953,
    0.10304494202136993,
    0.04573117941617966,
    0.03803173825144768,
    -0.023954566568136215,
    -0.027813421562314034,
    -0.05245474725961685,
    -0.01136562880128622,
    0.05921230837702751,
    -0.027587197721004486,
    -0.03416110947728157,
    0.06640806794166565,
    0.01180371642112732,
    -0.016148941591382027,
    0.0767105370759964,
    -0.032946277409791946,
    0.01089455559849739,
    0.0006570635596290231,
    0.10022858530282974,
    -0.0678073912858963,
    0.03896162286400795,
    0.05046464875340462,
    0.08857778459787369,
    0.03297638148069382,
    -0.027496211230754852,
    -0.12615962326526642,
    0.02578953467309475,
    -0.03375350311398506,
    -0.02979002706706524,
    -0.03119029849767685,
    -0.012116777710616589,
    -0.04648406058549881,
    -0.08795478194952011,
    0.06468167155981064,
    0.09892573952674866,
