{
  "embedding_files": [
    "gt_154.8s_f5.jpg",
    "gt_127.0s_f3.jpg",
    "gt_168.4s_f6.jpg",
    "gt_97.4s_f0.jpg",
    "gt_184.1s_f7.jpg"
  ],
  "backup_files": [
    "gt_139.9s_f4.jpg",
    "gt_198.7s_f8.jpg",
    "new_1776234540574_gt_412.9s_f7.jpg",
    "new_1776234540574_gt_597.5s_f57.jpg",
    "new_1776234540574_gt_850.2s_f92.jpg"
  ],
  "scores": {
    "gt_154.8s_f5.jpg": 94.8324,
    "gt_127.0s_f3.jpg": 90.9744,
    "gt_168.4s_f6.jpg": 89.3516,
    "gt_97.4s_f0.jpg": 40.0788,
    "gt_184.1s_f7.jpg": 33.0279,
    "gt_139.9s_f4.jpg": 28.0931,
    "gt_198.7s_f8.jpg": 24.3354
  },
  "approved_files": [
    "gt_154.8s_f5.jpg",
    "gt_127.0s_f3.jpg",
    "gt_168.4s_f6.jpg",
    "gt_97.4s_f0.jpg",
    "gt_184.1s_f7.jpg",
    "gt_139.9s_f4.jpg",
    "gt_198.7s_f8.jpg",
    "new_1776234540574_gt_412.9s_f7.jpg",
    "new_1776234540574_gt_597.5s_f57.jpg",
    "new_1776234540574_gt_850.2s_f92.jpg"
  ],
  "mean_embedding": [
    -0.014528617262840271,
    0.012381278909742832,
    -0.0037211840972304344,
    0.014861834235489368,
    -0.05548921599984169,
    -0.06304255872964859,
    -0.00964638963341713,
    -0.03478853404521942,
    -0.054959699511528015,
    -0.067330501973629,
    0.03370051458477974,
    -0.022782301530241966,
    0.03652718663215637,
    -0.0059707388281822205,
    -0.039775099605321884,
    -0.09235472232103348,
    -0.0012113625416532159,
    0.002035260433331132,
    -0.06866570562124252,
    -0.028098875656723976,
    0.04484749585390091,
    -0.0007484221714548767,
    -0.009599857963621616,
    0.014952806755900383,
    -0.019065560773015022,
    -0.026646459475159645,
    -0.0660487711429596,
    -0.0755012184381485,
    -0.042610492557287216,
    -0.06354476511478424,
    0.018590154126286507,
    -0.012654921039938927,
    -0.0013403589837253094,
    -0.03668913617730141,
    0.026207687333226204,
    0.024937771260738373,
    -0.056032370775938034,
    0.022603994235396385,
    0.0046478575095534325,
    0.018392520025372505,
    -0.07083281874656677,
    -0.047397322952747345,
    -0.03843913972377777,
    0.018595678731799126,
    0.04258035495877266,
    -0.0004931036964990199,
    0.02266760542988777,
    0.04066980257630348,
    0.01908540353178978,
    0.03002706542611122,
    0.025264618918299675,
    0.11921794712543488,
    -0.01296014804393053,
    0.07016097009181976,
    -0.0016149213770404458,
    -0.0003925453929696232,
    -0.005909285508096218,
    0.019835762679576874,
    0.06886396557092667,
    -0.026003234088420868,
    0.10885810852050781,
    0.06974192708730698,
    0.03837760537862778,
    0.08887043595314026,
    -0.03806709125638008,
    0.05597291141748428,
    -0.03853573650121689,
    -0.058603618294000626,
    0.12465551495552063,
    -0.04406987503170967,
    0.039793334901332855,
    -0.015068895183503628,
    -0.049411945044994354,
    -0.06241927295923233,
    -0.0023067528381943703,
    0.051748938858509064,
    0.07233628630638123,
    -0.05550402030348778,
    -0.01575525477528572,
    -0.05232735723257065,
    -0.001906127668917179,
    -0.05080486461520195,
    -0.055794648826122284,
    -0.04422391206026077,
    -0.05021163076162338,
    0.021379156038165092,
    -0.04258561134338379,
    -0.06196368858218193,
    0.03524067625403404,
    -0.05735873058438301,
    0.00136625359300524,
    -0.03992423042654991,
    -0.058477114886045456,
    0.05435580015182495,
    0.01770787127315998,
    0.0198272205889225,
    -0.03004806861281395,
    0.010099615901708603,
    -0.000768933561630547,
    -0.019768239930272102,
    0.00452352873980999,
    -0.060146767646074295,
    0.11538945138454437,
    0.0604858361184597,
    -0.03049054928123951,
    0.04620163142681122,
    0.020853640511631966,
    -0.09510709345340729,
    0.024743130430579185,
    0.01330766174942255,
    0.020423144102096558,
    -0.04028673097491264,
    0.06069623678922653,
    -0.047144725918769836,
    -0.0053040944039821625,
    -0.04087449610233307,
    0.027366606518626213,
    0.005352793727070093,
    -0.04620807617902756,
    0.019339604303240776,
    -0.025088882073760033,
    -0.011859915219247341,
    0.04380236566066742,
    0.02433350309729576,
    -0.030120767652988434,
    0.045148562639951706,
    0.009457804262638092,
    -0.025024481117725372,
    -0.0061246249824762344,
    -0.02402840182185173,
    -0.01949300616979599,
    0.021396074444055557,
    0.055051811039447784,
    -0.0027956408448517323,
    -0.0920395627617836,
    0.06428724527359009,
    -0.006489551160484552,
    0.0274951308965683,
    0.0059731402434408665,
    -0.004080996848642826,
    0.062013059854507446,
    0.028893185779452324,
    0.05264166742563248,
    0.06344523280858994,
    0.04666566476225853,
    -0.015434264205396175,
    -0.019116660580039024,
    -0.01801200583577156,
    0.09488289058208466,
    -0.038922324776649475,
    0.007701728492975235,
    -0.04038076102733612,
    -0.058808498084545135,
    0.0001104616530938074,
    -0.03112415224313736,
    0.004201309289783239,
    -0.06272706389427185,
    -0.08962603658437729,
    -0.0553799532353878,
    -0.02702285163104534,
    0.000991690787486732,
    0.03205162659287453,
    0.012095682322978973,
    0.0619654506444931,
    -0.024551469832658768,
    -0.0341438464820385,
    -0.0945635661482811,
    0.02750600315630436,
    -0.007583217229694128,
    -0.011692564934492111,
    -0.01241257879883051,
    0.04823428764939308,
    -0.06352128088474274,
    0.04648934677243233,
    0.08711579442024231,
    -0.045046281069517136,
    -0.01573992893099785,
    0.013752198778092861,
    0.01658083312213421,
    0.0336250364780426,
    -0.019744839519262314,
    -0.0049432422965765,
    -0.007585254963487387,
    0.026191724464297295,
    0.010264536365866661,
    -0.007991282269358635,
    -0.08672446012496948,
    -0.05306755006313324,
    0.010060058906674385,
    -0.07565448433160782,
    0.014743891544640064,
    0.03254753351211548,
    0.02643578313291073,
    0.014644238166511059,
    0.06696346402168274,
    -0.07241661101579666,
    -0.002443112200126052,
    -0.02269195392727852,
    0.04504775255918503,
    -0.06453926861286163,
    0.02670935168862343,
    -0.08032634109258652,
    -0.0580044724047184,
    0.044629864394664764,
    -0.010650393553078175,
    0.05281183868646622,
    0.04417222738265991,
    0.030014891177415848,
    0.04935041815042496,
    -0.01775560900568962,
    0.012558391317725182,
    0.05160561949014664,
    -0.06397953629493713,
    -0.014840755611658096,
    -0.05368664488196373,
    0.09877102077007294,
    0.09969142824411392,
    0.023742811754345894,
    0.02580057457089424,
    0.06075109913945198,
    0.00256098760291934,
    -0.019692599773406982,
    0.03749684616923332,
    -0.019703058525919914,
    -0.03245023638010025,
    -0.007727884687483311,
    0.08664830029010773,
    0.012754748575389385,
    0.008917722851037979,
    -0.03497365489602089,
    0.02247657999396324,
    -0.03649727255105972,
    -0.0046467469073832035,
    0.00038460278301499784,
    0.01669887639582157,
    -0.012414773926138878,
    -0.01377145480364561,
    0.10308007895946503,
    0.045724254101514816,
    0.03804858773946762,
    -0.023937886580824852,
    -0.027809465304017067,
    -0.052440594881772995,
    -0.011357923038303852,
    0.05921977385878563,
    -0.027571992948651314,
    -0.03418009355664253,
    0.06639830023050308,
    0.011788101866841316,
    -0.016143159940838814,
    0.07670173794031143,
    -0.032965805381536484,
    0.010881006717681885,
    0.0006458099232986569,
    0.1002122089266777,
    -0.06781306862831116,
    0.038975685834884644,
    0.05048731341958046,
    0.08857917785644531,
    0.03296720236539841,
    -0.027512209489941597,
    -0.1261632889509201,
    0.02580888755619526,
    -0.033751003444194794,
    -0.029782744124531746,
    -0.031199151650071144,
    -0.012127487920224667,
    -0.046479880809783936,
    -0.08795007318258286,
    0.06469431519508362,
    0.09894252568483353,
