{
  "embedding_files": [
    "gt_1051.3s_f143.jpg",
    "gt_742.8s_f93.jpg",
    "gt_589.5s_f58.jpg",
    "new_1776234578033_gt_211.2s_f9.jpg",
    "new_1776234578033_gt_300.2s_f29.jpg"
  ],
  "backup_files": [
    "new_1776234578033_gt_399.0s_f58.jpg",
    "new_1776234578033_gt_499.6s_f70.jpg",
    "new_1776234578033_gt_658.0s_f110.jpg"
  ],
  "scores": {
    "gt_1051.3s_f143.jpg": 8.1417,
    "gt_742.8s_f93.jpg": 6.7028,
    "gt_589.5s_f58.jpg": 4.5356
  },
  "approved_files": [
    "gt_1051.3s_f143.jpg",
    "gt_742.8s_f93.jpg",
    "gt_589.5s_f58.jpg",
    "new_1776234578033_gt_211.2s_f9.jpg",
    "new_1776234578033_gt_300.2s_f29.jpg",
    "new_1776234578033_gt_399.0s_f58.jpg",
    "new_1776234578033_gt_499.6s_f70.jpg",
    "new_1776234578033_gt_658.0s_f110.jpg"
  ],
  "mean_embedding": [
    -0.07419346272945404,
    0.04356468468904495,
    0.036126427352428436,
    0.0016751228831708431,
    0.01649964042007923,
    -0.014120017178356647,
    -0.09549345076084137,
    0.03608331456780434,
    -0.03837401419878006,
    0.039732106029987335,
    0.018587926402688026,
    -0.07243099808692932,
    0.01683519408106804,
    0.03343654423952103,
    -0.018461186438798904,
    -0.006183686666190624,
    0.03772495314478874,
    0.005408368539065123,
    -0.09520598500967026,
    -0.0025828504003584385,
    -0.028269361704587936,
    0.07595017552375793,
    0.007951878942549229,
    0.058674406260252,
    0.03220207616686821,
    0.03667827323079109,
    -0.025931647047400475,
    -0.06915943324565887,
    -0.002033264609053731,
    0.03234701231122017,
    -0.005805899854749441,
    -0.0021064644679427147,
    -0.01007277611643076,
    -0.010091019794344902,
    0.03008156083524227,
    -0.023539606481790543,
    -0.0655934140086174,
    -0.01621885970234871,
    0.07326482981443405,
    -0.016299225389957428,
    0.007386880461126566,
    0.017201168462634087,
    0.009097732603549957,
    0.015685057267546654,
    -0.06826219707727432,
    0.055500201880931854,
    0.02616659738123417,
    -0.008858534507453442,
    -0.05679035186767578,
    0.030978722497820854,
    0.003148001851513982,
    -0.0597221702337265,
    -0.03205353766679764,
    -0.016004690900444984,
    0.026735318824648857,
    0.034351810812950134,
    0.04410804063081741,
    -0.07726564258337021,
    0.06109293922781944,
    0.043026458472013474,
    -0.014331052079796791,
    -0.021229242905974388,
    -0.042203277349472046,
    0.00600713025778532,
    0.07530207186937332,
    0.0060047912411391735,
    -0.022664299234747887,
    -0.05824698135256767,
    0.013245288282632828,
    -0.04610379412770271,
    0.005503259599208832,
    -0.06721823662519455,
    0.054459646344184875,
    0.07010921835899353,
    0.01249941997230053,
    0.06270990520715714,
    0.016604529693722725,
    0.007658537942916155,
    0.07443604618310928,
    -0.0346590131521225,
    0.0003656494664028287,
    0.037964511662721634,
    -0.009153733029961586,
    0.02774975821375847,
    0.043867845088243484,
    -0.030795542523264885,
    -0.058084581047296524,
    0.012585531920194626,
    0.006854470353573561,
    0.036178942769765854,
    0.006963567808270454,
    0.0031030660029500723,
    -0.04919493570923805,
    0.026100551709532738,
    -0.059362102299928665,
    0.017439721152186394,
    -0.037156037986278534,
    -0.0350910946726799,
    0.08941873908042908,
    -0.045675311237573624,
    -0.0005740774213336408,
    0.013636746443808079,
    0.0708920881152153,
    -0.01629759930074215,
    0.008473069407045841,
    0.04381445050239563,
    -0.058721575886011124,
    0.013724482618272305,
    -0.04052324965596199,
    0.030683526769280434,
    0.06828680634498596,
    -0.09692828357219696,
    0.10909527540206909,
    -0.008070436306297779,
    -0.0007211153861135244,
    -0.004367212764918804,
    0.05429504066705704,
    0.0187087245285511,
    0.03872574493288994,
    -0.06706184893846512,
    -0.010571939870715141,
    -0.05232229456305504,
    0.010731845162808895,
    0.067128486931324,
    -0.0017377582844346762,
    0.05836430564522743,
    -0.06493242084980011,
    0.009038815274834633,
    -0.047581493854522705,
    0.029856670647859573,
    -0.07310636341571808,
    -0.06981012225151062,
    -0.030610384419560432,
    -0.016276955604553223,
    -0.0985003337264061,
    -0.03325985372066498,
    0.024121632799506187,
    -0.005604255478829145,
    0.057066380977630615,
    -0.020533978939056396,
    0.05590265989303589,
    0.02130116894841194,
    0.04906243458390236,
    0.034762244671583176,
    -0.02526182495057583,
    -0.008319101296365261,
    0.05816446244716644,
    0.08078449219465256,
    -0.04669594019651413,
    -0.0069311498664319515,
    -0.038149960339069366,
    0.08070321381092072,
    0.03760587051510811,
    -0.08395764976739883,
    0.0693797841668129,
    -0.012038267217576504,
    -0.010053614154458046,
    0.008999857120215893,
    0.055339619517326355,
    -0.01461710873991251,
    0.003621840151026845,
    -0.039377257227897644,
    0.019691700115799904,
    0.0013918516924604774,
    0.01968717947602272,
    0.006619445979595184,
    -0.03251072019338608,
    0.004685139283537865,
    -0.0065155732445418835,
    0.008379665203392506,
    0.04045075550675392,
    -0.04192648082971573,
    0.040403299033641815,
    0.014989186078310013,
    -0.010132997296750546,
    -0.027276020497083664,
    -0.015236522071063519,
    -0.005087002646178007,
    0.010479919612407684,
    -0.020299196243286133,
    -0.020328480750322342,
    -0.0006397193646989763,
    -0.004650816321372986,
    0.0034154802560806274,
    0.0043588848784565926,
    0.027994005009531975,
    0.03456120193004608,
    0.001015679445117712,
    -0.050206128507852554,
    0.04510968178510666,
    0.03691285848617554,
    -0.009095072746276855,
    -0.03864140808582306,
    0.07436322420835495,
    -0.01420710887759924,
    -0.0004988088039681315,
    0.01570316031575203,
    0.013848784379661083,
    -0.06141625717282295,
    0.04113660007715225,
    0.005398328881710768,
    0.01689438708126545,
    -0.08297039568424225,
    -0.10547743737697601,
    -0.04695112258195877,
    -0.07992669939994812,
    0.014706114307045937,
    0.1092466190457344,
    -0.06646754592657089,
    -0.02786874771118164,
    0.01986655220389366,
    0.04913477972149849,
    0.00045121798757463694,
    -0.002958298660814762,
    -0.023083681240677834,
    -0.016761207953095436,
    -0.06016366556286812,
    0.03167126327753067,
    -0.039425987750291824,
    -0.025687193498015404,
    -0.014217399060726166,
    0.04139680415391922,
    -0.024593524634838104,
    -0.03154435008764267,
    -0.01898907497525215,
    0.07679300010204315,
    -0.07896735519170761,
    0.04319039359688759,
    -0.04437616467475891,
    -0.005014020949602127,
    -0.04369156062602997,
    0.018197204917669296,
    -0.003501532832160592,
    -0.10206370055675507,
    0.06829513609409332,
    -0.03673001751303673,
    0.08318044990301132,
    -0.03775087371468544,
    0.013857174664735794,
    -0.0338846854865551,
    -0.0744822770357132,
    -0.028266821056604385,
    0.016249336302280426,
    -0.0697338879108429,
    0.01716800220310688,
    -0.00592557480558753,
    -0.0136885279789567,
    0.05475621670484543,
    -0.03228222578763962,
    -0.0355934202671051,
    0.014292978681623936,
    -0.04581248387694359,
    -0.04519099369645119,
    -0.016414280980825424,
    -0.04721395671367645,
    0.02945616841316223,
    -0.007710014469921589,
    0.015424717217683792,
    -0.03128427639603615,
    -0.040279489010572433,
    -0.028987942263484,
    -0.008410640992224216,
    0.04960489273071289,
    0.06566457450389862,
    0.048523664474487305,
    0.032378487288951874,
    0.012218181975185871,
    -0.01366855576634407,
    -0.015090982429683208,
    -0.0018056329572573304,
    -0.07382061332464218,
    0.0012034403625875711,
    0.07841640710830688,
    0.020766256377100945,
    0.024323778226971626,
    -0.020124023780226707,
