{
  "embedding_files": [
    "gt_1051.3s_f143.jpg",
    "gt_742.8s_f93.jpg",
    "gt_589.5s_f58.jpg",
    "new_1776234578033_gt_211.2s_f9.jpg",
    "new_1776234578033_gt_300.2s_f29.jpg"
  ],
  "backup_files": [
    "new_1776234578033_gt_399.0s_f58.jpg",
    "new_1776234578033_gt_499.6s_f70.jpg",
    "new_1776234578033_gt_658.0s_f110.jpg"
  ],
  "scores": {
    "gt_1051.3s_f143.jpg": 8.1417,
    "gt_742.8s_f93.jpg": 6.7028,
    "gt_589.5s_f58.jpg": 4.5356
  },
  "approved_files": [
    "gt_1051.3s_f143.jpg",
    "gt_742.8s_f93.jpg",
    "gt_589.5s_f58.jpg",
    "new_1776234578033_gt_211.2s_f9.jpg",
    "new_1776234578033_gt_300.2s_f29.jpg",
    "new_1776234578033_gt_399.0s_f58.jpg",
    "new_1776234578033_gt_499.6s_f70.jpg",
    "new_1776234578033_gt_658.0s_f110.jpg"
  ],
  "mean_embedding": [
    -0.07412819564342499,
    0.043527793139219284,
    0.03609103709459305,
    0.0016641997499391437,
    0.01646224409341812,
    -0.014084892347455025,
    -0.09549646824598312,
    0.036126717925071716,
    -0.03838254138827324,
    0.03966929391026497,
    0.018611636012792587,
    -0.07244221866130829,
    0.016824284568428993,
    0.03349408879876137,
    -0.01845420151948929,
    -0.006221863441169262,
    0.03773294761776924,
    0.0053992923349142075,
    -0.09522248059511185,
    -0.0025813989341259003,
    -0.02826009690761566,
    0.07595977932214737,
    0.007912755012512207,
    0.05869442969560623,
    0.03222910314798355,
    0.036687128245830536,
    -0.025906134396791458,
    -0.06915077567100525,
    -0.0020084234420210123,
    0.03237719461321831,
    -0.005793842487037182,
    -0.0021132363472133875,
    -0.010076463222503662,
    -0.010037385858595371,
    0.030081575736403465,
    -0.023513762280344963,
    -0.06560951471328735,
    -0.016187826171517372,
    0.07322093099355698,
    -0.016339080408215523,
    0.007400521542876959,
    0.017201939597725868,
    0.009113658219575882,
    0.015692107379436493,
    -0.06830089539289474,
    0.05547302961349487,
    0.02614487148821354,
    -0.008869457058608532,
    -0.05678607523441315,
    0.030989279970526695,
    0.0031364436727017164,
    -0.05973295867443085,
    -0.032023053616285324,
    -0.016011124476790428,
    0.026723284274339676,
    0.03431309014558792,
    0.044096220284700394,
    -0.077262282371521,
    0.061055392026901245,
    0.04305557161569595,
    -0.01434579398483038,
    -0.02124166116118431,
    -0.04223508760333061,
    0.005988175515085459,
    0.07530417293310165,
    0.006000920664519072,
    -0.02268056944012642,
    -0.05825643986463547,
    0.013225862756371498,
    -0.04609806463122368,
    0.005492407362908125,
    -0.06719794124364853,
    0.054470308125019073,
    0.07008890807628632,
    0.012526586651802063,
    0.06270043551921844,
    0.016605433076620102,
    0.007644264027476311,
    0.07445923984050751,
    -0.03466502204537392,
    0.0003819154226221144,
    0.037973713129758835,
    -0.009137693792581558,
    0.027749300003051758,
    0.043844595551490784,
    -0.030761726200580597,
    -0.05808402597904205,
    0.012593036517500877,
    0.006847885437309742,
    0.03612339496612549,
    0.006974149961024523,
    0.003103063441812992,
    -0.04917539656162262,
    0.026132123544812202,
    -0.05938665196299553,
    0.017353985458612442,
    -0.03711516410112381,
    -0.035091571509838104,
    0.08942870795726776,
    -0.045637574046850204,
    -0.0005858682561665773,
    0.013681424781680107,
    0.07089036703109741,
    -0.016313932836055756,
    0.008466626517474651,
    0.043788228183984756,
    -0.0587032288312912,
    0.013695324771106243,
    -0.040552008897066116,
    0.030642131343483925,
    0.0682879164814949,
    -0.09695955365896225,
    0.10910177230834961,
    -0.008065220899879932,
    -0.0006911690579727292,
    -0.00430316524580121,
    0.05429668352007866,
    0.018684204667806625,
    0.03872440755367279,
    -0.06706205755472183,
    -0.010640066117048264,
    -0.05232560262084007,
    0.010707857087254524,
    0.06711570918560028,
    -0.001785921398550272,
    0.05840873345732689,
    -0.0648755133152008,
    0.009064818732440472,
    -0.047552838921546936,
    0.02986873872578144,
    -0.07311299443244934,
    -0.06980559229850769,
    -0.03061494044959545,
    -0.016254836693406105,
    -0.09847883880138397,
    -0.03326650708913803,
    0.02408275566995144,
    -0.0055970740504562855,
    0.05706079676747322,
    -0.020565712824463844,
    0.05590996891260147,
    0.021334968507289886,
    0.049046941101551056,
    0.034774139523506165,
    -0.0252838097512722,
    -0.00834097620099783,
    0.05815540999174118,
    0.08078925311565399,
    -0.04668647423386574,
    -0.006867078132927418,
    -0.03812216967344284,
    0.08070766180753708,
    0.03763158246874809,
    -0.08390658348798752,
    0.06935770064592361,
    -0.012030547484755516,
    -0.00999118760228157,
    0.008994413539767265,
    0.055298078805208206,
    -0.014616531319916248,
    0.0036469835322350264,
    -0.039398424327373505,
    0.01969892531633377,
    0.0013997217174619436,
    0.019687369465827942,
    0.006650653667747974,
    -0.03250335529446602,
    0.0047096931375563145,
    -0.00652851490303874,
    0.008396572433412075,
    0.04048161953687668,
    -0.04191193729639053,
    0.040392011404037476,
    0.015022664330899715,
    -0.010132400318980217,
    -0.02727458067238331,
    -0.015218432992696762,
    -0.005094202235341072,
    0.010487319901585579,
    -0.020289042964577675,
    -0.020322266966104507,
    -0.0006493919645436108,
    -0.0046768952161073685,
    0.0033869559410959482,
    0.004385278094559908,
    0.02799062244594097,
    0.03455357998609543,
    0.0010213195346295834,
    -0.05023520439863205,
    0.04512587934732437,
    0.036876000463962555,
    -0.0091174291446805,
    -0.038657255470752716,
    0.07436046749353409,
    -0.014205078594386578,
    -0.00047857046592980623,
    0.01573723368346691,
    0.013859637081623077,
    -0.06143980100750923,
    0.041140832006931305,
    0.005385962314903736,
    0.016923952847719193,
    -0.08298417180776596,
    -0.10548213124275208,
    -0.046955615282058716,
    -0.07991392910480499,
    0.01472272165119648,
    0.10928625613451004,
    -0.06649782508611679,
    -0.02782655693590641,
    0.0198851116001606,
    0.04916977509856224,
    0.000482288800412789,
    -0.0029491500463336706,
    -0.02305823564529419,
    -0.016794830560684204,
    -0.06017332151532173,
    0.03170487657189369,
    -0.039435725659132004,
    -0.025705263018608093,
    -0.014222812838852406,
    0.04139412194490433,
    -0.02459844946861267,
    -0.031543634831905365,
    -0.01898702047765255,
    0.0767967626452446,
    -0.07894881069660187,
    0.04317324236035347,
    -0.044343262910842896,
    -0.005067677237093449,
    -0.04368767514824867,
    0.018243910744786263,
    -0.0035185799933969975,
    -0.10203614085912704,
    0.06831754744052887,
    -0.036699436604976654,
    0.08316275477409363,
    -0.03773573413491249,
    0.013855607248842716,
    -0.03392534703016281,
    -0.07450766116380692,
    -0.028259534388780594,
    0.016254784539341927,
    -0.0697685033082962,
    0.017152216285467148,
    -0.005919093731790781,
    -0.013696970418095589,
    0.05474025756120682,
    -0.03226397931575775,
    -0.03558291867375374,
    0.014301497489213943,
    -0.045835789293050766,
    -0.045161280781030655,
    -0.0164154265075922,
    -0.047258976846933365,
    0.02945769764482975,
    -0.007702374830842018,
    0.015440910123288631,
    -0.03126612678170204,
    -0.04030999913811684,
    -0.029016243293881416,
    -0.008410582318902016,
    0.04965503141283989,
    0.06566562503576279,
    0.0485454723238945,
    0.03237742558121681,
    0.01218335423618555,
    -0.013672037981450558,
    -0.015105308964848518,
    -0.0018179427133873105,
    -0.07384026050567627,
    0.0012238918570801616,
    0.07842706143856049,
    0.020816175267100334,
    0.024291571229696274,
    -0.02014891989529133,
