{
  "embedding_files": [
    "gt_1051.3s_f143.jpg",
    "gt_742.8s_f93.jpg",
    "gt_589.5s_f58.jpg",
    "new_1776234578033_gt_211.2s_f9.jpg",
    "new_1776234578033_gt_300.2s_f29.jpg"
  ],
  "backup_files": [
    "new_1776234578033_gt_399.0s_f58.jpg",
    "new_1776234578033_gt_499.6s_f70.jpg",
    "new_1776234578033_gt_658.0s_f110.jpg"
  ],
  "scores": {
    "gt_1051.3s_f143.jpg": 8.1417,
    "gt_742.8s_f93.jpg": 6.7028,
    "gt_589.5s_f58.jpg": 4.5356
  },
  "approved_files": [
    "gt_1051.3s_f143.jpg",
    "gt_742.8s_f93.jpg",
    "gt_589.5s_f58.jpg",
    "new_1776234578033_gt_211.2s_f9.jpg",
    "new_1776234578033_gt_300.2s_f29.jpg",
    "new_1776234578033_gt_399.0s_f58.jpg",
    "new_1776234578033_gt_499.6s_f70.jpg",
    "new_1776234578033_gt_658.0s_f110.jpg"
  ],
  "mean_embedding": [
    -0.07071538269519806,
    0.04111669957637787,
    0.033786024898290634,
    -0.006876660510897636,
    0.016581445932388306,
    -0.013754697516560555,
    -0.09720556437969208,
    0.03948391228914261,
    -0.03511200472712517,
    0.04078410938382149,
    0.018020743504166603,
    -0.0740201473236084,
    0.019252058118581772,
    0.024097329005599022,
    -0.021658647805452347,
    -0.005899409763514996,
    0.032908886671066284,
    0.0049812993966042995,
    -0.09911869466304779,
    -0.0014807239640504122,
    -0.022876087576150894,
    0.07768784463405609,
    0.004814642481505871,
    0.056899167597293854,
    0.03178177401423454,
    0.044828806072473526,
    -0.024145208299160004,
    -0.07437437772750854,
    -0.002745540114119649,
    0.030736420303583145,
    -0.007858961820602417,
    4.84961892652791e-05,
    -0.007927542552351952,
    -0.011788075789809227,
    0.03477152809500694,
    -0.018481142818927765,
    -0.059493642300367355,
    -0.018563127145171165,
    0.06163129583001137,
    -0.017221791669726372,
    0.009466992691159248,
    0.012006720528006554,
    0.01369428914040327,
    0.015094181522727013,
    -0.0656089186668396,
    0.05407358705997467,
    0.027391018345952034,
    -0.010566315613687038,
    -0.05880710110068321,
    0.030550485476851463,
    0.0038247578777372837,
    -0.06156722828745842,
    -0.0290878526866436,
    -0.02728702872991562,
    0.024981224909424782,
    0.03947744891047478,
    0.0445360504090786,
    -0.07218637317419052,
    0.05720561742782593,
    0.044306159019470215,
    -0.009266260080039501,
    -0.027247700840234756,
    -0.03978927060961723,
    0.0026441726367920637,
    0.08563029021024704,
    -0.004769493825733662,
    -0.022614561021327972,
    -0.05550655722618103,
    0.01371063757687807,
    -0.054334476590156555,
    0.007814040407538414,
    -0.0660678967833519,
    0.0494447723031044,
    0.06833846122026443,
    0.016927361488342285,
    0.06465325504541397,
    0.01582818664610386,
    0.010305345058441162,
    0.07466845214366913,
    -0.030020909383893013,
    0.0062417928129434586,
    0.03811115771532059,
    -0.0069662476889789104,
    0.027423806488513947,
    0.04394698515534401,
    -0.0314018577337265,
    -0.06088978797197342,
    0.00981107261031866,
    0.010961737483739853,
    0.028462111949920654,
    0.005967215169221163,
    0.0028861321043223143,
    -0.04836619272828102,
    0.024078231304883957,
    -0.05599665641784668,
    0.016911040991544724,
    -0.03607042506337166,
    -0.03112676367163658,
    0.08929648250341415,
    -0.04210594296455383,
    0.003224380547180772,
    0.01816554367542267,
    0.06527194380760193,
    -0.01021897979080677,
    0.009543005377054214,
    0.0423690527677536,
    -0.06055216118693352,
    0.010522613301873207,
    -0.04006250575184822,
    0.02908466011285782,
    0.07761379331350327,
    -0.10049403458833694,
    0.11061473935842514,
    -0.0036280970089137554,
    0.0017183392774313688,
    0.00030404588324017823,
    0.054488297551870346,
    0.014098130166530609,
    0.03757578879594803,
    -0.06323794275522232,
    -0.012277662754058838,
    -0.05394864082336426,
    0.015795830637216568,
    0.06490937620401382,
    -0.0054658581502735615,
    0.05677589401602745,
    -0.0647975504398346,
    0.011450139805674553,
    -0.04457009956240654,
    0.021581074222922325,
    -0.07389342784881592,
    -0.061471570283174515,
    -0.02577524073421955,
    -0.02497963234782219,
    -0.09622718393802643,
    -0.0415961854159832,
    0.023078247904777527,
    -0.008080205880105495,
    0.05875721201300621,
    -0.016312088817358017,
    0.06408156454563141,
    0.0174066461622715,
    0.05433621257543564,
    0.03183411806821823,
    -0.02881062962114811,
    -0.009011647664010525,
    0.059587109833955765,
    0.07483303546905518,
    -0.043324824422597885,
    0.0023809249978512526,
    -0.024628372862935066,
    0.09263961762189865,
    0.039390698075294495,
    -0.07826292514801025,
    0.06955714523792267,
    -0.011477908119559288,
    -0.009425841271877289,
    0.0002721529162954539,
    0.05321568623185158,
    -0.010371953248977661,
    0.0014764928491786122,
    -0.03655232489109039,
    0.020461488515138626,
    -0.0026646240148693323,
    0.02585120126605034,
    0.015183406881988049,
    -0.03418968617916107,
    0.0021503472235053778,
    -0.008429618552327156,
    0.0028901572804898024,
    0.044401634484529495,
    -0.03829476237297058,
    0.039718251675367355,
    0.016714436933398247,
    -0.00988045521080494,
    -0.023933080956339836,
    -0.014752460643649101,
    -0.0007843796629458666,
    0.008287747390568256,
    -0.01361759565770626,
    -0.027097808197140694,
    -0.013103616423904896,
    -0.004299611784517765,
    -0.0004089693247806281,
    0.007067989557981491,
    0.02422417514026165,
    0.04013315960764885,
    -0.0007789040100760758,
    -0.045751139521598816,
    0.04319365322589874,
    0.02483476884663105,
    -0.013866821303963661,
    -0.040213122963905334,
    0.06706434488296509,
    -0.01696184277534485,
    0.00862401258200407,
    0.01589711755514145,
    0.017307251691818237,
    -0.050446655601263046,
    0.04374071955680847,
    0.009363007731735706,
    0.01264123897999525,
    -0.08897406607866287,
    -0.09651230275630951,
    -0.05060940235853195,
    -0.08112823963165283,
    0.016027186065912247,
    0.11734962463378906,
    -0.06589684635400772,
    -0.026162663474678993,
    0.016871659085154533,
    0.04226655513048172,
    -0.0015217358013615012,
    -0.0014538862742483616,
    -0.028020638972520828,
    -0.01687835343182087,
    -0.04793215170502663,
    0.036201681941747665,
    -0.043925873935222626,
    -0.031562305986881256,
    -0.02202991396188736,
    0.03295627981424332,
    -0.025197122246026993,
    -0.029155666008591652,
    -0.021452266722917557,
    0.07376310229301453,
    -0.07010772079229355,
    0.04266232252120972,
    -0.04546210169792175,
    0.0009698155918158591,
    -0.04559463635087013,
    0.01758086122572422,
    0.0025863167829811573,
    -0.1037958562374115,
    0.06155752018094063,
    -0.03005273826420307,
    0.08072388917207718,
    -0.03597639873623848,
    0.01951429806649685,
    -0.03638520836830139,
    -0.06959553062915802,
    -0.030814634636044502,
    0.02012479305267334,
    -0.0671255812048912,
    0.016110466793179512,
    -0.0032810510601848364,
    -0.007820540107786655,
    0.04980306327342987,
    -0.0387759730219841,
    -0.03684746101498604,
    0.018836839124560356,
    -0.046847064048051834,
    -0.04149092733860016,
    -0.02111925557255745,
    -0.04544590041041374,
    0.029703522101044655,
    -0.014031494036316872,
    0.018191194161772728,
    -0.03564862534403801,
    -0.0418059267103672,
    -0.029318060725927353,
    -0.002688528737053275,
    0.049195218831300735,
    0.0667017474770546,
    0.044918492436409,
    0.028261909261345863,
    0.009212334640324116,
    -0.020570017397403717,
    -0.013497906737029552,
    -0.004344193730503321,
    -0.07887890189886093,
    -0.003352901665493846,
    0.07891277968883514,
    0.025207966566085815,
    0.028294937685132027,
    -0.02355625107884407,
