{
  "embedding_files": [
    "gt_68.7s_f2.jpg",
    "gt_105.3s_f66.jpg",
    "gt_54.7s_f4.jpg",
    "gt_168.8s_f153.jpg",
    "gt_89.2s_f44.jpg"
  ],
  "backup_files": [
    "gt_90.6s_f4.jpg",
    "gt_73.5s_f21.jpg",
    "gt_87.6s_f36.jpg",
    "gt_119.7s_f23.jpg",
    "gt_26.2s_f14.jpg"
  ],
  "scores": {
    "gt_26.2s_f14.jpg": 10.4356,
    "gt_54.7s_f4.jpg": 21.5616,
    "gt_89.2s_f44.jpg": 21.2929,
    "gt_73.5s_f21.jpg": 18.9083,
    "gt_105.3s_f66.jpg": 24.442,
    "gt_168.8s_f153.jpg": 21.5192,
    "gt_68.7s_f2.jpg": 43.3916,
    "gt_87.6s_f36.jpg": 18.4898,
    "gt_90.6s_f4.jpg": 20.0598,
    "gt_119.7s_f23.jpg": 11.7113
  },
  "approved_files": [
    "gt_26.2s_f14.jpg",
    "gt_132.1s_f59.jpg",
    "gt_80.2s_f37.jpg"
  ],
  "mean_embedding": [
    -0.08523716777563095,
    0.0636654794216156,
    0.04994860291481018,
    0.06344141811132431,
    -0.06715240329504013,
    0.0386209562420845,
    -0.03302658349275589,
    0.027453575283288956,
    0.03878844529390335,
    0.07049001753330231,
    -0.011970442719757557,
    0.01853346824645996,
    0.0424165315926075,
    -0.001085136434994638,
    0.10997287184000015,
    0.021285617724061012,
    0.026045706123113632,
    -0.019268052652478218,
    -9.520757157588378e-05,
    -0.052156001329422,
    -0.05792076513171196,
    -0.06061236187815666,
    0.022945741191506386,
    -0.03559587150812149,
    0.009674950502812862,
    0.026830190792679787,
    -0.018639111891388893,
    -0.06648034602403641,
    -0.03790517523884773,
    -0.021686578169465065,
    -0.08843240886926651,
    0.04014963284134865,
    0.001117602689191699,
    0.03912512585520744,
    0.0838831216096878,
    -0.10449773073196411,
    0.03701062873005867,
    -0.02127496339380741,
    -0.07300414890050888,
    -0.021327650174498558,
    0.013021644204854965,
    -0.06478137522935867,
    0.053506165742874146,
    -0.08301784098148346,
    -0.06131172552704811,
    -0.03596480190753937,
    0.024784492328763008,
    -0.001324233366176486,
    -0.02090362273156643,
    -0.04257518798112869,
    -0.005230065900832415,
    -0.028759649023413658,
    0.043576616793870926,
    0.02572385035455227,
    0.06529666483402252,
    0.0279422327876091,
    -0.053246594965457916,
    -0.061008989810943604,
    0.09086717665195465,
    0.014382405206561089,
    0.05852549895644188,
    0.073333241045475,
    -0.013351945206522942,
    -0.022334113717079163,
    0.02303704060614109,
    -0.045227568596601486,
    -0.03411481902003288,
    0.03492899239063263,
    -0.0026656407862901688,
    0.06758242100477219,
    0.011358105577528477,
    -0.0409197099506855,
    0.02862890623509884,
    0.03742057457566261,
    -0.027232913300395012,
    0.028803154826164246,
    0.056562863290309906,
    -0.05199623107910156,
    0.04715041071176529,
    0.02798520214855671,
    0.0008139548590406775,
    -0.04216071218252182,
    0.05874565243721008,
    -0.06166553124785423,
    0.028958816081285477,
    -0.06710273027420044,
    -0.021021971479058266,
    -0.054719265550374985,
    0.011001880280673504,
    -0.061737459152936935,
    0.006735160015523434,
    0.019237501546740532,
    -0.021798936650156975,
    0.007968030869960785,
    0.052480511367321014,
    -0.03990522772073746,
    -0.05135388672351837,
    0.05030302703380585,
    -0.025167595595121384,
    0.022152608260512352,
    0.07671021670103073,
    -0.06162230297923088,
    0.049453169107437134,
    0.00784662738442421,
    -0.03981741890311241,
    0.020889338105916977,
    0.002286586444824934,
    -0.042020950466394424,
    0.008270618505775928,
    0.026357300579547882,
    0.05015229061245918,
    -0.0019473964348435402,
    -0.00279809907078743,
    0.01609976217150688,
    0.003625887678936124,
    -0.050552576780319214,
    -0.006071280688047409,
    0.014246974140405655,
    -0.01828879490494728,
    0.14029239118099213,
    -0.022138839587569237,
    0.024157991632819176,
    0.06307146698236465,
    -0.05297893285751343,
    -0.054589927196502686,
    0.0003212390001863241,
    0.012552945874631405,
    0.05749602988362312,
    0.04185841977596283,
    -0.06224794685840607,
    -0.04703611880540848,
    0.008068832568824291,
    -0.005313241854310036,
    0.0502985417842865,
    0.06498440355062485,
    0.009616649709641933,
    0.04834384471178055,
    0.11359905451536179,
    0.014097138307988644,
    0.008586243726313114,
    -0.0057856421917676926,
    0.019495919346809387,
    -0.03880565986037254,
    -0.027941500768065453,
    -0.045685794204473495,
    -0.007826126180589199,
    0.0020753457210958004,
    0.060403548181056976,
    -0.11318401247262955,
    -0.02559824101626873,
    0.0603928342461586,
    0.061764370650053024,
    -0.08541687577962875,
    0.008196053095161915,
    0.0002198192523792386,
    0.06296060979366302,
    -0.04934128746390343,
    0.07123246043920517,
    0.017205892130732536,
    0.03615526109933853,
    -0.0007386470679193735,
    -0.07020227611064911,
    0.00988850463181734,
    -0.0523579940199852,
    -0.017817912623286247,
    0.050924014300107956,
    0.018091648817062378,
    -0.051946982741355896,
    -0.005283799488097429,
    -0.0077912951819598675,
    -0.0247323177754879,
    0.05199434608221054,
    0.03826356679201126,
    0.09005942195653915,
    -0.004595098551362753,
    0.03403569012880325,
    0.005817752797156572,
    -0.012217878364026546,
    -0.02428397908806801,
    0.05962801352143288,
    0.019669510424137115,
    0.030289823189377785,
    -0.053275689482688904,
    -0.059884268790483475,
    -0.03333272784948349,
    0.0463482141494751,
    0.0030124743934720755,
    -0.029934648424386978,
    -0.049737315624952316,
    0.045469801872968674,
    -0.010931125842034817,
    -0.029495377093553543,
    0.029575660824775696,
    0.01982354000210762,
    0.008773012086749077,
    0.022397911176085472,
    -0.05217728763818741,
    -0.002227517543360591,
    0.05440887436270714,
    -0.01910473220050335,
    0.04005742818117142,
    -0.021663734689354897,
    -0.06676910072565079,
    -0.023923087865114212,
    -0.021399281919002533,
    -0.0526779405772686,
    0.02945055440068245,
    -0.0014914233470335603,
    0.04206763952970505,
    0.037770822644233704,
    -0.010427083820104599,
    0.009695181623101234,
    0.05050833895802498,
    0.04342389851808548,
    -0.016290072351694107,
    0.02876388281583786,
    -0.07333245873451233,
    0.07599902898073196,
    -0.021673012524843216,
    0.07658102363348007,
    0.004152731038630009,
    -0.0537039190530777,
    0.01121783908456564,
    0.059998609125614166,
    -0.003196061123162508,
    -0.04961288347840309,
    0.0371418222784996,
    0.012648201547563076,
    -0.026977479457855225,
    -0.06535886973142624,
    -0.06468725949525833,
    -0.03014887124300003,
    0.12114384025335312,
    0.056707948446273804,
    -0.025214070454239845,
    0.06412357091903687,
    0.05927780270576477,
    -0.0020759908948093653,
    0.05054280534386635,
    0.01938759908080101,
    0.014772896654903889,
    -0.0007111287559382617,
    0.052302036434412,
    0.009304575622081757,
    0.046564869582653046,
    -0.05364266410470009,
    -0.09704640507698059,
    0.01763850823044777,
    -0.07682494819164276,
    -0.002031218959018588,
    0.022500013932585716,
    -0.01296164095401764,
    0.0195948276668787,
    0.03537512198090553,
    -0.0009763021371327341,
    -0.06848850846290588,
    -0.021138671785593033,
    0.006639250088483095,
    -0.04185870662331581,
    0.02659311145544052,
    -0.04491676762700081,
    0.0043587093241512775,
    0.018866345286369324,
    -0.005177063401788473,
    0.03205420821905136,
    0.011178375221788883,
    0.08172819763422012,
    -0.04322567954659462,
    -0.020232923328876495,
    -0.0004971933085471392,
    0.00034393923124298453,
    -0.009722006507217884,
    0.031151214614510536,
    -0.04515254870057106,
    0.02368880994617939,
    -0.0132040586322546,
    0.03602428734302521,
    0.007934315130114555,
