{
  "embedding_files": [
    "gt_26.2s_f14.jpg",
    "gt_132.1s_f59.jpg",
    "gt_80.2s_f37.jpg"
  ],
  "backup_files": [],
  "scores": {
    "gt_26.2s_f14.jpg": 10.4356,
    "gt_132.1s_f59.jpg": 7.7344,
    "gt_80.2s_f37.jpg": 2.2072
  },
  "approved_files": [
    "gt_26.2s_f14.jpg",
    "gt_132.1s_f59.jpg",
    "gt_80.2s_f37.jpg"
  ],
  "mean_embedding": [
    -0.06000534072518349,
    0.0566989965736866,
    0.06264952570199966,
    0.06144611909985542,
    -0.055829551070928574,
    0.02348027005791664,
    -0.009739607572555542,
    0.01991789974272251,
    0.0437588095664978,
    0.06956279277801514,
    -0.017758183181285858,
    0.03172330930829048,
    0.044943492859601974,
    -0.02632705308496952,
    0.10160291194915771,
    0.017336836084723473,
    0.02978106029331684,
    -0.014689028263092041,
    -0.022516287863254547,
    -0.06124873086810112,
    -0.05611059442162514,
    -0.0912080779671669,
    0.05581101402640343,
    -0.024814337491989136,
    -0.0035317586734890938,
    0.008121496997773647,
    -0.01936003752052784,
    -0.06816858798265457,
    -0.02561342529952526,
    -0.023009564727544785,
    -0.09770459681749344,
    0.045836493372917175,
    0.013312438502907753,
    0.022550087422132492,
    0.06453831493854523,
    -0.11069837212562561,
    0.04229286313056946,
    -0.011185605078935623,
    -0.046851590275764465,
    -0.003767163958400488,
    0.015613263472914696,
    -0.07667487114667892,
    0.050326067954301834,
    -0.08495751023292542,
    -0.047275956720113754,
    -0.03239358961582184,
    0.004712281748652458,
    -0.002064370783045888,
    -0.012330230325460434,
    -0.029214616864919662,
    -0.010648767463862896,
    -0.037384890019893646,
    0.047869134694337845,
    -0.0003092423430643976,
    0.05809628218412399,
    0.04001681134104729,
    -0.06009513884782791,
    -0.05273855850100517,
    0.06682731956243515,
    0.010081188753247261,
    0.0529056079685688,
    0.09159854799509048,
    -0.013648586347699165,
    -0.0205776896327734,
    0.02400592342019081,
    -0.024210341274738312,
    -0.03771648555994034,
    0.047261692583560944,
    0.009437276981770992,
    0.051340486854314804,
    0.017501750960946083,
    -0.027383869513869286,
    0.024144502356648445,
    0.037420861423015594,
    -0.026363279670476913,
    0.029797546565532684,
    0.04185560718178749,
    -0.04839223623275757,
    0.03490828722715378,
    0.03095068223774433,
    0.012281734496355057,
    -0.028053905814886093,
    0.07560284435749054,
    -0.044408779591321945,
    0.02928205579519272,
    -0.07893861830234528,
    -0.03834610432386398,
    -0.04215056449174881,
    0.011895102448761463,
    -0.05184870958328247,
    0.021168773993849754,
    0.016338348388671875,
    -0.026072043925523758,
    0.010679420083761215,
    0.0640687495470047,
    -0.04494554176926613,
    -0.04431852325797081,
    0.04746047407388687,
    -0.0197462011128664,
    0.018636275082826614,
    0.06608489155769348,
    -0.0579560324549675,
    0.057615771889686584,
    0.0032815972808748484,
    -0.018254105001688004,
    0.012060939334332943,
    -0.004325174260884523,
    -0.016230886802077293,
    0.017855754122138023,
    0.023139113560318947,
    0.059166744351387024,
    -0.002198405796661973,
    0.003131067380309105,
    0.015990570187568665,
    -0.007654763758182526,
    -0.06130145117640495,
    0.004820694215595722,
    0.025797121226787567,
    -0.017741255462169647,
    0.13305820524692535,
    -0.013727681711316109,
    -0.007754865568131208,
    0.06789933145046234,
    -0.05489567667245865,
    -0.04474335163831711,
    0.0038241769652813673,
    0.03090416081249714,
    0.055043816566467285,
    0.04421747103333473,
    -0.039491891860961914,
    -0.0425075963139534,
    0.0034010668750852346,
    -0.027790909633040428,
    0.04683995619416237,
    0.05044478178024292,
    0.016445942223072052,
    0.03441689908504486,
    0.09633145481348038,
    0.009177199564874172,
    0.008113476447761059,
    0.004107790067791939,
    0.021226096898317337,
    -0.0558990016579628,
    -0.037515491247177124,
    -0.045750994235277176,
    0.01211997214704752,
    -0.0008581087458878756,
    0.06206360086798668,
    -0.09985414147377014,
    -0.044615086168050766,
    0.052204955369234085,
    0.06656337529420853,
    -0.08390544354915619,
    0.009317931719124317,
    0.0026191482320427895,
    0.0528707355260849,
    -0.04836573451757431,
    0.07530072331428528,
    0.0030849347822368145,
    0.02278146706521511,
    -0.02503819763660431,
    -0.07269353419542313,
    -0.020828556269407272,
    -0.05153794214129448,
    -0.01136457547545433,
    0.048212938010692596,
    0.01406537089496851,
    -0.0313524454832077,
    -0.0038253057282418013,
    -0.014237710274755955,
    -0.05211791396141052,
    0.04302258789539337,
    0.035659052431583405,
    0.11080224812030792,
    -0.006376815028488636,
    0.03467942401766777,
    -0.010366068221628666,
    -0.016258174553513527,
    -0.0249982550740242,
    0.05973425880074501,
    0.008112110197544098,
    0.03373894840478897,
    -0.05952206626534462,
    -0.05248129740357399,
    -0.031200582161545753,
    0.032973866909742355,
    -0.007818283513188362,
    -0.016039375215768814,
    -0.04530135914683342,
    0.03888567537069321,
    0.003473009215667844,
    -0.027433382347226143,
    0.016411595046520233,
    0.03253345191478729,
    -0.007968957535922527,
    0.005591816734522581,
    -0.06927571445703506,
    -0.00045450881589204073,
    0.05413645878434181,
    -0.0115251699462533,
    0.049476489424705505,
    -0.008583578281104565,
    -0.07671397924423218,
    -0.026791706681251526,
    -0.02719394862651825,
    -0.03873518109321594,
    0.04127565026283264,
    0.013265207409858704,
    0.03113202378153801,
    0.04669198766350746,
    -0.00279760779812932,
    0.010231279768049717,
    0.046982262283563614,
    0.049637217074632645,
    -0.01893358677625656,
    0.05797451734542847,
    -0.06496216356754303,
    0.07660031318664551,
    -0.024721188470721245,
    0.06604941934347153,
    -0.010936814360320568,
    -0.0406896248459816,
    0.013625889085233212,
    0.06827234476804733,
    -0.011751007288694382,
    -0.06603308022022247,
    0.026941470801830292,
    0.005517489742487669,
    -0.03822125494480133,
    -0.06792926788330078,
    -0.05870864540338516,
    -0.0411577969789505,
    0.12799163162708282,
    0.04487813264131546,
    -0.030813906341791153,
    0.04298394173383713,
    0.06338056176900864,
    0.0114327073097229,
    0.04572152718901634,
    0.007641601841896772,
    0.006663703825324774,
    -0.021901080384850502,
    0.05802985653281212,
    0.008297094143927097,
    0.0398147851228714,
    -0.047883324325084686,
    -0.08685393631458282,
    0.017238451167941093,
    -0.08304020762443542,
    0.0052606151439249516,
    0.045362986624240875,
    -0.005884506739675999,
    0.012958534993231297,
    0.043404147028923035,
    0.004094005096703768,
    -0.08160516619682312,
    -0.039633844047784805,
    -0.004242126829922199,
    -0.035775527358055115,
    0.04488592967391014,
    -0.04692709818482399,
    -0.005421040114015341,
    0.004190311301499605,
    -0.01720370538532734,
    0.035132233053445816,
    0.01647113636136055,
    0.07960545271635056,
    -0.04972998797893524,
    -0.03258068487048149,
    -0.007005047518759966,
    0.003724026260897517,
    -0.005618286784738302,
    0.012954850681126118,
    -0.035103727132081985,
    0.006851153913885355,
    -0.009696758352220058,
    0.030061375349760056,
    -0.009211171418428421,
    -0.06562547385692596,
    -0.026625024154782295,
    0.041825950145721436,
    -0.022324420511722565,
    0.029432883486151695,
    0.04351864010095596,
    -0.06154914200305939,
    0.008164585568010807,
    -0.05385022237896919,
    0.006598311476409435,
    -0.002396321389824152,
    0.03483377397060394,
    0.0032847581896930933,
    0.029670272022485733,
    -0.02651256136596203,
