{
  "embedding_files": [
    "gt_26.2s_f14.jpg",
    "gt_132.1s_f59.jpg",
    "gt_80.2s_f37.jpg"
  ],
  "backup_files": [],
  "scores": {
    "gt_26.2s_f14.jpg": 10.4356,
    "gt_132.1s_f59.jpg": 7.7344,
    "gt_80.2s_f37.jpg": 2.2072
  },
  "approved_files": [
    "gt_26.2s_f14.jpg",
    "gt_132.1s_f59.jpg",
    "gt_80.2s_f37.jpg"
  ],
  "mean_embedding": [
    -0.08523929119110107,
    0.063669353723526,
    0.049943696707487106,
    0.06344396620988846,
    -0.06715881079435349,
    0.03862013667821884,
    -0.033022910356521606,
    0.02745027281343937,
    0.03879079222679138,
    0.07048623263835907,
    -0.01197509840130806,
    0.018537571653723717,
    0.042432501912117004,
    -0.0010876735905185342,
    0.10997747629880905,
    0.0212833434343338,
    0.0260489359498024,
    -0.0192716084420681,
    -9.472503006691113e-05,
    -0.052151769399642944,
    -0.05792481452226639,
    -0.060613613575696945,
    0.022938953712582588,
    -0.03559507429599762,
    0.009679164737462997,
    0.02683267556130886,
    -0.018638545647263527,
    -0.06648585200309753,
    -0.03790297359228134,
    -0.021683383733034134,
    -0.08841964602470398,
    0.04015415161848068,
    0.0011192242382094264,
    0.03912339732050896,
    0.08388395607471466,
    -0.1044931635260582,
    0.03700821474194527,
    -0.021273817867040634,
    -0.0730031207203865,
    -0.0213274247944355,
    0.013020789250731468,
    -0.06478085368871689,
    0.05350974574685097,
    -0.08301512151956558,
    -0.06131678819656372,
    -0.035967543721199036,
    0.02478116750717163,
    -0.0013191397301852703,
    -0.02090585231781006,
    -0.04257139563560486,
    -0.005226027220487595,
    -0.028759891167283058,
    0.043578702956438065,
    0.02572539448738098,
    0.06530696153640747,
    0.027947403490543365,
    -0.0532461516559124,
    -0.06100619584321976,
    0.09086678922176361,
    0.014381413348019123,
    0.05852862447500229,
    0.07334806025028229,
    -0.013353534042835236,
    -0.02233426459133625,
    0.02304987609386444,
    -0.04524067044258118,
    -0.03412142023444176,
    0.03492945432662964,
    -0.0026713188271969557,
    0.06757855415344238,
    0.01135981548577547,
    -0.0409175381064415,
    0.028638819232583046,
    0.037419963628053665,
    -0.027235614135861397,
    0.028798282146453857,
    0.05655346065759659,
    -0.05199543014168739,
    0.04715472832322121,
    0.027983838692307472,
    0.0008053801138885319,
    -0.042164336889982224,
    0.058740563690662384,
    -0.06166847050189972,
    0.02895970828831196,
    -0.06710328161716461,
    -0.021025849506258965,
    -0.05471606180071831,
    0.011001959443092346,
    -0.06173529475927353,
    0.0067329974845051765,
    0.01924104057252407,
    -0.0218014158308506,
    0.007975255139172077,
    0.05248292535543442,
    -0.03989453986287117,
    -0.051354870200157166,
    0.05029996484518051,
    -0.02516951970756054,
    0.022147314622998238,
    0.07671307772397995,
    -0.06161816418170929,
    0.04945224151015282,
    0.007840738631784916,
    -0.039822641760110855,
    0.020897887647151947,
    0.0022886840160936117,
    -0.042022351175546646,
    0.00827087089419365,
    0.02636004611849785,
    0.050157397985458374,
    -0.0019469507969915867,
    -0.0027870526537299156,
    0.016103612259030342,
    0.003622113959863782,
    -0.050559379160404205,
    -0.006067178677767515,
    0.014249967411160469,
    -0.018293417990207672,
    0.14030462503433228,
    -0.022140739485621452,
    0.02415304444730282,
    0.06307977437973022,
    -0.052978504449129105,
    -0.05459105223417282,
    0.00032448783167637885,
    0.01255358848720789,
    0.05749805271625519,
    0.04185562580823898,
    -0.06225457787513733,
    -0.04702925682067871,
    0.008065948262810707,
    -0.005321844480931759,
    0.05030498281121254,
    0.06497277319431305,
    0.009607755579054356,
    0.048343345522880554,
    0.11359217762947083,
    0.014089508913457394,
    0.008587666787207127,
    -0.0057899304665625095,
    0.019501719623804092,
    -0.038808152079582214,
    -0.02793795056641102,
    -0.04568592086434364,
    -0.0078126210719347,
    0.0020748781971633434,
    0.06040779873728752,
    -0.1131850928068161,
    -0.025592489168047905,
    0.06039378046989441,
    0.06175914406776428,
    -0.08541182428598404,
    0.008197319693863392,
    0.00022255729709286243,
    0.06296630203723907,
    -0.04933597519993782,
    0.07122387737035751,
    0.01721060276031494,
    0.036164455115795135,
    -0.0007324808393605053,
    -0.07020928710699081,
    0.009893287904560566,
    -0.05235840380191803,
    -0.0178057998418808,
    0.05093392729759216,
    0.01808396726846695,
    -0.05195207521319389,
    -0.0052829016931355,
    -0.007781460881233215,
    -0.024730829522013664,
    0.05199768766760826,
    0.03827142342925072,
    0.0900629460811615,
    -0.004599497653543949,
    0.034026727080345154,
    0.005823144223541021,
    -0.012225298210978508,
    -0.024283040314912796,
    0.05961979925632477,
    0.01966528221964836,
    0.03029029257595539,
    -0.053269609808921814,
    -0.05988144502043724,
    -0.03333590179681778,
    0.04634597525000572,
    0.003010046435520053,
    -0.0299320537596941,
    -0.04973690211772919,
    0.045466866344213486,
    -0.0109290461987257,
    -0.029492778703570366,
    0.029581628739833832,
    0.019822783768177032,
    0.00877273641526699,
    0.022390155121684074,
    -0.05216556787490845,
    -0.0022366719786077738,
    0.05439900606870651,
    -0.019104985520243645,
    0.04004940390586853,
    -0.021664347499608994,
    -0.06677093356847763,
    -0.023921851068735123,
    -0.02140071988105774,
    -0.05268222093582153,
    0.029445812106132507,
    -0.0014938069507479668,
    0.042067572474479675,
    0.037771034985780716,
    -0.010439121164381504,
    0.009698601439595222,
    0.050508953630924225,
    0.04342152178287506,
    -0.016288552433252335,
    0.028760410845279694,
    -0.07332854717969894,
    0.0759938657283783,
    -0.02167881838977337,
    0.07658344507217407,
    0.004160950426012278,
    -0.05370522290468216,
    0.011220362037420273,
    0.05998942255973816,
    -0.003196407575160265,
    -0.049608491361141205,
    0.037139177322387695,
    0.012653835117816925,
    -0.02697625942528248,
    -0.06535215675830841,
    -0.06469051539897919,
    -0.03015114553272724,
    0.12114016711711884,
    0.05670386180281639,
    -0.0252080000936985,
    0.06412442028522491,
    0.05927305668592453,
    -0.00208081491291523,
    0.05053824558854103,
    0.019389020279049873,
    0.014777228236198425,
    -0.000715110800229013,
    0.052306853234767914,
    0.009301911108195782,
    0.04655945301055908,
    -0.053638532757759094,
    -0.09704852104187012,
    0.017628565430641174,
    -0.07681611180305481,
    -0.0020280287135392427,
    0.022496532648801804,
    -0.012964032590389252,
    0.01959626004099846,
    0.0353754423558712,
    -0.0009776796214282513,
    -0.06848754733800888,
    -0.021133851259946823,
    0.006648300215601921,
    -0.04186391830444336,
    0.026577794924378395,
    -0.044917330145835876,
    0.004355821292847395,
    0.018865816295146942,
    -0.0051791188307106495,
    0.032063305377960205,
    0.01117716170847416,
    0.08173243701457977,
    -0.04323158785700798,
    -0.020224610343575478,
    -0.0005016691284254193,
    0.00034574521123431623,
    -0.00972312968224287,
    0.03114551492035389,
    -0.045153696089982986,
    0.023680591955780983,
    -0.013205681927502155,
    0.036019742488861084,
    0.007939538918435574,
    -0.03818259388208389,
    -0.011888742446899414,
    0.055469706654548645,
    -0.01655169576406479,
    0.020572911947965622,
    0.03645705431699753,
    -0.05866297706961632,
    0.010464026592671871,
    -0.044543780386447906,
    0.011032967828214169,
    -0.005548064596951008,
    0.013631390407681465,
    0.0021812545601278543,
    0.032570865005254745,
    -0.019933374598622322,
    -0.011324864812195301,
