{
  "embedding_files": [
    "gt_750.2s_f143.jpg",
    "gt_300.2s_f30.jpg",
    "gt_499.6s_f83.jpg",
    "gt_399.0s_f55.jpg",
    "gt_658.0s_f120.jpg",
    "gt_107.2s_f49.jpg",
    "gt_154.0s_f125.jpg",
    "gt_73.2s_f11.jpg",
    "gt_91.9s_f32.jpg"
  ],
  "backup_files": [],
  "scores": {
    "gt_300.2s_f30.jpg": 14.0491,
    "gt_499.6s_f83.jpg": 10.9848,
    "gt_399.0s_f55.jpg": 5.2923,
    "gt_658.0s_f120.jpg": 3.8039,
    "gt_750.2s_f143.jpg": 16.4664
  },
  "approved_files": [
    "gt_750.2s_f143.jpg",
    "gt_300.2s_f30.jpg",
    "gt_499.6s_f83.jpg",
    "gt_399.0s_f55.jpg",
    "gt_658.0s_f120.jpg",
    "gt_107.2s_f49.jpg",
    "gt_154.0s_f125.jpg",
    "gt_73.2s_f11.jpg",
    "gt_91.9s_f32.jpg"
  ],
  "mean_embedding": [
    -0.02076791226863861,
    0.0017413177993148565,
    -0.006125860847532749,
    0.046353530138731,
    -0.044903140515089035,
    0.013358211144804955,
    -0.054476458579301834,
    -0.007955610752105713,
    -0.027948537841439247,
    -0.010489027947187424,
    0.12373672425746918,
    -0.047406312078237534,
    0.034759700298309326,
    -0.005913931410759687,
    -0.03380487859249115,
    -0.024638773873448372,
    -0.017294885590672493,
    -0.14299318194389343,
    -0.0021688342094421387,
    0.023378968238830566,
    0.03229318931698799,
    -0.06767365336418152,
    0.060971759259700775,
    0.0447673536837101,
    0.019813744351267815,
    0.03054635040462017,
    -0.03455653041601181,
    -0.06650600582361221,
    0.0626831129193306,
    -0.0425415076315403,
    -0.04753519967198372,
    -0.02928626909852028,
    -0.07767851650714874,
    0.01719915308058262,
    -0.005904291290789843,
    -0.02507033199071884,
    -0.07603652775287628,
    -0.004735127091407776,
    -0.07231862843036652,
    -0.015393760055303574,
    0.04428264498710632,
    -0.04983271285891533,
    -0.03563174977898598,
    0.0031108777038753033,
    0.056155651807785034,
    0.02585984580218792,
    -0.008945146575570107,
    -0.012179289013147354,
    -0.011084061115980148,
    0.04989377036690712,
    -0.022783586755394936,
    0.026817182078957558,
    -0.04529440030455589,
    0.048468559980392456,
    0.002896541263908148,
    -0.009704289957880974,
    -0.007309326436370611,
    -0.026895413175225258,
    0.11287327855825424,
    -0.07023773342370987,
    0.036199864000082016,
    -0.05964319407939911,
    -0.016349418088793755,
    0.024530574679374695,
    0.06905397772789001,
    0.029604295268654823,
    0.03798811882734299,
    0.00786385778337717,
    0.045513179153203964,
    -0.050951872020959854,
    0.022131703794002533,
    0.042164091020822525,
    -0.01334117166697979,
    -0.0029897468630224466,
    0.02466488629579544,
    -0.030639640986919403,
    0.013418602757155895,
    0.05118352919816971,
    0.07341763377189636,
    0.013027467764914036,
    0.0016647452721372247,
    -0.028305906802415848,
    0.028567630797624588,
    -0.04085512459278107,
    -0.0586533360183239,
    0.046463027596473694,
    -0.02299654856324196,
    -0.09244460612535477,
    0.0017355538439005613,
    -0.02179495431482792,
    0.11535803228616714,
    -0.04631277546286583,
    0.04238668456673622,
    -0.02179182879626751,
    -0.033059436827898026,
    -0.05130461975932121,
    -0.05578944459557533,
    -0.07768537849187851,
    -0.014324386604130268,
    0.07677675038576126,
    -0.007981310598552227,
    -0.022692322731018066,
    0.04757055640220642,
    0.06371168047189713,
    -0.01259492989629507,
    0.040514662861824036,
    0.0028281747363507748,
    0.014418893493711948,
    0.0419149287045002,
    0.050038911402225494,
    -0.05606677383184433,
    -0.024733001366257668,
    0.06190859526395798,
    -0.014472903683781624,
    -0.02308044582605362,
    -0.04915578290820122,
    0.07700949162244797,
    -0.003936449531465769,
    -0.06231112405657768,
    -0.06042032688856125,
    -0.03498968109488487,
    0.03524774685502052,
    0.05775397643446922,
    0.04469103366136551,
    0.004126369021832943,
    -0.009690516628324986,
    -0.09291206300258636,
    -0.012998748570680618,
    0.048500142991542816,
    -0.033486507833004,
    -0.06466468423604965,
    -0.07596799731254578,
    -0.016945237293839455,
    0.029180968180298805,
    0.0056692687794566154,
    0.01880190521478653,
    0.023715943098068237,
    -0.073445163667202,
    -0.009642058052122593,
    -0.09263959527015686,
    0.020879803225398064,
    -0.04045772925019264,
    0.014654365368187428,
    0.03465991094708443,
    0.0024154868442565203,
    -0.028368882834911346,
    -0.028819633647799492,
    -0.045536719262599945,
    -0.006798856426030397,
    0.04303750395774841,
    0.03606019914150238,
    -0.004248055163770914,
    0.02043922431766987,
    0.004039823077619076,
    0.06735607981681824,
    0.022291691973805428,
    0.04012130945920944,
    -0.03888576477766037,
    -0.07467178255319595,
    0.04530021920800209,
    -0.00018167810048907995,
    -0.02155640535056591,
    -0.0223859790712595,
    -0.004062154330313206,
    0.020220056176185608,
    0.01893570087850094,
    -0.07387130707502365,
    0.005594032350927591,
    -0.0015285348054021597,
    0.007029017433524132,
    0.05612706020474434,
    0.0485486276447773,
    0.002342075575143099,
    0.03588568791747093,
    0.03008507564663887,
    0.015626292675733566,
    0.02564999833703041,
    0.006766124628484249,
    0.06852225959300995,
    0.012282843701541424,
    -0.021077308803796768,
    -0.009293030016124249,
    -0.06714934855699539,
    0.013622460886836052,
    0.06345614790916443,
    0.026799166575074196,
    0.05965008959174156,
    0.004117519129067659,
    0.05622915178537369,
    -0.015359489247202873,
    -0.06404000520706177,
    0.00908818282186985,
    -0.08837424963712692,
    0.09358709305524826,
    0.00600446155294776,
    -0.025602534413337708,
    0.050600308924913406,
    -0.03799944743514061,
    -0.026313496753573418,
    0.043442681431770325,
    0.09154412150382996,
    0.015424574725329876,
    -0.09013853967189789,
    -0.05680952966213226,
    0.029480908066034317,
    -0.05636247992515564,
    -0.01945558749139309,
    -0.06303989887237549,
    -0.03495771437883377,
    -0.0032801770139485598,
    0.09663291275501251,
    0.0036490627098828554,
    0.0071774437092244625,
    -0.04677792638540268,
    -0.08112439513206482,
    -0.029550686478614807,
    -0.014494284987449646,
    0.05311770364642143,
    -0.010350272059440613,
    -0.05114900693297386,
    0.028279254212975502,
    -0.12496950477361679,
    0.04790160804986954,
    -0.05408157780766487,
    0.02121267281472683,
    -0.0014268839731812477,
    -0.013100473210215569,
    0.06162452697753906,
    -0.055654898285865784,
    -0.01543559692800045,
    -0.06176852807402611,
    -0.022274313494563103,
    0.016268011182546616,
    0.02064180001616478,
    0.048423003405332565,
    -0.014096174389123917,
    0.04255422577261925,
    -0.02697988785803318,
    0.05436306446790695,
    -0.03941749408841133,
    -0.022913092747330666,
    -0.05589829385280609,
    0.048035189509391785,
    -0.03891507908701897,
    0.03312308341264725,
    -0.0016134748002514243,
    -0.01565052941441536,
    0.07366141676902771,
    0.01563367433845997,
    -0.06958474963903427,
    0.037665847688913345,
    -0.0404883548617363,
    0.036349937319755554,
    0.012132848612964153,
    -0.06636783480644226,
    0.008653056807816029,
    -0.01835913024842739,
    -0.019722940400242805,
    0.03133970499038696,
    0.02848518081009388,
    0.051623620092868805,
    0.0018467308254912496,
    -0.04488753154873848,
    -0.01061164028942585,
    0.03595547378063202,
    0.00628745649009943,
    0.03534591197967529,
    -0.025734389200806618,
    0.05188877135515213,
    -0.026753075420856476,
    -0.030251946300268173,
    -0.033090490847826004,
    0.05221814289689064,
    0.024241788312792778,
    0.0008221729076467454,
    0.025243263691663742,
    -0.038177214562892914,
    -0.030076172202825546,
    0.05289990454912186,
