{
  "embedding_files": [
    "gt_244.4s_f147.jpg",
    "gt_200.6s_f105.jpg",
    "gt_155.8s_f66.jpg",
    "gt_123.1s_f37.jpg",
    "gt_112.1s_f30.jpg"
  ],
  "backup_files": [
    "gt_89.4s_f14.jpg",
    "gt_134.7s_f52.jpg",
    "gt_75.3s_f5.jpg",
    "gt_101.1s_f20.jpg"
  ],
  "scores": {
    "gt_123.1s_f37.jpg": 32.3737,
    "gt_112.1s_f30.jpg": 31.2086,
    "gt_134.7s_f52.jpg": 26.8021,
    "gt_89.4s_f14.jpg": 25.7996,
    "gt_75.3s_f5.jpg": 13.7666,
    "gt_101.1s_f20.jpg": 4.5705,
    "gt_155.8s_f66.jpg": 32.8864,
    "gt_200.6s_f105.jpg": 36.8806,
    "gt_244.4s_f147.jpg": 37.8873
  },
  "approved_files": [
    "gt_244.4s_f147.jpg",
    "gt_200.6s_f105.jpg",
    "gt_155.8s_f66.jpg",
    "gt_123.1s_f37.jpg",
    "gt_112.1s_f30.jpg",
    "gt_134.7s_f52.jpg",
    "gt_89.4s_f14.jpg",
    "gt_75.3s_f5.jpg",
    "gt_101.1s_f20.jpg"
  ],
  "mean_embedding": [
    0.03997039794921875,
    -0.02396083064377308,
    -0.10035010427236557,
    0.044508468359708786,
    0.03936247155070305,
    0.06434168666601181,
    -0.042460791766643524,
    0.043837770819664,
    0.06575344502925873,
    -0.004459309857338667,
    -0.022508691996335983,
    0.020169943571090698,
    -0.008416243828833103,
    -0.010570275597274303,
    -0.004736924543976784,
    -0.028429146856069565,
    -0.005231356248259544,
    -0.004768615588545799,
    -0.0666358470916748,
    0.010480539873242378,
    0.053070444613695145,
    -0.0018977695144712925,
    -0.02806513011455536,
    -0.034643858671188354,
    -0.039836615324020386,
    3.6389599699759856e-05,
    -0.04509878158569336,
    -0.10842569917440414,
    -0.021708346903324127,
    0.06192242354154587,
    0.016142461448907852,
    -0.010003860108554363,
    0.02199910208582878,
    0.02834623120725155,
    -0.056853558868169785,
    0.07940199971199036,
    0.04388241469860077,
    -0.06438630819320679,
    0.09477713704109192,
    -0.06189510598778725,
    -0.0433916412293911,
    0.031709935516119,
    0.0425499863922596,
    0.030560344457626343,
    0.006219768896698952,
    0.06713389605283737,
    -0.02118726447224617,
    -0.020178718492388725,
    0.008056150749325752,
    -0.0024523588363081217,
    -0.04019884020090103,
    -0.04410014674067497,
    -0.021083399653434753,
    0.07133599370718002,
    -0.06561117619276047,
    0.06844884157180786,
    -0.02995338849723339,
    -0.08074760437011719,
    0.02897878736257553,
    0.006855286192148924,
    -0.021000921726226807,
    0.04165232926607132,
    0.015859704464673996,
    -0.03241186589002609,
    -0.035220324993133545,
    0.04016008973121643,
    0.01792428269982338,
    0.017601775005459785,
    0.05054697394371033,
    -0.014635956846177578,
    -0.003375275991857052,
    -0.01762678660452366,
    0.0007426929660141468,
    0.09022951871156693,
    0.025951754301786423,
    0.053704313933849335,
    0.027561062946915627,
    0.013028256595134735,
    0.05119606480002403,
    0.02944311499595642,
    0.025769749656319618,
    -0.028486210852861404,
    -0.0010016055312007666,
    -0.030548792332410812,
    0.008557102642953396,
    -0.006635115947574377,
    -0.013776085339486599,
    -0.0033316712360829115,
    0.001183475716970861,
    -0.09015943855047226,
    0.017347069457173347,
    -0.037768807262182236,
    0.04732324182987213,
    0.02495107613503933,
    0.06038419157266617,
    -0.13144995272159576,
    -0.0003556541632860899,
    -0.003294758265838027,
    -0.02998032048344612,
    -0.055344726890325546,
    0.018558278679847717,
    0.036798231303691864,
    -0.00691357022151351,
    -0.06273551285266876,
    -0.0033931536599993706,
    0.08897273987531662,
    -0.09484827518463135,
    -0.12138722836971283,
    0.027316518127918243,
    0.042842160910367966,
    0.0037745211739093065,
    -0.0406995452940464,
    0.043244581669569016,
    0.04610375314950943,
    -0.0006565424264408648,
    -0.09599757939577103,
    -0.04467764124274254,
    -0.044001348316669464,
    -0.024682944640517235,
    0.045178189873695374,
    0.010202720761299133,
    0.015384637750685215,
    0.001122081303037703,
    -0.0383022204041481,
    0.012416557408869267,
    -0.01168464682996273,
    0.008283337578177452,
    0.006477166432887316,
    0.06458383798599243,
    0.010355313308537006,
    -0.044726788997650146,
    0.052187975496053696,
    0.03537937253713608,
    -0.016617676243185997,
    -0.008570104837417603,
    -0.0073366365395486355,
    -0.004892304539680481,
    0.02494555525481701,
    -0.03515830636024475,
    0.02399323135614395,
    0.008833321742713451,
    -0.017384996637701988,
    -0.059703294187784195,
    -0.032491229474544525,
    -0.03174959123134613,
    0.03420141711831093,
    -0.03759976848959923,
    -0.02254140004515648,
    0.035697050392627716,
    0.009781897068023682,
    0.05621417984366417,
    0.03582677245140076,
    -0.020895326510071754,
    -0.06260129064321518,
    -0.04003341123461723,
    -0.12079501897096634,
    -0.06663820147514343,
    0.0074133435264229774,
    0.006441387347877026,
    0.05159851536154747,
    -0.05458178371191025,
    0.050937820225954056,
    -0.0495142936706543,
    0.011121109127998352,
    0.002336052479222417,
    0.10754986107349396,
    -0.05235527083277702,
    0.06272029876708984,
    -0.019322097301483154,
    -0.026512689888477325,
    0.04406476020812988,
    -0.02450287900865078,
    0.031939439475536346,
    0.013209087774157524,
    -0.022678857669234276,
    -0.07570437341928482,
    0.03709983453154564,
    -0.05709657073020935,
    0.0721157044172287,
    -0.004643694963306189,
    -0.05065860599279404,
    -0.041200969368219376,
    0.023834897205233574,
    -0.014079887419939041,
    -0.027977662160992622,
    0.014272474683821201,
    -0.10516005754470825,
    0.005408076103776693,
    -0.04428424686193466,
    -0.006507204845547676,
    -0.014459454454481602,
    -0.0028299049008637667,
    -0.025971559807658195,
    0.04221336543560028,
    -0.06391602009534836,
    0.01771533489227295,
    0.019705448299646378,
    0.05224347114562988,
    -0.045666176825761795,
    -0.025040777400135994,
    0.004758541937917471,
    0.01426569651812315,
    0.01898580975830555,
    -0.0025587917771190405,
    0.021140340715646744,
    0.026626506820321083,
    0.005597341805696487,
    -0.01446099579334259,
    0.10394762456417084,
    0.026091719046235085,
    0.057347942143678665,
    -0.01062946766614914,
    -0.008920839987695217,
    -0.046086568385362625,
    -0.03166372701525688,
    0.029541825875639915,
    -0.02022545039653778,
    0.007574010174721479,
    0.05764120817184448,
    0.009315386414527893,
    -0.012871256098151207,
    -0.07553238421678543,
    -0.02529316395521164,
    -0.038476891815662384,
    -0.03539630398154259,
    -0.014167948625981808,
    0.031134510412812233,
    0.08162792772054672,
    -0.006074444390833378,
    -0.027527594938874245,
    -7.928557897685096e-05,
    0.045277394354343414,
    0.06533179432153702,
    0.05022270977497101,
    0.013207248412072659,
    -0.005620184354484081,
    -0.09202306717634201,
    -0.006239776033908129,
    0.025713467970490456,
    0.052048731595277786,
    -0.01629183441400528,
    0.04993296414613724,
    0.013181209564208984,
    0.03275693207979202,
    0.017170866951346397,
    -0.019803224131464958,
    0.02256067469716072,
    0.02407647855579853,
    -0.04398179426789284,
    0.026962855830788612,
    0.0058492436073720455,
    -0.06554951518774033,
    0.07650097459554672,
    -0.04249601066112518,
    -0.10968925058841705,
    0.04327763244509697,
    0.034325290471315384,
    0.08151224255561829,
    -0.0591256283223629,
    -0.009557187557220459,
    -0.022218504920601845,
    0.0034423493780195713,
    -0.04439554363489151,
    -0.01726348139345646,
    -0.05106785148382187,
    -0.03498304635286331,
    -0.01209424901753664,
    -0.08340282738208771,
    -0.018025485798716545,
    0.09342948347330093,
    -0.03388946130871773,
    0.018024982884526253,
    0.02890886925160885,
