{
  "embedding_files": [
    "gt_742.8s_f81.jpg",
    "gt_431.4s_f29.jpg",
    "gt_310.5s_f9.jpg",
    "gt_890.5s_f107.jpg"
  ],
  "backup_files": [],
  "scores": {
    "gt_742.8s_f81.jpg": 16.9727,
    "gt_431.4s_f29.jpg": 16.2766,
    "gt_310.5s_f9.jpg": 16.1421,
    "gt_890.5s_f107.jpg": 9.7492
  },
  "approved_files": [
    "gt_742.8s_f81.jpg",
    "gt_431.4s_f29.jpg",
    "gt_310.5s_f9.jpg",
    "gt_890.5s_f107.jpg"
  ],
  "mean_embedding": [
    -0.022474834695458412,
    -0.028092466294765472,
    -0.007117984816431999,
    0.044356394559144974,
    -0.0043382104486227036,
    -0.04640716686844826,
    -0.02011370286345482,
    0.008578024804592133,
    -0.026461856439709663,
    -0.04274875298142433,
    0.03998810797929764,
    -0.05712083354592323,
    0.01994404010474682,
    -0.048989441245794296,
    -0.025416363030672073,
    -0.029502594843506813,
    0.0036936793476343155,
    -0.04155012592673302,
    -0.06465515494346619,
    0.022986896336078644,
    -0.007507968693971634,
    -0.010611936450004578,
    0.01456409227102995,
    -0.021633822470903397,
    -0.055532410740852356,
    -0.06877267360687256,
    -0.05820067599415779,
    -0.0489092692732811,
    0.04637356474995613,
    -0.03781414404511452,
    -0.0017127606552094221,
    0.03392081707715988,
    0.04866355285048485,
    -0.0008554166997782886,
    0.019946854561567307,
    0.08198034018278122,
    0.011947572231292725,
    0.04112084582448006,
    0.03613997623324394,
    -0.013337568379938602,
    0.02614724636077881,
    -0.03396560251712799,
    0.009707288816571236,
    0.0020199823193252087,
    -0.055532392114400864,
    0.04443201795220375,
    0.0809958353638649,
    0.02786816656589508,
    0.06724253296852112,
    -0.004821504931896925,
    0.01837286166846752,
    -0.07606907933950424,
    0.04957473650574684,
    -0.05930940434336662,
    -0.06445374339818954,
    0.03045073337852955,
    -0.08493451029062271,
    -0.07271891087293625,
    -0.07531271129846573,
    0.07598431408405304,
    -0.03531646355986595,
    0.04222310706973076,
    0.006169031374156475,
    0.02027449570596218,
    0.0317232608795166,
    0.021540604531764984,
    -0.014110971242189407,
    -0.012736768461763859,
    -0.04435288533568382,
    -0.08769945800304413,
    -0.014327004551887512,
    0.01658484898507595,
    -0.08834800124168396,
    0.030226273462176323,
    -0.010798112489283085,
    0.012096603401005268,
    0.03929848596453667,
    0.07233550399541855,
    0.0647866278886795,
    -0.0018037973204627633,
    0.011566546745598316,
    -0.02883761376142502,
    0.07925223559141159,
    0.0012731213355436921,
    -0.09215961396694183,
    -0.022458532825112343,
    0.0036746638361364603,
    -0.0017607500776648521,
    0.0007178203668445349,
    -0.01055168453603983,
    0.010910077951848507,
    0.10137233883142471,
    0.03220057487487793,
    0.004901984240859747,
    -0.009442486800253391,
    -0.026083864271640778,
    0.01581626757979393,
    -0.01619037240743637,
    -0.012268436141312122,
    -0.0006269999430514872,
    0.05221479758620262,
    0.023511076346039772,
    0.04376145079731941,
    0.04124612733721733,
    -0.0006988146924413741,
    -0.039621658623218536,
    -0.011977829039096832,
    -0.04784417897462845,
    0.012360078282654285,
    -0.02535943314433098,
    0.04224514588713646,
    -0.013004379346966743,
    -0.0006666695117019117,
    -0.02143317647278309,
    0.007565661799162626,
    -0.10353194177150726,
    -0.06676947325468063,
    -0.04870482161641121,
    0.01598881371319294,
    -0.05630267783999443,
    -0.00641709566116333,
    -0.018483933061361313,
    -0.01889224722981453,
    0.005752733442932367,
    -0.019227705895900726,
    -0.025143004953861237,
    0.05136597901582718,
    0.06687003374099731,
    -0.053762003779411316,
    0.07450897246599197,
    -0.014470004476606846,
    0.00903251115232706,
    -0.01643446646630764,
    0.019612634554505348,
    0.012832160107791424,
    -0.0032675620168447495,
    0.01173305418342352,
    -0.06612374633550644,
    -0.018337102606892586,
    0.008508732542395592,
    0.007850074209272861,
    -0.037047676742076874,
    0.017910826951265335,
    -0.024598296731710434,
    -0.08654753118753433,
    -0.033779606223106384,
    0.03541857749223709,
    0.04208621755242348,
    0.018255503848195076,
    0.08494951575994492,
    -0.031185202300548553,
    -0.06614948064088821,
    -0.054744742810726166,
    -0.016916219145059586,
    -0.07163105905056,
    -0.11047941446304321,
    -0.04181281477212906,
    0.05873456224799156,
    0.03291545808315277,
    -0.004601195454597473,
    0.042772285640239716,
    0.04549408704042435,
    0.005892902612686157,
    0.01649208925664425,
    0.013313086703419685,
    0.036521486937999725,
    -0.03982745483517647,
    -0.02434319630265236,
    0.016247421503067017,
    -0.00583904841914773,
    0.00959102064371109,
    0.04043370112776756,
    0.08349452167749405,
    0.010169456712901592,
    0.013668845407664776,
    0.012639114633202553,
    -0.006312370765954256,
    -0.05320771038532257,
    0.1016201451420784,
    -0.005475611891597509,
    0.036703526973724365,
    0.03255215659737587,
    0.045764267444610596,
    -0.04206231236457825,
    -0.002990265842527151,
    -0.018637778237462044,
    -0.006178972311317921,
    -7.32655098545365e-05,
    -0.03519826754927635,
    0.02448446676135063,
    0.016182085499167442,
    0.03242978826165199,
    -0.028677258640527725,
    -0.02008560113608837,
    0.013655097223818302,
    0.07407486438751221,
    0.1374119520187378,
    0.04024649038910866,
    -0.05067617818713188,
    0.030857134610414505,
    0.09711545705795288,
    0.0012118765152990818,
    0.027966834604740143,
    -0.01261849608272314,
    0.02821512520313263,
    0.024339962750673294,
    -0.07350023090839386,
    -0.03618858382105827,
    -0.052509650588035583,
    0.05338259041309357,
    -0.024570444598793983,
    0.005080622620880604,
    0.023755457252264023,
    0.018689395859837532,
    -0.020884333178400993,
    -0.051138997077941895,
    -0.035184551030397415,
    -0.02817060425877571,
    0.07775691896677017,
    0.0040572634898126125,
    0.04933294653892517,
    -0.0711379423737526,
    -0.05161462351679802,
    0.0089129488915205,
    -0.006109895650297403,
    0.00189537915866822,
    -0.013385471887886524,
    -0.024403195828199387,
    0.018912332132458687,
    0.03577181324362755,
    -0.052963387221097946,
    -0.03443177044391632,
    0.059609949588775635,
    -0.016010066494345665,
    0.036768682301044464,
    -0.05935198441147804,
    -0.06969152390956879,
    0.01570773497223854,
    -0.01862160675227642,
    -0.004756668116897345,
    -0.041628360748291016,
    0.006550929509103298,
    -0.032329048961400986,
    -0.058954525738954544,
    -0.022432798519730568,
    -0.06366782635450363,
    -0.033059824258089066,
    0.03541848435997963,
    -0.051529981195926666,
    0.0508364662528038,
    0.057916026562452316,
    -0.08671771734952927,
    0.024070734158158302,
    -0.03083396703004837,
    0.033235348761081696,
    -0.0016160382656380534,
    0.0055904989130795,
    0.07027825713157654,
    0.023808585479855537,
    -0.043106384575366974,
    -0.0861794501543045,
    0.055635467171669006,
    -0.034299030900001526,
    0.011223454028367996,
    0.01851925253868103,
    0.11349012702703476,
    0.010345636866986752,
    -0.06664280593395233,
    0.02113550901412964,
    -0.021854238584637642,
    -0.05060941353440285,
    -0.0012509037042036653,
    0.009678246453404427,
    0.031249016523361206,
    0.018891045823693275,
    0.03760029748082161,
    -0.028322670608758926,
    0.02434626966714859,
    0.029076769948005676,
    0.057713452726602554,
    -0.010332683101296425,
    -0.01836468279361725,
    0.06808209419250488,
    -0.06072229519486427,
    -0.017672952264547348,
    0.0005882849218323827,
    -0.03768795356154442,
    -0.07926584780216217,
    0.03252856433391571,
