{
  "embedding_files": [
    "gt_58.0s_f5.jpg",
    "gt_128.3s_f102.jpg",
    "gt_101.7s_f51.jpg",
    "gt_111.1s_f74.jpg",
    "gt_93.8s_f54.jpg"
  ],
  "backup_files": [
    "gt_742.8s_f81.jpg",
    "gt_431.4s_f29.jpg",
    "gt_310.5s_f9.jpg",
    "gt_77.5s_f35.jpg",
    "gt_890.5s_f107.jpg"
  ],
  "scores": {
    "gt_742.8s_f81.jpg": 16.9727,
    "gt_431.4s_f29.jpg": 16.2766,
    "gt_310.5s_f9.jpg": 16.1421,
    "gt_890.5s_f107.jpg": 9.7492,
    "gt_58.0s_f5.jpg": 30.1971,
    "gt_93.8s_f54.jpg": 17.0146,
    "gt_77.5s_f35.jpg": 15.0248,
    "gt_111.1s_f74.jpg": 19.1702,
    "gt_128.3s_f102.jpg": 21.392,
    "gt_101.7s_f51.jpg": 20.923
  },
  "approved_files": [
    "gt_742.8s_f81.jpg",
    "gt_431.4s_f29.jpg",
    "gt_310.5s_f9.jpg",
    "gt_890.5s_f107.jpg"
  ],
  "mean_embedding": [
    -0.018140172585844994,
    -0.022702259942889214,
    -0.000866218120791018,
    0.04538949206471443,
    0.0020485364366322756,
    -0.04042104631662369,
    -0.019918855279684067,
    0.012883437797427177,
    -0.027709010988473892,
    -0.0436263307929039,
    0.03619043156504631,
    -0.04828714206814766,
    0.018916934728622437,
    -0.046357035636901855,
    -0.025622626766562462,
    -0.03447118028998375,
    -0.003802007995545864,
    -0.042805515229701996,
    -0.06556905806064606,
    0.017396505922079086,
    -0.0020878836512565613,
    -0.004716339521110058,
    0.012603852897882462,
    -0.02858332172036171,
    -0.053939830511808395,
    -0.06341618299484253,
    -0.06572550535202026,
    -0.043466970324516296,
    0.039508722722530365,
    -0.038337115198373795,
    0.0029072421602904797,
    0.03898215293884277,
    0.045956410467624664,
    0.000585002766456455,
    0.028971554711461067,
    0.09401067346334457,
    0.005077515263110399,
    0.04208209365606308,
    0.03505426645278931,
    -0.00663248635828495,
    0.03415197506546974,
    -0.02247512713074684,
    0.008197400718927383,
    0.0025660949759185314,
    -0.0633746087551117,
    0.043878838419914246,
    0.07675779610872269,
    0.018907183781266212,
    0.06848113983869553,
    -0.0010099982609972358,
    0.02267138846218586,
    -0.0814586952328682,
    0.04918084293603897,
    -0.06523642688989639,
    -0.06820332258939743,
    0.033587757498025894,
    -0.08866828680038452,
    -0.07616423070430756,
    -0.06739561259746552,
    0.07106339931488037,
    -0.03150181099772453,
    0.037665583193302155,
    0.007818079553544521,
    0.012352767400443554,
    0.037712033838033676,
    0.019702227786183357,
    -0.012039095163345337,
    -0.006629284005612135,
    -0.04248417541384697,
    -0.08331777155399323,
    -0.012583514675498009,
    0.019725335761904716,
    -0.08798087388277054,
    0.0327649787068367,
    -0.016317619010806084,
    0.010743354447185993,
    0.04642263054847717,
    0.07262968271970749,
    0.06073874607682228,
    0.0010612867772579193,
    0.020087681710720062,
    -0.035479944199323654,
    0.08147399872541428,
    0.0023637237027287483,
    -0.07868381589651108,
    -0.025911632925271988,
    0.007250415626913309,
    -0.00424346886575222,
    0.0018190849805250764,
    -0.016711898148059845,
    0.00500640831887722,
    0.10193651914596558,
    0.03937523066997528,
    -0.001969745149835944,
    -0.007465801201760769,
    -0.024170679971575737,
    0.014088024385273457,
    -0.009728276170790195,
    -0.010981488041579723,
    0.0017154209781438112,
    0.05531097203493118,
    0.017699990421533585,
    0.044990137219429016,
    0.04689596965909004,
    -0.002900781575590372,
    -0.037846144288778305,
    -0.011180036701261997,
    -0.0417698472738266,
    0.01503708865493536,
    -0.025657491758465767,
    0.034164946526288986,
    -0.010394306853413582,
    -0.0014696475118398666,
    -0.019529031589627266,
    0.016749365255236626,
    -0.09823156148195267,
    -0.07005614787340164,
    -0.04643074423074722,
    0.026542285457253456,
    -0.06251910328865051,
    -0.013165860436856747,
    -0.006243026815354824,
    -0.02607978694140911,
    0.003611940424889326,
    -0.0206046923995018,
    -0.018969841301441193,
    0.04963130131363869,
    0.07728421688079834,
    -0.06363581120967865,
    0.07899991422891617,
    -0.016179488971829414,
    0.010780503042042255,
    -0.012427980080246925,
    0.024878274649381638,
    0.0075445761904120445,
    -0.007206612732261419,
    0.01850840449333191,
    -0.06179258972406387,
    -0.014748413115739822,
    0.0041961693204939365,
    0.0032135096844285727,
    -0.03867340460419655,
    0.009526492096483707,
    -0.01584453135728836,
    -0.08156321197748184,
    -0.037010081112384796,
    0.030841069296002388,
    0.04020553454756737,
    0.022895948961377144,
    0.07626298815011978,
    -0.04128090292215347,
    -0.06750238686800003,
    -0.053348608314991,
    -0.008706524968147278,
    -0.0685977041721344,
    -0.12050004303455353,
    -0.04327938333153725,
    0.05027557164430618,
    0.030431348830461502,
    -0.0002563507587183267,
    0.03624381124973297,
    0.04709833115339279,
    0.011446169577538967,
    0.016171541064977646,
    0.01762707345187664,
    0.03072989173233509,
    -0.03062884323298931,
    -0.03120017610490322,
    0.02103639766573906,
    -0.011154311709105968,
    0.011915129609405994,
    0.03457154706120491,
    0.08803924173116684,
    0.008365966379642487,
    0.006750124506652355,
    0.014917545020580292,
    -0.0034314915537834167,
    -0.049750953912734985,
    0.09567265957593918,
    -0.00625660689547658,
    0.0319049246609211,
    0.033937133848667145,
    0.045604560524225235,
    -0.05342809855937958,
    -0.00730093102902174,
    -0.02170897088944912,
    -0.012971274554729462,
    0.0009301514364778996,
    -0.03342442214488983,
    0.025157518684864044,
    0.012899937108159065,
    0.0356636643409729,
    -0.0206326674669981,
    -0.021140385419130325,
    0.01481444388628006,
    0.07472658902406693,
    0.13087065517902374,
    0.04495527595281601,
    -0.055253058671951294,
    0.027253400534391403,
    0.10409180074930191,
    0.00027746439445763826,
    0.03272577375173569,
    -0.014837061055004597,
    0.026420410722494125,
    0.026837453246116638,
    -0.07993162423372269,
    -0.027951404452323914,
    -0.05047266185283661,
    0.05513794347643852,
    -0.023023920133709908,
    -0.0008965096203610301,
    0.02493690326809883,
    0.020221685990691185,
    -0.017015136778354645,
    -0.051715292036533356,
    -0.02820253185927868,
    -0.020807797089219093,
    0.08234988898038864,
    0.0025870634708553553,
    0.04589283838868141,
    -0.06677094846963882,
    -0.05721606686711311,
    0.0024926678743213415,
    -0.011709751561284065,
    0.009734892286360264,
    -0.010091900825500488,
    -0.02644049935042858,
    0.020607206970453262,
    0.03562017157673836,
    -0.04838395491242409,
    -0.03214578703045845,
    0.054895177483558655,
    -0.014795591123402119,
    0.03206292539834976,
    -0.058808863162994385,
    -0.06857354938983917,
    0.013473113998770714,
    -0.007792945951223373,
    -0.005944334901869297,
    -0.04631074517965317,
    0.007355641108006239,
    -0.03147459030151367,
    -0.05063589662313461,
    -0.020875774323940277,
    -0.05602235719561577,
    -0.034715548157691956,
    0.030825529247522354,
    -0.05006296560168266,
    0.04771365597844124,
    0.046679671853780746,
    -0.08376410603523254,
    0.023516232147812843,
    -0.028066929429769516,
    0.03513552248477936,
    -0.0030234919395297766,
    0.00763718131929636,
    0.07352501899003983,
    0.02186231128871441,
    -0.03823988139629364,
    -0.08090859651565552,
    0.056056343019008636,
    -0.025880835950374603,
    0.00907786563038826,
    0.022882193326950073,
    0.10804437845945358,
    0.011067617684602737,
    -0.06687962263822556,
    0.01822926290333271,
    -0.010761442594230175,
    -0.05144484341144562,
    -0.002591233467683196,
    0.013243364170193672,
    0.04863082990050316,
    0.020011696964502335,
    0.03351492062211037,
