{
  "embedding_files": [
    "gt_742.8s_f81.jpg",
    "gt_431.4s_f29.jpg",
    "gt_310.5s_f9.jpg",
    "gt_890.5s_f107.jpg"
  ],
  "backup_files": [],
  "scores": {
    "gt_742.8s_f81.jpg": 16.9727,
    "gt_431.4s_f29.jpg": 16.2766,
    "gt_310.5s_f9.jpg": 16.1421,
    "gt_890.5s_f107.jpg": 9.7492
  },
  "approved_files": [
    "gt_742.8s_f81.jpg",
    "gt_431.4s_f29.jpg",
    "gt_310.5s_f9.jpg",
    "gt_890.5s_f107.jpg"
  ],
  "mean_embedding": [
    -0.01814214140176773,
    -0.022683285176753998,
    -0.0008660428575240076,
    0.04538365826010704,
    0.0020502270199358463,
    -0.04042775183916092,
    -0.019936231896281242,
    0.012880083173513412,
    -0.027719341218471527,
    -0.043632131069898605,
    0.0361974723637104,
    -0.04828782007098198,
    0.018913302570581436,
    -0.04635300114750862,
    -0.02562115527689457,
    -0.034471455961465836,
    -0.0037936612498015165,
    -0.04279107600450516,
    -0.0655658170580864,
    0.017394592985510826,
    -0.002094324678182602,
    -0.004723159596323967,
    0.01260566245764494,
    -0.028583407402038574,
    -0.0539250411093235,
    -0.06342045217752457,
    -0.06570333987474442,
    -0.04345022514462471,
    0.039507798850536346,
    -0.03833237662911415,
    0.002901097061112523,
    0.03898891061544418,
    0.04595227539539337,
    0.0005868329317308962,
    0.028986090794205666,
    0.09398987144231796,
    0.0050786687061190605,
    0.04209984093904495,
    0.035036925226449966,
    -0.006620149128139019,
    0.03415847569704056,
    -0.022472171112895012,
    0.008202309720218182,
    0.0025798918213695288,
    -0.06336720287799835,
    0.04390573874115944,
    0.07673531770706177,
    0.018908655270934105,
    0.06849203258752823,
    -0.0010123261017724872,
    0.0226817075163126,
    -0.0814671516418457,
    0.049175459891557693,
    -0.06524116545915604,
    -0.06821246445178986,
    0.03359381854534149,
    -0.08866208046674728,
    -0.07616019248962402,
    -0.06740667670965195,
    0.07106086611747742,
    -0.0314970500767231,
    0.03767973557114601,
    0.007826045155525208,
    0.012359545566141605,
    0.037737686187028885,
    0.01970365084707737,
    -0.012046420015394688,
    -0.006621940061450005,
    -0.042464591562747955,
    -0.0832931324839592,
    -0.012590664438903332,
    0.01974097266793251,
    -0.08798179775476456,
    0.03276561573147774,
    -0.01631849631667137,
    0.010729282163083553,
    0.046413604170084,
    0.07263026386499405,
    0.0607394240796566,
    0.0010750152869150043,
    0.02010047808289528,
    -0.03548133745789528,
    0.08146774768829346,
    0.0023647318594157696,
    -0.078683041036129,
    -0.02591155841946602,
    0.007248742505908012,
    -0.004237805027514696,
    0.0018370095640420914,
    -0.01671152375638485,
    0.004998786840587854,
    0.10193124413490295,
    0.03938974440097809,
    -0.0019614652264863253,
    -0.00745280459523201,
    -0.02415608987212181,
    0.01409322489053011,
    -0.009731772355735302,
    -0.010986519046127796,
    0.0017307060770690441,
    0.05532405525445938,
    0.017705386504530907,
    0.0449911467730999,
    0.04691249504685402,
    -0.002890518167987466,
    -0.037843525409698486,
    -0.011170180514454842,
    -0.041771091520786285,
    0.015017797239124775,
    -0.025652501732110977,
    0.03417671471834183,
    -0.010393640957772732,
    -0.0014614640967920423,
    -0.019526811316609383,
    0.016748610883951187,
    -0.09823042154312134,
    -0.0700642466545105,
    -0.04644320532679558,
    0.026541654020547867,
    -0.06251371651887894,
    -0.013169166631996632,
    -0.0062464033253490925,
    -0.026072805747389793,
    0.0036006763111799955,
    -0.02059950679540634,
    -0.018966717645525932,
    0.04962683469057083,
    0.07728572934865952,
    -0.0636264905333519,
    0.0789906457066536,
    -0.016169536858797073,
    0.010766823776066303,
    -0.012441092170774937,
    0.02487233281135559,
    0.007553387898951769,
    -0.007209236733615398,
    0.018499812111258507,
    -0.061800453811883926,
    -0.014735967852175236,
    0.00420302152633667,
    0.003226275322958827,
    -0.038677699863910675,
    0.009548062458634377,
    -0.015849104151129723,
    -0.08158252388238907,
    -0.03700260445475578,
    0.0308358296751976,
    0.04020029306411743,
    0.02289409004151821,
    0.07627999782562256,
    -0.04127711057662964,
    -0.06751161813735962,
    -0.05333922430872917,
    -0.008723832666873932,
    -0.06859246641397476,
    -0.12049984931945801,
    -0.043295569717884064,
    0.05028456076979637,
    0.030426694080233574,
    -0.0002528971235733479,
    0.03623863682150841,
    0.047094304114580154,
    0.01144229806959629,
    0.01617882214486599,
    0.017624037340283394,
    0.030718190595507622,
    -0.030610600486397743,
    -0.031211260706186295,
    0.02104431390762329,
    -0.011156278662383556,
    0.011927320621907711,
    0.034549664705991745,
    0.08802308887243271,
    0.008370606228709221,
    0.006737660150974989,
    0.014933031052350998,
    -0.003438779851421714,
    -0.049742262810468674,
    0.09567994624376297,
    -0.006253300700336695,
    0.03191143646836281,
    0.03394065052270889,
    0.04561730474233627,
    -0.05342898517847061,
    -0.007308013271540403,
    -0.02173442207276821,
    -0.01297850627452135,
    0.0009260849328711629,
    -0.03343130275607109,
    0.02515677735209465,
    0.012884828262031078,
    0.035680826753377914,
    -0.02065000869333744,
    -0.021143194288015366,
    0.014808310195803642,
    0.07473500072956085,
    0.13086898624897003,
    0.04495580121874809,
    -0.05525902286171913,
    0.02724466286599636,
    0.10410043597221375,
    0.0002635999408084899,
    0.03272663801908493,
    -0.014831027947366238,
    0.02642573043704033,
    0.02682112716138363,
    -0.07993096113204956,
    -0.0279401745647192,
    -0.05045972019433975,
    0.05515333265066147,
    -0.02300848625600338,
    -0.000881613465026021,
    0.024924386292696,
    0.020210405811667442,
    -0.017007822170853615,
    -0.051711540669202805,
    -0.028197377920150757,
    -0.020796965807676315,
    0.08233979344367981,
    0.0025994940660893917,
    0.04591125622391701,
    -0.06676693260669708,
    -0.05721162632107735,
    0.0024892722722142935,
    -0.011713034473359585,
    0.009732191450893879,
    -0.010076330043375492,
    -0.026445306837558746,
    0.020589381456375122,
    0.035614099353551865,
    -0.04837728664278984,
    -0.03215715289115906,
    0.05489828437566757,
    -0.014810249209403992,
    0.03205564618110657,
    -0.05879861116409302,
    -0.06856384128332138,
    0.013472966849803925,
    -0.007796048186719418,
    -0.005936251021921635,
    -0.04631120339035988,
    0.007368728518486023,
    -0.03147406876087189,
    -0.050640638917684555,
    -0.020864641293883324,
    -0.05602779984474182,
    -0.03471248596906662,
    0.030813587829470634,
    -0.05006728321313858,
    0.047696590423583984,
    0.0466863177716732,
    -0.08375297486782074,
    0.023528866469860077,
    -0.028084108605980873,
    0.03512148559093475,
    -0.0030235929880291224,
    0.007643542718142271,
    0.07354682683944702,
    0.021869579330086708,
    -0.038252610713243484,
    -0.08091381192207336,
    0.05608300492167473,
    -0.025884395465254784,
    0.009075727313756943,
    0.022894222289323807,
    0.10803595930337906,
    0.011074364185333252,
    -0.06686621159315109,
    0.01820358820259571,
    -0.01076910737901926,
    -0.05143062770366669,
    -0.0025854359846562147,
    0.013259176164865494,
    0.04863261803984642,
    0.020006125792860985,
    0.03353229537606239,
    -0.02650175616145134,
    0.026512259617447853,
    0.033950548619031906,
    0.0655345469713211,
    -0.008661179803311825,
    -0.019915008917450905,
    0.06115070357918739,
    -0.0728522390127182,
    -0.009879140183329582,
    -0.0025946584064513445,
    -0.03444112464785576,
    -0.07796840369701385,
    0.030176958069205284,
    -0.0173464585095644,
