{
  "embedding_files": [
    "gt_58.0s_f5.jpg",
    "gt_128.3s_f102.jpg",
    "gt_101.7s_f51.jpg",
    "gt_111.1s_f74.jpg",
    "gt_93.8s_f54.jpg",
    "gt_77.5s_f35.jpg"
  ],
  "backup_files": [
    "gt_310.5s_f9.jpg",
    "gt_431.4s_f29.jpg",
    "gt_742.8s_f81.jpg",
    "gt_890.5s_f107.jpg"
  ],
  "scores": {
    "gt_742.8s_f81.jpg": 16.9727,
    "gt_431.4s_f29.jpg": 16.2766,
    "gt_310.5s_f9.jpg": 16.1421,
    "gt_890.5s_f107.jpg": 9.7492,
    "gt_58.0s_f5.jpg": 30.1971,
    "gt_93.8s_f54.jpg": 17.0146,
    "gt_77.5s_f35.jpg": 15.0248,
    "gt_111.1s_f74.jpg": 19.1702,
    "gt_128.3s_f102.jpg": 21.392,
    "gt_101.7s_f51.jpg": 20.923
  },
  "approved_files": [
    "gt_742.8s_f81.jpg",
    "gt_431.4s_f29.jpg",
    "gt_310.5s_f9.jpg",
    "gt_890.5s_f107.jpg",
    "gt_101.7s_f51.jpg",
    "gt_111.1s_f74.jpg",
    "gt_128.3s_f102.jpg",
    "gt_58.0s_f5.jpg",
    "gt_77.5s_f35.jpg",
    "gt_93.8s_f54.jpg"
  ],
  "mean_embedding": [
    0.01212017610669136,
    0.01354041788727045,
    0.002564519876614213,
    0.05420646816492081,
    -0.005495699588209391,
    0.023726990446448326,
    -0.058226849883794785,
    0.00018605148943606764,
    0.02431725524365902,
    -0.013754339888691902,
    0.05384219065308571,
    -0.014777148142457008,
    0.017593735828995705,
    -0.010492873378098011,
    -0.000901829800568521,
    -0.02593136765062809,
    0.03729372099041939,
    -0.018800485879182816,
    -0.04207809641957283,
    0.03027401678264141,
    -0.02992658130824566,
    -0.00539344921708107,
    0.02556218020617962,
    -0.02947506308555603,
    -0.09295999258756638,
    -0.07241442054510117,
    -0.0528964102268219,
    -0.062080737203359604,
    0.04422378167510033,
    -0.011165245436131954,
    -0.03589016944169998,
    -0.00881272554397583,
    0.060015223920345306,
    -0.018786655738949776,
    -0.003182261250913143,
    0.0735868588089943,
    -0.012494979426264763,
    0.034135621041059494,
    0.017794590443372726,
    -0.03469844534993172,
    0.05642349645495415,
    -0.04190227389335632,
    -0.010862899012863636,
    -0.009723643772304058,
    -0.055746279656887054,
    0.04565408453345299,
    0.07193899899721146,
    0.01155390590429306,
    0.0009966603247448802,
    -0.029290398582816124,
    0.021336615085601807,
    -0.0976741835474968,
    0.041400957852602005,
    -0.04682224988937378,
    -0.020194565877318382,
    0.011822182685136795,
    -0.11063038557767868,
    -0.05874757468700409,
    -0.045920513570308685,
    0.05322699248790741,
    0.024394556879997253,
    0.03683965280652046,
    0.01309073157608509,
    0.010063993744552135,
    0.03260158747434616,
    0.01773671805858612,
    -0.024287711828947067,
    0.0014358250191435218,
    -0.03679760545492172,
    -0.03399404138326645,
    0.019994473084807396,
    -0.012936183251440525,
    -0.06669048219919205,
    0.05034921318292618,
    0.008667738176882267,
    0.03675948083400726,
    0.051128923892974854,
    0.03913970664143562,
    0.09365400671958923,
    0.015161214396357536,
    -0.021833600476384163,
    -0.013507983647286892,
    0.05896997079253197,
    0.04183352738618851,
    -0.07289867103099823,
    -0.02128029242157936,
    -0.03192733973264694,
    -0.02531806193292141,
    0.005713720340281725,
    -0.031171273440122604,
    0.049864619970321655,
    0.0585133321583271,
    0.020079564303159714,
    0.006831946782767773,
    0.017228249460458755,
    -0.046343304216861725,
    0.052750322967767715,
    -0.00946043524891138,
    -0.021012036129832268,
    -0.00842991005629301,
    0.05084799975156784,
    -0.014120069332420826,
    -0.003675747662782669,
    0.06716830283403397,
    0.05000469088554382,
    -0.023094037547707558,
    -0.02944849617779255,
    -0.025383736938238144,
    -0.004414962604641914,
    -0.016646290197968483,
    0.059136539697647095,
    -0.03465033695101738,
    0.028269583359360695,
    -0.020708370953798294,
    -0.0001858492469182238,
    -0.10194747895002365,
    -0.06837237626314163,
    -0.06297612935304642,
    -0.029786253347992897,
    0.013384615071117878,
    0.012734940275549889,
    -0.012108996510505676,
    -0.024355053901672363,
    0.028884489089250565,
    -0.020884180441498756,
    0.00738265598192811,
    0.08786311000585556,
    0.04494917392730713,
    -0.0009554347489029169,
    0.08480293303728104,
    0.014377781189978123,
    0.01061613392084837,
    -0.019996194168925285,
    0.032657649368047714,
    0.01968502625823021,
    0.011681180447340012,
    -0.00417444808408618,
    -0.036489687860012054,
    0.01867678575217724,
    0.03377556800842285,
    0.03665663301944733,
    0.016057075932621956,
    0.011946568265557289,
    -0.016647005453705788,
    -0.12049420177936554,
    -0.03683275356888771,
    0.018917543813586235,
    0.05097116529941559,
    -0.019384026527404785,
    0.08540448546409607,
    0.01936512626707554,
    0.010623835027217865,
    -0.01406644843518734,
    0.02396339736878872,
    -0.08059905469417572,
    -0.0832345187664032,
    -0.022222673520445824,
    0.051847491413354874,
    0.04589298740029335,
    0.03486477583646774,
    0.008158057928085327,
    0.029355673119425774,
    0.0023729826789349318,
    -0.021112974733114243,
    0.047599900513887405,
    0.06662194430828094,
    -0.026917004957795143,
    0.010523483157157898,
    0.0022193673066794872,
    0.0035853770095854998,
    0.062001269310712814,
    0.03578540310263634,
    0.13034555315971375,
    0.02560369111597538,
    0.001017952337861061,
    0.01689944788813591,
    0.017183804884552956,
    -0.08035069704055786,
    0.12399324029684067,
    0.03429905325174332,
    0.058370430022478104,
    0.017539341002702713,
    0.02721480093896389,
    -0.04992608353495598,
    -0.027160780504345894,
    -0.0777544155716896,
    0.019318880513310432,
    -0.01937418058514595,
    -0.00874265655875206,
    -0.006697578355669975,
    -0.0017123403958976269,
    0.02995779737830162,
    0.0016401557950302958,
    0.005420608911663294,
    -0.006240282207727432,
    0.13140396773815155,
    0.0752020999789238,
    -0.004083326552063227,
    -0.040163833647966385,
    -0.03401144593954086,
    0.08025742322206497,
    0.004745135083794594,
    -0.009195876307785511,
    -0.013989981263875961,
    0.025561071932315826,
    -0.007385550066828728,
    -0.04259176179766655,
    -0.03226027265191078,
    -0.07946405559778214,
    0.05892325937747955,
    -0.053040966391563416,
    0.03261030837893486,
    -0.006332332734018564,
    0.00590446125715971,
    -0.02602897770702839,
    -0.03838585317134857,
    -0.014793355017900467,
    -0.021665120497345924,
    0.08093009144067764,
    0.001748284907080233,
    0.003550977213308215,
    -0.07330647110939026,
    -0.0721261128783226,
    0.015218069776892662,
    0.03041314333677292,
    0.020174771547317505,
    -0.021024148911237717,
    -0.03047625534236431,
    0.02914096601307392,
    0.06365243345499039,
    -0.013752278871834278,
    -0.03932235762476921,
    0.060323745012283325,
    -0.008700943551957607,
    0.025801507756114006,
    -0.027775369584560394,
    -0.028165141120553017,
    -0.03847348317503929,
    -0.04499546438455582,
    -0.04565933719277382,
    -0.05465828999876976,
    0.00355310901068151,
    -0.016521211713552475,
    -0.0835142731666565,
    -0.0048329755663871765,
    -0.05505446344614029,
    -0.04193229600787163,
    0.030031679198145866,
    -0.06307736039161682,
    0.035218752920627594,
    0.057077135890722275,
    -0.05552464723587036,
    0.03182158246636391,
    0.0036154789850115776,
    0.044074706733226776,
    0.023655928671360016,
    0.03775915130972862,
    0.06530612707138062,
    0.04982677474617958,
    -0.06387755274772644,
    -0.053479261696338654,
    0.01726316474378109,
    -0.03496270254254341,
    -0.02143080346286297,
    0.002944391220808029,
    0.05630198493599892,
    0.004968814551830292,
    -0.04709859564900398,
    0.0005597755080088973,
    -0.00681017292663455,
    -0.028651932254433632,
