{
  "embedding_files": [
    "new_1776234545051_gt_597.5s_f43.jpg",
    "new_1776234545051_gt_850.2s_f98.jpg",
    "gt_534.6s_f118.jpg",
    "new_1776234545051_gt_412.9s_f11.jpg",
    "gt_26.2s_f2.jpg"
  ],
  "backup_files": [
    "gt_111.1s_f89.jpg",
    "gt_2.3s_f9.jpg",
    "gt_73.5s_f38.jpg",
    "gt_73.0s_f49.jpg",
    "gt_87.6s_f28.jpg"
  ],
  "scores": {
    "gt_2.3s_f9.jpg": 7.8774,
    "gt_73.0s_f49.jpg": 7.0725,
    "gt_26.2s_f2.jpg": 15.2778,
    "gt_534.6s_f118.jpg": 74.9829,
    "gt_73.5s_f38.jpg": 7.093,
    "new_1776234545051_gt_412.9s_f11.jpg": 66.2714,
    "new_1776234545051_gt_597.5s_f43.jpg": 97.1375,
    "new_1776234545051_gt_850.2s_f98.jpg": 79.543,
    "gt_111.1s_f89.jpg": 11.4987,
    "gt_87.6s_f28.jpg": 6.3333
  },
  "approved_files": [
    "gt_534.6s_f118.jpg",
    "gt_26.2s_f2.jpg",
    "gt_2.3s_f9.jpg",
    "gt_73.0s_f49.jpg",
    "gt_132.1s_f60.jpg",
    "gt_80.2s_f30.jpg",
    "gt_384.7s_f63.jpg",
    "gt_219.5s_f20.jpg",
    "gt_33.8s_f31.jpg",
    "new_1776234545051_gt_412.9s_f11.jpg",
    "new_1776234545051_gt_597.5s_f43.jpg",
    "new_1776234545051_gt_850.2s_f98.jpg"
  ],
  "mean_embedding": [
    0.05150602012872696,
    0.09965188056230545,
    -0.042943235486745834,
    -0.06749102473258972,
    -0.07570870965719223,
    -0.019724421203136444,
    -0.01901981607079506,
    0.026221755892038345,
    0.0174080953001976,
    0.008695367723703384,
    0.020551348105072975,
    0.0038748220540583134,
    -0.039062898606061935,
    -0.011087428778409958,
    -0.031158896163105965,
    -0.0014162021689116955,
    -0.015141814947128296,
    -0.0818924754858017,
    -0.043335989117622375,
    0.07171466201543808,
    0.03834583982825279,
    -0.028220713138580322,
    0.02190840058028698,
    0.05394705384969711,
    0.01752358302474022,
    0.07085958123207092,
    -0.011627345345914364,
    0.042971059679985046,
    -0.022660553455352783,
    0.0020854463800787926,
    -0.010266542434692383,
    0.015263868495821953,
    -0.015723779797554016,
    -0.03917272016406059,
    -0.08289625495672226,
    -0.029937516897916794,
    -0.0752081498503685,
    0.0015150149120017886,
    0.02421722002327442,
    0.011812146753072739,
    0.0001277527044294402,
    -0.01734200306236744,
    -0.02685909904539585,
    0.03784904256463051,
    -0.04089318960905075,
    0.010964049026370049,
    -0.009288161061704159,
    0.015776999294757843,
    0.022792870178818703,
    -0.04914494976401329,
    0.0437675416469574,
    0.019555073231458664,
    -0.004773522727191448,
    0.0422220453619957,
    -0.08104342967271805,
    0.08110105246305466,
    0.007635883986949921,
    -0.019965294748544693,
    0.0625983476638794,
    -0.028979822993278503,
    -0.0134761743247509,
    -0.009751785546541214,
    -0.014105422422289848,
    -0.02703876607120037,
    0.014133451506495476,
    -0.022027375176548958,
    -0.07434981316328049,
    -0.012690660543739796,
    -0.019229765981435776,
    -0.057240769267082214,
    -0.03083856776356697,
    0.059911709278821945,
    -0.11175524443387985,
    0.04818120226264,
    0.08851301670074463,
    0.01638210564851761,
    0.1029568612575531,
    -0.02103293128311634,
    0.07018907368183136,
    0.06071200594305992,
    -0.016959361732006073,
    -0.024940622970461845,
    0.008539925329387188,
    -0.008515962399542332,
    -0.02378835901618004,
    0.05466565489768982,
    0.054320890456438065,
    -0.033784735947847366,
    -0.022192679345607758,
    -0.02948274277150631,
    0.028675708919763565,
    0.03007161058485508,
    0.06339852511882782,
    -0.006212243344634771,
    -0.04463699832558632,
    0.05730880796909332,
    -0.05190363898873329,
    -0.006313492078334093,
    -0.061055563390254974,
    0.028178170323371887,
    -0.038639314472675323,
    -0.05552449822425842,
    -0.015020114369690418,
    0.030080163851380348,
    0.013506243005394936,
    0.02161014825105667,
    0.024990933015942574,
    -0.028686391189694405,
    0.04804045706987381,
    0.022574737668037415,
    0.0208418145775795,
    -0.02318875677883625,
    0.03790366277098656,
    -0.05446546524763107,
    -0.013016347773373127,
    0.0122960414737463,
    -0.024345476180315018,
    -0.05010109022259712,
    -0.024673493579030037,
    -0.026829849928617477,
    0.046571847051382065,
    0.044208917766809464,
    0.0565013624727726,
    0.04939347878098488,
    -0.046818122267723083,
    -0.04992815852165222,
    0.030021922662854195,
    -0.0279390886425972,
    -0.005055056884884834,
    0.04413261637091637,
    0.038601379841566086,
    0.01751149259507656,
    -0.01797860860824585,
    -0.011678463779389858,
    -0.03301246836781502,
    0.06697437912225723,
    -0.035892851650714874,
    -0.01857893355190754,
    -0.0016786803025752306,
    -0.00579625042155385,
    0.01854027807712555,
    0.04511550813913345,
    0.005159578751772642,
    -0.011392449960112572,
    -0.024947160854935646,
    -0.06402566283941269,
    -0.007722559850662947,
    0.07898440212011337,
    -0.03266341611742973,
    -0.009122124873101711,
    -0.01124440785497427,
    0.05206163227558136,
    -0.05813148617744446,
    -0.013958485797047615,
    0.02997702918946743,
    0.03689105063676834,
    0.003750280477106571,
    -0.05700945854187012,
    -0.027835970744490623,
    0.07005045562982559,
    0.067322738468647,
    -0.006189350970089436,
    0.011598275974392891,
    -0.03788420185446739,
    0.009954672306776047,
    0.04265397787094116,
    -0.00896274670958519,
    0.026463909074664116,
    -0.05016031116247177,
    -0.013146228156983852,
    0.014337198808789253,
    -0.04489552229642868,
    0.02075122855603695,
    0.02803119644522667,
    0.10005693137645721,
    -0.07708065956830978,
    0.0014159012353047729,
    -0.016669712960720062,
    0.0384170264005661,
    0.03180260583758354,
    -0.005935994442552328,
    0.011274509131908417,
    -0.027890454977750778,
    0.018182553350925446,
    -0.06009626016020775,
    0.01665261946618557,
    -0.05121637508273125,
    -0.06220071017742157,
    0.08651430159807205,
    -0.005993877537548542,
    -0.00031217216746881604,
    0.05544164031744003,
    -0.013556853868067265,
    0.005341673735529184,
    -0.009304268285632133,
    -0.06902287155389786,
    -0.047547660768032074,
    0.0048117926344275475,
    -0.07061365246772766,
    -0.004258512519299984,
    0.04627339169383049,
    0.10223038494586945,
    -0.036303792148828506,
    -0.042438291013240814,
    0.02947944402694702,
    -0.023580364882946014,
    0.07681535929441452,
    -0.008638412691652775,
    -0.023778662085533142,
    -0.05264912545681,
    0.02994520403444767,
    0.04934011399745941,
    0.0011430237209424376,
    0.024915998801589012,
    0.06898651272058487,
    0.04473450407385826,
    0.00934573169797659,
    0.00523251760751009,
    0.013127638027071953,
    0.03441435471177101,
    -1.9608180082286708e-05,
    -0.007737239357084036,
    0.008082288317382336,
    -0.04021031782031059,
    -0.03615052253007889,
    0.04055780917406082,
    0.027860669419169426,
    0.035721756517887115,
    0.018514683470129967,
    -0.005464948248118162,
    -0.07749438285827637,
    -0.0018814426148310304,
    0.03929629176855087,
    0.020449046045541763,
    0.1204845979809761,
    0.012622103095054626,
    -0.058254942297935486,
    0.022994810715317726,
    0.038193121552467346,
    0.08830472826957703,
    -0.016976088285446167,
    -0.12189579010009766,
    -0.0436142161488533,
    -0.028589017689228058,
    -0.011468934826552868,
    0.013051170855760574,
    0.03917955979704857,
    -0.043646324425935745,
    -0.014644216746091843,
    -0.08330045640468597,
    0.09117508679628372,
    -0.002135766437277198,
    -0.04486764222383499,
    -0.015001580119132996,
    0.043906453996896744,
    0.02720019407570362,
    -0.03275642171502113,
    0.029109451919794083,
    -0.018493525683879852,
    0.04067878797650337,
    -5.1756931497948244e-05,
    -0.10858871787786484,
    -0.004296220373362303,
