{
  "embedding_files": [
    "gt_742.8s_f77.jpg",
    "gt_890.5s_f110.jpg",
    "gt_431.4s_f34.jpg",
    "gt_589.5s_f55.jpg",
    "gt_310.5s_f3.jpg"
  ],
  "backup_files": [],
  "scores": {
    "gt_431.4s_f34.jpg": 22.3871,
    "gt_589.5s_f55.jpg": 20.3104,
    "gt_310.5s_f3.jpg": 10.2382,
    "gt_742.8s_f77.jpg": 28.8743,
    "gt_890.5s_f110.jpg": 24.6565
  },
  "approved_files": [
    "gt_742.8s_f77.jpg",
    "gt_890.5s_f110.jpg",
    "gt_431.4s_f34.jpg",
    "gt_589.5s_f55.jpg",
    "gt_310.5s_f3.jpg"
  ],
  "mean_embedding": [
    -0.010038021951913834,
    -0.00014346244279295206,
    -0.03475875034928322,
    -0.009895028546452522,
    0.009058200754225254,
    -0.004873096477240324,
    0.010925522074103355,
    -0.022636352106928825,
    0.04262822866439819,
    -0.06416913866996765,
    0.0020965479779988527,
    -0.020509520545601845,
    0.056945379823446274,
    -0.02554001659154892,
    0.09572964161634445,
    -0.03239952027797699,
    0.027905840426683426,
    -0.03049372509121895,
    -0.010060545057058334,
    -0.002701926976442337,
    -0.03321901336312294,
    -0.016046714037656784,
    -0.008407672867178917,
    0.007354676723480225,
    0.02899811416864395,
    0.05038687214255333,
    -0.08215462416410446,
    -0.04012702777981758,
    0.0920194536447525,
    -0.002631664974614978,
    -0.026374071836471558,
    -0.03874633461236954,
    0.017651164904236794,
    -0.006097081117331982,
    0.08451981097459793,
    0.03637348860502243,
    -0.11713889241218567,
    -0.02374734915792942,
    -0.043978001922369,
    -0.01264442689716816,
    0.04908519610762596,
    0.0025101727806031704,
    0.028264537453651428,
    0.09390103816986084,
    -0.07851619273424149,
    0.031188717111945152,
    0.0693281814455986,
    0.0375695638358593,
    -0.007363820914179087,
    -0.0472312793135643,
    -0.03851660341024399,
    0.016646934673190117,
    0.03772921860218048,
    -0.060563914477825165,
    0.009134607389569283,
    0.11161790788173676,
    0.007116816472262144,
    -0.02974320575594902,
    0.06959516555070877,
    -0.021259747445583344,
    -0.008828948251903057,
    0.007972965948283672,
    -0.02131178416311741,
    -0.008407451212406158,
    0.07374893873929977,
    0.009183334186673164,
    -0.006541779730468988,
    0.03469430282711983,
    -0.013228180818259716,
    -0.09900821000337601,
    -0.03393954038619995,
    -0.07506424188613892,
    -6.78936266922392e-05,
    0.004166879691183567,
    -0.00881938636302948,
    0.06388431787490845,
    -0.014104180037975311,
    -0.02815653383731842,
    0.08583559840917587,
    -0.01991240866482258,
    0.08545699715614319,
    0.021346597000956535,
    0.007254584226757288,
    -0.044184278696775436,
    -0.024653008207678795,
    0.008939632214605808,
    -0.027963973581790924,
    -0.06301715224981308,
    -0.05004449933767319,
    -0.006337335798889399,
    -0.009769197553396225,
    -0.026729976758360863,
    -0.0006970101967453957,
    0.007170468103140593,
    0.021217849105596542,
    -0.08430036157369614,
    -0.0008701274055056274,
    -0.07576719671487808,
    0.026824353262782097,
    -0.04674665257334709,
    -0.016998592764139175,
    -0.0770311951637268,
    0.0531720407307148,
    0.009354515001177788,
    0.08438074588775635,
    0.03301875665783882,
    -0.00752684473991394,
    -0.007508506998419762,
    0.041395656764507294,
    -0.07894892245531082,
    0.07441505789756775,
    -0.0014716271543875337,
    -0.0392373651266098,
    0.005179512780159712,
    -0.00989709421992302,
    0.00789791252464056,
    -0.010326839983463287,
    0.07099965214729309,
    -0.012864342890679836,
    -0.005101351998746395,
    -0.02233916148543358,
    0.057081323117017746,
    0.015315257012844086,
    0.0687587708234787,
    -0.07919622212648392,
    8.123735460685566e-05,
    -0.027814539149403572,
    0.0443844310939312,
    -0.025563709437847137,
    5.128640987095423e-05,
    -0.07564092427492142,
    0.05074198916554451,
    -0.07766780257225037,
    0.05013417452573776,
    -0.10923181474208832,
    0.028860239312052727,
    0.024657966569066048,
    0.06324901431798935,
    -0.08312717825174332,
    -0.056659575551748276,
    -0.029345611110329628,
    -0.03025321289896965,
    0.015408546663820744,
    -0.006212287116795778,
    -0.06806671619415283,
    0.0513499416410923,
    0.01270946767181158,
    0.05824393779039383,
    0.04631207138299942,
    0.07906932383775711,
    0.025406911969184875,
    0.017769793048501015,
    0.004816011060029268,
    -0.006466366816312075,
    -0.03383331745862961,
    -0.01649235561490059,
    0.05088532343506813,
    -0.014164010062813759,
    0.009825525805354118,
    0.07725995033979416,
    -0.09450951963663101,
    -0.011257641948759556,
    0.020826615393161774,
    0.023110195994377136,
    -0.004287692718207836,
    -0.012932670302689075,
    0.059072040021419525,
    -0.025674564763903618,
    0.05760687589645386,
    0.005530444905161858,
    0.10599048435688019,
    0.0822087824344635,
    0.06031821295619011,
    0.06120220571756363,
    -0.002990354783833027,
    -0.056390177458524704,
    -0.006614191457629204,
    0.02983623743057251,
    0.05748727172613144,
    0.050213772803545,
    -0.06276718527078629,
    0.06659729033708572,
    0.010195305570960045,
    -0.05263141915202141,
    0.005666298791766167,
    0.03317084535956383,
    0.02793220989406109,
    -0.039520975202322006,
    0.0017321305349469185,
    0.0037724103312939405,
    -0.022209327667951584,
    0.050627756863832474,
    -0.007175829261541367,
    0.01259174756705761,
    0.015792718157172203,
    -0.042266473174095154,
    -0.0022366696503013372,
    0.025279227644205093,
    -0.004702125210314989,
    0.05577362701296806,
    0.07173360884189606,
    0.027357708662748337,
    -0.028869779780507088,
    -0.03366381302475929,
    -0.03541609272360802,
    -0.03493062034249306,
    -0.04711371660232544,
    0.04829622432589531,
    -0.03725285828113556,
    0.06284408271312714,
    -0.022505635395646095,
    -0.0440368689596653,
    0.019129518419504166,
    0.0944531038403511,
    -0.07261531054973602,
    -0.047548744827508926,
    -0.04015589505434036,
    0.02421962469816208,
    -0.01712086610496044,
    -0.05026707053184509,
    0.06454692035913467,
    -0.09086206555366516,
    -0.041204389184713364,
    0.012644695118069649,
    0.03509541228413582,
    0.004699780140072107,
    -0.03667198494076729,
    0.006644937675446272,
    -0.060983531177043915,
    0.007636945229023695,
    -0.006147158797830343,
    -0.07536618411540985,
    -0.023916201665997505,
    -0.08564451336860657,
    0.03318585455417633,
    0.030461668968200684,
    0.0015063246246427298,
    0.04581299051642418,
    -0.04484555870294571,
    0.006802115589380264,
    0.015999408438801765,
    -0.09431157261133194,
    0.025376133620738983,
    -0.02133219875395298,
    -0.012753000482916832,
    -0.03210149705410004,
    0.041624441742897034,
    -0.023322485387325287,
    0.03994005545973778,
    0.033582158386707306,
    -0.05006219446659088,
    0.01624724455177784,
    0.013119560666382313,
    0.024304291233420372,
    -0.02338429167866707,
    0.017755860462784767,
    0.027000563219189644,
    0.018042026087641716,
    0.004116860684007406,
    -0.03297504782676697,
    0.07559020072221756,
    -0.01085130125284195,
    -0.01995229721069336,
    0.07851510494947433,
    -0.038757532835006714,
    0.018467582762241364,
    -0.04325063154101372,
    -0.031188415363430977,
    -0.0247915331274271,
    0.0447307713329792,
    0.05004109442234039,
    -0.03344061225652695,
    0.02026192657649517,
    -0.04318700358271599,
    -0.02321639098227024,
    -0.07361969351768494,
    -0.019255276769399643,
    -0.019419513642787933,
    0.05403752997517586,
    -0.01464102603495121,
    -0.010788070037961006,
    0.03522490710020065,
    -0.034802135080099106,
    0.07020080089569092,
    0.0843951627612114,
    0.01860448718070984,
    -0.024368273094296455,
