{
  "embedding_files": [
    "gt_742.8s_f77.jpg",
    "gt_890.5s_f110.jpg",
    "gt_431.4s_f34.jpg",
    "gt_589.5s_f55.jpg",
    "gt_310.5s_f3.jpg"
  ],
  "backup_files": [],
  "scores": {
    "gt_431.4s_f34.jpg": 22.3871,
    "gt_589.5s_f55.jpg": 20.3104,
    "gt_310.5s_f3.jpg": 10.2382,
    "gt_742.8s_f77.jpg": 28.8743,
    "gt_890.5s_f110.jpg": 24.6565
  },
  "approved_files": [
    "gt_742.8s_f77.jpg",
    "gt_890.5s_f110.jpg",
    "gt_431.4s_f34.jpg",
    "gt_589.5s_f55.jpg",
    "gt_310.5s_f3.jpg"
  ],
  "mean_embedding": [
    -0.010028965771198273,
    -0.00013688350736629218,
    -0.034750379621982574,
    -0.009884794242680073,
    0.009064513258635998,
    -0.004869155120104551,
    0.010927197523415089,
    -0.022616645321249962,
    0.042638469487428665,
    -0.06417408585548401,
    0.0021004853770136833,
    -0.020518744364380836,
    0.0569523349404335,
    -0.025557667016983032,
    0.09573269635438919,
    -0.032389573752880096,
    0.027917461469769478,
    -0.030494552105665207,
    -0.010052071884274483,
    -0.0026970908511430025,
    -0.033218614757061005,
    -0.016065239906311035,
    -0.00839779432862997,
    0.007345543242990971,
    0.029011482372879982,
    0.05037708207964897,
    -0.08216758072376251,
    -0.04014517739415169,
    0.09200826287269592,
    -0.0026216746773570776,
    -0.026366060599684715,
    -0.038731664419174194,
    0.01766080968081951,
    -0.006075887940824032,
    0.08450084924697876,
    0.036365192383527756,
    -0.11713646352291107,
    -0.023726463317871094,
    -0.04395772144198418,
    -0.012628101743757725,
    0.049098119139671326,
    0.0025102398358285427,
    0.028254246339201927,
    0.09387843310832977,
    -0.07851454615592957,
    0.03117232955992222,
    0.06934081017971039,
    0.03758236765861511,
    -0.007344140205532312,
    -0.04722267761826515,
    -0.038511503487825394,
    0.016634682193398476,
    0.03772547096014023,
    -0.060567885637283325,
    0.00913284346461296,
    0.11161941289901733,
    0.007096560206264257,
    -0.02971331588923931,
    0.06961183995008469,
    -0.021264946088194847,
    -0.008815010078251362,
    0.007979550398886204,
    -0.021289890632033348,
    -0.008442866615951061,
    0.07375556230545044,
    0.009180687367916107,
    -0.006534954998642206,
    0.03470570966601372,
    -0.013231375254690647,
    -0.09900179505348206,
    -0.03393068537116051,
    -0.07506591826677322,
    -7.580994861200452e-05,
    0.00418586703017354,
    -0.008793319575488567,
    0.06389530003070831,
    -0.014104192145168781,
    -0.028148842975497246,
    0.08584238588809967,
    -0.019915305078029633,
    0.08546742796897888,
    0.021325333043932915,
    0.007249357178807259,
    -0.044196717441082,
    -0.024677887558937073,
    0.00894201546907425,
    -0.02798488177359104,
    -0.06301778554916382,
    -0.05003882944583893,
    -0.006348032504320145,
    -0.009756451472640038,
    -0.026724819093942642,
    -0.0007007529493421316,
    0.007192207965999842,
    0.02122732624411583,
    -0.08430192619562149,
    -0.0008524556760676205,
    -0.07578595727682114,
    0.026825515553355217,
    -0.04677978530526161,
    -0.01698748581111431,
    -0.0770333781838417,
    0.05317748710513115,
    0.009320097044110298,
    0.08439729362726212,
    0.03302130103111267,
    -0.007537985220551491,
    -0.007510866038501263,
    0.04137932136654854,
    -0.07894650101661682,
    0.07445407658815384,
    -0.0014784104423597455,
    -0.03924206271767616,
    0.005186222027987242,
    -0.009897437877953053,
    0.007878255099058151,
    -0.010308449156582355,
    0.0710064023733139,
    -0.012875232845544815,
    -0.005106128286570311,
    -0.022344360128045082,
    0.057076241821050644,
    0.0153182502835989,
    0.0687527284026146,
    -0.07918946444988251,
    8.242788317147642e-05,
    -0.02779945358633995,
    0.044390201568603516,
    -0.025535324588418007,
    5.699446774087846e-05,
    -0.07563816756010056,
    0.05074942857027054,
    -0.07766830921173096,
    0.05014822259545326,
    -0.10921256244182587,
    0.02885858714580536,
    0.02465069107711315,
    0.06324127316474915,
    -0.08310221880674362,
    -0.056651197373867035,
    -0.029356088489294052,
    -0.030250992625951767,
    0.01540888100862503,
    -0.00619569281116128,
    -0.06804905086755753,
    0.051359403878450394,
    0.012724492698907852,
    0.0582587830722332,
    0.046309422701597214,
    0.07905952632427216,
    0.02542012557387352,
    0.01776309311389923,
    0.004803606774657965,
    -0.006461277138441801,
    -0.033836618065834045,
    -0.01648353412747383,
    0.05088907107710838,
    -0.014163427986204624,
    0.009815129451453686,
    0.0772499367594719,
    -0.09451428800821304,
    -0.01127465907484293,
    0.02083779312670231,
    0.023088695481419563,
    -0.004278593230992556,
    -0.012942250818014145,
    0.059052325785160065,
    -0.025682181119918823,
    0.057604897767305374,
    0.00551759684458375,
    0.10599739849567413,
    0.08222609013319016,
    0.06033085286617279,
    0.06120961159467697,
    -0.0029918872751295567,
    -0.05637414753437042,
    -0.006653411779552698,
    0.029844410717487335,
    0.05749283358454704,
    0.05020776018500328,
    -0.06275854259729385,
    0.06660366803407669,
    0.0102066146209836,
    -0.05263704061508179,
    0.0056674666702747345,
    0.03315630555152893,
    0.02793402597308159,
    -0.039517879486083984,
    0.001745191984809935,
    0.003764052875339985,
    -0.02218012511730194,
    0.05061626806855202,
    -0.007172581739723682,
    0.012590129859745502,
    0.01579671911895275,
    -0.04221630096435547,
    -0.002234646352007985,
    0.025271009653806686,
    -0.004696907475590706,
    0.05579691380262375,
    0.0717446357011795,
    0.027358468621969223,
    -0.028865139931440353,
    -0.03366314619779587,
    -0.035426996648311615,
    -0.03495912626385689,
    -0.04712515324354172,
    0.048306435346603394,
    -0.03724297136068344,
    0.06282399594783783,
    -0.022514916956424713,
    -0.044011570513248444,
    0.019130276516079903,
    0.09443444013595581,
    -0.0726269781589508,
    -0.04755890369415283,
    -0.04015396535396576,
    0.024217214435338974,
    -0.017131345346570015,
    -0.05027322471141815,
    0.06454825401306152,
    -0.09087430685758591,
    -0.0412118025124073,
    0.01264096051454544,
    0.035117361694574356,
    0.004723735619336367,
    -0.036669716238975525,
    0.0066430275328457355,
    -0.06099738925695419,
    0.0076463790610432625,
    -0.006151737179607153,
    -0.0753670185804367,
    -0.023909030482172966,
    -0.08565832674503326,
    0.03318433091044426,
    0.030459387227892876,
    0.0015080900629982352,
    0.04581828415393829,
    -0.044829923659563065,
    0.006785345263779163,
    0.015994686633348465,
    -0.09431629627943039,
    0.02538018487393856,
    -0.02132999151945114,
    -0.012754873372614384,
    -0.032106347382068634,
    0.041613757610321045,
    -0.02331268973648548,
    0.03992968797683716,
    0.03360235318541527,
    -0.05007580667734146,
    0.016237659379839897,
    0.013142638839781284,
    0.0243064034730196,
    -0.023369550704956055,
    0.017750615254044533,
    0.02698362246155739,
    0.018028447404503822,
    0.0041264076717197895,
    -0.03298171982169151,
    0.07559849321842194,
    -0.010852403938770294,
    -0.019949331879615784,
    0.07852456718683243,
    -0.038748107850551605,
    0.018471986055374146,
    -0.043231479823589325,
    -0.031208902597427368,
    -0.024782497435808182,
    0.04470880702137947,
    0.05005360767245293,
    -0.03342486917972565,
    0.020276227965950966,
    -0.043169207870960236,
    -0.023226972669363022,
    -0.07360894978046417,
    -0.019238503649830818,
    -0.019434265792369843,
    0.054033998399972916,
    -0.014657718129456043,
    -0.01079191081225872,
    0.03524552658200264,
    -0.034806814044713974,
    0.07019849866628647,
    0.08437757194042206,
    0.018609432503581047,
