{
  "embedding_files": [
    "gt_117.2s_f16.jpg",
    "gt_217.1s_f55.jpg",
    "gt_324.5s_f105.jpg",
    "new_1776234342587_gt_184.5s_f40.jpg",
    "new_1776234342587_gt_2.1s_f12.jpg"
  ],
  "backup_files": [
    "new_1776234342587_gt_383.1s_f57.jpg",
    "new_1776234342587_gt_589.1s_f101.jpg"
  ],
  "scores": {
    "gt_117.2s_f16.jpg": 5.9357,
    "gt_217.1s_f55.jpg": 5.6231,
    "gt_324.5s_f105.jpg": 1.1475
  },
  "approved_files": [
    "gt_117.2s_f16.jpg",
    "gt_217.1s_f55.jpg",
    "gt_324.5s_f105.jpg",
    "new_1776234342587_gt_184.5s_f40.jpg",
    "new_1776234342587_gt_2.1s_f12.jpg",
    "new_1776234342587_gt_383.1s_f57.jpg",
    "new_1776234342587_gt_589.1s_f101.jpg"
  ],
  "mean_embedding": [
    0.06458920985460281,
    -0.0011961921118199825,
    -0.055166494101285934,
    -0.053206849843263626,
    0.027206629514694214,
    -0.02846866473555565,
    -0.018104175105690956,
    0.012010601349174976,
    0.01875973306596279,
    0.04371616244316101,
    0.012557171285152435,
    -0.01686282455921173,
    -0.02949954941868782,
    0.012659842148423195,
    -0.03776344656944275,
    -0.004639896564185619,
    0.03823716938495636,
    -0.01722998544573784,
    -0.025959433987736702,
    -0.007196394260972738,
    0.009084460325539112,
    0.016959622502326965,
    -0.06407619267702103,
    0.022973479703068733,
    0.04890475049614906,
    4.427816384122707e-05,
    -0.05071787163615227,
    -0.0566406324505806,
    -0.005011661443859339,
    -0.053628433495759964,
    0.023475609719753265,
    0.0013487508986145258,
    -0.008996281772851944,
    -0.029623784124851227,
    0.044343508780002594,
    -0.027452223002910614,
    0.0021536112762987614,
    -0.07098878920078278,
    0.056288301944732666,
    0.07518040388822556,
    0.05402258038520813,
    0.010979201644659042,
    -0.04531393572688103,
    0.05171160399913788,
    -0.0025472529232501984,
    0.021216701716184616,
    0.02753157913684845,
    -0.002063304651528597,
    0.050893887877464294,
    0.08072847872972488,
    -0.017310839146375656,
    -0.00863424688577652,
    0.009618565440177917,
    -0.023677000775933266,
    0.060511041432619095,
    0.03662319481372833,
    -0.02447725087404251,
    -0.0022722722496837378,
    0.012420791201293468,
    -0.03609297052025795,
    -0.031643230468034744,
    -0.008637934923171997,
    -0.0348951630294323,
    0.029668770730495453,
    0.13782943785190582,
    -0.04778086766600609,
    -0.007758065592497587,
    0.008049155585467815,
    0.0018724212422966957,
    -0.06795848906040192,
    0.05350657179951668,
    0.03528562933206558,
    0.0013360322918742895,
    -0.09171802550554276,
    0.00909706111997366,
    0.013582798652350903,
    0.04914447292685509,
    0.02693554013967514,
    0.08699800074100494,
    -0.017894495278596878,
    0.04194081574678421,
    -0.10455862432718277,
    -0.042096808552742004,
    -0.0036933475639671087,
    -0.0004434802394825965,
    0.020144693553447723,
    0.05622965469956398,
    -0.0730380266904831,
    0.009875597432255745,
    0.0841032862663269,
    0.003928408958017826,
    0.052507877349853516,
    -0.05528228357434273,
    -0.0027757585048675537,
    -0.043941713869571686,
    -0.03539726510643959,
    -0.02450939454138279,
    -0.008701266720890999,
    0.027873512357473373,
    -0.056716080754995346,
    0.03164207562804222,
    -0.002824147930368781,
    0.03038913756608963,
    -0.014155498705804348,
    0.009290681220591068,
    -0.03755846992135048,
    0.07740774750709534,
    -0.03134523704648018,
    0.08818917721509933,
    -0.006282248068600893,
    0.11372394859790802,
    0.05458379536867142,
    0.026934949681162834,
    -0.020317217335104942,
    0.0797678604722023,
    -0.007759243715554476,
    0.026935303583741188,
    -0.04001358151435852,
    -0.007607437204569578,
    0.09066267311573029,
    -0.008605185896158218,
    0.033591970801353455,
    -0.014109761454164982,
    0.030945034697651863,
    -0.03464113548398018,
    -0.001628194353543222,
    0.029153820127248764,
    0.020151056349277496,
    -0.07459127902984619,
    -0.006251260172575712,
    -0.08990724384784698,
    0.03207758441567421,
    0.016870010644197464,
    0.009791385382413864,
    -0.10830402374267578,
    -0.06221684813499451,
    0.049198683351278305,
    0.0036068547051399946,
    0.015586193650960922,
    -0.025357279926538467,
    0.006097596604377031,
    0.04591269791126251,
    0.031100686639547348,
    0.07771296054124832,
    -0.02496218867599964,
    0.0022376319393515587,
    0.02796079032123089,
    0.06348560005426407,
    -0.039968397468328476,
    0.03194219246506691,
    0.05326874554157257,
    0.008463310077786446,
    -0.0018508522771298885,
    -0.040343623608350754,
    -0.04978876933455467,
    -0.016099832952022552,
    0.034078773111104965,
    -0.026658538728952408,
    0.08434048295021057,
    0.042465683072805405,
    0.04135039076209068,
    -0.037555892020463943,
    -0.039677396416664124,
    0.03206837177276611,
    -0.014469167217612267,
    0.02350056730210781,
    0.005342953838407993,
    0.015713481232523918,
    -0.032014090567827225,
    -0.022020841017365456,
    -0.008443772792816162,
    0.04120223596692085,
    0.04962842911481857,
    0.04294286295771599,
    -0.0014862020034343004,
    -0.044610727578401566,
    0.01370509434491396,
    -0.020594244822859764,
    -0.017072441056370735,
    -0.06310389935970306,
    -0.06631665676832199,
    0.03715332970023155,
    -0.05108817294239998,
    0.020444262772798538,
    0.04342867061495781,
    -0.01155254989862442,
    0.010018768720328808,
    0.052431393414735794,
    0.004840503912419081,
    -0.019474254921078682,
    -0.02111332304775715,
    0.07289457321166992,
    0.011388268321752548,
    0.05967708304524422,
    -0.0641682893037796,
    -0.04011620208621025,
    -0.0006969248061068356,
    -0.03058299608528614,
    -0.008232741616666317,
    0.03207876905798912,
    -0.019047141075134277,
    0.03630680590867996,
    -0.033760830760002136,
    0.061669837683439255,
    -0.02415449544787407,
    0.0024865109007805586,
    -0.002896744292229414,
    -0.06694819033145905,
    0.03804141283035278,
    -0.05690528079867363,
    -0.03302313759922981,
    0.020292114466428757,
    -0.016533227637410164,
    0.05914948508143425,
    -0.06713327020406723,
    -0.07482869178056717,
    -0.06724565476179123,
    -0.03534463420510292,
    -0.028140995651483536,
    0.07229570299386978,
    0.04502971097826958,
    0.059108614921569824,
    -0.026297271251678467,
    0.02046436443924904,
    0.019351398572325706,
    0.027247078716754913,
    0.00766754150390625,
    0.03879440948367119,
    0.04446970671415329,
    -0.09605821222066879,
    0.13311046361923218,
    -0.021527927368879318,
    -0.019005432724952698,
    -0.002529552672058344,
    -0.03569254279136658,
    -0.00032789818942546844,
    0.021889282390475273,
    0.04497390240430832,
    -0.043595582246780396,
    0.03711408004164696,
    0.04583359882235527,
    -0.036614689975976944,
    -0.032914791256189346,
    -0.010384449735283852,
    0.09770941734313965,
    0.05461341515183449,
    -0.031877655535936356,
    -0.00680341525003314,
    -0.016865640878677368,
    -0.010034006088972092,
    -0.012546682730317116,
    0.03839592635631561,
    0.04467898979783058,
    0.0018787308363243937,
    -0.02918415144085884,
    0.035796184092760086,
    -0.022195205092430115,
    0.05709134042263031,
    0.011867424473166466,
    -0.08173279464244843,
    -0.08100273460149765,
    -0.02908306010067463,
    -0.005578570533543825,
    0.05111396312713623,
    0.03652416169643402,
    -0.01886846125125885,
    -0.07169238477945328,
    -0.03161885589361191,
    -0.026944873854517937,
    0.003449666779488325,
    0.005334221757948399,
    0.010764428414404392,
    0.015818996354937553,
    -0.016455266624689102,
    -0.03874162212014198,
    -0.09101381152868271,
    -0.08038254827260971,
    -0.052516788244247437,
    -0.018451575189828873,
