{
  "embedding_files": [
    "new_1776234245578_gt_383.1s_f46.jpg",
    "new_1776234245578_gt_184.5s_f22.jpg",
    "new_1776234245578_gt_2.1s_f2.jpg",
    "gt_87.6s_f25.jpg",
    "gt_153.5s_f117.jpg",
    "gt_105.3s_f74.jpg",
    "gt_122.6s_f71.jpg",
    "gt_137.3s_f91.jpg",
    "gt_144.4s_f13.jpg",
    "gt_160.5s_f23.jpg",
    "gt_168.8s_f157.jpg",
    "gt_68.7s_f4.jpg",
    "gt_71.4s_f1.jpg",
    "gt_73.5s_f24.jpg",
    "gt_83.8s_f10.jpg",
    "gt_91.9s_f30.jpg"
  ],
  "backup_files": [],
  "scores": {
    "gt_73.5s_f24.jpg": 26.5371,
    "gt_105.3s_f74.jpg": 24.4572,
    "new_1776234245578_gt_184.5s_f22.jpg": 164.4815,
    "new_1776234245578_gt_2.1s_f2.jpg": 152.8739,
    "new_1776234245578_gt_383.1s_f46.jpg": 174.8595,
    "gt_168.8s_f157.jpg": 32.3471,
    "gt_87.6s_f25.jpg": 32.7021,
    "gt_153.5s_f117.jpg": 32.6123,
    "gt_68.7s_f4.jpg": 29.3512,
    "gt_137.3s_f91.jpg": 26.4916
  },
  "approved_files": [
    "new_1776234245578_gt_184.5s_f22.jpg",
    "new_1776234245578_gt_2.1s_f2.jpg",
    "new_1776234245578_gt_383.1s_f46.jpg",
    "gt_105.3s_f74.jpg",
    "gt_122.6s_f71.jpg",
    "gt_137.3s_f91.jpg",
    "gt_144.4s_f13.jpg",
    "gt_153.5s_f117.jpg",
    "gt_160.5s_f23.jpg",
    "gt_168.8s_f157.jpg",
    "gt_68.7s_f4.jpg",
    "gt_71.4s_f1.jpg",
    "gt_73.5s_f24.jpg",
    "gt_83.8s_f10.jpg",
    "gt_87.6s_f25.jpg",
    "gt_91.9s_f30.jpg"
  ],
  "mean_embedding": [
    -0.08996497094631195,
    0.0633925274014473,
    0.033522751182317734,
    0.012080954387784004,
    0.027427058666944504,
    0.004237824585288763,
    -0.03452392295002937,
    -0.03562295436859131,
    -0.0024064918980002403,
    0.016138339415192604,
    -0.014189432375133038,
    -0.04299193248152733,
    0.08554437011480331,
    -0.022852905094623566,
    0.03804904595017433,
    -0.09687621891498566,
    0.023591289296746254,
    0.07900713384151459,
    0.02703414112329483,
    0.06257381290197372,
    -0.057997073978185654,
    -0.015105078928172588,
    0.0040378146804869175,
    -0.029369138181209564,
    0.012047776952385902,
    -0.004979865625500679,
    -0.013941025361418724,
    -0.06424282491207123,
    0.10887380689382553,
    0.04693993926048279,
    -0.00890665128827095,
    0.044029995799064636,
    0.020184600725769997,
    -0.008525562472641468,
    0.036071933805942535,
    0.013886569067835808,
    0.024134699255228043,
    -0.023521853610873222,
    0.06990136951208115,
    -0.008766453713178635,
    0.0028075608424842358,
    -0.03271699324250221,
    -0.02979295514523983,
    0.008439471945166588,
    -0.0034874333068728447,
    -0.07074657827615738,
    -0.021578477695584297,
    0.06001335754990578,
    -0.0014409743016585708,
    -0.03821501135826111,
    0.017840823158621788,
    0.015427489764988422,
    -0.02408464066684246,
    0.039550989866256714,
    -0.008555210195481777,
    0.05191190168261528,
    0.014719752594828606,
    0.014551696367561817,
    0.036476980894804,
    -0.026935460045933723,
    0.020245155319571495,
    -0.008132590912282467,
    -0.011316274292767048,
    -0.05183584615588188,
    0.06793056428432465,
    -0.020538832992315292,
    -0.0587259866297245,
    -0.03593430295586586,
    0.01651138626039028,
    0.004942056257277727,
    -0.06274576485157013,
    0.07320965826511383,
    -0.05045876279473305,
    -0.008317908272147179,
    -0.03869568184018135,
    -0.057329267263412476,
    0.09085116535425186,
    0.016988415271043777,
    0.05874980613589287,
    0.07537928223609924,
    -0.012490232475101948,
    -0.0800352469086647,
    -0.037475522607564926,
    -0.014995391480624676,
    0.017001299187541008,
    -0.04650762304663658,
    -0.004137074109166861,
    0.021442566066980362,
    0.010400772094726562,
    0.010967021808028221,
    -0.06198585778474808,
    -0.00044814523425884545,
    0.051854390650987625,
    0.0068375347182154655,
    -0.08940581232309341,
    0.02685820683836937,
    0.08565392345190048,
    -0.012960659340023994,
    0.011217798106372356,
    0.05704735592007637,
    0.04142075777053833,
    -0.013763630762696266,
    -0.045515283942222595,
    -0.041432492434978485,
    -0.006655472330749035,
    0.009756593964993954,
    0.04580935835838318,
    -0.0730525478720665,
    -0.05869624391198158,
    -0.03749559819698334,
    0.03486322984099388,
    0.010300541296601295,
    -0.025921927765011787,
    0.04784536361694336,
    0.025381863117218018,
    0.05117779225111008,
    -0.05793590098619461,
    0.06838051229715347,
    -0.0644923746585846,
    0.10482492297887802,
    -0.06599145382642746,
    -0.026205558329820633,
    0.017909035086631775,
    0.012051261030137539,
    -0.061067305505275726,
    -0.007639581803232431,
    -0.009843702428042889,
    -0.011450616642832756,
    -0.05135742574930191,
    0.01243551168590784,
    -0.019290363416075706,
    0.021767988801002502,
    -0.02783583104610443,
    0.05557860806584358,
    -0.13641546666622162,
    -0.03023664467036724,
    -0.012483891099691391,
    -0.007998739369213581,
    -0.06601691246032715,
    0.01653372123837471,
    0.031880151480436325,
    0.043618086725473404,
    0.07699818164110184,
    -0.027261391282081604,
    0.03318828344345093,
    -0.03899919241666794,
    0.02185748517513275,
    0.05933532491326332,
    -0.024343188852071762,
    0.020258672535419464,
    0.020719187334179878,
    -0.023307254537940025,
    0.013834398239850998,
    -0.033409975469112396,
    0.05883634835481644,
    -0.06637804955244064,
    0.08993417769670486,
    -0.013017373159527779,
    -0.043974973261356354,
    0.012821614742279053,
    -0.006106817163527012,
    0.08368366956710815,
    -0.00916722510010004,
    0.08022710680961609,
    -0.032938938587903976,
    -0.054103441536426544,
    -0.03382048383355141,
    -0.017990706488490105,
    -0.062403708696365356,
    -0.04564756155014038,
    0.04892866685986519,
    -0.04918969050049782,
    -0.0016198297962546349,
    -0.033542003482580185,
    0.032526519149541855,
    0.015394250862300396,
    -0.03687393665313721,
    -0.023588217794895172,
    0.012677358463406563,
    0.06338158249855042,
    -0.047963034361600876,
    -0.0061025130562484264,
    -0.07475783675909042,
    -0.07013130933046341,
    -0.05287251994013786,
    -0.07626769691705704,
    0.05979396402835846,
    0.013619349338114262,
    0.07448775321245193,
    0.052398718893527985,
    0.024473898112773895,
    0.01870747096836567,
    -0.025853801518678665,
    -0.02351645566523075,
    0.05865158513188362,
    -0.04511382430791855,
    0.03281669318675995,
    -0.03270377218723297,
    -0.007390234619379044,
    0.001416673301719129,
    0.035938460379838943,
    -0.0832374319434166,
    -0.009865283034741879,
    0.05687717720866203,
    -0.031400151550769806,
    0.017204631119966507,
    -0.0034231506288051605,
    0.029257996007800102,
    -0.002411778550595045,
    0.053872089833021164,
    0.012844573706388474,
    -0.04824092611670494,
    0.01930360682308674,
    0.039414435625076294,
    0.00039184477645903826,
    0.023335754871368408,
    0.0018620206974446774,
    -0.0199165977537632,
    -0.0062360018491744995,
    0.01604801043868065,
    -0.03300158306956291,
    0.02505805529654026,
    0.03962387144565582,
    -0.05060865730047226,
    0.046656012535095215,
    0.03050331026315689,
    0.06091098114848137,
    -0.04699999839067459,
    -0.0025615179911255836,
    0.020611055195331573,
    -0.021399782970547676,
    -0.04136471077799797,
    -0.013578039593994617,
    -0.07222352176904678,
    0.03372938558459282,
    0.050605352967977524,
    0.02132665179669857,
    0.03779032453894615,
    0.053100623190402985,
    -0.013498335145413876,
    -0.0074331206269562244,
    -0.07205617427825928,
    0.008173949085175991,
    -0.005210790317505598,
    0.0798085406422615,
    -0.00256257108412683,
    0.02497733198106289,
    -0.016784677281975746,
    0.027811845764517784,
    0.026724455878138542,
    0.05167383700609207,
    -0.03600522503256798,
    0.14758631587028503,
