{
  "embedding_files": [
    "new_1776234245578_gt_383.1s_f46.jpg",
    "new_1776234245578_gt_184.5s_f22.jpg",
    "new_1776234245578_gt_2.1s_f2.jpg",
    "gt_87.6s_f25.jpg",
    "gt_153.5s_f117.jpg"
  ],
  "backup_files": [
    "gt_168.8s_f157.jpg",
    "gt_68.7s_f4.jpg",
    "gt_73.5s_f24.jpg",
    "gt_137.3s_f91.jpg",
    "gt_105.3s_f74.jpg"
  ],
  "scores": {
    "gt_73.5s_f24.jpg": 26.5371,
    "gt_105.3s_f74.jpg": 24.4572,
    "new_1776234245578_gt_184.5s_f22.jpg": 164.4815,
    "new_1776234245578_gt_2.1s_f2.jpg": 152.8739,
    "new_1776234245578_gt_383.1s_f46.jpg": 174.8595,
    "gt_168.8s_f157.jpg": 32.3471,
    "gt_87.6s_f25.jpg": 32.7021,
    "gt_153.5s_f117.jpg": 32.6123,
    "gt_68.7s_f4.jpg": 29.3512,
    "gt_137.3s_f91.jpg": 26.4916
  },
  "approved_files": [
    "gt_26.2s_f0.jpg",
    "gt_132.1s_f49.jpg",
    "gt_80.2s_f26.jpg",
    "new_1776234245578_gt_184.5s_f22.jpg",
    "new_1776234245578_gt_2.1s_f2.jpg",
    "new_1776234245578_gt_383.1s_f46.jpg"
  ],
  "mean_embedding": [
    -0.10481496155261993,
    0.06626736372709274,
    0.04507863521575928,
    0.015353642404079437,
    0.039445534348487854,
    0.02812129817903042,
    0.011820193380117416,
    -0.0436592698097229,
    0.011792871169745922,
    0.019578786566853523,
    -0.03558485954999924,
    -0.05420702323317528,
    0.057146936655044556,
    -0.006808781530708075,
    0.04607117548584938,
    -0.0974750742316246,
    0.004015712533146143,
    0.074500173330307,
    0.037120647728443146,
    0.013635145500302315,
    -0.04030754789710045,
    0.0071126543916761875,
    -0.017754899337887764,
    0.0020495678763836622,
    0.033449649810791016,
    -0.030653268098831177,
    0.02772705629467964,
    -0.03640461713075638,
    0.1182752326130867,
    0.06449249386787415,
    -0.007827497087419033,
    0.041209109127521515,
    0.025613442063331604,
    0.0018482200102880597,
    0.061375804245471954,
    0.017001774162054062,
    0.019498677924275398,
    -0.02945861965417862,
    0.05679631978273392,
    -0.020627906545996666,
    0.042695529758930206,
    -0.06570985168218613,
    -0.001762274419888854,
    -0.003977876156568527,
    0.006535092834383249,
    -0.054614052176475525,
    -0.0158096794039011,
    0.035190779715776443,
    -0.042142778635025024,
    -0.007677672430872917,
    0.004105835221707821,
    -0.0006804271833971143,
    -0.03806524723768234,
    0.04729359969496727,
    -0.0361282043159008,
    0.05759834498167038,
    0.05201819911599159,
    0.019311925396323204,
    0.051122769713401794,
    -0.008800584822893143,
    0.10043734312057495,
    0.037965137511491776,
    -0.015390819869935513,
    -0.04499507695436478,
    0.0670229122042656,
    -0.023591704666614532,
    -0.03768925741314888,
    0.008711432106792927,
    0.006915404461324215,
    0.01812727376818657,
    -0.07651816308498383,
    0.06294474005699158,
    -0.05659474804997444,
    -0.0117449089884758,
    -0.006301638204604387,
    -0.042806606739759445,
    0.0689411461353302,
    -0.01902162656188011,
    0.08753164857625961,
    0.03557423874735832,
    -0.008029882796108723,
    -0.07203403860330582,
    -0.03650307655334473,
    0.0463540144264698,
    0.04045965149998665,
    -0.03474495932459831,
    -0.020548611879348755,
    0.0026253110263496637,
    0.016083691269159317,
    0.010329043492674828,
    -0.04925798624753952,
    0.034023068845272064,
    0.033545102924108505,
    0.0037007522769272327,
    -0.04999455064535141,
    0.02025994099676609,
    0.06270414590835571,
    -0.029459962621331215,
    0.00018056511180475354,
    0.09254323691129684,
    0.03472669795155525,
    -0.01926417089998722,
    -0.06664524227380753,
    -0.047809574753046036,
    -0.01184696052223444,
    0.038447875529527664,
    0.024256829172372818,
    -0.028415437787771225,
    -0.02832355909049511,
    -0.028411364182829857,
    0.02509927935898304,
    0.024625446647405624,
    -0.016638562083244324,
    0.04924638941884041,
    0.029761902987957,
    0.040265053510665894,
    -0.0438038595020771,
    0.04525655880570412,
    -0.005136794876307249,
    0.0788334533572197,
    -0.03445783257484436,
    -0.01740279421210289,
    0.0017695941496640444,
    0.004890481010079384,
    -0.048263926059007645,
    0.06358793377876282,
    -0.009035867638885975,
    -0.04178100824356079,
    -0.053458891808986664,
    0.026396887376904488,
    -0.009265639819204807,
    0.01924923062324524,
    -0.013683870434761047,
    0.060422830283641815,
    -0.1552307903766632,
    -0.04054754972457886,
    -0.00028833793476223946,
    -0.026806194335222244,
    -0.04873177409172058,
    -0.043309494853019714,
    0.014024910517036915,
    0.04602263495326042,
    0.060920581221580505,
    -0.014349349774420261,
    0.008802236057817936,
    -0.04434638097882271,
    0.04266974702477455,
    0.05617528036236763,
    -0.02585900016129017,
    0.00489836884662509,
    0.0196689423173666,
    -0.054436106234788895,
    0.025379754602909088,
    0.014920908957719803,
    0.03245525434613228,
    -0.06899789720773697,
    0.08572407811880112,
    0.008305984549224377,
    -0.01211470365524292,
    -0.0013075924944132566,
    0.007914184592664242,
    0.06952572613954544,
    0.03563690185546875,
    0.10033558309078217,
    -0.044511619955301285,
    -0.06253758817911148,
    -0.027007926255464554,
    0.00115385209210217,
    -0.05426325649023056,
    -0.04270382970571518,
    -0.005332015920430422,
    -0.02044440619647503,
    0.0258143600076437,
    -0.06886480748653412,
    0.009942714124917984,
    0.0368303582072258,
    -0.04291488975286484,
    -0.053674980998039246,
    0.01560172624886036,
    0.05345766991376877,
    -0.04527697339653969,
    -0.022112999111413956,
    -0.04398392140865326,
    -0.06332893669605255,
    -0.015297787263989449,
    -0.04423889145255089,
    0.01757723093032837,
    -0.0335235670208931,
    0.04078806936740875,
    0.06215085834264755,
    0.0725150927901268,
    0.035632479935884476,
    -0.04721774160861969,
    -0.06818109005689621,
    0.06083497405052185,
    -0.05764063075184822,
    0.08627718687057495,
    0.0021343885455280542,
    -0.044356103986501694,
    0.0263444185256958,
    0.053382765501737595,
    -0.07890790700912476,
    -0.032854899764060974,
    0.0583215206861496,
    -0.04830596223473549,
    0.013261991553008556,
    -0.030038438737392426,
    0.03177633136510849,
    0.008799930103123188,
    0.04669869318604469,
    -0.010815494693815708,
    -0.031368713825941086,
    -0.015958484262228012,
    0.023682473227381706,
    -0.024700749665498734,
    0.01440314669162035,
    0.0065170167945325375,
    -0.03090815432369709,
    -0.010243494994938374,
    0.03732134774327278,
    -0.026700492948293686,
    0.05607982352375984,
    0.09039689600467682,
    -0.033927906304597855,
    0.03413677588105202,
    0.061267439275979996,
    0.036614540964365005,
    -0.015308534726500511,
    -0.01988421380519867,
    0.013081523589789867,
    -0.01601756364107132,
    -0.04722604528069496,
    0.011375212110579014,
    -0.09479889273643494,
    0.028804762288928032,
    0.02266295626759529,
    0.00892433151602745,
    0.03866194561123848,
    0.025286071002483368,
    -0.046445392072200775,
    0.01916745863854885,
    -0.09416627138853073,
    -0.027411125600337982,
    -0.0046340362168848515,
    0.06861893832683563,
    -0.02313590608537197,
    0.01255582831799984,
    -0.04334706813097,
    0.0491824708878994,
    0.04830238223075867,
    0.01498993020504713,
    -0.0017245168564841151,
    0.10361524671316147,
    0.01671508699655533,
    0.02691052295267582,
    -0.06252831965684891,
    0.06002109870314598,
    -0.07658801972866058,
    -0.03739916905760765,
    0.014667166396975517,
    -0.011119699105620384,
    0.006054396275430918,
    -0.03384985029697418,
    0.04837306588888168,
    -0.02192152850329876,
    -0.027580540627241135,
    -0.07773870974779129,
    0.02652813494205475,
    -0.027145402505993843,
    0.010316827334463596,
