{
  "embedding_files": [
    "new_1776234294386_gt_1141.5s_f170.jpg",
    "new_1776234294386_gt_729.5s_f121.jpg",
    "new_1776234294386_gt_2.1s_f14.jpg",
    "new_1776234294386_gt_184.5s_f26.jpg",
    "new_1776234294386_gt_383.1s_f48.jpg",
    "gt_53.6s_f6.jpg",
    "gt_65.7s_f10.jpg",
    "gt_76.0s_f27.jpg"
  ],
  "backup_files": [
    "gt_217.1s_f56.jpg",
    "gt_26.2s_f19.jpg"
  ],
  "scores": {
    "gt_26.2s_f19.jpg": 4.4334,
    "gt_217.1s_f56.jpg": 3.4168,
    "gt_65.7s_f10.jpg": 22.7759,
    "gt_76.0s_f27.jpg": 8.8634,
    "gt_53.6s_f6.jpg": 5.0962,
    "new_1776234294386_gt_1141.5s_f170.jpg": 76.5353,
    "new_1776234294386_gt_184.5s_f26.jpg": 45.1689,
    "new_1776234294386_gt_2.1s_f14.jpg": 49.4363,
    "new_1776234294386_gt_383.1s_f48.jpg": 41.1238,
    "new_1776234294386_gt_729.5s_f121.jpg": 51.3478
  },
  "approved_files": [
    "gt_26.2s_f19.jpg",
    "gt_217.1s_f56.jpg",
    "new_1776234294386_gt_1141.5s_f170.jpg",
    "new_1776234294386_gt_184.5s_f26.jpg",
    "new_1776234294386_gt_2.1s_f14.jpg",
    "new_1776234294386_gt_383.1s_f48.jpg",
    "new_1776234294386_gt_729.5s_f121.jpg",
    "gt_53.6s_f6.jpg",
    "gt_65.7s_f10.jpg",
    "gt_76.0s_f27.jpg"
  ],
  "mean_embedding": [
    0.044907718896865845,
    0.08869651705026627,
    0.04575784504413605,
    -0.019479552283883095,
    -0.10282979160547256,
    0.12366186082363129,
    -0.07619889825582504,
    0.060507241636514664,
    0.008754771202802658,
    0.014214478433132172,
    -0.002062738873064518,
    0.060073431581258774,
    -0.015375837683677673,
    -0.03593418747186661,
    0.005417536478489637,
    -0.05827757343649864,
    0.06116151437163353,
    0.005729746073484421,
    -0.07377694547176361,
    -0.02014051005244255,
    0.029223870486021042,
    0.04471489414572716,
    -0.07006581872701645,
    0.007977995090186596,
    -0.06269823759794235,
    0.05669325217604637,
    -0.004826810210943222,
    -0.00848438497632742,
    0.04349082335829735,
    -0.042474474757909775,
    0.010255702771246433,
    -0.06465976685285568,
    -0.007071669213473797,
    -0.052094072103500366,
    0.09215551614761353,
    -0.00253259832970798,
    0.017696062102913857,
    -0.002920350059866905,
    0.025152968242764473,
    -0.023087408393621445,
    0.04425402358174324,
    0.0207864660769701,
    0.03402186557650566,
    -0.009496880695223808,
    0.025868233293294907,
    -0.05144871771335602,
    0.0304259005934,
    0.05877290666103363,
    -0.002456131624057889,
    0.04450606182217598,
    0.02547045238316059,
    0.01362677849829197,
    -0.0022256586235016584,
    0.06698229908943176,
    -0.018502868711948395,
    0.000567588082049042,
    0.02065446600317955,
    -0.025603214278817177,
    0.0015165673103183508,
    -0.0852176696062088,
    0.027447601780295372,
    0.04086075350642204,
    -0.023027759045362473,
    -0.02994835563004017,
    0.0525481216609478,
    -0.0023136271629482508,
    -0.03242073580622673,
    -0.04490259289741516,
    0.06125771254301071,
    0.019671684131026268,
    0.03061402402818203,
    -0.12875229120254517,
    0.13195230066776276,
    -0.02971414104104042,
    0.06731210649013519,
    0.029247615486383438,
    0.08634447306394577,
    -0.08455995470285416,
    0.05765869840979576,
    -0.04686972498893738,
    0.01795872300863266,
    -0.007038907613605261,
    -0.005507211200892925,
    -0.004506440833210945,
    0.030693419277668,
    -0.032402507960796356,
    0.02498236484825611,
    -0.03184177353978157,
    -0.08457573503255844,
    -0.029256941750645638,
    0.02158341370522976,
    0.044391147792339325,
    -0.09000493586063385,
    -0.03561416268348694,
    -0.0425899364054203,
    -0.024071210995316505,
    -0.05956168845295906,
    -0.027446549385786057,
    -0.036200836300849915,
    -0.02948511391878128,
    0.04358966276049614,
    -0.05563041940331459,
    0.017424138262867928,
    0.06115395203232765,
    0.08071966469287872,
    0.017813319340348244,
    -0.005215112119913101,
    -0.037357449531555176,
    0.11367156356573105,
    0.027111537754535675,
    0.03032224252820015,
    -0.013222555629909039,
    0.014246284030377865,
    -0.04550591856241226,
    0.02500084787607193,
    -0.038627561181783676,
    0.017192814499139786,
    -0.06376080214977264,
    0.011739927344024181,
    0.095388263463974,
    0.016935452818870544,
    -0.060803964734077454,
    0.05819249525666237,
    -0.009912136942148209,
    -0.04690329730510712,
    0.07354473322629929,
    0.06364709138870239,
    -0.07424559444189072,
    0.0027487336192280054,
    0.010346869006752968,
    -0.04005222022533417,
    -0.0048915427178144455,
    -0.0311796423047781,
    -0.013787439092993736,
    -0.012291152030229568,
    -0.08569531887769699,
    0.012260546907782555,
    0.043339114636182785,
    0.019898762926459312,
    0.0133865000680089,
    0.06466920673847198,
    -0.042084719985723495,
    -0.008063070476055145,
    0.040097299963235855,
    -0.0164476465433836,
    -0.03458616882562637,
    0.03121274709701538,
    0.06895766407251358,
    -0.008315819315612316,
    0.013827144168317318,
    0.04511081054806709,
    0.053771667182445526,
    -0.021945912390947342,
    0.031833771616220474,
    -0.06463082879781723,
    -0.023292100057005882,
    -0.0203433595597744,
    -0.0025547733530402184,
    0.13784600794315338,
    -0.001686991541646421,
    0.015411797910928726,
    0.006024274043738842,
    -0.050898049026727676,
    -0.01517187338322401,
    -0.03858631104230881,
    -0.0027665835805237293,
    -0.042717717587947845,
    0.03626275435090065,
    0.05140548571944237,
    -0.0015179443871602416,
    0.02150910720229149,
    -0.05927132070064545,
    0.009454491548240185,
    0.11476068943738937,
    0.024256624281406403,
    0.05031484365463257,
    0.06728827208280563,
    -0.005715185776352882,
    0.006200829055160284,
    -0.050691697746515274,
    -0.04591915011405945,
    0.0139316376298666,
    -0.013758094049990177,
    -0.029974665492773056,
    -0.04144607484340668,
    -0.054670803248882294,
    -0.015275401994585991,
    -0.033919963985681534,
    -0.0135554950684309,
    -0.008122843690216541,
    0.02046005241572857,
    0.04948936775326729,
    0.01652936078608036,
    -0.01749061793088913,
    -0.08535461127758026,
    0.036721888929605484,
    0.06327278167009354,
    0.037522654980421066,
    0.0002878881641663611,
    -0.10999100655317307,
    -0.04200125113129616,
    0.05275266617536545,
    -0.0429719053208828,
    -0.017916176468133926,
    0.011436630971729755,
    -0.009286381304264069,
    0.02799871563911438,
    -0.05537630245089531,
    0.015720630064606667,
    -0.05195288360118866,
    -0.025011740624904633,
    0.06651689857244492,
    0.00032568632741458714,
    0.12141574174165726,
    -0.05033286288380623,
    -0.03710581362247467,
    -0.13323646783828735,
    0.02646726742386818,
    -0.033869728446006775,
    0.02659943513572216,
    0.0008867394644767046,
    -0.07116896659135818,
    -0.05419130250811577,
    0.025029152631759644,
    0.07234085351228714,
    0.07515092939138412,
    -0.02305464819073677,
    0.0625620186328888,
    0.06896654516458511,
    -0.06757131218910217,
    0.09654831886291504,
    -0.053914740681648254,
    0.01829088106751442,
    0.013381942175328732,
    -0.02474563755095005,
    0.006210198625922203,
    0.024917511269450188,
    0.05589967221021652,
    0.018628500401973724,
    0.08558876812458038,
    -0.0023632673546671867,
    -0.020458102226257324,
    0.05574798583984375,
    -0.08543993532657623,
    0.05846459046006203,
    0.03810768947005272,
    0.005085647106170654,
    0.05315157398581505,
    0.01807473599910736,
    -0.002646888606250286,
    -0.030675454065203667,
    0.04233972355723381,
    0.07519473135471344,
    0.01301554311066866,
    0.0518464520573616,
    -0.0005110023776069283,
    0.02819840796291828,
    -0.04910656064748764,
    -0.0113812992349267,
    -0.04657290130853653,
    0.001161485561169684,
    -0.1254197657108307,
