{
  "embedding_files": [
    "new_1776234294386_gt_1141.5s_f170.jpg",
    "new_1776234294386_gt_729.5s_f121.jpg",
    "new_1776234294386_gt_2.1s_f14.jpg",
    "new_1776234294386_gt_184.5s_f26.jpg",
    "new_1776234294386_gt_383.1s_f48.jpg"
  ],
  "backup_files": [
    "gt_65.7s_f10.jpg",
    "gt_76.0s_f27.jpg",
    "gt_53.6s_f6.jpg",
    "gt_26.2s_f19.jpg",
    "gt_217.1s_f56.jpg"
  ],
  "scores": {
    "gt_26.2s_f19.jpg": 4.4334,
    "gt_217.1s_f56.jpg": 3.4168,
    "gt_65.7s_f10.jpg": 22.7759,
    "gt_76.0s_f27.jpg": 8.8634,
    "gt_53.6s_f6.jpg": 5.0962,
    "new_1776234294386_gt_1141.5s_f170.jpg": 76.5353,
    "new_1776234294386_gt_184.5s_f26.jpg": 45.1689,
    "new_1776234294386_gt_2.1s_f14.jpg": 49.4363,
    "new_1776234294386_gt_383.1s_f48.jpg": 41.1238,
    "new_1776234294386_gt_729.5s_f121.jpg": 51.3478
  },
  "approved_files": [
    "gt_26.2s_f19.jpg",
    "gt_217.1s_f56.jpg",
    "gt_324.5s_f109.jpg",
    "gt_80.2s_f33.jpg",
    "gt_2.3s_f6.jpg",
    "gt_33.8s_f29.jpg",
    "gt_73.0s_f51.jpg",
    "gt_117.2s_f32.jpg",
    "gt_132.1s_f71.jpg",
    "new_1776234294386_gt_1141.5s_f170.jpg",
    "new_1776234294386_gt_184.5s_f26.jpg",
    "new_1776234294386_gt_2.1s_f14.jpg",
    "new_1776234294386_gt_383.1s_f48.jpg",
    "new_1776234294386_gt_729.5s_f121.jpg"
  ],
  "mean_embedding": [
    -0.0028342888690531254,
    0.06124478951096535,
    0.024150362238287926,
    -0.005021333694458008,
    -0.0899457260966301,
    0.12038235366344452,
    -0.08751849830150604,
    0.0627172589302063,
    0.0072807855904102325,
    0.002163589233532548,
    0.017063044011592865,
    0.037951819598674774,
    -0.02666548639535904,
    -0.0378311350941658,
    -0.0065140617080032825,
    -0.014679193496704102,
    0.058516453951597214,
    -0.04669461399316788,
    -0.009858116507530212,
    -0.0002976967953145504,
    -0.013415059074759483,
    0.008948789909482002,
    -0.05240943282842636,
    -0.01660829596221447,
    -0.06881676614284515,
    -0.0018422745633870363,
    -0.010357189923524857,
    -0.05839018151164055,
    0.04612734168767929,
    -0.13286840915679932,
    -0.016002126038074493,
    -0.08602317422628403,
    0.06406311690807343,
    -0.04892157390713692,
    0.00816129706799984,
    -0.01116028893738985,
    0.001977029489353299,
    -0.008478283882141113,
    -0.002834540558978915,
    -0.03341596946120262,
    0.015395494177937508,
    -0.01869080401957035,
    0.04923534393310547,
    0.016927659511566162,
    0.009878221899271011,
    -0.047663141041994095,
    0.028395427390933037,
    0.06257438659667969,
    0.049039144068956375,
    0.0398181788623333,
    0.030056020244956017,
    0.012598603032529354,
    0.015091419219970703,
    0.04218347370624542,
    0.010996677912771702,
    -0.06528966873884201,
    -0.0053797196596860886,
    -0.0033134431578218937,
    -0.031954389065504074,
    -0.05611126497387886,
    0.01730637066066265,
    0.007244380656629801,
    0.0032555025536566973,
    -0.021876811981201172,
    0.06799763441085815,
    -0.03404180705547333,
    -0.00983884371817112,
    -0.02041284181177616,
    0.023291880264878273,
    -0.01148578803986311,
    0.01394160371273756,
    -0.09987783432006836,
    0.0807788074016571,
    -0.030512606725096703,
    0.0300675630569458,
    0.0691806972026825,
    0.024777889251708984,
    -0.1011204645037651,
    0.08426886796951294,
    -0.0060263946652412415,
    -0.004164519719779491,
    0.006754701025784016,
    0.015046839602291584,
    0.002354231895878911,
    -0.028417732566595078,
    -0.052831608802080154,
    -0.006619980093091726,
    -0.067520871758461,
    -0.07546113431453705,
    -0.003829141380265355,
    0.11073515564203262,
    -0.006652949843555689,
    -0.05607437714934349,
    -0.01312467735260725,
    -0.05032338201999664,
    -0.017572157084941864,
    -0.05971955880522728,
    -0.0076324730180203915,
    0.012962838634848595,
    -0.04663600027561188,
    0.03540632128715515,
    -0.050473444163799286,
    0.04970299452543259,
    0.017886463552713394,
    0.0455249547958374,
    0.002382830483838916,
    0.039016738533973694,
    -0.017253169789910316,
    0.09223444759845734,
    0.027897916734218597,
    0.055051807314157486,
    -0.05463048070669174,
    0.03408535569906235,
    0.006904867477715015,
    0.0003810711205005646,
    -0.02644735388457775,
    0.08876118063926697,
    -0.024369608610868454,
    0.009755821898579597,
    0.07229294627904892,
    -0.02453519031405449,
    -0.01886257342994213,
    0.06302094459533691,
    -0.01052010152488947,
    -0.041286759078502655,
    0.06175900250673294,
    0.08098842948675156,
    -0.039956238120794296,
    -0.0028911230619996786,
    0.007564782164990902,
    -0.01665472239255905,
    -0.006480020005255938,
    -0.0531303845345974,
    -0.05916021019220352,
    0.042694784700870514,
    -0.03897339850664139,
    0.004415314644575119,
    0.03317902237176895,
    0.003915227018296719,
    -0.004880869761109352,
    0.061286088079214096,
    -0.013209263794124126,
    -0.03327551856637001,
    0.029921608045697212,
    -0.05019206926226616,
    -0.06807196140289307,
    0.04988201707601547,
    0.006915460340678692,
    -0.0048914626240730286,
    -0.004498864058405161,
    0.06068623811006546,
    0.04225551709532738,
    -0.02152087353169918,
    -0.029846761375665665,
    -0.034797899425029755,
    0.0010087327100336552,
    -0.005905269645154476,
    -0.04636264592409134,
    0.0956709235906601,
    0.039645254611968994,
    -0.018512167036533356,
    0.020529204979538918,
    -0.08450420945882797,
    -0.0034004414919763803,
    -0.018159648403525352,
    -0.00291266362182796,
    -0.0039216335862874985,
    0.007959902286529541,
    0.00573789793998003,
    -0.015380616299808025,
    0.03423447534441948,
    -0.04892703518271446,
    0.008216319605708122,
    0.07952506840229034,
    0.034595560282468796,
    0.0623517744243145,
    0.03979147970676422,
    -0.025688787922263145,
    0.014355194754898548,
    0.012826240621507168,
    0.020840417593717575,
    -0.00803639180958271,
    -0.04882531985640526,
    -0.007306002080440521,
    -0.05874701961874962,
    -0.07321825623512268,
    0.013921557925641537,
    -0.003047155449166894,
    -0.02035708725452423,
    -0.0399547778069973,
    0.017165301367640495,
    0.05212734639644623,
    0.017963264137506485,
    0.029612721875309944,
    -0.08611904084682465,
    0.03863478824496269,
    0.051815249025821686,
    -0.024569140747189522,
    0.03396203741431236,
    -0.11469379812479019,
    -0.011133412830531597,
    -0.02106078714132309,
    -0.07584234327077866,
    -0.0054998635314404964,
    0.03897229582071304,
    0.015368975698947906,
    -0.022522175684571266,
    -0.06834428757429123,
    -0.006250602193176746,
    -0.02682267501950264,
    -0.06870030611753464,
    0.08924555778503418,
    -0.00513411546126008,
    0.1256517916917801,
    -0.03902869299054146,
    0.015503774397075176,
    -0.16067424416542053,
    0.003165867645293474,
    -0.06549064069986343,
    0.03575452044606209,
    0.00921063032001257,
    -0.09096214920282364,
    -0.08149523288011551,
    -0.0104301692917943,
    0.06480920314788818,
    0.015191999264061451,
    -0.008936958387494087,
    0.03541931137442589,
    0.022829515859484673,
    -0.004815320018678904,
    0.06921473145484924,
    -0.028923166915774345,
    0.044369034469127655,
    0.06653618067502975,
    0.032215990126132965,
    0.033089879900217056,
    0.0050512924790382385,
    0.03280298039317131,
    0.016182636842131615,
    0.01924510858952999,
    -0.01960896886885166,
    -0.07763092964887619,
    0.0697687640786171,
    -0.11676166206598282,
    0.03700632601976395,
    0.05533050745725632,
    0.012399189174175262,
    0.08078022301197052,
    -0.01562400721013546,
    0.014968698844313622,
    -0.05682526156306267,
    -3.255169576732442e-05,
    0.0788143053650856,
    0.008790761232376099,
    0.060705896466970444,
    -0.00327287707477808,
    0.026789145544171333,
