{
  "embedding_files": [
    "gt_26.2s_f13.jpg",
    "gt_2.3s_f0.jpg",
    "gt_33.8s_f18.jpg",
    "gt_217.1s_f51.jpg",
    "gt_132.1s_f50.jpg"
  ],
  "backup_files": [
    "gt_117.2s_f11.jpg",
    "gt_324.5s_f83.jpg",
    "gt_73.0s_f37.jpg",
    "gt_80.2s_f38.jpg",
    "new_1776234315246_gt_184.5s_f35.jpg"
  ],
  "scores": {
    "gt_2.3s_f0.jpg": 12.0454,
    "gt_33.8s_f18.jpg": 11.3948,
    "gt_73.0s_f37.jpg": 7.6111,
    "gt_26.2s_f13.jpg": 17.6079,
    "gt_132.1s_f50.jpg": 8.7062,
    "gt_80.2s_f38.jpg": 6.3609,
    "gt_217.1s_f51.jpg": 10.2603,
    "gt_117.2s_f11.jpg": 6.7855,
    "gt_324.5s_f83.jpg": 6.4641
  },
  "approved_files": [
    "gt_26.2s_f13.jpg",
    "gt_2.3s_f0.jpg",
    "gt_33.8s_f18.jpg",
    "gt_217.1s_f51.jpg",
    "gt_132.1s_f50.jpg",
    "gt_73.0s_f37.jpg",
    "gt_117.2s_f11.jpg",
    "gt_324.5s_f83.jpg",
    "gt_80.2s_f38.jpg",
    "new_1776234315246_gt_184.5s_f35.jpg",
    "new_1776234315246_gt_2.1s_f19.jpg",
    "new_1776234315246_gt_383.1s_f58.jpg",
    "new_1776234315246_gt_503.3s_f70.jpg"
  ],
  "mean_embedding": [
    -0.04734925553202629,
    -0.03775564208626747,
    0.05061129108071327,
    -0.035416632890701294,
    0.061921294778585434,
    0.01877925917506218,
    0.032407160848379135,
    0.04448556900024414,
    0.008874587714672089,
    -0.014258132316172123,
    -0.07021971791982651,
    -0.08825221657752991,
    0.05118517577648163,
    0.018407559022307396,
    0.04840824007987976,
    -0.018421396613121033,
    0.04734740033745766,
    0.06013999134302139,
    -0.02171621471643448,
    -0.03784295171499252,
    -0.04123060777783394,
    -0.038696013391017914,
    0.10238678753376007,
    -0.0268564373254776,
    0.09194828569889069,
    0.005549491848796606,
    -0.03584412485361099,
    -0.050490960478782654,
    0.0705176442861557,
    -0.014403161592781544,
    -0.04551419988274574,
    -0.06543843448162079,
    0.037631358951330185,
    -0.025248821824789047,
    0.044916413724422455,
    -0.05377323552966118,
    -0.06643238663673401,
    -0.052578967064619064,
    0.05397115275263786,
    0.051766615360975266,
    0.015603967942297459,
    -0.03924882411956787,
    0.014409158378839493,
    -0.043583765625953674,
    0.024330919608473778,
    -0.017847901210188866,
    0.017238521948456764,
    0.034173786640167236,
    0.007791593670845032,
    -0.05963895097374916,
    -0.007232563104480505,
    0.023224424570798874,
    0.011949851177632809,
    -0.038154035806655884,
    0.019564451649785042,
    0.07679581642150879,
    -0.050208814442157745,
    -0.019305704161524773,
    0.03774888440966606,
    -0.028466597199440002,
    -0.05183199793100357,
    -0.10210693627595901,
    -0.08377885073423386,
    -0.04302772879600525,
    0.026222914457321167,
    -0.07131470739841461,
    -0.062370166182518005,
    -0.03203851729631424,
    0.05254654958844185,
    -0.07268933206796646,
    0.014116773381829262,
    -0.01997138187289238,
    -0.021959813311696053,
    0.06372997909784317,
    -0.10584906488656998,
    -0.07074137777090073,
    0.03644747659564018,
    0.017710907384753227,
    0.037266362458467484,
    0.09639100730419159,
    0.05321231856942177,
    0.033117666840553284,
    0.04477021470665932,
    -0.033409230411052704,
    0.073895163834095,
    -0.06470149010419846,
    -0.016465408727526665,
    -0.08462464064359665,
    -0.017203493043780327,
    -0.02983754314482212,
    0.043152906000614166,
    -0.005146143492311239,
    -0.07482977956533432,
    0.018950918689370155,
    0.035488903522491455,
    0.0936862975358963,
    -0.0044500757940113544,
    0.061825599521398544,
    -0.0386882945895195,
    -0.04430191591382027,
    -0.006819410249590874,
    0.04532140865921974,
    -0.036607496440410614,
    0.029884444549679756,
    -0.023848142474889755,
    0.020320452749729156,
    -0.03374287486076355,
    -0.09655750542879105,
    0.09078225493431091,
    -0.020458029583096504,
    -0.015231242403388023,
    -0.07084693759679794,
    0.03403521701693535,
    0.037451520562171936,
    0.009311958216130733,
    0.02218802273273468,
    0.013606647029519081,
    0.01765482686460018,
    -0.06597205996513367,
    0.019806932657957077,
    -0.08848591893911362,
    0.027515126392245293,
    0.10885904729366302,
    -0.05786385014653206,
    0.0326230525970459,
    -0.023381805047392845,
    -0.01960003934800625,
    -0.025511542335152626,
    -0.011112780310213566,
    -0.02975531853735447,
    -0.009457922540605068,
    0.1493588387966156,
    0.02241211012005806,
    0.0630396157503128,
    0.09254966676235199,
    -0.09139032661914825,
    0.009212481789290905,
    0.03888120502233505,
    -0.07562828063964844,
    0.017199303954839706,
    0.006711883470416069,
    -0.005831393413245678,
    0.03447496518492699,
    0.05522564798593521,
    0.001907399739138782,
    0.05117228999733925,
    0.08186618238687515,
    0.043539900332689285,
    0.014315295964479446,
    0.052360378205776215,
    0.07115603238344193,
    0.011374132707715034,
    -0.03635046258568764,
    -0.09174751490354538,
    -0.033276427537202835,
    0.01653667911887169,
    -0.014634097926318645,
    0.029460730031132698,
    -0.044268351048231125,
    -0.0031859748996794224,
    -0.010005269199609756,
    0.06733831018209457,
    -0.05592089518904686,
    0.003702322719618678,
    0.028210891410708427,
    0.04981010779738426,
    0.0497993603348732,
    0.006198201794177294,
    -0.10484300553798676,
    -0.04046715050935745,
    0.03530557453632355,
    0.013702981173992157,
    0.01886737160384655,
    0.018579093739390373,
    -0.020234769210219383,
    0.006123403087258339,
    0.06650728732347488,
    0.006685897707939148,
    -0.00037723270361311734,
    0.008421004749834538,
    0.03918961435556412,
    -0.02864423207938671,
    0.04436330497264862,
    0.014476118609309196,
    -0.027004122734069824,
    -0.06132517382502556,
    -0.047239068895578384,
    0.04248034954071045,
    0.016676301136612892,
    0.018613120540976524,
    0.0187680684030056,
    0.054649338126182556,
    -0.03231918439269066,
    -0.03463748097419739,
    0.03906667232513428,
    0.01852814480662346,
    -0.017620956525206566,
    -0.002961965510621667,
    -0.01438218168914318,
    0.09279841929674149,
    -0.01299910806119442,
    0.021584076806902885,
    -0.02521161548793316,
    0.00222987518645823,
    -0.05111239105463028,
    0.023207388818264008,
    0.009113115258514881,
    0.047717008739709854,
    -0.005476201418787241,
    -0.0009170259581878781,
    -0.019939947873353958,
    0.04286343231797218,
    0.05487772449851036,
    0.0438058078289032,
    -0.02814495377242565,
    0.04196438193321228,
    -0.0018027204787358642,
    -0.0028211146127432585,
    -0.08031134307384491,
    -0.035676658153533936,
    0.0442265085875988,
    0.03192087635397911,
    0.035372961312532425,
    -0.019392214715480804,
    0.01706269569694996,
    0.04471106082201004,
    0.03318171948194504,
    -0.029959959909319878,
    -0.005458766594529152,
    -0.048439983278512955,
    -0.03681086748838425,
    -0.09174320101737976,
    0.034088484942913055,
    -0.07338342070579529,
    0.0037795265670865774,
    0.08423469215631485,
    0.050880663096904755,
    -0.012717104516923428,
    -0.014456572011113167,
    -0.01991359144449234,
    0.06940480321645737,
    -0.07117468118667603,
    -0.06373419612646103,
    -0.04307594522833824,
    0.10245991498231888,
    -0.035084743052721024,
    0.0033991492819041014,
    0.0519595667719841,
    -0.003912464249879122,
    -0.009771930053830147,
    0.0699249804019928,
    -0.02336004003882408,
    -0.03933154046535492,
    -0.002567460760474205,
    0.023745855316519737,
    0.020130420103669167,
    -0.04375384375452995,
    0.029735969379544258,
    0.010945450514554977,
    -0.04933023452758789,
    -0.035726141184568405,
    -0.04758290946483612,
    0.051620326936244965,
    -0.001161867519840598,
    -0.02957683615386486,
    0.03916306048631668,
    -0.06802840530872345,
