{
  "embedding_files": [
    "new_1776234315246_gt_503.3s_f70.jpg",
    "new_1776234315246_gt_184.5s_f35.jpg",
    "new_1776234315246_gt_2.1s_f19.jpg",
    "new_1776234315246_gt_383.1s_f58.jpg",
    "gt_105.3s_f73.jpg"
  ],
  "backup_files": [
    "gt_73.5s_f23.jpg",
    "gt_104.1s_f48.jpg",
    "gt_54.7s_f12.jpg",
    "gt_87.6s_f39.jpg",
    "gt_90.6s_f2.jpg"
  ],
  "scores": {
    "gt_105.3s_f73.jpg": 77.2414,
    "gt_73.5s_f23.jpg": 29.8756,
    "gt_54.7s_f12.jpg": 27.8003,
    "new_1776234315246_gt_184.5s_f35.jpg": 311.7691,
    "new_1776234315246_gt_2.1s_f19.jpg": 115.8836,
    "new_1776234315246_gt_383.1s_f58.jpg": 98.6819,
    "new_1776234315246_gt_503.3s_f70.jpg": 314.6427,
    "gt_104.1s_f48.jpg": 28.4613,
    "gt_87.6s_f39.jpg": 24.8968,
    "gt_90.6s_f2.jpg": 21.7172
  },
  "approved_files": [
    "gt_26.2s_f13.jpg",
    "gt_2.3s_f0.jpg",
    "gt_33.8s_f18.jpg",
    "gt_217.1s_f51.jpg",
    "gt_132.1s_f50.jpg",
    "gt_73.0s_f37.jpg",
    "gt_117.2s_f11.jpg",
    "gt_324.5s_f83.jpg",
    "gt_80.2s_f38.jpg",
    "new_1776234315246_gt_184.5s_f35.jpg",
    "new_1776234315246_gt_2.1s_f19.jpg",
    "new_1776234315246_gt_383.1s_f58.jpg",
    "new_1776234315246_gt_503.3s_f70.jpg"
  ],
  "mean_embedding": [
    -0.04734925553202629,
    -0.03775560483336449,
    0.05061126500368118,
    -0.0354166217148304,
    0.061921317130327225,
    0.018779240548610687,
    0.03240717947483063,
    0.04448557645082474,
    0.008874595165252686,
    -0.014258146286010742,
    -0.07021971791982651,
    -0.0882522314786911,
    0.05118517577648163,
    0.018407536670565605,
    0.04840824007987976,
    -0.01842142641544342,
    0.04734741896390915,
    0.060139983892440796,
    -0.02171623893082142,
    -0.03784295544028282,
    -0.04123059660196304,
    -0.038696032017469406,
    0.10238678753376007,
    -0.026856448501348495,
    0.09194827824831009,
    0.005549499299377203,
    -0.0358441025018692,
    -0.05049094930291176,
    0.0705176591873169,
    -0.014403141103684902,
    -0.04551421478390694,
    -0.06543843448162079,
    0.03763137012720108,
    -0.02524881809949875,
    0.04491642117500305,
    -0.05377322435379028,
    -0.06643237918615341,
    -0.05257895216345787,
    0.053971175104379654,
    0.05176658555865288,
    0.015603969804942608,
    -0.03924885764718056,
    0.014409156516194344,
    -0.04358374699950218,
    0.024330895394086838,
    -0.017847927287220955,
    0.017238527536392212,
    0.03417377173900604,
    0.007791604846715927,
    -0.05963897332549095,
    -0.007232576608657837,
    0.023224424570798874,
    0.011949850246310234,
    -0.03815403953194618,
    0.019564472138881683,
    0.07679583132266998,
    -0.05020882934331894,
    -0.01930571161210537,
    0.03774888440966606,
    -0.028466613963246346,
    -0.05183197930455208,
    -0.10210692137479782,
    -0.08377882093191147,
    -0.04302773252129555,
    0.026222916319966316,
    -0.07131467759609222,
    -0.06237020716071129,
    -0.032038528472185135,
    0.052546530961990356,
    -0.07268931716680527,
    0.014116783626377583,
    -0.019971365109086037,
    -0.021959809586405754,
    0.06373000144958496,
    -0.10584903508424759,
    -0.07074137777090073,
    0.036447446793317795,
    0.017710911110043526,
    0.03726634383201599,
    0.09639100730419159,
    0.053212326020002365,
    0.03311765193939209,
    0.04477020353078842,
    -0.033409230411052704,
    0.073895163834095,
    -0.06470146775245667,
    -0.016465360298752785,
    -0.08462464809417725,
    -0.01720348559319973,
    -0.02983756549656391,
    0.04315292462706566,
    -0.00514614675194025,
    -0.07482979446649551,
    0.018950937315821648,
    0.035488903522491455,
    0.09368626773357391,
    -0.0044500636868178844,
    0.061825644224882126,
    -0.03868827223777771,
    -0.04430191591382027,
    -0.006819399539381266,
    0.045321401208639145,
    -0.03660748898983002,
    0.029884448274970055,
    -0.02384815737605095,
    0.020320428535342216,
    -0.033742886036634445,
    -0.09655753523111343,
    0.09078224003314972,
    -0.020458005368709564,
    -0.015231255441904068,
    -0.07084689289331436,
    0.03403521701693535,
    0.037451520562171936,
    0.009311937727034092,
    0.022188004106283188,
    0.013606609776616096,
    0.017654845491051674,
    -0.06597206741571426,
    0.01980692148208618,
    -0.08848592638969421,
    0.027515118941664696,
    0.10885905474424362,
    -0.05786385014653206,
    0.03262308984994888,
    -0.023381810635328293,
    -0.019600054249167442,
    -0.025511551648378372,
    -0.011112777516245842,
    -0.02975532039999962,
    -0.009457879699766636,
    0.1493588238954544,
    0.022412102669477463,
    0.0630396157503128,
    0.0925496518611908,
    -0.09139034897089005,
    0.009212451055645943,
    0.03888122737407684,
    -0.07562826573848724,
    0.0171993225812912,
    0.006711876485496759,
    -0.005831410642713308,
    0.03447496518492699,
    0.05522564798593521,
    0.0019073969451710582,
    0.05117228254675865,
    0.08186620473861694,
    0.043539904057979584,
    0.014315275475382805,
    0.05236035957932472,
    0.07115603983402252,
    0.011374136433005333,
    -0.03635044023394585,
    -0.09174753725528717,
    -0.03327646479010582,
    0.016536664217710495,
    -0.0146340848878026,
    0.029460715129971504,
    -0.04426836222410202,
    -0.003185990499332547,
    -0.010005269199609756,
    0.06733831018209457,
    -0.055920906364917755,
    0.0037023199256509542,
    0.02821091189980507,
    0.04981009662151337,
    0.049799349159002304,
    0.006198196671903133,
    -0.10484301298856735,
    -0.040467165410518646,
    0.03530557081103325,
    0.013702960684895515,
    0.018867379054427147,
    0.01857908070087433,
    -0.020234769210219383,
    0.006123409606516361,
    0.06650729477405548,
    0.006685882806777954,
    -0.00037723491550423205,
    0.008421008475124836,
    0.03918961063027382,
    -0.02864423207938671,
    0.04436330869793892,
    0.014476140961050987,
    -0.027004096657037735,
    -0.061325203627347946,
    -0.04723908752202988,
    0.04248034954071045,
    0.01667625829577446,
    0.018613094463944435,
    0.01876809261739254,
    0.05464933067560196,
    -0.03231918066740036,
    -0.03463746979832649,
    0.03906664252281189,
    0.018528157845139503,
    -0.01762094907462597,
    -0.0029619818087667227,
    -0.014382177963852882,
    0.0927983969449997,
    -0.012999149039387703,
    0.02158408612012863,
    -0.025211622938513756,
    0.0022298917174339294,
    -0.05111238732933998,
    0.023207394406199455,
    0.00911311898380518,
    0.04771702364087105,
    -0.005476204678416252,
    -0.0009169888217002153,
    -0.01993994042277336,
    0.04286343604326248,
    0.05487773194909096,
    0.0438058003783226,
    -0.028144963085651398,
    0.04196438565850258,
    -0.0018027391051873565,
    -0.002821133006364107,
    -0.08031132072210312,
    -0.03567664697766304,
    0.04422648623585701,
    0.031920865178108215,
    0.03537296503782272,
    -0.019392237067222595,
    0.017062712460756302,
    0.04471106082201004,
    0.03318174183368683,
    -0.029959963634610176,
    -0.005458786617964506,
    -0.04844000190496445,
    -0.03681086748838425,
    -0.09174320101737976,
    0.03408850356936455,
    -0.07338344305753708,
    0.0037795528769493103,
    0.08423469960689545,
    0.050880663096904755,
    -0.012717129662632942,
    -0.014456551522016525,
    -0.019913554191589355,
    0.06940479576587677,
    -0.07117468118667603,
    -0.06373415142297745,
    -0.043075982481241226,
    0.10245990008115768,
    -0.03508475795388222,
    0.003399132052436471,
    0.05195959657430649,
    -0.003912467509508133,
    -0.009771918877959251,
    0.06992499530315399,
    -0.023360028862953186,
    -0.03933156654238701,
    -0.0025674591306596994,
    0.023745860904455185,
    0.020130449905991554,
    -0.04375385120511055,
    0.029735984280705452,
    0.010945407673716545,
    -0.04933023825287819,
    -0.03572612628340721,
