{
  "embedding_files": [
    "new_1776234315246_gt_503.3s_f70.jpg",
    "new_1776234315246_gt_184.5s_f35.jpg",
    "new_1776234315246_gt_2.1s_f19.jpg",
    "new_1776234315246_gt_383.1s_f58.jpg",
    "gt_105.3s_f73.jpg",
    "gt_215.4s_f16.jpg",
    "gt_104.1s_f48.jpg",
    "gt_107.2s_f63.jpg",
    "gt_248.1s_f35.jpg",
    "gt_54.7s_f12.jpg",
    "gt_73.2s_f14.jpg",
    "gt_73.5s_f23.jpg",
    "gt_87.6s_f39.jpg",
    "gt_90.6s_f2.jpg",
    "gt_91.9s_f42.jpg"
  ],
  "backup_files": [],
  "scores": {
    "gt_105.3s_f73.jpg": 77.2414,
    "gt_73.5s_f23.jpg": 29.8756,
    "gt_54.7s_f12.jpg": 27.8003,
    "new_1776234315246_gt_184.5s_f35.jpg": 311.7691,
    "new_1776234315246_gt_2.1s_f19.jpg": 115.8836,
    "new_1776234315246_gt_383.1s_f58.jpg": 98.6819,
    "new_1776234315246_gt_503.3s_f70.jpg": 314.6427,
    "gt_104.1s_f48.jpg": 28.4613,
    "gt_87.6s_f39.jpg": 24.8968,
    "gt_90.6s_f2.jpg": 21.7172
  },
  "approved_files": [
    "new_1776234315246_gt_184.5s_f35.jpg",
    "new_1776234315246_gt_2.1s_f19.jpg",
    "new_1776234315246_gt_383.1s_f58.jpg",
    "new_1776234315246_gt_503.3s_f70.jpg",
    "gt_215.4s_f16.jpg",
    "gt_104.1s_f48.jpg",
    "gt_105.3s_f73.jpg",
    "gt_107.2s_f63.jpg",
    "gt_248.1s_f35.jpg",
    "gt_54.7s_f12.jpg",
    "gt_73.2s_f14.jpg",
    "gt_73.5s_f23.jpg",
    "gt_87.6s_f39.jpg",
    "gt_90.6s_f2.jpg",
    "gt_91.9s_f42.jpg"
  ],
  "mean_embedding": [
    -0.044214047491550446,
    -0.011623257771134377,
    0.01918778009712696,
    -0.022470317780971527,
    0.08731555193662643,
    -0.010112635791301727,
    0.042388077825307846,
    0.03525618463754654,
    0.0001505899999756366,
    -0.04819832742214203,
    -0.08720627427101135,
    -0.044192470610141754,
    0.057705700397491455,
    0.014360486529767513,
    0.058100927621126175,
    -0.005121909081935883,
    0.03429967910051346,
    0.06316950917243958,
    -0.034612394869327545,
    0.009463795460760593,
    0.005082863848656416,
    -0.038385551422834396,
    0.10306050628423691,
    -0.026052897796034813,
    0.0743916928768158,
    -0.03439246118068695,
    -0.03594697639346123,
    -0.024885306134819984,
    0.03754018247127533,
    -0.005194777622818947,
    -0.014599518850445747,
    -0.00938610639423132,
    0.020695872604846954,
    0.013171650469303131,
    0.009520904161036015,
    -0.03466254472732544,
    -0.029850009828805923,
    -0.11465366929769516,
    0.08318749070167542,
    0.04739569500088692,
    -0.004252470564097166,
    -0.025845784693956375,
    -0.01423576008528471,
    -0.06608463078737259,
    0.04582721367478371,
    -0.01722201332449913,
    0.005211569368839264,
    0.06880325078964233,
    0.012892352417111397,
    -0.06519155949354172,
    0.013789781369268894,
    0.026266906410455704,
    -0.013319967314600945,
    -0.09175757318735123,
    0.03150060400366783,
    0.05797964707016945,
    -0.015470322221517563,
    -0.003980526700615883,
    0.03661790117621422,
    -0.024703752249479294,
    -0.0042657614685595036,
    -0.11745024472475052,
    -0.09649454802274704,
    -0.03303176164627075,
    0.02176550403237343,
    -0.06525090336799622,
    -0.056887492537498474,
    0.003951508551836014,
    0.09005375951528549,
    -0.044405922293663025,
    0.016646379604935646,
    -0.03367071971297264,
    0.0035135913640260696,
    0.015668854117393494,
    -0.11267909407615662,
    -0.05050057917833328,
    0.01735508255660534,
    -0.029646094888448715,
    0.03808988630771637,
    0.06955442577600479,
    0.049774378538131714,
    0.06762190908193588,
    0.07361263781785965,
    -0.016187675297260284,
    0.07670298963785172,
    -0.11136731505393982,
    0.014592920430004597,
    -0.06525300443172455,
    -0.01123083010315895,
    -0.03368009254336357,
    0.017583779990673065,
    0.030366554856300354,
    -0.07899969071149826,
    0.04037345573306084,
    0.014726439490914345,
    0.057576775550842285,
    -0.006989508867263794,
    0.08609988540410995,
    -0.004283151123672724,
    -0.03641866147518158,
    0.0018988460069522262,
    0.03669554740190506,
    0.022607961669564247,
    0.024837719276547432,
    -0.040327925235033035,
    0.029028071090579033,
    -0.07485279440879822,
    -0.062131721526384354,
    0.06512705981731415,
    -0.009649470448493958,
    0.003070391481742263,
    -0.06959589570760727,
    0.012938792817294598,
    0.01768929697573185,
    0.019016046077013016,
    0.017165184020996094,
    0.00889628566801548,
    0.01999747008085251,
    -0.06799017637968063,
    -0.009030535817146301,
    -0.021688567474484444,
    0.040655676275491714,
    0.07899559289216995,
    -0.07748053222894669,
    0.05516719073057175,
    -0.011233883909881115,
    -0.03703340142965317,
    0.032930683344602585,
    -0.015396585687994957,
    -0.018429912626743317,
    -0.032382745295763016,
    0.10146325081586838,
    0.018949614837765694,
    0.04035087674856186,
    0.0950879231095314,
    -0.10127601027488708,
    -0.013324548490345478,
    -0.00026102131232619286,
    -0.054521866142749786,
    0.02139882743358612,
    0.004617579281330109,
    0.004564419388771057,
    0.050756748765707016,
    0.02055331878364086,
    0.031993187963962555,
    0.02188156172633171,
    0.0952284187078476,
    0.028037933632731438,
    -0.009179754182696342,
    0.03780936822295189,
    0.047234807163476944,
    0.024942627176642418,
    -0.018022114410996437,
    -0.09751878678798676,
    0.00604585837572813,
    -0.03549124300479889,
    0.0026469272561371326,
    0.017364567145705223,
    -0.0544796958565712,
    -0.028492396697402,
    -0.0545998252928257,
    0.026347344741225243,
    -0.04386506229639053,
    -0.029009291902184486,
    0.03656819090247154,
    0.03421802446246147,
    0.03850358724594116,
    0.01792839728295803,
    -0.12533928453922272,
    -0.0493607297539711,
    -0.02105398289859295,
    0.02969828061759472,
    0.036752406507730484,
    0.009750033728778362,
    -0.062103819102048874,
    -0.005504179280251265,
    0.07138914614915848,
    -0.003348578466102481,
    0.02468939498066902,
    -0.021853379905223846,
    0.014310412108898163,
    -0.0010347127681598067,
    0.04343623295426369,
    0.04471031576395035,
    0.01847919635474682,
    -0.0552101731300354,
    -0.030181793496012688,
    0.06334996223449707,
    0.006984460633248091,
    0.010590076446533203,
    0.05131779611110687,
    0.0833708792924881,
    -0.03032505325973034,
    -0.01085361372679472,
    -0.0005384663236327469,
    0.0017074330244213343,
    0.01664537377655506,
    -0.03073945827782154,
    -0.011966990306973457,
    0.06783126294612885,
    -0.039882056415081024,
    -0.006415924988687038,
    -0.050277482718229294,
    0.00794199388474226,
    -0.06716495752334595,
    0.012535182759165764,
    0.014821792021393776,
    0.040246911346912384,
    -0.014948238618671894,
    -0.004863406531512737,
    -0.051670581102371216,
    0.04026690870523453,
    0.0367203913629055,
    0.05248616263270378,
    -0.018211424350738525,
    0.0645124688744545,
    -0.00517469085752964,
    0.005136383231729269,
    -0.07217005640268326,
    -0.0352344810962677,
    0.00827640201896429,
    0.040791384875774384,
    -0.005707177799195051,
    -0.03454705327749252,
    0.02682843804359436,
    0.04832211881875992,
    0.013940050266683102,
    -0.04671432822942734,
    0.017803557217121124,
    -0.013224457390606403,
    -0.033461812883615494,
    -0.044911470264196396,
    0.012419156730175018,
    -0.11285936832427979,
    0.0024764875415712595,
    0.097768135368824,
    0.020221689715981483,
    -0.007300041150301695,
    -0.001445631729438901,
    -0.04672299325466156,
    0.06444314122200012,
    -0.039942849427461624,
    -0.05619821697473526,
    -0.027336396276950836,
    0.09221179783344269,
    -0.05085824057459831,
    0.024604538455605507,
    0.047888342291116714,
    -0.004142713733017445,
    -0.030835220590233803,
    0.07892391085624695,
    -0.015365064144134521,
    0.007914705201983452,
    0.006246959324926138,
