{
  "embedding_files": [
    "gt_26.2s_f13.jpg",
    "gt_2.3s_f0.jpg",
    "gt_33.8s_f18.jpg",
    "gt_217.1s_f51.jpg",
    "gt_132.1s_f50.jpg"
  ],
  "backup_files": [
    "gt_73.0s_f37.jpg",
    "gt_117.2s_f11.jpg",
    "gt_324.5s_f83.jpg",
    "gt_80.2s_f38.jpg",
    "new_1776234315246_gt_184.5s_f35.jpg",
    "new_1776234315246_gt_2.1s_f19.jpg",
    "new_1776234315246_gt_383.1s_f58.jpg",
    "new_1776234315246_gt_503.3s_f70.jpg"
  ],
  "scores": {
    "gt_2.3s_f0.jpg": 12.0454,
    "gt_33.8s_f18.jpg": 11.3948,
    "gt_73.0s_f37.jpg": 7.6111,
    "gt_26.2s_f13.jpg": 17.6079,
    "gt_132.1s_f50.jpg": 8.7062,
    "gt_80.2s_f38.jpg": 6.3609,
    "gt_217.1s_f51.jpg": 10.2603,
    "gt_117.2s_f11.jpg": 6.7855,
    "gt_324.5s_f83.jpg": 6.4641
  },
  "approved_files": [
    "gt_26.2s_f13.jpg",
    "gt_2.3s_f0.jpg",
    "gt_33.8s_f18.jpg",
    "gt_217.1s_f51.jpg",
    "gt_132.1s_f50.jpg",
    "gt_73.0s_f37.jpg",
    "gt_117.2s_f11.jpg",
    "gt_324.5s_f83.jpg",
    "gt_80.2s_f38.jpg",
    "new_1776234315246_gt_184.5s_f35.jpg",
    "new_1776234315246_gt_2.1s_f19.jpg",
    "new_1776234315246_gt_383.1s_f58.jpg",
    "new_1776234315246_gt_503.3s_f70.jpg"
  ],
  "mean_embedding": [
    -0.0453614667057991,
    -0.038218677043914795,
    0.05939415097236633,
    -0.04174632206559181,
    0.07192482054233551,
    0.020471494644880295,
    0.030639616772532463,
    0.03947910666465759,
    0.008057410828769207,
    -0.011929843574762344,
    -0.07014498114585876,
    -0.08419349044561386,
    0.05476699769496918,
    0.016905739903450012,
    0.04891582205891609,
    -0.020249363034963608,
    0.050088055431842804,
    0.05862973630428314,
    -0.02697649970650673,
    -0.039646752178668976,
    -0.03754602372646332,
    -0.0458659790456295,
    0.10715092718601227,
    -0.028701739385724068,
    0.08787233382463455,
    -7.311916760954773e-06,
    -0.04001137986779213,
    -0.05049462988972664,
    0.06594246625900269,
    -0.019733481109142303,
    -0.040011271834373474,
    -0.05999685823917389,
    0.030085355043411255,
    -0.027650363743305206,
    0.03837739676237106,
    -0.049795784056186676,
    -0.06347863376140594,
    -0.053602490574121475,
    0.05293496698141098,
    0.05313263088464737,
    0.009179098531603813,
    -0.04164953902363777,
    0.019692832604050636,
    -0.04418220371007919,
    0.023796599358320236,
    -0.01502903737127781,
    0.013794801197946072,
    0.0421743206679821,
    0.008184581063687801,
    -0.0494108572602272,
    -0.0017093113856390119,
    0.0289663914591074,
    0.015756774693727493,
    -0.03530261293053627,
    0.01586906425654888,
    0.07173176854848862,
    -0.04312818497419357,
    -0.005024400074034929,
    0.040511604398489,
    -0.030537979677319527,
    -0.0381525382399559,
    -0.10896984487771988,
    -0.08232565969228745,
    -0.05092622712254524,
    0.030674276873469353,
    -0.06333288550376892,
    -0.05205279588699341,
    -0.0316021591424942,
    0.052785031497478485,
    -0.07216476649045944,
    0.010330988094210625,
    -0.02321954071521759,
    -0.016263892874121666,
    0.06203697249293327,
    -0.106401227414608,
    -0.06491955369710922,
    0.040685296058654785,
    0.006469073239713907,
    0.03613355755805969,
    0.10065028071403503,
    0.05209279805421829,
    0.04111466556787491,
    0.052521493285894394,
    -0.02817998267710209,
    0.07423833757638931,
    -0.07293635606765747,
    -0.013743220828473568,
    -0.08299896121025085,
    -0.015097161754965782,
    -0.01765035279095173,
    0.037692636251449585,
    -0.00042493955697864294,
    -0.0746617466211319,
    0.018615147098898888,
    0.03504966199398041,
    0.09331943094730377,
    0.0033831014297902584,
    0.053906697779893875,
    -0.030932271853089333,
    -0.04273642599582672,
    -0.015769917517900467,
    0.037482406944036484,
    -0.04188663884997368,
    0.030185984447598457,
    -0.024863043799996376,
    0.02018427476286888,
    -0.036655522882938385,
    -0.09102007001638412,
    0.09349935501813889,
    -0.020640535280108452,
    -0.01271454244852066,
    -0.07348719239234924,
    0.03406441956758499,
    0.04215703532099724,
    0.009485329501330853,
    0.02711516059935093,
    0.020320091396570206,
    0.014171144925057888,
    -0.06646636128425598,
    0.014454063028097153,
    -0.09072361886501312,
    0.03162068501114845,
    0.109424889087677,
    -0.06479836255311966,
    0.031376034021377563,
    -0.013650156557559967,
    -0.023960424587130547,
    -0.02795676328241825,
    -0.017830828204751015,
    -0.021764451637864113,
    -0.004831519443541765,
    0.13751323521137238,
    0.019033152610063553,
    0.05165012180805206,
    0.09952360391616821,
    -0.08899357169866562,
    0.0015223644440993667,
    0.0370488204061985,
    -0.07438661903142929,
    0.01645725592970848,
    0.003630769904702902,
    -0.006029761862009764,
    0.029117772355675697,
    0.06154906377196312,
    0.003283277153968811,
    0.05516928434371948,
    0.0757751539349556,
    0.03991374000906944,
    0.02000565454363823,
    0.048166424036026,
    0.07004285603761673,
    0.009428593330085278,
    -0.04302642121911049,
    -0.08526043593883514,
    -0.027358004823327065,
    0.01968463324010372,
    -0.01466173306107521,
    0.03276638314127922,
    -0.04598454013466835,
    -0.007781182881444693,
    -0.008847913704812527,
    0.05638103559613228,
    -0.058938417583703995,
    -0.0015683788806200027,
    0.03385273367166519,
    0.0553530678153038,
    0.04782003536820412,
    0.01018175482749939,
    -0.09873662143945694,
    -0.03928547725081444,
    0.027725256979465485,
    0.016299160197377205,
    0.021697569638490677,
    0.01668698899447918,
    -0.031289469450712204,
    0.006724899634718895,
    0.06663431227207184,
    0.006149505730718374,
    0.0007212396594695747,
    0.0074279047548770905,
    0.033928219228982925,
    -0.02614818513393402,
    0.04876622557640076,
    0.022553015500307083,
    -0.023534627631306648,
    -0.06341685354709625,
    -0.04633137211203575,
    0.051188062876462936,
    0.012566366232931614,
    0.027261871844530106,
    0.010899711400270462,
    0.054134950041770935,
    -0.028208835050463676,
    -0.03072349727153778,
    0.030615579336881638,
    0.015656430274248123,
    -0.01319616287946701,
    -0.003238006727769971,
    -0.009921452030539513,
    0.08984699845314026,
    -0.015158469788730145,
    0.019926415756344795,
    -0.022652074694633484,
    0.015019295737147331,
    -0.05854583531618118,
    0.026477953419089317,
    0.007360275834798813,
    0.04534384608268738,
    -0.006395386997610331,
    -0.0027454502414911985,
    -0.024038931354880333,
    0.04756909981369972,
    0.05365319177508354,
    0.049627237021923065,
    -0.027875535190105438,
    0.042275212705135345,
    -0.0009622080833651125,
    -0.0034926817752420902,
    -0.07830335944890976,
    -0.03404778987169266,
    0.043663013726472855,
    0.032864779233932495,
    0.03444812819361687,
    -0.011079682037234306,
    0.015387345105409622,
    0.04618390277028084,
    0.04241282120347023,
    -0.03702870011329651,
    0.004058963619172573,
    -0.045754868537187576,
    -0.03359730541706085,
    -0.10183339565992355,
    0.0292412880808115,
    -0.07649123668670654,
    0.0109404306858778,
    0.09201766550540924,
    0.044915806502103806,
    -0.004834599327296019,
    -0.016284801065921783,
    -0.031270768493413925,
    0.07265335321426392,
    -0.06903962045907974,
    -0.05541625991463661,
    -0.04550788551568985,
    0.10622009634971619,
    -0.03622143343091011,
    -0.0013839706080034375,
    0.052718162536621094,
    -0.005653337575495243,
    -0.008035228587687016,
    0.07137647271156311,
    -0.026245413348078728,
    -0.038997307419776917,
    -0.0021620020270347595,
    0.02182314731180668,
    0.019756056368350983,
    -0.037561237812042236,
    0.027938885614275932,
    0.011890724301338196,
    -0.04902292788028717,
    -0.03486749529838562,
    -0.034430913627147675,
