{
  "embedding_files": [
    "gt_534.6s_f96.jpg",
    "gt_384.7s_f70.jpg",
    "gt_219.5s_f27.jpg"
  ],
  "backup_files": [],
  "scores": {
    "gt_534.6s_f96.jpg": 10.9074,
    "gt_384.7s_f70.jpg": 8.8362,
    "gt_219.5s_f27.jpg": 7.2176
  },
  "approved_files": [
    "gt_534.6s_f96.jpg",
    "gt_384.7s_f70.jpg",
    "gt_219.5s_f27.jpg"
  ],
  "mean_embedding": [
    0.04156588762998581,
    0.015114749781787395,
    0.04164872691035271,
    0.02066664770245552,
    -0.022734811529517174,
    -0.09356099367141724,
    -0.0067884488962590694,
    0.011484324000775814,
    0.0240202434360981,
    0.027968915179371834,
    0.048528820276260376,
    0.01954367384314537,
    -0.03045789524912834,
    -0.0018812266644090414,
    0.020481696352362633,
    -0.051967501640319824,
    0.030519112944602966,
    -0.00017142127035185695,
    0.028091169893741608,
    0.035746343433856964,
    0.007254446856677532,
    0.02210652083158493,
    -0.04546347260475159,
    -0.08993490785360336,
    0.013556128367781639,
    0.015553159639239311,
    0.019922981038689613,
    -0.09701116383075714,
    0.04727369546890259,
    0.07361263781785965,
    -0.06190033629536629,
    -0.027632534503936768,
    -0.007103201933205128,
    0.02048611454665661,
    0.04319247975945473,
    -0.09381641447544098,
    -0.018425196409225464,
    -0.04283759370446205,
    -0.04672190174460411,
    0.04364679008722305,
    -0.06501506268978119,
    0.012311258353292942,
    -0.009761391207575798,
    -0.013889972120523453,
    0.07467558979988098,
    -0.0200387891381979,
    -0.009059281088411808,
    -0.01325231697410345,
    -0.023829838261008263,
    0.05800074338912964,
    -0.05550793930888176,
    0.020065242424607277,
    -0.024805886670947075,
    -0.014009504579007626,
    0.0049971831031143665,
    0.043290846049785614,
    -0.029220817610621452,
    -0.032057859003543854,
    0.016009196639060974,
    -0.06824647635221481,
    -0.0507899709045887,
    0.022724416106939316,
    0.05210205167531967,
    0.024860545992851257,
    0.034250084310770035,
    -0.025876054540276527,
    -0.05913299322128296,
    -0.033771414309740067,
    0.06301899254322052,
    0.009973639622330666,
    0.009817845188081264,
    0.06610939651727676,
    -0.017190584912896156,
    -0.024686256423592567,
    0.00036681885831058025,
    -0.08392049372196198,
    -0.06699217855930328,
    -0.024913065135478973,
    -0.0033207202795892954,
    0.08307602256536484,
    0.043499477207660675,
    -0.04757734388113022,
    -0.0721496194601059,
    0.01703985035419464,
    0.02727517858147621,
    -0.07219746708869934,
    0.07978279143571854,
    0.015333044342696667,
    -0.009639156050980091,
    -0.011205202899873257,
    0.05080430582165718,
    -0.013845045119524002,
    -0.02882227674126625,
    -0.04849002882838249,
    -0.004886161535978317,
    0.02825092524290085,
    0.04722227156162262,
    -0.024011680856347084,
    0.013295776210725307,
    -0.012877825647592545,
    0.019258132204413414,
    0.044276658445596695,
    0.08474955707788467,
    0.07224489003419876,
    0.03829474002122879,
    0.054011352360248566,
    -0.029319733381271362,
    -0.04722404479980469,
    0.03698648884892464,
    0.07889194786548615,
    -0.024751482531428337,
    0.058413803577423096,
    0.06764396280050278,
    -0.04809865355491638,
    0.07354537397623062,
    0.05673012509942055,
    -0.0011988143669441342,
    -0.002713634632527828,
    0.034293897449970245,
    0.15178228914737701,
    -0.061730436980724335,
    0.0465773269534111,
    0.06641874462366104,
    0.01582307368516922,
    -0.10685976594686508,
    0.032727327197790146,
    0.022190148010849953,
    0.04092956706881523,
    0.0452340804040432,
    0.041238125413656235,
    -0.040629249066114426,
    -0.031609322875738144,
    -0.036531973630189896,
    0.02902320586144924,
    -0.03131912648677826,
    -0.07924870401620865,
    0.003207472851499915,
    0.019647877663373947,
    -0.060479581356048584,
    0.026354823261499405,
    -0.005842383019626141,
    0.04836878553032875,
    0.025985389947891235,
    0.05608980730175972,
    -0.06005186215043068,
    0.022778378799557686,
    -0.06509692966938019,
    -0.0207770224660635,
    -0.03935829922556877,
    -0.04257208853960037,
    -0.01167080458253622,
    -0.06269772350788116,
    0.05134453997015953,
    -0.0603930838406086,
    -0.020737821236252785,
    0.007572603411972523,
    0.03982451930642128,
    -0.009398018009960651,
    0.043126218020915985,
    0.009890981018543243,
    0.09060091525316238,
    0.01684369519352913,
    -0.01692020893096924,
    0.018073176965117455,
    0.07961510121822357,
    0.0884200781583786,
    -0.018781224265694618,
    -0.007731589023023844,
    0.05837598443031311,
    -0.05696700140833855,
    -0.02186582423746586,
    0.05888962000608444,
    0.005628441460430622,
    0.03947789594531059,
    0.08095262199640274,
    -0.014168447814881802,
    -0.014189878478646278,
    0.04848189651966095,
    -0.016611317172646523,
    0.09303196519613266,
    -0.02224171720445156,
    0.012433882802724838,
    -0.0721035823225975,
    0.02021799422800541,
    -0.019862879067659378,
    0.006484210025519133,
    -0.02454487979412079,
    0.05563028156757355,
    -0.048343874514102936,
    -0.005131544545292854,
    -0.03191082179546356,
    0.02599472925066948,
    -0.06298977136611938,
    0.07900293171405792,
    -0.028467334806919098,
    0.0019079536432400346,
    0.031503673642873764,
    -0.04641412943601608,
    -0.02178959548473358,
    -0.04722462594509125,
    0.04886416718363762,
    -0.06272828578948975,
    -0.08565367013216019,
    -0.029146142303943634,
    0.012615938670933247,
    0.0008558077388443053,
    -0.04021315276622772,
    -0.06308184564113617,
    0.04071084037423134,
    -0.017055651172995567,
    -0.05249955505132675,
    0.042649488896131516,
    0.031013289466500282,
    0.022107331082224846,
    -0.005472138524055481,
    0.019073890522122383,
    0.009531696327030659,
    -0.04885569214820862,
    0.04080842062830925,
    -0.01716882362961769,
    -0.009535588324069977,
    -0.0298750102519989,
    -0.023717783391475677,
    0.06501483172178268,
    -0.014666391536593437,
    -0.016278406605124474,
    -0.03993210941553116,
    0.07647513598203659,
    0.019706878811120987,
    -0.044890664517879486,
    0.019473860040307045,
    -0.025827601552009583,
    -0.042443133890628815,
    0.03939666226506233,
    -0.05700374394655228,
    0.04191872477531433,
    0.07285748422145844,
    -0.045671578496694565,
    0.05557314306497574,
    0.022618090733885765,
    -0.06570957601070404,
    -0.05786457657814026,
    -0.005181755404919386,
    0.022250009700655937,
    -0.011560730636119843,
    -0.07979822903871536,
    -0.002033126074820757,
    -0.02670322358608246,
    -0.02040199004113674,
    0.06341640651226044,
    0.07568854093551636,
    -0.020147446542978287,
    0.03438083454966545,
    0.0007734366809017956,
    -0.04768161475658417,
    0.0734744668006897,
    -0.006294403225183487,
    -0.0012522370088845491,
    -0.040494680404663086,
    -0.0686059296131134,
    0.037208449095487595,
    -0.04827471449971199,
    -0.055730707943439484,
    0.02950252965092659,
    0.06473878026008606,
    0.00561409629881382,
    -0.04186779260635376,
    0.023648610338568687,
    0.052176713943481445,
    0.006862723734229803,
    -0.024322960525751114,
    -0.00030112662352621555,
    0.04391041398048401,
    -0.05769963189959526,
    0.024690082296729088,
    -0.022048188373446465,
    0.033652596175670624,
    0.09896591305732727,
    0.036817245185375214,
    -0.027798106893897057,
    -0.03711015731096268,
    0.04027577489614487,
    0.07478833198547363,
    0.05998288467526436,
    0.02906169556081295,
    0.0007539636571891606,
    0.02327542193233967,
    -0.04813668876886368,
    -0.0017334171570837498,
    -0.01410447247326374,
    0.055405084043741226,
    -0.0320257842540741,
    0.037425681948661804,
