{
  "embedding_files": [
    "gt_1141.5s_f160.jpg",
    "gt_933.4s_f140.jpg",
    "gt_1271.1s_f172.jpg"
  ],
  "backup_files": [],
  "scores": {
    "gt_1141.5s_f160.jpg": 31.0919,
    "gt_933.4s_f140.jpg": 26.7506,
    "gt_1271.1s_f172.jpg": 6.7628
  },
  "approved_files": [
    "gt_1141.5s_f160.jpg",
    "gt_933.4s_f140.jpg",
    "gt_1271.1s_f172.jpg"
  ],
  "mean_embedding": [
    0.04368611425161362,
    0.013682928867638111,
    0.0357557088136673,
    0.02253619022667408,
    -0.021274160593748093,
    0.023181498050689697,
    -0.04695551469922066,
    -0.03496142104268074,
    0.044098153710365295,
    0.002492826199159026,
    0.0071801370941102505,
    -0.04064963757991791,
    0.024129047989845276,
    0.0446845106780529,
    -0.052452679723501205,
    -0.054209232330322266,
    0.05439618602395058,
    0.10492563247680664,
    -0.0002427874132990837,
    -0.003073953092098236,
    -0.02068673074245453,
    0.022621065378189087,
    -0.03376708924770355,
    -0.02809874527156353,
    0.014146911911666393,
    -0.020381860435009003,
    -0.047926995903253555,
    0.018067607656121254,
    0.07658619433641434,
    0.026179514825344086,
    -0.030955296009778976,
    -0.04690255597233772,
    0.025633707642555237,
    -0.029557965695858,
    -0.02336120791733265,
    0.014773310162127018,
    -0.06074905768036842,
    -0.008899749256670475,
    0.04355686902999878,
    0.0670183002948761,
    -0.0024330776650458574,
    -0.008833402767777443,
    0.00010817757720360532,
    0.005312257446348667,
    0.03369791805744171,
    0.027931708842515945,
    -0.026723135262727737,
    -0.048600222915410995,
    0.04547722265124321,
    0.034870557487010956,
    -0.03572963923215866,
    0.09723928570747375,
    -0.024868035688996315,
    -0.05450586974620819,
    0.036283329129219055,
    -0.011731652542948723,
    0.03505553677678108,
    0.0016955604078248143,
    0.03440294414758682,
    -0.09169510006904602,
    -0.006213254760950804,
    0.0010253565851598978,
    0.029296133667230606,
    0.0040198443457484245,
    0.03188427910208702,
    -0.001586614060215652,
    0.015075371600687504,
    -0.017840677872300148,
    0.06621044874191284,
    -0.02457384392619133,
    0.018435712903738022,
    -0.03190876916050911,
    -0.0551510751247406,
    -0.11006522178649902,
    -0.07216282933950424,
    0.012108761817216873,
    0.04081214591860771,
    -0.023064609616994858,
    -0.002577009378001094,
    -0.016306323930621147,
    0.0556645393371582,
    -0.021161837503314018,
    -0.014849589206278324,
    -0.0038374788127839565,
    0.08067309111356735,
    -0.00457947701215744,
    -0.006824119482189417,
    0.019734658300876617,
    -0.06467103958129883,
    0.005161382723599672,
    -0.014814995229244232,
    0.07450155913829803,
    -0.03086715191602707,
    0.03960809484124184,
    -0.00593399815261364,
    0.05368935316801071,
    -0.0228872187435627,
    0.08511562645435333,
    -0.014916365966200829,
    -0.029971899464726448,
    -0.010073147714138031,
    0.018512409180402756,
    0.04768989607691765,
    0.032082363963127136,
    -0.020492706447839737,
    0.003465932095423341,
    -0.003452983684837818,
    -0.07554125785827637,
    0.0071214898489415646,
    -0.0476795919239521,
    0.05816604569554329,
    -0.009007307700812817,
    -0.059908971190452576,
    -0.0794142335653305,
    -0.016389150172472,
    -0.027687372639775276,
    0.006854393985122442,
    -0.01578230783343315,
    -0.03781941905617714,
    0.10534383356571198,
    -0.08736898750066757,
    -0.040870923548936844,
    0.006237549241632223,
    -0.042587023228406906,
    -0.05446319282054901,
    -0.009056822396814823,
    0.007587933912873268,
    -0.14336416125297546,
    0.015795564278960228,
    -0.04222143068909645,
    0.0357394739985466,
    -0.007173504680395126,
    -0.03249054029583931,
    -0.018303658813238144,
    -0.059285592287778854,
    0.053723689168691635,
    -0.0819806307554245,
    0.06719974428415298,
    -0.047932740300893784,
    -0.07408715784549713,
    0.0698714330792427,
    -0.011243815533816814,
    -0.003954517189413309,
    0.04987656697630882,
    -0.08025550842285156,
    0.007923594675958157,
    -0.006822426337748766,
    -0.010741448029875755,
    -0.03357573226094246,
    -0.027323855087161064,
    0.03895984962582588,
    -0.038220204412937164,
    0.009415405802428722,
    0.0001899751805467531,
    0.015726016834378242,
    -0.03881754353642464,
    -0.029064811766147614,
    -0.03296284005045891,
    -0.027022551745176315,
    0.0068837921135127544,
    -0.00158872886095196,
    0.05124468728899956,
    0.05823587253689766,
    0.07846450805664062,
    -0.0552823431789875,
    0.053214363753795624,
    -0.03525497391819954,
    0.035704780369997025,
    -0.10289560258388519,
    0.047483984380960464,
    0.0013660104013979435,
    -0.01489132922142744,
    0.027206111699342728,
    -0.010315284132957458,
    -0.08361415565013885,
    -0.014279172755777836,
    5.614963811240159e-05,
    -0.0333859845995903,
    -0.04487501457333565,
    -0.01900291070342064,
    0.04638700187206268,
    0.042087484151124954,
    0.04491974413394928,
    -0.0817442312836647,
    -0.06262503564357758,
    0.05469758063554764,
    -0.017232658341526985,
    -0.03826538473367691,
    0.0577959343791008,
    -0.028056863695383072,
    0.06345103681087494,
    0.03920745849609375,
    -0.01038186252117157,
    0.11943769454956055,
    -0.04885169491171837,
    -0.020245295017957687,
    0.06967727839946747,
    -0.06848525255918503,
    0.05205105245113373,
    -0.00945867970585823,
    -0.006182439625263214,
    -0.05656227469444275,
    -0.07066287845373154,
    0.08590419590473175,
    0.05931222438812256,
    0.008753222413361073,
    -0.03521527722477913,
    -0.026805659756064415,
    0.029526282101869583,
    0.018099376931786537,
    -0.09912443906068802,
    -0.06731867045164108,
    0.04930662736296654,
    -0.01681181974709034,
    -0.03412320837378502,
    0.028934311121702194,
    -0.11423400789499283,
    0.002558442996814847,
    0.011727985925972462,
    0.0031778807751834393,
    -0.024221882224082947,
    0.06931930780410767,
    -0.012468161061406136,
    0.02206827700138092,
    0.013582172803580761,
    -0.03840358927845955,
    -0.021579865366220474,
    0.07184289395809174,
    0.03403616324067116,
    0.004902241285890341,
    0.03941299021244049,
    0.018784092739224434,
    0.007969656959176064,
    -0.00639277882874012,
    0.08113791793584824,
    0.032333917915821075,
    -0.003360606264322996,
    -0.019173063337802887,
    -0.0073569840751588345,
    0.062026169151067734,
    0.004414289258420467,
    -0.04264375939965248,
    0.06010464206337929,
    -0.034714482724666595,
    0.03803888335824013,
    -0.00781528651714325,
    0.008150391280651093,
    0.03427950665354729,
    0.05630069971084595,
    0.02946101315319538,
    0.03187224268913269,
    -0.001430729404091835,
    0.07044880837202072,
    0.01265001855790615,
    -0.022568779066205025,
    0.045049410313367844,
    0.04586673900485039,
    -0.02199685014784336,
    0.09209682047367096,
    0.057477690279483795,
    -0.06586851179599762,
    -0.05762216076254845,
    0.04538485035300255,
    -0.07374157011508942,
    -0.057034026831388474,
    -0.028153741732239723,
    -0.033650998026132584,
    0.04591002315282822,
    0.03500290960073471,
    0.0066022127866744995,
    -0.020220555365085602,
    0.04370822012424469,
    0.004290721844881773,
    -0.017322774976491928,
    -0.0591995008289814,
    -0.01852497272193432,
    -0.012435016222298145,
    -0.05594324320554733,
    0.045622024685144424,
    -0.06578240543603897,
    0.002738015027716756,
    -0.08304712176322937,
    -0.021416543051600456,
    0.09067095816135406,
    -0.08640594035387039,
    0.0609467588365078,
    0.036138128489255905,
    -0.050338782370090485,
    -0.009048744104802608,
    -0.08963139355182648,
    0.03749570995569229,
    -0.08289554715156555,
