{
  "embedding_files": [
    "gt_1141.5s_f160.jpg",
    "gt_933.4s_f140.jpg",
    "gt_1271.1s_f172.jpg"
  ],
  "backup_files": [],
  "scores": {
    "gt_1141.5s_f160.jpg": 31.0919,
    "gt_933.4s_f140.jpg": 26.7506,
    "gt_1271.1s_f172.jpg": 6.7628
  },
  "approved_files": [
    "gt_1141.5s_f160.jpg",
    "gt_933.4s_f140.jpg",
    "gt_1271.1s_f172.jpg"
  ],
  "mean_embedding": [
    0.03737323358654976,
    0.036086417734622955,
    0.06298372149467468,
    0.013908944092690945,
    -0.025408649817109108,
    0.03405832126736641,
    -0.06310435384511948,
    -0.03566649556159973,
    0.05749696120619774,
    -0.011292068287730217,
    0.010819615796208382,
    -0.011279135942459106,
    0.0391988605260849,
    0.045086853206157684,
    -0.0615379624068737,
    -0.05160889774560928,
    0.058222148567438126,
    0.08626890182495117,
    -0.006428007036447525,
    0.008783841505646706,
    0.003034718567505479,
    0.019178032875061035,
    -0.04510298743844032,
    -0.035914354026317596,
    0.013597019016742706,
    -0.03239299729466438,
    -0.05028318241238594,
    0.027468882501125336,
    0.08462407439947128,
    0.046361371874809265,
    -0.022542104125022888,
    -0.04068077728152275,
    0.019592231139540672,
    -0.03420248627662659,
    -0.008740274235606194,
    0.017501546069979668,
    -0.06736305356025696,
    -0.008249999955296516,
    0.03209105506539345,
    0.0734717845916748,
    -0.008229691535234451,
    -0.014744064770638943,
    0.004531167447566986,
    -0.00029366789385676384,
    0.029737411066889763,
    0.037918493151664734,
    -0.020043687894940376,
    -0.04707734286785126,
    0.07285332679748535,
    0.03717895597219467,
    -0.02686961740255356,
    0.09569217264652252,
    -0.002165385987609625,
    -0.036315202713012695,
    0.020854374393820763,
    -0.027259422466158867,
    0.02918725088238716,
    -0.003209466114640236,
    0.030720505863428116,
    -0.10131430625915527,
    -0.024342592805624008,
    0.0027265201788395643,
    0.037428271025419235,
    -0.0009545461507514119,
    -0.000356149161234498,
    0.01762101612985134,
    0.03547017648816109,
    -0.04471024498343468,
    0.05713224038481712,
    -0.05096391960978508,
    0.014409776777029037,
    -0.03282390162348747,
    -0.058411046862602234,
    -0.10681502521038055,
    -0.07862268388271332,
    -0.0073189642280340195,
    0.05853462591767311,
    -0.024941185489296913,
    -0.01146621908992529,
    -0.018932081758975983,
    0.03533325344324112,
    -0.0326872244477272,
    -0.006286778952926397,
    -0.017582686617970467,
    0.076177217066288,
    -0.002305198460817337,
    -0.003995448816567659,
    0.028745271265506744,
    -0.05162559077143669,
    -0.002529002958908677,
    -0.006176738068461418,
    0.09408785402774811,
    -0.034254733473062515,
    0.02422790788114071,
    0.00579501036554575,
    0.04571732506155968,
    -0.002072590170428157,
    0.0749843642115593,
    -0.002944676671177149,
    -0.03885705769062042,
    -0.027639416977763176,
    0.009787311777472496,
    0.02300167642533779,
    0.0270612221211195,
    -0.030936775729060173,
    0.017103372141718864,
    0.0037261059042066336,
    -0.08982162922620773,
    0.027830732986330986,
    -0.06197792664170265,
    0.04572230204939842,
    -0.01620919443666935,
    -0.0636540874838829,
    -0.09039991348981857,
    -0.00973203219473362,
    -0.021718386560678482,
    -0.019545748829841614,
    -0.012878982350230217,
    -0.054650332778692245,
    0.09054994583129883,
    -0.060821522027254105,
    -0.0408790148794651,
    0.0201029684394598,
    -0.04593239724636078,
    -0.05398530513048172,
    -0.0068557607010006905,
    -0.004003837704658508,
    -0.13010577857494354,
    0.0264715775847435,
    -0.014349129050970078,
    0.05435199663043022,
    0.01499245036393404,
    -0.015279009938240051,
    0.008057000115513802,
    -0.04182112589478493,
    0.04669862613081932,
    -0.06953943520784378,
    0.059052739292383194,
    -0.025339903309941292,
    -0.04780903831124306,
    0.06123514473438263,
    0.014501434750854969,
    -0.03828144073486328,
    0.03253256902098656,
    -0.0934523195028305,
    0.008900797925889492,
    -0.024060217663645744,
    0.0013046825770288706,
    -0.018920784816145897,
    -0.01827118545770645,
    0.03160917013883591,
    -0.03703463077545166,
    -0.005845241714268923,
    0.006682945415377617,
    -0.0009281917009502649,
    -0.05120245739817619,
    -0.044816549867391586,
    -0.02313813380897045,
    -0.008388056419789791,
    0.011826520785689354,
    -0.011602263897657394,
    0.058415886014699936,
    0.04183565452694893,
    0.09206809848546982,
    -0.04229337349534035,
    0.026723293587565422,
    -0.04142674431204796,
    0.026338212192058563,
    -0.0796670913696289,
    0.052424702793359756,
    0.011922311037778854,
    -0.006098521873354912,
    0.02708541601896286,
    0.027738293632864952,
    -0.08464288711547852,
    -0.0198479313403368,
    0.025976940989494324,
    -0.03267659619450569,
    -0.031866926699876785,
    -0.006139690056443214,
    0.016099071130156517,
    0.03955015167593956,
    0.04806312918663025,
    -0.07944075018167496,
    -0.08879849314689636,
    0.04834962263703346,
    -0.01588931865990162,
    -0.042338937520980835,
    0.06606847047805786,
    -0.05008411407470703,
    0.03143928200006485,
    0.014626705087721348,
    -0.011036953888833523,
    0.11117822676897049,
    -0.037591688334941864,
    -0.02642432413995266,
    0.06876952201128006,
    -0.06268627196550369,
    0.058461155742406845,
    -0.029237573966383934,
    -0.007328426465392113,
    -0.08325683325529099,
    -0.07136809080839157,
    0.060265686362981796,
    0.0475611686706543,
    0.023966504260897636,
    -0.041829779744148254,
    -0.03522004559636116,
    0.028957026079297066,
    0.013057500123977661,
    -0.08615657687187195,
    -0.05503463372588158,
    0.0392940454185009,
    0.005103311501443386,
    -0.03108605556190014,
    0.04991599917411804,
    -0.09469734877347946,
    -0.0044469283893704414,
    -0.007692929357290268,
    0.014481160789728165,
    -0.016491178423166275,
    0.0624823123216629,
    -0.014318415895104408,
    0.009554213844239712,
    0.02120182476937771,
    -0.03045675717294216,
    -0.021027525886893272,
    0.08030910044908524,
    0.06034720689058304,
    0.008426209911704063,
    0.03491450101137161,
    0.009357954375445843,
    -0.024921048432588577,
    -0.008828209713101387,
    0.06995927542448044,
    0.04608170688152313,
    0.006296422332525253,
    -0.029419276863336563,
    -0.0149714769795537,
    0.0493399016559124,
    -0.01004162896424532,
    -0.0232473723590374,
    0.07692580670118332,
    -0.04813025891780853,
    0.04782072454690933,
    -0.023525316268205643,
    0.006418289616703987,
    0.01714843511581421,
    0.03566693514585495,
    0.05443906784057617,
    0.02106936275959015,
    -0.012603165581822395,
    0.0640537291765213,
    0.023003991693258286,
    -0.03030036948621273,
    0.028199484571814537,
    0.030857348814606667,
    -0.035128332674503326,
    0.11063092947006226,
    0.06826791167259216,
    -0.07150480896234512,
    -0.052948810160160065,
    0.051196981221437454,
    -0.03557582572102547,
    -0.08276235312223434,
    -0.03763360157608986,
    0.00726518826559186,
    0.058446839451789856,
    0.03460697829723358,
    -0.002596423262730241,
    -0.010563204996287823,
    0.0647968202829361,
    -0.02201109752058983,
    -0.03601585701107979,
    -0.041819017380476,
    -0.036559395492076874,
    -0.00711838947609067,
    -0.0546267069876194,
    0.026347100734710693,
    -0.04648539796471596,
    -0.0013602596009150147,
    -0.10163404792547226,
    -0.019278831779956818,
    0.11862944066524506,
    -0.09043285995721817,
    0.03044985979795456,
    0.042276475578546524,
    -0.06626932322978973,
    -0.007075387053191662,
    -0.08722871541976929,
    0.05717875063419342,
    -0.06753682345151901,
    -0.003496980294585228,
