{
  "embedding_files": [
    "gt_201.4s_f208.jpg",
    "gt_137.6s_f116.jpg",
    "gt_119.7s_f34.jpg",
    "gt_54.7s_f19.jpg",
    "gt_90.6s_f11.jpg"
  ],
  "backup_files": [
    "gt_89.2s_f53.jpg",
    "gt_73.5s_f40.jpg",
    "gt_68.7s_f8.jpg",
    "gt_121.3s_f105.jpg",
    "gt_147.6s_f56.jpg"
  ],
  "scores": {
    "gt_54.7s_f19.jpg": 41.0067,
    "gt_89.2s_f53.jpg": 39.8383,
    "gt_73.5s_f40.jpg": 39.5145,
    "gt_121.3s_f105.jpg": 34.8329,
    "gt_137.6s_f116.jpg": 44.9859,
    "gt_201.4s_f208.jpg": 47.4055,
    "gt_68.7s_f8.jpg": 35.6606,
    "gt_119.7s_f34.jpg": 43.6527,
    "gt_90.6s_f11.jpg": 40.8761,
    "gt_147.6s_f56.jpg": 34.2177
  },
  "approved_files": [
    "gt_1141.5s_f160.jpg",
    "gt_933.4s_f140.jpg",
    "gt_1271.1s_f172.jpg"
  ],
  "mean_embedding": [
    0.03739982098340988,
    0.036083996295928955,
    0.06296602636575699,
    0.013882877305150032,
    -0.02542005479335785,
    0.034055933356285095,
    -0.06309300661087036,
    -0.03568824380636215,
    0.0574847050011158,
    -0.0112987095490098,
    0.010851472616195679,
    -0.011283121071755886,
    0.03918497636914253,
    0.0450851246714592,
    -0.06154552102088928,
    -0.05160226672887802,
    0.05828014761209488,
    0.08628667891025543,
    -0.0064257229678332806,
    0.008789525367319584,
    0.003028630279004574,
    0.01916748844087124,
    -0.04510020837187767,
    -0.035930898040533066,
    0.01357327215373516,
    -0.03240002319216728,
    -0.0502949133515358,
    0.0274899173527956,
    0.08459801226854324,
    0.04636215791106224,
    -0.02254648692905903,
    -0.0406816303730011,
    0.019589722156524658,
    -0.03420880064368248,
    -0.008703815750777721,
    0.01752542518079281,
    -0.06734775006771088,
    -0.008260389789938927,
    0.03210107982158661,
    0.07345596700906754,
    -0.008234886452555656,
    -0.014726167544722557,
    0.004532018676400185,
    -0.0003130054974462837,
    0.029734592884778976,
    0.037913497537374496,
    -0.02004125341773033,
    -0.04708497226238251,
    0.07287862151861191,
    0.03715365007519722,
    -0.026863066479563713,
    0.09572669118642807,
    -0.0021669177804142237,
    -0.03631853312253952,
    0.020842771977186203,
    -0.027279449626803398,
    0.0291945431381464,
    -0.0032047356944531202,
    0.03070421889424324,
    -0.10131260752677917,
    -0.024325499311089516,
    0.0027298734057694674,
    0.03742519021034241,
    -0.0009481226443313062,
    -0.00034200280788354576,
    0.017609456554055214,
    0.03549012169241905,
    -0.044718895107507706,
    0.05711047723889351,
    -0.05097401514649391,
    0.014395595528185368,
    -0.03283703327178955,
    -0.05840281769633293,
    -0.10683003813028336,
    -0.07859299331903458,
    -0.007320842705667019,
    0.058548685163259506,
    -0.024932272732257843,
    -0.011484717018902302,
    -0.018924564123153687,
    0.035332292318344116,
    -0.03268483281135559,
    -0.006268254481256008,
    -0.017582735046744347,
    0.0761733278632164,
    -0.002307287883013487,
    -0.003979859873652458,
    0.028736118227243423,
    -0.051584016531705856,
    -0.0025165302213281393,
    -0.006195796187967062,
    0.0941130593419075,
    -0.034255240112543106,
    0.024239342659711838,
    0.005800239276140928,
    0.045749057084321976,
    -0.0020549630280584097,
    0.07497775554656982,
    -0.002954422263428569,
    -0.038862984627485275,
    -0.027628889307379723,
    0.00976806040853262,
    0.022972343489527702,
    0.02705901674926281,
    -0.030941210687160492,
    0.017098523676395416,
    0.0037086682859808207,
    -0.08986374735832214,
    0.027842937037348747,
    -0.06196670979261398,
    0.045756995677948,
    -0.01622016727924347,
    -0.0636676475405693,
    -0.0903966948390007,
    -0.009745619259774685,
    -0.021695809438824654,
    -0.019550947472453117,
    -0.012872014194726944,
    -0.054634105414152145,
    0.09053979068994522,
    -0.06082439795136452,
    -0.04089910164475441,
    0.02011759765446186,
    -0.04593436047434807,
    -0.053993117064237595,
    -0.006830805446952581,
    -0.004025596659630537,
    -0.1300867199897766,
    0.026485171169042587,
    -0.014354953542351723,
    0.05435819551348686,
    0.014980782754719257,
    -0.015278351493179798,
    0.008065524511039257,
    -0.04180343821644783,
    0.0467081293463707,
    -0.0695469081401825,
    0.05905004218220711,
    -0.02534664049744606,
    -0.047826968133449554,
    0.0612039715051651,
    0.014544397592544556,
    -0.038284946233034134,
    0.032512348145246506,
    -0.09346587210893631,
    0.008883463218808174,
    -0.024042440578341484,
    0.0013088101986795664,
    -0.018911445513367653,
    -0.01828320138156414,
    0.03160758316516876,
    -0.03703301399946213,
    -0.005848132073879242,
    0.006664733402431011,
    -0.0009303198894485831,
    -0.05119767785072327,
    -0.044742900878190994,
    -0.02316996455192566,
    -0.008395743556320667,
    0.011865338310599327,
    -0.011593195609748363,
    0.05842137336730957,
    0.04183027148246765,
    0.09206341207027435,
    -0.04227396845817566,
    0.026738790795207024,
    -0.041428342461586,
    0.026329252868890762,
    -0.07966932654380798,
    0.052444249391555786,
    0.011928284540772438,
    -0.006099635735154152,
    0.02709084376692772,
    0.027729157358407974,
    -0.08465845882892609,
    -0.019835902377963066,
    0.02598596177995205,
    -0.03262302652001381,
    -0.03185960277915001,
    -0.0061369952745735645,
    0.01610567793250084,
    0.039557963609695435,
    0.04807193949818611,
    -0.07941494137048721,
    -0.08881129324436188,
    0.04834083840250969,
    -0.015913767740130424,
    -0.042374394834041595,
    0.06607263535261154,
    -0.05005989968776703,
    0.0314803384244442,
    0.014629100449383259,
    -0.011044454760849476,
    0.1111425906419754,
    -0.03757523000240326,
    -0.02645529992878437,
    0.0687480941414833,
    -0.0626850575208664,
    0.05847722291946411,
    -0.029224127531051636,
    -0.007323510944843292,
    -0.08324944227933884,
    -0.07133749127388,
    0.06028144434094429,
    0.04757297784090042,
    0.02395705319941044,
    -0.04180091246962547,
    -0.03520481660962105,
    0.0289713516831398,
    0.013072171248495579,
    -0.08615879714488983,
    -0.05507144331932068,
    0.0392879992723465,
    0.005135954823344946,
    -0.031070804223418236,
    0.04992763325572014,
    -0.09470333158969879,
    -0.004424097016453743,
    -0.0076987966895103455,
    0.014473841525614262,
    -0.01647038385272026,
    0.06247231736779213,
    -0.0143186179921031,
    0.009556256234645844,
    0.021213103085756302,
    -0.030441738665103912,
    -0.0210147425532341,
    0.08026142418384552,
    0.0603475347161293,
    0.008429658599197865,
    0.034934673458337784,
    0.009339842014014721,
    -0.024928895756602287,
    -0.008810151368379593,
    0.06997975707054138,
    0.046096332371234894,
    0.006303314119577408,
    -0.029404938220977783,
    -0.014966647140681744,
    0.049315378069877625,
    -0.010035617277026176,
    -0.0232780072838068,
    0.07692202180624008,
    -0.048138752579689026,
    0.047809943556785583,
    -0.023540716618299484,
    0.006410722620785236,
    0.017110666260123253,
    0.035668663680553436,
    0.05446430295705795,
    0.02107752114534378,
    -0.012595152482390404,
    0.06405135244131088,
    0.02300645224750042,
    -0.030322862789034843,
    0.028185661882162094,
    0.03082013688981533,
    -0.035142675042152405,
    0.11062902957201004,
    0.06828201562166214,
    -0.07149989157915115,
    -0.05294680595397949,
    0.05117661878466606,
    -0.035583388060331345,
    -0.08277476578950882,
    -0.037664350122213364,
    0.007255965378135443,
    0.05848398432135582,
    0.03459581360220909,
    -0.0026076335925608873,
    -0.0105438232421875,
    0.0648278295993805,
    -0.0220209788531065,
    -0.036015838384628296,
    -0.04178967326879501,
    -0.03655128553509712,
    -0.007135708350688219,
    -0.05463316664099693,
