{
  "embedding_files": [
    "gt_324.5s_f90.jpg",
    "gt_117.2s_f0.jpg",
    "gt_217.1s_f42.jpg"
  ],
  "backup_files": [],
  "scores": {
    "gt_324.5s_f90.jpg": 12.2535,
    "gt_117.2s_f0.jpg": 9.4858,
    "gt_217.1s_f42.jpg": 6.6098
  },
  "approved_files": [
    "gt_324.5s_f90.jpg",
    "gt_117.2s_f0.jpg",
    "gt_217.1s_f42.jpg"
  ],
  "mean_embedding": [
    0.01346676331013441,
    -0.0009532560943625867,
    0.03560221567749977,
    -0.02643483132123947,
    0.06867311894893646,
    0.02182907797396183,
    0.018829191103577614,
    -0.00479254312813282,
    0.0309236291795969,
    -0.03652844578027725,
    0.03687812387943268,
    0.00751586863771081,
    0.026445409283041954,
    -0.034088801592588425,
    0.04626692458987236,
    -0.08343692123889923,
    -0.0907079428434372,
    -0.10894983261823654,
    0.06972985714673996,
    -0.061942026019096375,
    -0.07685880362987518,
    -0.01361070852726698,
    -0.038796424865722656,
    -0.05063695088028908,
    0.014161627739667892,
    0.028380129486322403,
    0.0016309907659888268,
    0.024903807789087296,
    -0.002144040772691369,
    0.05687878280878067,
    -0.0335378497838974,
    0.027391253039240837,
    0.020892145112156868,
    -0.03758418932557106,
    0.10206230729818344,
    -0.011287563480436802,
    -0.07947996258735657,
    0.07202320545911789,
    0.055084120482206345,
    -0.008543253876268864,
    -0.04674850031733513,
    0.06401262432336807,
    -0.057841550558805466,
    0.01906871609389782,
    -0.05849175155162811,
    -0.011348849162459373,
    0.02023608237504959,
    0.004221154842525721,
    -0.025750357657670975,
    -0.03624214231967926,
    -0.008267090655863285,
    -0.016679339110851288,
    -0.023230060935020447,
    -0.007323512341827154,
    -0.02418050915002823,
    0.03514045476913452,
    -0.03926125541329384,
    -0.0009336984367109835,
    0.030492044985294342,
    0.060901522636413574,
    -0.03189343586564064,
    0.01994960941374302,
    -0.0024601765908300877,
    0.001665924908593297,
    -0.04995888099074364,
    -0.0024211611598730087,
    -0.04776061326265335,
    -0.039016447961330414,
    0.02529158443212509,
    -0.010040813125669956,
    0.03328980505466461,
    0.04645446687936783,
    0.0036761851515620947,
    0.08390485495328903,
    0.0904824286699295,
    0.025744350627064705,
    0.07811601459980011,
    0.07227606326341629,
    0.08887991309165955,
    0.04679198935627937,
    0.024895742535591125,
    -0.041238803416490555,
    -0.02308071032166481,
    0.007860428653657436,
    -0.05744694545865059,
    0.07410993427038193,
    0.02762751840054989,
    -0.06658565998077393,
    -0.019301773980259895,
    0.028994113206863403,
    0.01512838527560234,
    -0.04809177294373512,
    0.004415314644575119,
    0.007527865935117006,
    0.023565730080008507,
    -0.08479433506727219,
    -0.050845690071582794,
    -0.009912418201565742,
    0.04113819822669029,
    -0.007206729147583246,
    -0.030702197924256325,
    0.015754684805870056,
    -0.03983953595161438,
    0.04287180304527283,
    0.018514534458518028,
    0.12445484101772308,
    0.061073217540979385,
    -0.12055587768554688,
    -0.024871086701750755,
    0.035043440759181976,
    -0.01147155836224556,
    0.009666706435382366,
    0.08991804718971252,
    0.016581783071160316,
    -0.013426841236650944,
    0.03500577434897423,
    -0.030994823202490807,
    -0.07472316920757294,
    -0.05359532684087753,
    0.021059446036815643,
    -0.0585055835545063,
    -0.06183069944381714,
    0.0010695108212530613,
    -0.06221270561218262,
    -0.032490793615579605,
    -0.06427978724241257,
    0.02261785976588726,
    0.05728201940655708,
    0.051965437829494476,
    0.003347518853843212,
    0.07102014869451523,
    0.04341284558176994,
    -0.04088098928332329,
    -0.0024703270755708218,
    -0.06333385407924652,
    -0.03766747936606407,
    0.005897412076592445,
    0.03552114591002464,
    -0.03217645734548569,
    0.06476704776287079,
    -0.03402628377079964,
    -0.025640007108449936,
    0.011615949682891369,
    0.04715210199356079,
    0.031226670369505882,
    -0.07607196271419525,
    -0.018258018419146538,
    0.0222601518034935,
    -0.03340757265686989,
    -0.032868627458810806,
    -0.06503015756607056,
    -0.007332270964980125,
    -0.03954239562153816,
    -0.0034532733261585236,
    0.024841610342264175,
    0.0871029868721962,
    -0.09396876394748688,
    -0.0219266340136528,
    -0.0038690026849508286,
    0.004188906401395798,
    0.08131657540798187,
    0.017861302942037582,
    -0.007757311686873436,
    -0.008220760151743889,
    -0.04934605583548546,
    -0.03127427399158478,
    -0.03727421909570694,
    -0.009665767662227154,
    -0.017185106873512268,
    -0.009744647890329361,
    0.06421081721782684,
    -0.03308719024062157,
    0.02047404833137989,
    0.06860722601413727,
    0.02643301896750927,
    -0.04692576080560684,
    -0.0034389295615255833,
    -0.018623143434524536,
    0.01767861470580101,
    0.01419203169643879,
    -0.06808413565158844,
    0.0408165417611599,
    -0.0015973123954609036,
    0.0011041531106457114,
    0.06616233289241791,
    -0.04269951954483986,
    0.07538197189569473,
    -0.05285939946770668,
    -0.019282547757029533,
    -0.012471511960029602,
    -0.08239657431840897,
    0.07249335944652557,
    -0.019570674747228622,
    -0.04753868654370308,
    -0.013409091159701347,
    -0.015909947454929352,
    0.0063939085230231285,
    -0.0010390897514298558,
    -0.016905905678868294,
    -0.0009129552636295557,
    0.04146122559905052,
    0.04897892847657204,
    0.04638950899243355,
    0.04534877836704254,
    0.07944969087839127,
    -0.011288778856396675,
    -0.020533153787255287,
    0.0014402585802599788,
    -0.045436035841703415,
    -0.05897188186645508,
    0.031193077564239502,
    0.06329566240310669,
    -0.02154635824263096,
    -0.05654120072722435,
    0.003625940764322877,
    0.014057813212275505,
    0.008341347798705101,
    0.0591595433652401,
    -0.0261232890188694,
    -0.06086777523159981,
    -0.03174794092774391,
    -0.056691523641347885,
    -0.022590596228837967,
    0.008473875001072884,
    0.03468232601881027,
    0.02450273185968399,
    0.018215356394648552,
    0.05294382572174072,
    0.024448484182357788,
    0.016798976808786392,
    -0.06734877079725266,
    -0.04457763582468033,
    0.008237611502408981,
    -0.004743469413369894,
    -0.006313040386885405,
    0.03537582606077194,
    0.01906246319413185,
    -0.09547881036996841,
    0.0009987128432840109,
    0.049973014742136,
    0.04728008434176445,
    -0.0331767275929451,
    -0.07012178003787994,
    0.0058989874087274075,
    0.027678998187184334,
    -0.05527050048112869,
    -0.10331951081752777,
    0.12335630506277084,
    -0.053487569093704224,
    -0.07125695049762726,
    0.09488531202077866,
    0.027295881882309914,
    0.00355842849239707,
    -0.020885571837425232,
    -0.02365158498287201,
    0.09940395504236221,
    0.012627582997083664,
    0.03221343085169792,
    0.03810583055019379,
    -0.018762076273560524,
    0.06407611817121506,
    -0.048075124621391296,
    0.0968138799071312,
    -0.0020005174446851015,
    0.001647944562137127,
    0.08549878001213074,
    -0.04285339266061783,
    0.014654122292995453,
    0.026705265045166016,
    0.005195260513573885,
    0.009794375859200954,
    0.016208723187446594,
    0.029355859383940697,
    -0.055356014519929886,
    0.07839947193861008,
    0.006207128521054983,
    0.07065476477146149,
    0.07700886577367783,
    0.04746995493769646,
    -0.019453169777989388,
    0.03597144037485123,
    0.026662129908800125,
    0.04074420407414436,
    -0.017196375876665115,
    -0.019166603684425354,
    0.0538625605404377,
    0.013739991933107376,
    0.00595722533762455,
    0.04340416565537453,
    0.026940491050481796,
    0.028472308069467545,
    0.021583689376711845,
    -0.04002135992050171,
    0.041325658559799194,
