{
  "embedding_files": [
    "gt_324.5s_f90.jpg",
    "gt_117.2s_f0.jpg",
    "gt_217.1s_f42.jpg",
    "gt_107.2s_f56.jpg",
    "gt_122.6s_f70.jpg",
    "gt_215.4s_f11.jpg",
    "gt_233.4s_f223.jpg",
    "gt_248.1s_f43.jpg",
    "gt_275.0s_f52.jpg",
    "gt_73.2s_f5.jpg",
    "gt_91.9s_f40.jpg"
  ],
  "backup_files": [],
  "scores": {
    "gt_324.5s_f90.jpg": 12.2535,
    "gt_117.2s_f0.jpg": 9.4858,
    "gt_217.1s_f42.jpg": 6.6098
  },
  "approved_files": [
    "gt_324.5s_f90.jpg",
    "gt_117.2s_f0.jpg",
    "gt_217.1s_f42.jpg",
    "gt_107.2s_f56.jpg",
    "gt_122.6s_f70.jpg",
    "gt_215.4s_f11.jpg",
    "gt_233.4s_f223.jpg",
    "gt_248.1s_f43.jpg",
    "gt_275.0s_f52.jpg",
    "gt_73.2s_f5.jpg",
    "gt_91.9s_f40.jpg"
  ],
  "mean_embedding": [
    -0.005822023842483759,
    0.0004848051758017391,
    0.03610730543732643,
    -0.09066488593816757,
    0.011222521774470806,
    0.012774830684065819,
    0.03573823347687721,
    -0.011084944941103458,
    0.013911503367125988,
    -0.029148302972316742,
    0.045091412961483,
    0.035470087081193924,
    0.023367034271359444,
    -0.05320563539862633,
    0.02837923727929592,
    -0.07314569503068924,
    -0.04797176271677017,
    -0.1392545998096466,
    0.07420147955417633,
    -0.020200608298182487,
    -0.06083119660615921,
    0.0061304522678256035,
    -0.03713604807853699,
    -0.03989502042531967,
    0.03811062127351761,
    0.016636986285448074,
    0.01227586716413498,
    0.016379287466406822,
    -0.0033376715146005154,
    0.07801463454961777,
    -0.017794638872146606,
    0.03891674801707268,
    0.002220769412815571,
    -0.041076283901929855,
    0.07835841178894043,
    0.005409168545156717,
    -0.12336402386426926,
    0.0661141574382782,
    0.008058788254857063,
    0.017221147194504738,
    -0.052512723952531815,
    0.02700233832001686,
    -0.0610026940703392,
    0.039616767317056656,
    -0.08029687404632568,
    0.006222349591553211,
    -0.0014344677329063416,
    0.02559714950621128,
    -0.012634866870939732,
    -0.00776588823646307,
    0.026076894253492355,
    -0.017972838133573532,
    -0.021231884136795998,
    -0.02194884605705738,
    -0.017893414944410324,
    0.07079357653856277,
    0.006709927227348089,
    0.020428240299224854,
    0.060906652361154556,
    0.05256181210279465,
    -0.04637925699353218,
    0.023303702473640442,
    -0.0046318876557052135,
    -0.05314401164650917,
    -0.028830358758568764,
    -0.018531695008277893,
    -0.04667244851589203,
    0.021649282425642014,
    0.019750025123357773,
    -0.010278205387294292,
    0.059267472475767136,
    0.0259700920432806,
    0.01864643208682537,
    0.04156045615673065,
    0.13131508231163025,
    -0.02070380002260208,
    0.05238773673772812,
    0.03813977912068367,
    0.06882275640964508,
    0.03062843345105648,
    0.016659429296851158,
    -0.020289618521928787,
    0.008462836034595966,
    0.00680006155744195,
    -0.060125481337308884,
    0.06332050263881683,
    -0.008673273958265781,
    -0.057146523147821426,
    -0.015453318133950233,
    0.03727765753865242,
    0.030686134472489357,
    -0.018015984445810318,
    -0.009279738180339336,
    0.00560033367946744,
    -0.018511135131120682,
    -0.057701803743839264,
    -0.049475010484457016,
    0.003962990362197161,
    0.017497103661298752,
    0.008198948577046394,
    -0.07194538414478302,
    0.009318477474153042,
    -0.03849140554666519,
    0.09980099648237228,
    -0.008537677116692066,
    0.08409275859594345,
    0.07463274151086807,
    -0.16740106046199799,
    -0.03830314055085182,
    -0.007403095718473196,
    -0.04086380451917648,
    0.02939644083380699,
    0.03356591612100601,
    -0.012781210243701935,
    -0.012825367040932178,
    0.034497130662202835,
    -0.00436141574755311,
    -0.07770237326622009,
    0.016026047989726067,
    0.054512590169906616,
    -0.03352009505033493,
    -0.061069637537002563,
    0.01673227734863758,
    -0.059821031987667084,
    -0.042468875646591187,
    -0.06428804248571396,
    0.053544916212558746,
    0.07469154894351959,
    0.04613214731216431,
    0.008448397740721703,
    0.04056711867451668,
    0.01776120439171791,
    -0.025253234431147575,
    -0.049908727407455444,
    -0.07708688080310822,
    -0.06918847560882568,
    -0.043202854692935944,
    0.06930340826511383,
    -0.035769201815128326,
    0.013236917555332184,
    -0.018775513395667076,
    -0.009675254113972187,
    0.015772679820656776,
    0.02240677736699581,
    0.0573287270963192,
    -0.0851665735244751,
    0.023792844265699387,
    0.03809477761387825,
    -0.02107575163245201,
    -0.0065301693975925446,
    -0.02660573087632656,
    -0.026982875540852547,
    -0.04447313770651817,
    -0.018894057720899582,
    0.01181732676923275,
    0.09651803225278854,
    -0.06397131085395813,
    -0.018622808158397675,
    -0.014983990229666233,
    0.012920831330120564,
    0.059046778827905655,
    0.03714605048298836,
    0.003838320728391409,
    0.0031212272588163614,
    -0.100926972925663,
    -0.03968695178627968,
    -0.0308560561388731,
    -0.005820993334054947,
    -0.019964823499321938,
    0.02971610799431801,
    0.03314082697033882,
    -0.04054031893610954,
    0.02451688051223755,
    0.06174170598387718,
    0.02769291400909424,
    -0.06398959457874298,
    0.035723600536584854,
    -0.02499341405928135,
    0.008816322311758995,
    0.052399978041648865,
    -0.12293761968612671,
    0.0796986073255539,
    -0.017266323789954185,
    -0.01119580864906311,
    0.036537669599056244,
    -0.040539391338825226,
    0.08085452020168304,
    -0.07579846680164337,
    0.005977302324026823,
    -0.04554731771349907,
    -0.06440811604261398,
    0.03100353479385376,
    0.009826911613345146,
    -0.08458282798528671,
    -0.05353644862771034,
    -0.022539719939231873,
    0.028017498552799225,
    -0.014495538547635078,
    -0.025183066725730896,
    0.013848893344402313,
    0.02828078716993332,
    0.03225204348564148,
    0.04645692929625511,
    0.04693371430039406,
    0.051914338022470474,
    -0.008347454480826855,
    -0.03278746083378792,
    -0.019538940861821175,
    -0.05284180864691734,
    -0.02720661275088787,
    -0.018454568460583687,
    0.05927734822034836,
    -0.05299226939678192,
    -0.017067572101950645,
    -0.017347417771816254,
    0.013220051303505898,
    0.02907247096300125,
    0.05631313845515251,
    -0.07344596087932587,
    -0.06593796610832214,
    -0.050610121339559555,
    -0.03380395099520683,
    0.017018239945173264,
    0.02532409504055977,
    0.03267392888665199,
    0.041719064116477966,
    0.03398798033595085,
    0.03579391911625862,
    0.026909466832876205,
    -0.001537244999781251,
    -0.048049163073301315,
    -0.039356332272291183,
    -0.051132384687662125,
    -0.006575021427124739,
    0.028203552588820457,
    0.06539563834667206,
    0.020131073892116547,
    -0.07483239471912384,
    0.03819337114691734,
    0.03987869620323181,
    0.060028377920389175,
    -0.03145457059144974,
    -0.06757945567369461,
    0.034368161112070084,
    -0.013566459529101849,
    -0.05133407562971115,
    -0.09934663772583008,
    0.0950971394777298,
    -0.08559849858283997,
    -0.04356047138571739,
    0.04485713317990303,
    0.026911133900284767,
    0.007306727580726147,
    -0.01696641743183136,
    -0.007733196951448917,
    0.08873695135116577,
    0.03407647833228111,
    0.048390187323093414,
    0.0688096284866333,
    -0.007794305682182312,
    0.08608878403902054,
    -0.036348070949316025,
    0.04743661358952522,
    0.025273123756051064,
    0.015515606850385666,
    0.0746564194560051,
    -0.031241795048117638,
    0.006441068835556507,
    -0.011282606050372124,
    0.000525284674949944,
    0.007517711259424686,
    -0.013911360874772072,
    -0.0009431499638594687,
    -0.10366387665271759,
    0.08852847665548325,
    -0.0037497165612876415,
    0.06585492193698883,
    0.06818927079439163,
