{
  "embedding_files": [
    "gt_324.5s_f90.jpg",
    "gt_117.2s_f0.jpg",
    "gt_217.1s_f42.jpg",
    "gt_107.2s_f56.jpg",
    "gt_122.6s_f70.jpg",
    "gt_215.4s_f11.jpg",
    "gt_233.4s_f223.jpg",
    "gt_248.1s_f43.jpg",
    "gt_275.0s_f52.jpg",
    "gt_73.2s_f5.jpg",
    "gt_91.9s_f40.jpg"
  ],
  "backup_files": [],
  "scores": {
    "gt_324.5s_f90.jpg": 12.2535,
    "gt_117.2s_f0.jpg": 9.4858,
    "gt_217.1s_f42.jpg": 6.6098
  },
  "approved_files": [
    "gt_324.5s_f90.jpg",
    "gt_117.2s_f0.jpg",
    "gt_217.1s_f42.jpg",
    "gt_107.2s_f56.jpg",
    "gt_122.6s_f70.jpg",
    "gt_215.4s_f11.jpg",
    "gt_233.4s_f223.jpg",
    "gt_248.1s_f43.jpg",
    "gt_275.0s_f52.jpg",
    "gt_73.2s_f5.jpg",
    "gt_91.9s_f40.jpg"
  ],
  "mean_embedding": [
    -0.0058215586468577385,
    0.00046046721399761736,
    0.03611426055431366,
    -0.09064603596925735,
    0.011217682622373104,
    0.012788877822458744,
    0.035745635628700256,
    -0.011086737737059593,
    0.013909407891333103,
    -0.029158417135477066,
    0.045091886073350906,
    0.03547504171729088,
    0.02340705506503582,
    -0.053191058337688446,
    0.02836623787879944,
    -0.07313599437475204,
    -0.04798685759305954,
    -0.1392517387866974,
    0.07422323524951935,
    -0.02020132727921009,
    -0.06083950400352478,
    0.0061510237865149975,
    -0.037115830928087234,
    -0.03988043963909149,
    0.03810000419616699,
    0.01662137359380722,
    0.012266662903130054,
    0.016365133225917816,
    -0.003327690064907074,
    0.07799850404262543,
    -0.01778281107544899,
    0.0389024093747139,
    0.002223899122327566,
    -0.04107065498828888,
    0.07836925238370895,
    0.005390821490436792,
    -0.12337545305490494,
    0.06612435728311539,
    0.00804602075368166,
    0.017234355211257935,
    -0.05253010615706444,
    0.02700391784310341,
    -0.06099153310060501,
    0.03960083797574043,
    -0.0802956372499466,
    0.006210905034095049,
    -0.0014335029991343617,
    0.025596754625439644,
    -0.012625320814549923,
    -0.007809413596987724,
    0.026081886142492294,
    -0.017966914921998978,
    -0.021241076290607452,
    -0.021959755569696426,
    -0.017880389466881752,
    0.07078904658555984,
    0.006718481425195932,
    0.02042618952691555,
    0.06091789901256561,
    0.05256149172782898,
    -0.046368394047021866,
    0.02331537939608097,
    -0.004630019888281822,
    -0.053127262741327286,
    -0.028816653415560722,
    -0.01853381283581257,
    -0.046665988862514496,
    0.021635429933667183,
    0.0197590459138155,
    -0.01028680894523859,
    0.05928761139512062,
    0.02595761977136135,
    0.01864037662744522,
    0.04154288023710251,
    0.13132470846176147,
    -0.0206870436668396,
    0.052387382835149765,
    0.03812248259782791,
    0.06882462650537491,
    0.030623260885477066,
    0.01665911078453064,
    -0.020299376919865608,
    0.008463291451334953,
    0.006796012632548809,
    -0.060132525861263275,
    0.06332812458276749,
    -0.008665773086249828,
    -0.05715718865394592,
    -0.015459651127457619,
    0.0372731052339077,
    0.030697552487254143,
    -0.018006853759288788,
    -0.00930110365152359,
    0.0055832588113844395,
    -0.01849774643778801,
    -0.05768914893269539,
    -0.049472905695438385,
    0.003975840751081705,
    0.01748022250831127,
    0.008196922950446606,
    -0.07195045799016953,
    0.009312567301094532,
    -0.038483455777168274,
    0.09981175512075424,
    -0.008528844453394413,
    0.08411061763763428,
    0.07464238256216049,
    -0.167372465133667,
    -0.03831145539879799,
    -0.007399421650916338,
    -0.04088376462459564,
    0.02938079833984375,
    0.03356349468231201,
    -0.01278540026396513,
    -0.012831104919314384,
    0.03449845314025879,
    -0.004344227258116007,
    -0.0777197852730751,
    0.01602061465382576,
    0.05450170487165451,
    -0.03351035714149475,
    -0.06105555221438408,
    0.0167319905012846,
    -0.05983094871044159,
    -0.042469631880521774,
    -0.06428683549165726,
    0.053548987954854965,
    0.07468295842409134,
    0.046114396303892136,
    0.008431337773799896,
    0.04055090993642807,
    0.017780203372240067,
    -0.02526351809501648,
    -0.04992242902517319,
    -0.07707323133945465,
    -0.06919138133525848,
    -0.04321227967739105,
    0.06929554045200348,
    -0.0357612669467926,
    0.013224313035607338,
    -0.018777796998620033,
    -0.009685478173196316,
    0.015771470963954926,
    0.022418498992919922,
    0.05733934044837952,
    -0.08515238761901855,
    0.023809632286429405,
    0.03810707479715347,
    -0.02108100801706314,
    -0.006525245029479265,
    -0.026598837226629257,
    -0.02697446197271347,
    -0.04448336362838745,
    -0.018899131566286087,
    0.011822554282844067,
    0.0965457558631897,
    -0.0639776661992073,
    -0.018607793375849724,
    -0.014986320398747921,
    0.012906338088214397,
    0.05904308333992958,
    0.03714160621166229,
    0.0038431829307228327,
    0.003126430092379451,
    -0.10093405097723007,
    -0.03968343883752823,
    -0.030858546495437622,
    -0.005796115845441818,
    -0.019964830949902534,
    0.02973097749054432,
    0.03313245251774788,
    -0.04055468738079071,
    0.024509333074092865,
    0.06174815818667412,
    0.027688072994351387,
    -0.06398243457078934,
    0.03572007641196251,
    -0.024989960715174675,
    0.008824234828352928,
    0.05240502208471298,
    -0.12292690575122833,
    0.07969807833433151,
    -0.01726887933909893,
    -0.011193370446562767,
    0.03654606640338898,
    -0.04052542522549629,
    0.080862857401371,
    -0.07579778134822845,
    0.005969140212982893,
    -0.045549191534519196,
    -0.06441687792539597,
    0.030986877158284187,
    0.009818745777010918,
    -0.08458451926708221,
    -0.053546078503131866,
    -0.022556794807314873,
    0.0280334260314703,
    -0.0144839221611619,
    -0.025177815929055214,
    0.013866934925317764,
    0.028269659727811813,
    0.032266248017549515,
    0.04644224792718887,
    0.04691392928361893,
    0.05191892385482788,
    -0.008352714590728283,
    -0.03280895575881004,
    -0.019539184868335724,
    -0.052843574434518814,
    -0.027192333713173866,
    -0.01843642257153988,
    0.05928165465593338,
    -0.05300358682870865,
    -0.0170650165528059,
    -0.01734147034585476,
    0.013197136111557484,
    0.029067320749163628,
    0.056313104927539825,
    -0.07345110177993774,
    -0.06593688577413559,
    -0.05058935284614563,
    -0.033785779029130936,
    0.017014453187584877,
    0.025318363681435585,
    0.032683126628398895,
    0.041709210723638535,
    0.03399426490068436,
    0.03579825162887573,
    0.026914527639746666,
    -0.0015363219426944852,
    -0.04806888476014137,
    -0.039370130747556686,
    -0.05112609267234802,
    -0.006593656726181507,
    0.028209878131747246,
    0.0653766542673111,
    0.02013937197625637,
    -0.0748361349105835,
    0.038202885538339615,
    0.03986581414937973,
    0.06002844497561455,
    -0.031435225158929825,
    -0.0675845742225647,
    0.03436748683452606,
    -0.013555772602558136,
    -0.051340021193027496,
    -0.09933101385831833,
    0.09508486092090607,
    -0.08560209721326828,
    -0.043577685952186584,
    0.04486704617738724,
    0.026923110708594322,
    0.00727170379832387,
    -0.01695607230067253,
    -0.007735393941402435,
    0.0887485072016716,
    0.03407910838723183,
    0.0483899749815464,
    0.06880895048379898,
    -0.00778576172888279,
    0.08609125763177872,
    -0.03634466603398323,
    0.047442734241485596,
    0.025279343128204346,
    0.01551301684230566,
    0.07464319467544556,
    -0.03124125488102436,
    0.006441612262278795,
    -0.011313112452626228,
    0.0005239364109002054,
    0.00749144097790122,
    -0.013921000994741917,
    -0.0009485841728746891,
    -0.1036505177617073,
    0.08854740113019943,
    -0.0037666636053472757,
    0.06587095558643341,
    0.06820427626371384,
    0.08937854319810867,
