{
  "embedding_files": [
    "gt_67.2s_f6.jpg",
    "gt_230.0s_f254.jpg",
    "gt_212.6s_f232.jpg",
    "gt_145.3s_f123.jpg",
    "gt_58.0s_f15.jpg",
    "gt_101.7s_f54.jpg",
    "gt_127.6s_f84.jpg",
    "gt_215.4s_f18.jpg",
    "gt_73.2s_f10.jpg",
    "gt_77.5s_f31.jpg",
    "gt_93.8s_f58.jpg"
  ],
  "backup_files": [
    "gt_534.6s_f111.jpg"
  ],
  "scores": {
    "gt_534.6s_f111.jpg": 24.9466,
    "gt_58.0s_f15.jpg": 31.3103,
    "gt_77.5s_f31.jpg": 27.3698,
    "gt_93.8s_f58.jpg": 25.7681,
    "gt_145.3s_f123.jpg": 33.2119,
    "gt_230.0s_f254.jpg": 52.8107,
    "gt_212.6s_f232.jpg": 35.6692,
    "gt_67.2s_f6.jpg": 53.7596,
    "gt_101.7s_f54.jpg": 10.9093,
    "gt_127.6s_f84.jpg": 9.4927
  },
  "approved_files": [
    "gt_534.6s_f111.jpg",
    "gt_101.7s_f54.jpg",
    "gt_127.6s_f84.jpg",
    "gt_145.3s_f123.jpg",
    "gt_212.6s_f232.jpg",
    "gt_215.4s_f18.jpg",
    "gt_230.0s_f254.jpg",
    "gt_58.0s_f15.jpg",
    "gt_67.2s_f6.jpg",
    "gt_73.2s_f10.jpg",
    "gt_77.5s_f31.jpg",
    "gt_93.8s_f58.jpg"
  ],
  "mean_embedding": [
    0.06282787770032883,
    -0.0038646182511001825,
    -0.05307222902774811,
    -0.002886679721996188,
    -0.024715648964047432,
    0.07931728661060333,
    -0.06468958407640457,
    0.012771839275956154,
    -0.04695853590965271,
    0.0408385694026947,
    0.09038711339235306,
    0.031783975660800934,
    0.031201684847474098,
    -0.025482090190052986,
    -0.018871454522013664,
    -0.0029878150671720505,
    -0.03753095120191574,
    -0.05336722731590271,
    -0.0054471115581691265,
    -0.011066778562963009,
    -0.023610737174749374,
    -0.07628736644983292,
    0.05458212271332741,
    -0.021343473345041275,
    -0.008687909692525864,
    -0.04083313047885895,
    0.007574155926704407,
    -0.04523489251732826,
    0.014818834140896797,
    0.06537903845310211,
    0.004975882358849049,
    -0.04522283002734184,
    0.008918825536966324,
    -0.01652478612959385,
    -0.007874542847275734,
    -0.04746318235993385,
    -0.07126221060752869,
    -0.04558597877621651,
    0.06288942694664001,
    0.025803864002227783,
    -0.01068530511111021,
    0.03956148400902748,
    -0.03326644375920296,
    0.03238154575228691,
    -0.021166957914829254,
    0.03617952764034271,
    0.03547242283821106,
    -0.03497123345732689,
    -0.024216288700699806,
    -0.012123237363994122,
    0.022255789488554,
    0.0391702726483345,
    -0.05511340871453285,
    -0.031385235488414764,
    -0.004011391196399927,
    0.05474548041820526,
    -0.04577736556529999,
    -0.016771642491221428,
    0.013963849283754826,
    -0.0066422587260603905,
    0.005033287685364485,
    0.010975711047649384,
    -0.13201622664928436,
    0.0328829400241375,
    -0.0001908749109134078,
    0.041385918855667114,
    -0.0182372834533453,
    -0.030036967247724533,
    -0.03328252211213112,
    0.004895536694675684,
    0.05521320179104805,
    -0.03946482390165329,
    0.021358676254749298,
    -0.02736750803887844,
    -0.010751541703939438,
    0.005910087842494249,
    -0.035216670483350754,
    -0.028408361598849297,
    -0.0002765092358458787,
    0.05974419787526131,
    0.04416655749082565,
    -0.033212803304195404,
    -0.048406895250082016,
    -0.0409277118742466,
    0.0216719601303339,
    -0.0389602854847908,
    -0.022197438403964043,
    -0.023484783247113228,
    -0.035867128521203995,
    0.04111228510737419,
    0.05479400232434273,
    0.0074327243492007256,
    0.04592929780483246,
    0.03533422201871872,
    -0.08640751987695694,
    -0.04734943062067032,
    -0.0479188971221447,
    -0.03732915222644806,
    0.03963219374418259,
    -0.01921631395816803,
    0.01051755528897047,
    -0.03313964977860451,
    0.10593179613351822,
    0.1021125316619873,
    0.045602116733789444,
    0.07978636771440506,
    -0.05114077776670456,
    -0.0542014054954052,
    0.03505449369549751,
    0.058019351214170456,
    -0.019024379551410675,
    -0.11968612670898438,
    0.07867789268493652,
    0.09729224443435669,
    0.028666261583566666,
    -0.09002511948347092,
    0.011683669872581959,
    -0.07276145368814468,
    -0.03632567077875137,
    -0.0064821187406778336,
    -0.0172433964908123,
    0.014873792417347431,
    0.06259394437074661,
    0.10385937988758087,
    -0.06983587890863419,
    -0.019854869693517685,
    -0.011509733274579048,
    -0.012587823905050755,
    0.05376317724585533,
    -0.0034099265467375517,
    -0.017647579312324524,
    0.005074167158454657,
    -0.06198278069496155,
    -0.008679427206516266,
    -0.04573827236890793,
    -0.019619278609752655,
    0.008584188297390938,
    -0.018561851233243942,
    0.07489632070064545,
    0.032294146716594696,
    0.04776507988572121,
    0.05644639581441879,
    0.018123893067240715,
    0.027517862617969513,
    0.005604230798780918,
    0.02509763278067112,
    0.04946953058242798,
    0.06338009983301163,
    0.017630532383918762,
    0.05549033358693123,
    0.013883096165955067,
    -0.03324346989393234,
    0.0033583142794668674,
    -0.09873715043067932,
    -0.02579079382121563,
    -0.023091549053788185,
    -0.01629025675356388,
    0.011611857451498508,
    -0.020160917192697525,
    0.058323197066783905,
    0.0168448518961668,
    -0.021245939657092094,
    -0.03862295299768448,
    -0.03040449321269989,
    0.039220087230205536,
    -0.020113671198487282,
    -0.018940921872854233,
    0.041422288864851,
    -0.027864884585142136,
    -0.0467805415391922,
    0.04942319169640541,
    -0.010634801350533962,
    -0.05092489719390869,
    0.0675017312169075,
    0.0570157952606678,
    -0.06520610302686691,
    0.045417241752147675,
    -0.031912852078676224,
    0.021166741847991943,
    0.012317133136093616,
    0.03238038718700409,
    -0.07349827885627747,
    0.018951283767819405,
    -0.009836283512413502,
    0.021511847153306007,
    -0.07598961889743805,
    0.009302064776420593,
    0.028565818443894386,
    -0.007529414724558592,
    -0.017451176419854164,
    0.021395433694124222,
    -0.010128336027264595,
    0.01000547781586647,
    0.00495957350358367,
    -0.0652671605348587,
    -0.04512125626206398,
    0.012116597034037113,
    -0.013766651041805744,
    -0.05173212289810181,
    -0.0472065769135952,
    0.07659462094306946,
    -0.024058599025011063,
    0.0009312028996646404,
    -0.05371127277612686,
    0.003078930079936981,
    -0.08777438849210739,
    0.005339260213077068,
    -0.001987579744309187,
    -0.015988176688551903,
    -0.016463834792375565,
    -0.05079181492328644,
    0.07146261632442474,
    0.020246941596269608,
    0.000993812340311706,
    -0.038286060094833374,
    0.06914377957582474,
    0.03801383078098297,
    0.025401072576642036,
    -0.007088141981512308,
    -0.02366853505373001,
    0.03539438545703888,
    -0.02134542167186737,
    -0.0038345265202224255,
    -0.06144539266824722,
    0.005791401490569115,
    0.02611810527741909,
    0.0386868380010128,
    0.06457290798425674,
    -0.04190851375460625,
    -0.043457843363285065,
    0.07755420356988907,
    0.002103871898725629,
    0.0453525185585022,
    0.0032770896796137094,
    0.07685214281082153,
    0.07658807188272476,
    0.04974469542503357,
    0.01458884496241808,
    0.015184867195785046,
    -0.03889283910393715,
    -0.04802869260311127,
    -0.06006297841668129,
    -0.03909609839320183,
    -0.0331074595451355,
    0.03609134629368782,
    -0.03353114426136017,
    0.00536612281575799,
    -0.04197046905755997,
    -0.03500017523765564,
    0.01097061112523079,
    0.01017293706536293,
    -0.029257183894515038,
    -0.027273470535874367,
    -0.06427177041769028,
    -0.08164706826210022,
    -0.03330788016319275,
    0.02839619107544422,
    0.0095058036968112,
    -0.04482080414891243,
    0.006036394741386175,
    -0.01886989362537861,
    -0.05068644508719444,
    0.027134863659739494,
    0.03382069244980812,
    0.03354357182979584,
    -0.02211509458720684,
    -0.0698314756155014,
    -0.0387645922601223,
