{
  "embedding_files": [
    "gt_2.3s_f13.jpg",
    "gt_33.8s_f28.jpg",
    "gt_73.0s_f45.jpg"
  ],
  "backup_files": [],
  "scores": {
    "gt_2.3s_f13.jpg": 16.3917,
    "gt_33.8s_f28.jpg": 7.3591,
    "gt_73.0s_f45.jpg": 1.5818
  },
  "approved_files": [
    "gt_2.3s_f13.jpg",
    "gt_33.8s_f28.jpg",
    "gt_73.0s_f45.jpg"
  ],
  "mean_embedding": [
    0.0683213323354721,
    0.05489863455295563,
    -0.060994382947683334,
    -0.002227518940344453,
    -0.06525754183530807,
    0.008265851996839046,
    -0.0006877605919726193,
    -0.028288353234529495,
    0.015437830239534378,
    0.004759490955621004,
    0.07081068307161331,
    -0.10032861679792404,
    0.06873120367527008,
    0.017986059188842773,
    -0.048971571028232574,
    -0.04586535319685936,
    0.05268646776676178,
    -0.009201676584780216,
    0.07717996090650558,
    -0.0068271588534116745,
    -0.09236900508403778,
    -0.02551976963877678,
    -0.025767894461750984,
    0.05804699659347534,
    0.01768089272081852,
    -0.0709206759929657,
    -0.0031923758797347546,
    -0.10209525376558304,
    -0.003288195701315999,
    0.0687040314078331,
    -0.023152077570557594,
    0.018926458433270454,
    -0.010747705586254597,
    -0.014930627308785915,
    -0.0611356645822525,
    0.0285192858427763,
    -0.026852117851376534,
    0.061052341014146805,
    -0.01683368720114231,
    0.019491268321871758,
    0.023159895092248917,
    0.008196009323000908,
    -0.02202538400888443,
    -0.010005825199186802,
    0.022705301642417908,
    -0.034754544496536255,
    -0.014283228665590286,
    -0.0021706835832446814,
    0.039317309856414795,
    -0.013284936547279358,
    0.017429638653993607,
    0.05813433229923248,
    0.04209071025252342,
    -0.11213135719299316,
    0.032417044043540955,
    0.00785687007009983,
    -0.0564349964261055,
    0.008011612109839916,
    0.023460080847144127,
    -0.04150975123047829,
    0.024973005056381226,
    0.032805077731609344,
    0.013931546360254288,
    0.04703054577112198,
    0.03866581246256828,
    -0.021892311051487923,
    -0.047299887984991074,
    -0.00226938771083951,
    -0.014943619258701801,
    -0.017789365723729134,
    -0.013560418039560318,
    0.04971771687269211,
    0.03051278553903103,
    -0.037816405296325684,
    0.003376731649041176,
    0.048332538455724716,
    0.07449516654014587,
    0.04120440036058426,
    0.04368625208735466,
    -0.01390183437615633,
    -0.04429925978183746,
    -0.03542372211813927,
    0.0048345234245061874,
    -0.02322421967983246,
    -0.043566565960645676,
    0.03581397235393524,
    -0.024029716849327087,
    -0.08336813747882843,
    -0.020190848037600517,
    0.019920947030186653,
    -0.023129522800445557,
    -0.04281799867749214,
    0.04287467151880264,
    0.043946120887994766,
    -0.013611596077680588,
    0.05147804319858551,
    -0.05152392014861107,
    0.059283848851919174,
    -0.005900010000914335,
    -0.001381893060170114,
    0.002166898688301444,
    0.059434279799461365,
    -0.004863383714109659,
    0.005795476026833057,
    0.04634280502796173,
    -0.05877280235290527,
    0.011781665496528149,
    -0.027018222957849503,
    -0.033518414944410324,
    -0.05268176272511482,
    -0.0012739221565425396,
    -0.02175086736679077,
    -0.012651199474930763,
    -0.04478534683585167,
    -0.05464259535074234,
    -0.0029854639433324337,
    -0.018306909129023552,
    -0.013834113255143166,
    -0.05498192831873894,
    0.08302505314350128,
    -0.023001205176115036,
    -0.023700889199972153,
    0.020813563838601112,
    -0.05803277716040611,
    -0.06083766743540764,
    -0.022812791168689728,
    0.0605110228061676,
    -0.01745014265179634,
    -0.0036153187975287437,
    0.03283682093024254,
    0.09636859595775604,
    0.04055710509419441,
    -0.011445275507867336,
    0.034003302454948425,
    -0.06872598826885223,
    -0.02081833966076374,
    -0.08772601187229156,
    -0.011936997063457966,
    0.014865447767078876,
    -0.05019852891564369,
    -0.006920543033629656,
    -0.01606317237019539,
    0.029291581362485886,
    -0.01107291504740715,
    0.008056659251451492,
    -0.02886941097676754,
    -0.021900290623307228,
    -0.07316330075263977,
    -0.043389931321144104,
    0.02324230782687664,
    0.020051654428243637,
    0.023474836722016335,
    0.013660445809364319,
    0.008090696297585964,
    -0.01082529779523611,
    -0.01889585517346859,
    0.07703591138124466,
    -0.03999387472867966,
    -0.07424618303775787,
    0.06565934419631958,
    -0.004848728887736797,
    0.008384259417653084,
    -0.01287470106035471,
    0.07479943335056305,
    -0.01617807149887085,
    -0.0016208428423851728,
    -0.028472069650888443,
    -0.024003826081752777,
    -0.14117568731307983,
    0.09963874518871307,
    0.045693788677453995,
    -0.0974789708852768,
    0.00016449046961497515,
    0.06545288860797882,
    -0.025715205818414688,
    -0.047512102872133255,
    0.007237223908305168,
    -0.0049672555178403854,
    0.026933781802654266,
    -0.025952311232686043,
    0.059858642518520355,
    -0.024631226435303688,
    0.04264289140701294,
    -0.009797533974051476,
    0.052616290748119354,
    -0.015517276711761951,
    0.0053202910348773,
    -0.023821674287319183,
    0.001866559381596744,
    0.023408224806189537,
    0.007268019951879978,
    0.021816490218043327,
    0.004127697087824345,
    0.004860711749643087,
    0.006579797249287367,
    -0.002069468842819333,
    0.020055940374732018,
    0.029918979853391647,
    -0.026626771315932274,
    0.09959892183542252,
    0.02122669853270054,
    -0.056530579924583435,
    0.015670688822865486,
    0.05930860713124275,
    0.03396478667855263,
    -0.033245258033275604,
    0.043902501463890076,
    0.04438488930463791,
    0.003806021064519882,
    0.0041944230906665325,
    -0.01622341014444828,
    -0.0050039878115057945,
    -0.014227236621081829,
    -0.1051701083779335,
    0.0012029256904497743,
    0.082257479429245,
    -0.042799487709999084,
    -0.04657129943370819,
    -0.1323428750038147,
    -0.012112902477383614,
    -0.009951425716280937,
    0.04455156624317169,
    -0.08690899610519409,
    -0.06873705983161926,
    -0.016807030886411667,
    0.0027812698390334845,
    0.04468362405896187,
    0.0004987212014384568,
    0.01749158464372158,
    0.05722557008266449,
    0.0065307156182825565,
    0.03727097436785698,
    0.054059069603681564,
    -0.009291681461036205,
    0.03425518050789833,
    0.0396287627518177,
    -0.008870641700923443,
    0.005095166619867086,
    0.002421766985207796,
    0.013760890811681747,
    0.026696793735027313,
    -0.03880901634693146,
    -0.06723902374505997,
    -0.04179183393716812,
    0.07470541447401047,
    -0.03804415464401245,
    -0.00589485839009285,
    -0.0349792018532753,
    0.04484174773097038,
    -0.012756197713315487,
    0.06658603250980377,
    -0.011041603051126003,
    0.0460965558886528,
    -0.02287612482905388,
    -0.015518054366111755,
    0.03382954001426697,
    0.0061387550085783005,
    0.1109052523970604,
    0.06910426914691925,
    -0.0016302216099575162,
    -0.02025856450200081,
    -0.07088880240917206,
    0.010045327246189117,
    0.09568557143211365,
    -0.004389078821986914,
    -0.02408643625676632,
    -0.02065136842429638,
    -0.016669344156980515,
    -0.031853899359703064,
    -0.0802011489868164,
    0.03808167949318886,
    -0.07603784650564194,
    -0.009329422377049923,
    0.020813537761569023,
    -0.06081505864858627,
    0.06877747178077698,
    -0.01362645998597145,
    0.027366193011403084,
    0.0835665613412857,
    -0.03220970183610916,
    -0.03860120847821236,
    0.0043003191240131855,
    -0.011982248164713383,
    0.022660840302705765,
    0.015856390818953514,
    -0.026087217032909393,
    -0.0805669054389,
    -0.01167395431548357,
    -0.049832724034786224,
    -0.06386934965848923,
    0.05386459827423096,
    0.0387408547103405,
    0.056471142917871475,
