{
  "embedding_files": [
    "gt_2.3s_f13.jpg",
    "gt_33.8s_f28.jpg",
    "gt_73.0s_f45.jpg"
  ],
  "backup_files": [],
  "scores": {
    "gt_2.3s_f13.jpg": 16.3917,
    "gt_33.8s_f28.jpg": 7.3591,
    "gt_73.0s_f45.jpg": 1.5818
  },
  "approved_files": [
    "gt_2.3s_f13.jpg",
    "gt_33.8s_f28.jpg",
    "gt_73.0s_f45.jpg"
  ],
  "mean_embedding": [
    0.09558110684156418,
    0.007861359976232052,
    -0.03684701398015022,
    0.015135802328586578,
    -0.04793307185173035,
    0.022649137303233147,
    -0.00418119365349412,
    -0.012476730160415173,
    -0.003021684242412448,
    0.008908558636903763,
    0.047705020755529404,
    -0.08038906753063202,
    0.08804181218147278,
    0.0009768069721758366,
    -0.04089906066656113,
    -0.05592055991292,
    0.06116250529885292,
    -0.01283488143235445,
    0.06721987575292587,
    -0.018342841416597366,
    -0.10551319271326065,
    -0.022713499143719673,
    -0.015652809292078018,
    0.06813701242208481,
    0.013204176910221577,
    -0.08994746953248978,
    -0.003680342109873891,
    -0.093740314245224,
    0.013967707753181458,
    0.06949126720428467,
    -0.01499919593334198,
    0.01576387695968151,
    -0.008930771611630917,
    -0.026147613301873207,
    -0.052701227366924286,
    0.007932824082672596,
    -0.03667350113391876,
    0.05208252742886543,
    -0.025494348257780075,
    0.01631256937980652,
    0.010682188905775547,
    -0.009094889275729656,
    -0.01716434769332409,
    0.014072246849536896,
    0.029412735253572464,
    -0.023157931864261627,
    -0.027532072737812996,
    0.014122916385531425,
    0.025776183232665062,
    0.004153871443122625,
    0.039750199764966965,
    0.05071794614195824,
    0.02884526737034321,
    -0.11296025663614273,
    0.005687549244612455,
    0.021687516942620277,
    -0.03383635729551315,
    0.01840130053460598,
    -0.0008841660455800593,
    -0.04532686620950699,
    0.017902124673128128,
    0.02156030759215355,
    0.010167003609240055,
    0.05058077350258827,
    0.026867665350437164,
    -0.029404258355498314,
    -0.04381968080997467,
    -0.03071942925453186,
    -0.0009449432254768908,
    -0.02018004097044468,
    -0.04455279931426048,
    0.05346515774726868,
    0.010737963952124119,
    -0.04288441687822342,
    -0.022417675703763962,
    0.056495435535907745,
    0.08599020540714264,
    0.030260223895311356,
    0.040701087564229965,
    -0.011989948339760303,
    -0.04973333701491356,
    -0.06174482777714729,
    0.007056529633700848,
    -0.009959947317838669,
    -0.04106295481324196,
    0.02434428222477436,
    -0.015254242345690727,
    -0.07209981977939606,
    -0.01640397682785988,
    0.031355831772089005,
    -0.030496671795845032,
    -0.04398026689887047,
    0.07828082144260406,
    0.03558431938290596,
    -0.0034820798318833113,
    0.046805448830127716,
    -0.05416935682296753,
    0.05406449735164642,
    -0.02988261915743351,
    -0.006908469367772341,
    0.009311835281550884,
    0.0704420953989029,
    0.015108605846762657,
    0.014502663165330887,
    0.04339659586548805,
    -0.04164433106780052,
    0.00670967111364007,
    -0.01259410660713911,
    -0.0552777461707592,
    -0.03059597685933113,
    0.005088683217763901,
    -0.008070237934589386,
    -0.009550590068101883,
    -0.04140150919556618,
    -0.04344062879681587,
    0.005305660422891378,
    -0.019397005438804626,
    -0.01333840936422348,
    -0.06632234901189804,
    0.07773756980895996,
    -0.017394904047250748,
    -0.013593416661024094,
    -0.006108459550887346,
    -0.04661911353468895,
    -0.06639169901609421,
    -0.014042149297893047,
    0.08228078484535217,
    -0.005588203202933073,
    -0.0004184822319075465,
    0.02872522361576557,
    0.09603513777256012,
    0.0423949733376503,
    0.005692663136869669,
    0.0225443746894598,
    -0.08282840251922607,
    -0.00629600090906024,
    -0.07996498048305511,
    -0.03312651067972183,
    0.011343318969011307,
    -0.02343331091105938,
    -0.016155092045664787,
    0.002374283503741026,
    0.006359318271279335,
    -0.01087602786719799,
    -0.014327113516628742,
    -0.02862163819372654,
    -0.03403926268219948,
    -0.08626655489206314,
    -0.03014863096177578,
    0.033916350454092026,
    -0.006494286470115185,
    0.022313887253403664,
    0.012935527600347996,
    0.013898920267820358,
    -0.008214747533202171,
    0.011308176442980766,
    0.05155817046761513,
    -0.04355596750974655,
    -0.055304739624261856,
    0.045615699142217636,
    -0.0066553326323628426,
    0.022768311202526093,
    -0.00556487962603569,
    0.08323468267917633,
    -0.01852394826710224,
    -0.00040958001045510173,
    -0.04089835286140442,
    -0.020484374836087227,
    -0.1383606195449829,
    0.08220113813877106,
    0.03276310861110687,
    -0.0946146547794342,
    0.001119790249504149,
    0.07074252516031265,
    -0.0021026325412094593,
    -0.0405597910284996,
    -0.012533721514046192,
    -0.007476827595382929,
    0.03269215300679207,
    -0.03870004042983055,
    0.044799529016017914,
    -0.009002991020679474,
    0.03717640042304993,
    -0.003707345575094223,
    0.057301394641399384,
    -0.02832505851984024,
    0.02210717275738716,
    -0.04455547407269478,
    -0.021312663331627846,
    0.04498298838734627,
    -0.0007530096918344498,
    0.028068535029888153,
    0.012366014532744884,
    -0.004791405517607927,
    0.010217860341072083,
    -0.024697359651327133,
    0.01004822924733162,
    0.02025512605905533,
    -0.0349828377366066,
    0.07911448925733566,
    0.025186574086546898,
    -0.041249386966228485,
    0.012556401081383228,
    0.09988714009523392,
    0.002398906974121928,
    -0.02735361084342003,
    0.0665828138589859,
    0.03694282844662666,
    0.0044218022376298904,
    -0.0023677125573158264,
    -0.01594960317015648,
    0.016875045374035835,
    -0.018918799236416817,
    -0.09860631823539734,
    0.003435023594647646,
    0.08564949035644531,
    -0.04500645026564598,
    -0.07778903096914291,
    -0.11539389938116074,
    -0.0028153557796031237,
    0.00633325194939971,
    0.043037865310907364,
    -0.095116026699543,
    -0.07685461640357971,
    -0.012694450095295906,
    -0.02132249064743519,
    0.03276711702346802,
    0.009499049745500088,
    0.026581399142742157,
    0.04560607299208641,
    0.02129618264734745,
    0.02409537136554718,
    0.0630735382437706,
    -0.007662368472665548,
    0.016542118042707443,
    0.015831291675567627,
    -0.013908682391047478,
    0.013188368640840054,
    0.004502130672335625,
    0.021969113498926163,
    0.014030449092388153,
    -0.029636861756443977,
    -0.07672595977783203,
    -0.022217312827706337,
    0.06129579618573189,
    -0.025734081864356995,
    -0.03253205493092537,
    -0.05151185020804405,
    0.07613438367843628,
    -0.013472501188516617,
    0.053515393286943436,
    0.006852175109088421,
    0.046093933284282684,
    -0.01492123119533062,
    -0.0032215709798038006,
    0.07197193056344986,
    0.0186004675924778,
    0.12052974849939346,
    0.060709141194820404,
    -0.003857423085719347,
    -0.02001946046948433,
    -0.055370986461639404,
    0.0267917662858963,
    0.08631030470132828,
    -0.001726307556964457,
    -0.021009478718042374,
    -0.026921475306153297,
    -0.006688967812806368,
    -0.02748349867761135,
    -0.05776765197515488,
    0.05150740221142769,
    -0.055021271109580994,
    -0.018872519955039024,
    0.02505899965763092,
    -0.07330528646707535,
    0.06363148987293243,
    -0.018505413085222244,
    0.025359144434332848,
    0.08124992996454239,
    -0.03363202139735222,
    -0.03747287765145302,
    -0.0047910092398524284,
    -0.03726563602685928,
    0.022036336362361908,
    0.023606937378644943,
    -0.03902992978692055,
    -0.08165034651756287,
    -0.026368219405412674,
    -0.044528115540742874,
    -0.04898817464709282,
    0.01808617264032364,
    0.017276065424084663,
    0.0499492883682251,
