{
  "embedding_files": [
    "gt_26.2s_f6.jpg",
    "gt_132.1s_f51.jpg",
    "gt_324.5s_f104.jpg",
    "gt_80.2s_f39.jpg",
    "gt_217.1s_f62.jpg"
  ],
  "backup_files": [
    "new_1776234319172_gt_383.1s_f49.jpg",
    "gt_117.2s_f21.jpg",
    "new_1776234319172_gt_2.1s_f20.jpg",
    "new_1776234319172_gt_184.5s_f33.jpg"
  ],
  "scores": {
    "gt_26.2s_f6.jpg": 17.425,
    "gt_132.1s_f51.jpg": 10.6506,
    "gt_80.2s_f39.jpg": 2.9555,
    "gt_324.5s_f104.jpg": 10.3726,
    "gt_217.1s_f62.jpg": 2.6196,
    "gt_117.2s_f21.jpg": 2.527
  },
  "approved_files": [
    "gt_26.2s_f6.jpg",
    "gt_132.1s_f51.jpg",
    "gt_324.5s_f104.jpg",
    "gt_80.2s_f39.jpg",
    "gt_217.1s_f62.jpg",
    "gt_117.2s_f21.jpg",
    "new_1776234319172_gt_184.5s_f33.jpg",
    "new_1776234319172_gt_2.1s_f20.jpg",
    "new_1776234319172_gt_383.1s_f49.jpg"
  ],
  "mean_embedding": [
    0.024418644607067108,
    0.06057532876729965,
    0.005639680661261082,
    0.024174287915229797,
    -0.07406976073980331,
    0.11263696849346161,
    -0.07388661801815033,
    0.07123400270938873,
    -0.04945505037903786,
    -0.061748206615448,
    0.04162029176950455,
    -0.08513370901346207,
    0.06766810268163681,
    0.022789854556322098,
    0.01769901067018509,
    -0.03325161710381508,
    0.08528489619493484,
    -0.03541209176182747,
    -0.020944293588399887,
    -0.016457315534353256,
    0.008950774557888508,
    0.019897354766726494,
    0.005858802702277899,
    -0.02336726151406765,
    -0.03582659363746643,
    -0.04920622333884239,
    -0.011268865317106247,
    -0.05518387630581856,
    -0.013363822363317013,
    -0.059266239404678345,
    -0.04853430762887001,
    -0.0515078641474247,
    0.1309642493724823,
    0.022931886836886406,
    -0.06117550656199455,
    0.008256427012383938,
    0.027547813951969147,
    -0.010239112190902233,
    -0.031135952100157738,
    -0.0014907557051628828,
    -0.05547994747757912,
    -4.444261776370695e-06,
    0.02583777718245983,
    -0.016159025952219963,
    -0.012044759467244148,
    -0.015528698451817036,
    -0.03307131677865982,
    0.050444699823856354,
    0.0004942137165926397,
    0.021705172955989838,
    0.01703917793929577,
    -0.019949037581682205,
    0.044408973306417465,
    -0.010171515867114067,
    -0.07909674942493439,
    -0.036931831389665604,
    -0.05451478809118271,
    0.022373506799340248,
    -0.04065953940153122,
    0.01632704958319664,
    0.06981129199266434,
    0.0505840890109539,
    -0.01840844377875328,
    0.058107029646635056,
    -0.06225090101361275,
    0.0036352253518998623,
    -0.024164702743291855,
    0.058434147387742996,
    0.047211840748786926,
    0.047108545899391174,
    -0.05253300070762634,
    -0.08897335827350616,
    0.05280705541372299,
    -0.021675916388630867,
    0.037133585661649704,
    0.05132106691598892,
    0.007594785653054714,
    -0.023615820333361626,
    0.09918761998414993,
    -0.000726788945030421,
    0.07253498584032059,
    -0.030392255634069443,
    0.051925331354141235,
    -0.030608292669057846,
    0.06333573162555695,
    -0.08291146904230118,
    -0.038881219923496246,
    -0.02225915715098381,
    -0.03845082223415375,
    -0.07241348922252655,
    0.039768047630786896,
    0.04424096271395683,
    0.06169181317090988,
    0.025558801367878914,
    -0.05753123760223389,
    -0.04262758418917656,
    -0.05083845555782318,
    -0.04774562641978264,
    -0.02964152954518795,
    -0.024201957508921623,
    0.009503775276243687,
    -0.03989525884389877,
    -0.01599428802728653,
    0.04963020980358124,
    0.05556032061576843,
    -0.028794867917895317,
    -0.006764417048543692,
    -0.03039540722966194,
    0.01613669842481613,
    0.06314487755298615,
    -0.0153694748878479,
    -0.018403060734272003,
    0.026394106447696686,
    0.008417501114308834,
    0.01568511314690113,
    0.02477896399796009,
    0.07613898813724518,
    -0.004426955245435238,
    -0.01730596087872982,
    0.08711672574281693,
    0.03242715075612068,
    0.011928453110158443,
    0.10239527374505997,
    0.02612963691353798,
    -0.11742766946554184,
    0.08161475509405136,
    0.024188539013266563,
    -0.007478827144950628,
    0.03793945163488388,
    0.026518920436501503,
    -0.03938739746809006,
    -0.001620587194338441,
    0.00339428149163723,
    0.024758517742156982,
    0.005208164919167757,
    0.02915479615330696,
    -0.02944454364478588,
    0.02362963743507862,
    -0.01618817262351513,
    -0.04349462315440178,
    0.02727520652115345,
    0.0052156392484903336,
    -0.015308286994695663,
    -0.025747548788785934,
    -0.024137824773788452,
    -0.029644284397363663,
    0.07253564149141312,
    0.013151627033948898,
    -0.002788580022752285,
    0.02904275804758072,
    -0.057175301015377045,
    0.021833142265677452,
    -0.025165002793073654,
    0.02697880007326603,
    0.035257723182439804,
    0.009059506468474865,
    -0.042712826281785965,
    0.052062392234802246,
    0.0606517530977726,
    0.03164798393845558,
    -0.06767749786376953,
    -0.024287298321723938,
    -0.03923802822828293,
    0.010821291245520115,
    -0.006894007325172424,
    0.008744820021092892,
    -0.02837519161403179,
    0.0070585994981229305,
    0.0696069598197937,
    -0.02419489435851574,
    0.0480366088449955,
    -0.013413965702056885,
    -0.0447121262550354,
    0.08992243558168411,
    -0.024210186675190926,
    0.025412924587726593,
    0.09501378983259201,
    -0.0481092669069767,
    0.056118033826351166,
    0.007859272882342339,
    -0.03323279693722725,
    0.02162041887640953,
    -0.01335215661674738,
    -0.023253070190548897,
    -0.021540464833378792,
    0.012864110991358757,
    -0.006801049690693617,
    0.008117238990962505,
    -0.012432276271283627,
    0.0151099544018507,
    -0.044038526713848114,
    0.027682822197675705,
    -0.07093620300292969,
    0.017990756779909134,
    0.01244718860834837,
    0.0019651404581964016,
    0.024394411593675613,
    0.03289664164185524,
    0.04445928335189819,
    -0.028995482251048088,
    -0.04347760230302811,
    -0.017322666943073273,
    -0.08181046694517136,
    -0.012412024661898613,
    0.013918228447437286,
    -0.052668701857328415,
    -0.02022743783891201,
    0.012357844039797783,
    -0.06763871759176254,
    0.04900423437356949,
    0.03764299675822258,
    0.05200257897377014,
    -0.015919489786028862,
    0.08547256141901016,
    0.07331778854131699,
    -0.030645765364170074,
    -0.07218711823225021,
    0.0528763122856617,
    -0.007430305238813162,
    -0.024598171934485435,
    -0.041338853538036346,
    -0.056157875806093216,
    -0.049537066370248795,
    0.021409645676612854,
    0.07199981808662415,
    0.02680392935872078,
    -0.017491495236754417,
    0.005666582845151424,
    -0.0221530944108963,
    0.028109634295105934,
    -0.024227527901530266,
    0.05759727209806442,
    0.1070263460278511,
    -0.010423055849969387,
    -0.016619814559817314,
    -0.018696393817663193,
    -0.00730203976854682,
    -0.00231475499458611,
    -0.008881124667823315,
    0.001289892359636724,
    -0.07934077084064484,
    -0.1178533136844635,
    0.01762070134282112,
    -0.050681713968515396,
    -0.003927828278392553,
    0.04353828355669975,
    0.020221322774887085,
    0.012075118720531464,
    -0.045455869287252426,
    0.02428455650806427,
    0.009856540709733963,
    0.0162886381149292,
    -0.004414300434291363,
    0.00907765794545412,
    0.03286600485444069,
    0.02363274246454239,
    -0.011469945311546326,
    0.024153046309947968,
    -0.018655670806765556,
    -0.01527545228600502,
    -0.039005182683467865,
    -0.04383201524615288,
    -0.06018759682774544,
    -0.006105398293584585,
    -0.02086564153432846,
    -0.008806511759757996,
    -0.03724539652466774,
    0.01748006045818329,
    0.02143576182425022,
    0.03719937056303024,
    0.020256508141756058,
    -0.00962404627352953,
    -0.05228378251194954,
    -0.02696661837399006,
