{
  "embedding_files": [
    "gt_266.8s_f284.jpg",
    "gt_54.7s_f7.jpg",
    "gt_201.4s_f201.jpg",
    "gt_73.5s_f25.jpg",
    "gt_87.6s_f22.jpg",
    "gt_104.1s_f53.jpg",
    "gt_119.7s_f26.jpg",
    "gt_89.2s_f47.jpg",
    "gt_90.6s_f7.jpg"
  ],
  "backup_files": [
    "gt_1141.5s_f153.jpg"
  ],
  "scores": {
    "gt_1141.5s_f153.jpg": 44.0034,
    "gt_54.7s_f7.jpg": 69.9758,
    "gt_73.5s_f25.jpg": 62.6931,
    "gt_89.2s_f47.jpg": 46.8046,
    "gt_201.4s_f201.jpg": 67.4458,
    "gt_266.8s_f284.jpg": 78.3063,
    "gt_87.6s_f22.jpg": 53.2122,
    "gt_104.1s_f53.jpg": 49.377,
    "gt_119.7s_f26.jpg": 48.932,
    "gt_90.6s_f7.jpg": 45.776
  },
  "approved_files": [
    "gt_1141.5s_f153.jpg",
    "gt_104.1s_f53.jpg",
    "gt_119.7s_f26.jpg",
    "gt_201.4s_f201.jpg",
    "gt_266.8s_f284.jpg",
    "gt_54.7s_f7.jpg",
    "gt_73.5s_f25.jpg",
    "gt_87.6s_f22.jpg",
    "gt_89.2s_f47.jpg",
    "gt_90.6s_f7.jpg"
  ],
  "mean_embedding": [
    0.003066850593313575,
    -0.008397504687309265,
    -0.02125409245491028,
    0.010865745134651661,
    -0.06148294359445572,
    0.02572065405547619,
    -0.02502528391778469,
    0.10621730238199234,
    0.041112691164016724,
    -0.021893810480833054,
    -0.025648361071944237,
    0.05354423448443413,
    0.02205624431371689,
    0.03915191814303398,
    -0.038408905267715454,
    -0.02823215164244175,
    0.005677170120179653,
    -0.02002749592065811,
    0.010051202028989792,
    0.00882148277014494,
    0.06840736418962479,
    -0.025988977402448654,
    0.025226537138223648,
    0.006426185369491577,
    0.07655233889818192,
    -0.039493098855018616,
    -0.04824107140302658,
    -0.01784696616232395,
    -0.04247239604592323,
    -0.05555134266614914,
    -0.008192082867026329,
    0.00022911865380592644,
    0.05924851819872856,
    0.06293235719203949,
    0.04976130649447441,
    0.011440230533480644,
    0.0024255558382719755,
    -0.04563271254301071,
    -0.0024873807560652494,
    -0.01394143607467413,
    -0.0416322685778141,
    -0.048588115721940994,
    0.014249703846871853,
    -0.04667375609278679,
    -0.04190591350197792,
    -0.02322833053767681,
    -0.03301629424095154,
    0.03150452300906181,
    0.04295627027750015,
    -0.01591031812131405,
    0.010666884481906891,
    0.048496685922145844,
    -0.017685750499367714,
    -0.0004986113635823131,
    0.049218207597732544,
    0.022995764389634132,
    0.0293804369866848,
    -0.04888753220438957,
    -0.017599238082766533,
    -0.021468959748744965,
    0.046573761850595474,
    -0.03029528260231018,
    0.013390862382948399,
    -0.0217082891613245,
    0.0020964567083865404,
    -0.040658432990312576,
    0.0006868969066999853,
    -0.04215478524565697,
    -0.018242347985506058,
    0.01877695508301258,
    -0.013843070715665817,
    -0.02976078912615776,
    0.0025460326578468084,
    -0.0829535722732544,
    -0.05620172247290611,
    -0.01768428459763527,
    0.03788022696971893,
    -0.10783995687961578,
    0.05064481869339943,
    0.006462584249675274,
    -0.06110381707549095,
    -0.015387700870633125,
    0.030937552452087402,
    -0.04148741438984871,
    0.031212667003273964,
    -0.012116233818233013,
    -0.03378348425030708,
    0.00011504148278618231,
    0.04972883686423302,
    -0.03644870966672897,
    -0.0038794521242380142,
    0.0776156559586525,
    0.06334295123815536,
    -0.03252967819571495,
    0.004074411932379007,
    -0.028326688334345818,
    -0.09612837433815002,
    0.02308991365134716,
    -0.029218364506959915,
    0.05071575567126274,
    0.03406527265906334,
    0.04967174306511879,
    0.05195730924606323,
    0.020939862355589867,
    0.04745059460401535,
    -0.05336027592420578,
    -0.005991033744066954,
    -0.07581883668899536,
    0.056204456835985184,
    0.011466207914054394,
    0.05482347309589386,
    -0.03317178413271904,
    -0.032798320055007935,
    -0.0027529746294021606,
    -0.020539505407214165,
    -0.029596589505672455,
    -0.008791952393949032,
    0.047738395631313324,
    0.016620930284261703,
    0.0026970901526510715,
    -0.002810089150443673,
    0.06063850224018097,
    -0.0012910101795569062,
    -0.005388141609728336,
    -0.054752591997385025,
    0.021340975537896156,
    0.04706812649965286,
    -0.03182492032647133,
    0.007302828598767519,
    0.0037187959533184767,
    -0.03124561347067356,
    0.12029056251049042,
    -0.06860402226448059,
    -0.03607438877224922,
    -0.015262221917510033,
    -0.039093583822250366,
    0.07161922752857208,
    -0.023406339809298515,
    0.0286266952753067,
    0.01775047555565834,
    -0.015957165509462357,
    -0.02120313234627247,
    -0.1251743733882904,
    -0.0732283815741539,
    0.010176542215049267,
    -0.05136023834347725,
    -0.03826339170336723,
    0.009331244975328445,
    0.0177774541079998,
    -0.011728277429938316,
    -0.0463067851960659,
    -0.02936903014779091,
    -0.0638427808880806,
    0.052686452865600586,
    -0.0390879325568676,
    -0.028581516817212105,
    -0.007170677650719881,
    -0.005417393520474434,
    0.0291438028216362,
    0.05131707713007927,
    0.05685769021511078,
    -0.017202753573656082,
    0.06903814524412155,
    0.0144943967461586,
    0.02850988507270813,
    0.01347356103360653,
    -0.09129379689693451,
    -0.00991816259920597,
    0.022304298356175423,
    -0.042741768062114716,
    0.020678242668509483,
    0.0650036558508873,
    0.06858988106250763,
    0.0885518342256546,
    0.06045263260602951,
    -0.061162322759628296,
    0.06903104484081268,
    -0.02555639110505581,
    0.06980685144662857,
    0.05738477036356926,
    -0.025003306567668915,
    -0.01814507693052292,
    0.042437370866537094,
    -0.10024067014455795,
    -0.004486437886953354,
    0.019117726013064384,
    0.10819555819034576,
    -0.09560930728912354,
    0.06678038835525513,
    -0.05279175564646721,
    -0.10978704690933228,
    -0.020501483231782913,
    0.026782626286149025,
    0.020154612138867378,
    0.013371344655752182,
    0.06848364323377609,
    0.030522117391228676,
    -0.01371634379029274,
    -0.052203405648469925,
    -0.04494555667042732,
    0.012729975394904613,
    -0.020281564444303513,
    0.0278633963316679,
    0.04457300901412964,
    0.013727443292737007,
    0.04955577105283737,
    -0.007125729229301214,
    -0.040396589785814285,
    0.03572879359126091,
    0.02626775950193405,
    -0.020383629947900772,
    0.07340458780527115,
    0.022987445816397667,
    0.10787034034729004,
    -0.035501521080732346,
    0.035020653158426285,
    -0.03246837854385376,
    0.002820421475917101,
    0.012268287129700184,
    -0.08167833089828491,
    -0.025200042873620987,
    -0.0015157938469201326,
    -0.061325643211603165,
    0.010782202705740929,
    0.025416890159249306,
    -0.09249811619520187,
    -0.02611706033349037,
    0.016044676303863525,
    0.06534229964017868,
    0.0004542648675851524,
    -0.03592952713370323,
    0.03034687601029873,
    0.0266762375831604,
    -0.030388832092285156,
    0.03618967533111572,
    0.054060015827417374,
    -0.05065960809588432,
    -0.09042976051568985,
    0.003439602442085743,
    -0.004478083923459053,
    -0.03239010274410248,
    -0.06428565829992294,
    0.028309699147939682,
    -0.061523109674453735,
    0.01664392463862896,
    0.016324324533343315,
    0.04096684232354164,
    0.0044491589069366455,
    -0.06652096658945084,
    -0.013193798251450062,
    -0.012045679613947868,
    -0.03790012747049332,
    -0.03979165107011795,
    0.057711709290742874,
    -0.04069751501083374,
    -0.028205007314682007,
    -0.004100461024791002,
    -0.0526123046875,
    -0.02423517033457756,
    -0.05493314936757088,
    -0.014379478059709072,
    -0.05721228942275047,
    -0.0021941682789474726,
    -0.06071452051401138,
    0.022851891815662384,
    0.027883537113666534,
    0.010722790844738483,
    -0.03144912049174309,
    -0.08835993707180023,
    -0.047433797270059586,
    -0.06245771422982216,
