{
  "embedding_files": [
    "gt_266.8s_f284.jpg",
    "gt_54.7s_f7.jpg",
    "gt_201.4s_f201.jpg",
    "gt_73.5s_f25.jpg",
    "gt_87.6s_f22.jpg",
    "gt_104.1s_f53.jpg",
    "gt_119.7s_f26.jpg",
    "gt_89.2s_f47.jpg",
    "gt_90.6s_f7.jpg"
  ],
  "backup_files": [
    "gt_1141.5s_f153.jpg"
  ],
  "scores": {
    "gt_1141.5s_f153.jpg": 44.0034,
    "gt_54.7s_f7.jpg": 69.9758,
    "gt_73.5s_f25.jpg": 62.6931,
    "gt_89.2s_f47.jpg": 46.8046,
    "gt_201.4s_f201.jpg": 67.4458,
    "gt_266.8s_f284.jpg": 78.3063,
    "gt_87.6s_f22.jpg": 53.2122,
    "gt_104.1s_f53.jpg": 49.377,
    "gt_119.7s_f26.jpg": 48.932,
    "gt_90.6s_f7.jpg": 45.776
  },
  "approved_files": [
    "gt_1141.5s_f153.jpg",
    "gt_104.1s_f53.jpg",
    "gt_119.7s_f26.jpg",
    "gt_201.4s_f201.jpg",
    "gt_266.8s_f284.jpg",
    "gt_54.7s_f7.jpg",
    "gt_73.5s_f25.jpg",
    "gt_87.6s_f22.jpg",
    "gt_89.2s_f47.jpg",
    "gt_90.6s_f7.jpg"
  ],
  "mean_embedding": [
    0.00306531204842031,
    -0.00839728582650423,
    -0.021254034712910652,
    0.01086795050650835,
    -0.061480436474084854,
    0.025731345638632774,
    -0.025026923045516014,
    0.10621791332960129,
    0.041115403175354004,
    -0.021907057613134384,
    -0.025651605799794197,
    0.053537677973508835,
    0.022049682214856148,
    0.03915363550186157,
    -0.03839214891195297,
    -0.028233306482434273,
    0.005683234427124262,
    -0.020030397921800613,
    0.010037458501756191,
    0.008818608708679676,
    0.06840990483760834,
    -0.025997241958975792,
    0.02522297203540802,
    0.0064195748418569565,
    0.07655396312475204,
    -0.039495594799518585,
    -0.048245541751384735,
    -0.01784655638039112,
    -0.0424702912569046,
    -0.05556385591626167,
    -0.008198139257729053,
    0.0002347701956750825,
    0.05923965200781822,
    0.06292524188756943,
    0.049759380519390106,
    0.011435053311288357,
    0.0024260019417852163,
    -0.045633465051651,
    -0.0024889304768294096,
    -0.013952173292636871,
    -0.04163694754242897,
    -0.04858884587883949,
    0.014248262159526348,
    -0.046671442687511444,
    -0.041920196264982224,
    -0.0232304185628891,
    -0.03303046524524689,
    0.03150101751089096,
    0.04295571148395538,
    -0.01591501571238041,
    0.01066739670932293,
    0.048496607691049576,
    -0.01767563633620739,
    -0.0005000685923732817,
    0.049208320677280426,
    0.02298024483025074,
    0.02938205748796463,
    -0.04888336360454559,
    -0.01759137213230133,
    -0.02146466076374054,
    0.04656783491373062,
    -0.030293917283415794,
    0.013389233499765396,
    -0.021708296611905098,
    0.0020866021513938904,
    -0.04066312685608864,
    0.0006719660013914108,
    -0.0421578586101532,
    -0.01824577897787094,
    0.01877736859023571,
    -0.013855243101716042,
    -0.02976522408425808,
    0.0025358533021062613,
    -0.08294317871332169,
    -0.05619895085692406,
    -0.01768043264746666,
    0.03787530958652496,
    -0.10783691704273224,
    0.050642047077417374,
    0.006454824469983578,
    -0.06110245734453201,
    -0.015389147214591503,
    0.03095146454870701,
    -0.041493501514196396,
    0.031209688633680344,
    -0.012119580991566181,
    -0.03377798944711685,
    0.00011259275197517127,
    0.04972017556428909,
    -0.0364481620490551,
    -0.003888239385560155,
    0.0776267945766449,
    0.06333701312541962,
    -0.032536424696445465,
    0.004067514091730118,
    -0.02833368442952633,
    -0.09612816572189331,
    0.02308012545108795,
    -0.029216498136520386,
    0.0507151298224926,
    0.03406652435660362,
    0.04967615380883217,
    0.05195290595293045,
    0.02095906250178814,
    0.047453269362449646,
    -0.053358376026153564,
    -0.0059934090822935104,
    -0.07582522928714752,
    0.05620752274990082,
    0.011457795277237892,
    0.05481940135359764,
    -0.03317251056432724,
    -0.032801974564790726,
    -0.002748849568888545,
    -0.020531725138425827,
    -0.029587598517537117,
    -0.008799341507256031,
    0.04773809388279915,
    0.01661725528538227,
    0.0026963199488818645,
    -0.002802877686917782,
    0.06063045933842659,
    -0.0012838197872042656,
    -0.005380331072956324,
    -0.05475637689232826,
    0.021341117098927498,
    0.04707033932209015,
    -0.031823839992284775,
    0.0073076896369457245,
    0.003719346597790718,
    -0.031235557049512863,
    0.12028572708368301,
    -0.06861360371112823,
    -0.03608820587396622,
    -0.015267923474311829,
    -0.039087969809770584,
    0.07160783559083939,
    -0.023396018892526627,
    0.028627969324588776,
    0.017761999741196632,
    -0.015952827408909798,
    -0.02122335322201252,
    -0.12517301738262177,
    -0.07324724644422531,
    0.010182981379330158,
    -0.051360227167606354,
    -0.03826070576906204,
    0.009342847391963005,
    0.017774755135178566,
    -0.011716577224433422,
    -0.04630802571773529,
    -0.029381945729255676,
    -0.06384604424238205,
    0.05268121138215065,
    -0.039089128375053406,
    -0.02858014591038227,
    -0.0071737514808773994,
    -0.005406331270933151,
    0.02913290448486805,
    0.05130883306264877,
    0.05684666708111763,
    -0.01720328815281391,
    0.06903218477964401,
    0.01448587141931057,
    0.02850932627916336,
    0.013480299152433872,
    -0.09129615128040314,
    -0.009916955605149269,
    0.022299623116850853,
    -0.04273621365427971,
    0.020687285810709,
    0.06499848514795303,
    0.06858910620212555,
    0.08855026960372925,
    0.060464877635240555,
    -0.06115926802158356,
    0.06904236972332001,
    -0.02555830031633377,
    0.06981533020734787,
    0.057374387979507446,
    -0.025005804374814034,
    -0.018153131008148193,
    0.04244069382548332,
    -0.10023324936628342,
    -0.004494266118854284,
    0.01912389136850834,
    0.10820241272449493,
    -0.09560154378414154,
    0.0667814314365387,
    -0.05278157442808151,
    -0.10978512465953827,
    -0.020495060831308365,
    0.026779625564813614,
    0.020151270553469658,
    0.01336549874395132,
    0.0684831365942955,
    0.030518734827637672,
    -0.013726098462939262,
    -0.05220397189259529,
    -0.04494433104991913,
    0.012725806795060635,
    -0.020283326506614685,
    0.02785610221326351,
    0.044570017606019974,
    0.01372189074754715,
    0.049574390053749084,
    -0.0071341837756335735,
    -0.040387336164712906,
    0.035721179097890854,
    0.0262753963470459,
    -0.020381420850753784,
    0.07340159267187119,
    0.022999536246061325,
    0.10787425935268402,
    -0.03550972789525986,
    0.035007450729608536,
    -0.03247446194291115,
    0.0028225169517099857,
    0.012276682071387768,
    -0.08166787773370743,
    -0.025191908702254295,
    -0.0015108265215530992,
    -0.06132667511701584,
    0.01080476213246584,
    0.025419997051358223,
    -0.0924956277012825,
    -0.026110801845788956,
    0.016044311225414276,
    0.06533458083868027,
    0.00045352921006269753,
    -0.03592837229371071,
    0.030353747308254242,
    0.026677649468183517,
    -0.03039512224495411,
    0.036179155111312866,
    0.054064538329839706,
    -0.05066021904349327,
    -0.09044178575277328,
    0.003451353870332241,
    -0.004473719745874405,
    -0.032383158802986145,
    -0.06429843604564667,
    0.028313016518950462,
    -0.06151970848441124,
    0.01664411835372448,
    0.016320781782269478,
    0.04096733406186104,
    0.004429299850016832,
    -0.06652864813804626,
    -0.013189723715186119,
    -0.01205216720700264,
    -0.037904076278209686,
    -0.03979816660284996,
    0.05770464986562729,
    -0.040699731558561325,
    -0.02821188047528267,
    -0.004101295955479145,
    -0.05260402709245682,
    -0.024246439337730408,
    -0.05493859201669693,
    -0.014383761212229729,
    -0.05720677226781845,
    -0.0021930544171482325,
    -0.06071345880627632,
    0.022848354652523994,
    0.02789028361439705,
    0.010726303793489933,
    -0.03146705776453018,
    -0.0883537083864212,
    -0.04741741344332695,
