{
  "embedding_files": [
    "gt_219.5s_f15.jpg",
    "gt_534.6s_f101.jpg",
    "gt_384.7s_f62.jpg"
  ],
  "backup_files": [],
  "scores": {
    "gt_219.5s_f15.jpg": 7.8541,
    "gt_534.6s_f101.jpg": 3.1497,
    "gt_384.7s_f62.jpg": 2.5824
  },
  "approved_files": [
    "gt_219.5s_f15.jpg",
    "gt_534.6s_f101.jpg",
    "gt_384.7s_f62.jpg"
  ],
  "mean_embedding": [
    -0.053431980311870575,
    -0.051753655076026917,
    0.08092504739761353,
    0.028728490695357323,
    0.03181681036949158,
    0.029867419973015785,
    -0.06370745599269867,
    0.007248117588460445,
    0.052953775972127914,
    -0.05335589498281479,
    -0.044575098901987076,
    -0.05117078125476837,
    -0.07720150053501129,
    0.025477202609181404,
    -0.01813630200922489,
    0.035644665360450745,
    -0.013777089305222034,
    -0.015617307275533676,
    -0.002795023377984762,
    -0.011204041540622711,
    0.056483760476112366,
    -0.027068329975008965,
    -0.022567350417375565,
    -0.0882214903831482,
    -0.011939328163862228,
    -0.026898803189396858,
    0.0250953771173954,
    -0.07207505404949188,
    0.03485843911767006,
    0.010883616283535957,
    0.04790080711245537,
    0.00913122110068798,
    -0.023517271503806114,
    0.05221708491444588,
    0.08721797913312912,
    -0.02457788959145546,
    0.01877744495868683,
    -0.042471326887607574,
    0.055349938571453094,
    0.04162725433707237,
    0.01441868208348751,
    -0.024791549891233444,
    0.0465281680226326,
    0.033826202154159546,
    -0.10188610106706619,
    0.02334490604698658,
    -0.01356138288974762,
    -0.037144992500543594,
    -0.01831636391580105,
    0.03202085569500923,
    0.07180287688970566,
    -0.02648663893342018,
    0.015407191589474678,
    0.07932480424642563,
    -0.01651070825755596,
    0.019341345876455307,
    0.004981187172234058,
    -0.02253221906721592,
    0.0052013639360666275,
    -0.11819705367088318,
    0.00030779550434090197,
    -0.06318463385105133,
    -0.0014416686026379466,
    -0.0013966786209493876,
    0.013109277002513409,
    -0.024786485359072685,
    0.013285497203469276,
    -0.044068362563848495,
    -0.0010617211228236556,
    0.014120044186711311,
    0.1456792652606964,
    -0.035465892404317856,
    0.023034166544675827,
    -0.014273697510361671,
    -0.06967557221651077,
    -0.0023639886640012264,
    0.037844520062208176,
    0.03502558171749115,
    0.08031811565160751,
    0.03545845299959183,
    -0.0035632073413580656,
    -0.09182940423488617,
    0.005965790245682001,
    0.049720410257577896,
    0.016775386407971382,
    0.013466511853039265,
    0.10785019397735596,
    0.007996818982064724,
    -0.008670872077345848,
    -0.021304946392774582,
    -0.0719948261976242,
    0.004038868471980095,
    0.049462705850601196,
    -0.05869346484541893,
    -0.013019027188420296,
    -0.019216375425457954,
    0.07334034144878387,
    -0.08152501285076141,
    0.006219672039151192,
    -0.03206418454647064,
    0.03581900894641876,
    -0.020533038303256035,
    -0.02987026423215866,
    -0.004256102256476879,
    0.11242859065532684,
    -0.09074875712394714,
    -0.013298096135258675,
    -0.05592525377869606,
    0.01821836456656456,
    -0.04121185466647148,
    0.01386148203164339,
    0.015099620446562767,
    0.02217625267803669,
    -0.018545271828770638,
    -0.02375156618654728,
    0.022505588829517365,
    -0.011530132964253426,
    -0.09839531034231186,
    0.02083410881459713,
    0.03946888819336891,
    0.03950730338692665,
    0.049253299832344055,
    0.055607136338949203,
    0.04876401275396347,
    -0.04673187807202339,
    -0.017230119556188583,
    0.007559804245829582,
    0.031642474234104156,
    0.0767604187130928,
    -0.002176909474655986,
    -0.00927632674574852,
    0.02420838363468647,
    0.011367978528141975,
    -0.034637514501810074,
    0.05049979314208031,
    0.01658477820456028,
    -0.014072385616600513,
    -0.03866776078939438,
    -0.030782056972384453,
    0.021576780825853348,
    0.04869356378912926,
    0.008899174630641937,
    -0.03059821017086506,
    0.0318935252726078,
    -0.0025784785393625498,
    0.0004855594888795167,
    -0.007192323449999094,
    -0.04813956469297409,
    -0.04221316799521446,
    -0.0033298167400062084,
    -0.03666933998465538,
    0.005564163904637098,
    -0.06841177493333817,
    0.04792708158493042,
    -0.05837845429778099,
    -0.11079294979572296,
    -0.048414748162031174,
    0.003504683030769229,
    0.07605436444282532,
    0.08166023343801498,
    -0.06570721417665482,
    0.04948098212480545,
    -0.012121370062232018,
    -0.03975072130560875,
    0.08409345149993896,
    0.11232633143663406,
    0.016027575358748436,
    0.02864707075059414,
    0.04410130903124809,
    -0.038991108536720276,
    0.027695948258042336,
    0.017781347036361694,
    0.038049329072237015,
    -0.01945265755057335,
    -0.07364656031131744,
    -0.06695830076932907,
    -0.0027834055945277214,
    0.07983426004648209,
    0.011719923466444016,
    -0.06983382254838943,
    -0.006992575246840715,
    0.007928509265184402,
    -0.04193523898720741,
    0.05411296710371971,
    -0.014164146967232227,
    0.016876446083188057,
    -0.07277771830558777,
    0.07264526188373566,
    -0.02583896741271019,
    -0.01924331672489643,
    0.014412157237529755,
    0.03366794064640999,
    -0.03457801789045334,
    0.06090140715241432,
    -0.032562363892793655,
    -0.005163256544619799,
    0.011764014139771461,
    -0.003920902032405138,
    0.0006313749472610652,
    0.005796961020678282,
    -0.015962796285748482,
    -0.020428653806447983,
    0.019559476524591446,
    -0.008439222350716591,
    0.01022826973348856,
    0.06172550097107887,
    -0.007508785929530859,
    -0.02621864341199398,
    0.09169925004243851,
    -0.056144945323467255,
    0.10226912796497345,
    -0.02323230355978012,
    0.014588644728064537,
    0.028144950047135353,
    -0.05983002856373787,
    0.029984692111611366,
    0.00933120958507061,
    -0.024745402857661247,
    -0.018876388669013977,
    0.002909960923716426,
    -0.0018823107238858938,
    -0.04988092929124832,
    0.01164790615439415,
    -0.04675035923719406,
    0.010481288656592369,
    0.03642359375953674,
    -0.03454485163092613,
    0.10207704454660416,
    0.028618065640330315,
    -0.04314298927783966,
    0.017283637076616287,
    -0.0695570632815361,
    0.06866326183080673,
    0.015032311901450157,
    0.03559688851237297,
    -0.020774781703948975,
    0.05962982401251793,
    -0.018317382782697678,
    0.040576737374067307,
    0.006596274673938751,
    -0.04621409997344017,
    0.08797755092382431,
    0.02173124998807907,
    -0.018883220851421356,
    -0.0016731502255424857,
    0.020672617480158806,
    0.04596073925495148,
    0.01670217514038086,
    -0.03239244595170021,
    -0.005348174832761288,
    -0.021922310814261436,
    0.01772758737206459,
    0.0200644601136446,
    -0.002131482819095254,
    0.04075264930725098,
    0.06840287894010544,
    0.0004954656469635665,
    0.044121142476797104,
    0.01337970420718193,
    -0.026135077700018883,
    0.01806638576090336,
    -0.015910807996988297,
    -0.0028501315973699093,
    0.009551175870001316,
    0.013552761636674404,
    -0.043291836977005005,
    0.03663407638669014,
    0.015258553437888622,
    0.043896812945604324,
    0.02516770362854004,
    0.057310331612825394,
    0.0395662747323513,
    0.026174653321504593,
    0.04585952311754227,
    -0.016893386840820312,
    -0.03765205666422844,
    -0.011307519860565662,
    0.03757629916071892,
    -0.015745194628834724,
    0.013509070500731468,
    0.004268399439752102,
    0.04801451414823532,
    0.030964398756623268,
    -0.007513817399740219,
    0.049524374306201935,
    -0.030264638364315033,
    0.0066751535050570965,
    -0.03331413120031357,
    0.030672883614897728,
    -0.11854424327611923,
    0.05545986071228981,
    -0.04763159528374672,
    0.061472270637750626,
