{
  "embedding_files": [
    "gt_69.1s_f66.jpg",
    "gt_35.4s_f32.jpg",
    "gt_213.3s_f191.jpg",
    "gt_2.0s_f3.jpg",
    "gt_140.2s_f133.jpg"
  ],
  "backup_files": [
    "gt_102.8s_f99.jpg"
  ],
  "scores": {
    "gt_69.1s_f66.jpg": 3.2252,
    "gt_35.4s_f32.jpg": 3.1313,
    "gt_2.0s_f3.jpg": 2.9824,
    "gt_102.8s_f99.jpg": 2.7907,
    "gt_140.2s_f133.jpg": 2.849,
    "gt_213.3s_f191.jpg": 3.0304
  },
  "approved_files": [
    "gt_69.1s_f66.jpg",
    "gt_35.4s_f32.jpg",
    "gt_213.3s_f191.jpg",
    "gt_2.0s_f3.jpg",
    "gt_140.2s_f133.jpg",
    "gt_102.8s_f99.jpg"
  ],
  "mean_embedding": [
    0.03565941005945206,
    -0.04632273688912392,
    -0.05237634852528572,
    0.006655304692685604,
    -0.01866621896624565,
    0.08287179470062256,
    -0.04823450744152069,
    0.033970464020967484,
    -0.02612617425620556,
    0.03760886192321777,
    0.11030953377485275,
    -0.003537204582244158,
    0.011582904495298862,
    0.005505536217242479,
    -0.0266970694065094,
    -0.05488789826631546,
    -0.06628503650426865,
    -0.06710077822208405,
    -0.034032758325338364,
    -0.009114583022892475,
    -0.00825711339712143,
    -0.06400514394044876,
    0.024943288415670395,
    -0.04314243420958519,
    -0.028205065056681633,
    -0.020757071673870087,
    0.006321565248072147,
    -0.08276521414518356,
    -0.021680891513824463,
    0.01271495409309864,
    0.02099415846168995,
    -0.05730041116476059,
    0.007377931848168373,
    -0.00514993304386735,
    0.005227194167673588,
    -0.059998318552970886,
    -0.06672626733779907,
    -0.04595673829317093,
    0.010578467510640621,
    0.0034574128221720457,
    0.010499953292310238,
    0.04172971099615097,
    -0.007299991324543953,
    0.04736951366066933,
    -0.018005652353167534,
    0.07209675014019012,
    0.0394514724612236,
    -0.028019916266202927,
    -0.041564278304576874,
    -0.04852893948554993,
    0.0037592120934277773,
    0.005102875176817179,
    -0.03203558176755905,
    -0.04443557932972908,
    0.004596945829689503,
    0.026768069714307785,
    -0.03297306224703789,
    -0.040739428251981735,
    0.022265378385782242,
    -0.008976255543529987,
    0.032378412783145905,
    -0.04088175669312477,
    -0.09810762852430344,
    -0.013601557351648808,
    0.022821877151727676,
    0.02829735353589058,
    0.008657561615109444,
    -0.0299927219748497,
    0.029556363821029663,
    0.00984232872724533,
    0.08335777372121811,
    -0.06808317452669144,
    0.0001431650889571756,
    -0.0386236347258091,
    0.053458962589502335,
    -0.005463005043566227,
    -0.055352065712213516,
    -0.024392616003751755,
    -0.00590955326333642,
    0.0781627669930458,
    0.055254243314266205,
    -0.03567182645201683,
    -0.01798771508038044,
    -0.043432705104351044,
    0.00643887696787715,
    0.002532508922740817,
    -0.02873397432267666,
    0.010976175777614117,
    -0.0340530201792717,
    0.016206463798880577,
    0.01849168725311756,
    0.0012750683818012476,
    0.029552143067121506,
    0.047970402985811234,
    -0.058986179530620575,
    -0.0624786876142025,
    -0.016227031126618385,
    -0.026036357507109642,
    0.015687527135014534,
    -0.0019277796382084489,
    -0.020671645179390907,
    -0.05714983493089676,
    0.048607464879751205,
    0.045550789684057236,
    -0.0010067172115668654,
    0.02105073630809784,
    -0.024974506348371506,
    -0.02812514267861843,
    0.01728047803044319,
    0.0647946447134018,
    -0.026372047141194344,
    -0.12903232872486115,
    0.0833461806178093,
    0.11656127125024796,
    0.04561904817819595,
    -0.09772270172834396,
    0.029827509075403214,
    -0.07068745046854019,
    -0.013155344873666763,
    -0.0373445563018322,
    -0.0001719453721307218,
    0.006385783199220896,
    0.0021720256190747023,
    0.09339430183172226,
    -0.11263763159513474,
    -0.01610756106674671,
    -0.0041274214163422585,
    0.05722484365105629,
    0.08505885303020477,
    -0.02346610836684704,
    -0.05680723860859871,
    0.025080425664782524,
    -0.06248273700475693,
    -0.004991141613572836,
    0.003035015659406781,
    -0.023910781368613243,
    -0.0017973800422623754,
    -0.007515068631619215,
    0.046787966042757034,
    0.03784907981753349,
    0.0664559006690979,
    0.0414002500474453,
    0.03161860257387161,
    0.03583623468875885,
    -0.007742041256278753,
    0.005737578961998224,
    0.019283348694443703,
    0.03632950410246849,
    0.020507408306002617,
    0.07323458790779114,
    0.056534845381975174,
    -0.024172136560082436,
    0.001522427424788475,
    -0.06082818657159805,
    0.03528132289648056,
    -0.04088238999247551,
    -0.001680922694504261,
    0.02804356813430786,
    -0.0771646499633789,
    -0.022086191922426224,
    0.06689921766519547,
    -0.03029184229671955,
    -0.009808295406401157,
    -0.023883579298853874,
    0.01674051396548748,
    0.010358077473938465,
    -0.009273186326026917,
    0.1021609753370285,
    -0.029184287413954735,
    -0.02900880016386509,
    0.0666658878326416,
    -0.014890328980982304,
    -0.039243362843990326,
    0.009404725395143032,
    0.0749160572886467,
    -0.044025734066963196,
    0.0908605232834816,
    -0.034995585680007935,
    0.034960124641656876,
    0.030398407950997353,
    0.08100990951061249,
    -0.0496477335691452,
    -0.0016752261435613036,
    -0.012277073226869106,
    0.021523166447877884,
    -0.045771315693855286,
    0.017421560361981392,
    0.00016635865904390812,
    0.002675920259207487,
    -0.06395378708839417,
    0.026584481820464134,
    -0.017963837832212448,
    0.034219395369291306,
    -0.010278237983584404,
    -0.06123662367463112,
    -0.026399357244372368,
    -0.00059909449191764,
    -0.02154262363910675,
    -0.038571786135435104,
    -0.0139538012444973,
    0.06247025728225708,
    -0.03296604007482529,
    -0.03309112787246704,
    -0.056965794414281845,
    0.02848324365913868,
    -0.03125057741999626,
    0.015394840389490128,
    -0.027902420610189438,
    -0.006578557193279266,
    -0.02860296703875065,
    -0.03268837556242943,
    0.03537227585911751,
    0.022111685946583748,
    0.001586821163073182,
    -0.034319404512643814,
    0.051715556532144547,
    0.00877684261649847,
    -0.001134801423177123,
    -0.0032283610198646784,
    -0.027489859610795975,
    0.015722356736660004,
    -0.0660947859287262,
    0.03662305697798729,
    -0.06035245209932327,
    0.05467873811721802,
    0.0020823769737035036,
    0.035029321908950806,
    0.05976440757513046,
    -0.043127622455358505,
    -0.0728430449962616,
    0.06758890300989151,
    -0.015771642327308655,
    0.0691748708486557,
    0.0029106822330504656,
    0.011589576490223408,
    0.04420412331819534,
    0.06135030463337898,
    0.01666928268969059,
    -0.05295748636126518,
    -0.03965698182582855,
    -0.028661947697401047,
    -0.0722990334033966,
    0.04758279398083687,
    -0.043773308396339417,
    0.05055457353591919,
    -0.0547575019299984,
    0.020660437643527985,
    -0.014466420747339725,
    -0.025339750573039055,
    0.020128145813941956,
    0.002624945482239127,
    -0.03750588372349739,
    0.0017703475896269083,
    -0.05370376631617546,
    -0.10064943134784698,
    -0.07761967182159424,
    0.007173798978328705,
    0.02967529557645321,
    -0.02964159846305847,
    -0.03977357968688011,
    0.012292079627513885,
    -0.03780364617705345,
    0.03260454162955284,
    0.027765881270170212,
    0.046715233474969864,
    0.005403842777013779,
    -0.03266293928027153,
    -0.00026329292450100183,
    -0.07014674693346024,
    -0.008443507365882397,
    -0.008506241254508495,
    -0.013293248601257801,
    -0.01949193701148033,
    0.10143020004034042,
    -0.0696134865283966,
    -0.05855085328221321,
    -0.028458869084715843,
    0.040763165801763535,
    0.021712644025683403,
    -0.06626950204372406,
    -0.015089656226336956,
    0.012620646506547928,
    0.008721507154405117,
    -0.044439543038606644,
