{
  "embedding_files": [
    "gt_67.2s_f13.jpg",
    "gt_310.5s_f5.jpg",
    "gt_212.6s_f221.jpg",
    "gt_101.7s_f58.jpg",
    "gt_1051.3s_f139.jpg",
    "gt_128.3s_f92.jpg",
    "gt_145.3s_f126.jpg",
    "gt_86.3s_f36.jpg"
  ],
  "backup_files": [
    "gt_589.5s_f56.jpg",
    "gt_742.8s_f79.jpg"
  ],
  "scores": {
    "gt_310.5s_f5.jpg": 46.1928,
    "gt_589.5s_f56.jpg": 31.5712,
    "gt_742.8s_f79.jpg": 29.9018,
    "gt_1051.3s_f139.jpg": 31.7393,
    "gt_145.3s_f126.jpg": 27.0503,
    "gt_128.3s_f92.jpg": 25.9535,
    "gt_212.6s_f221.jpg": 44.0927,
    "gt_67.2s_f13.jpg": 53.5444,
    "gt_101.7s_f58.jpg": 36.1473,
    "gt_86.3s_f36.jpg": 27.6975
  },
  "approved_files": [
    "gt_310.5s_f5.jpg",
    "gt_1051.3s_f139.jpg",
    "gt_589.5s_f56.jpg",
    "gt_742.8s_f79.jpg",
    "gt_101.7s_f58.jpg",
    "gt_128.3s_f92.jpg",
    "gt_145.3s_f126.jpg",
    "gt_212.6s_f221.jpg",
    "gt_67.2s_f13.jpg",
    "gt_86.3s_f36.jpg"
  ],
  "mean_embedding": [
    0.040777646005153656,
    -0.03915795683860779,
    0.04548867046833038,
    -0.015283280052244663,
    0.06185734272003174,
    -0.04560511186718941,
    -0.05380810797214508,
    -0.000107602245407179,
    -0.06272394955158234,
    -0.009438399225473404,
    -0.03927481174468994,
    0.009625247679650784,
    -0.04530277103185654,
    -0.03769154101610184,
    0.03336326405405998,
    -0.00020129176846239716,
    0.029849829152226448,
    -0.010709081776440144,
    0.03438965603709221,
    -0.026239195838570595,
    0.011847780086100101,
    0.01567544788122177,
    -0.02687176875770092,
    0.020075980573892593,
    0.06157359853386879,
    -0.03689367324113846,
    -0.07980027794837952,
    -0.06703906506299973,
    0.07629992812871933,
    -0.06671964377164841,
    -0.03740840405225754,
    -0.043434999883174896,
    0.03893120214343071,
    -0.012736815959215164,
    -0.007775881793349981,
    0.039868876338005066,
    -0.0727589875459671,
    -0.04961040988564491,
    -0.06329936534166336,
    0.07521352916955948,
    0.02026461251080036,
    -0.06428344547748566,
    -0.07415775209665298,
    0.023778218775987625,
    0.006542595103383064,
    -0.01700861006975174,
    0.026307009160518646,
    0.06793267279863358,
    -0.016517357900738716,
    0.042235929518938065,
    0.03708741441369057,
    0.0014912983169779181,
    -0.0026733099948614836,
    0.038644347339868546,
    -0.006100744474679232,
    0.08954707533121109,
    -0.025501471012830734,
    0.0155758336186409,
    0.012600123882293701,
    -0.056699953973293304,
    -0.04192186892032623,
    0.010526035912334919,
    -0.07406045496463776,
    -0.009786926209926605,
    0.0726717934012413,
    -0.023230191320180893,
    -0.00944515410810709,
    -0.028982769697904587,
    0.02841148152947426,
    -0.043652962893247604,
    -0.000802466063760221,
    0.01633872650563717,
    0.03347264975309372,
    0.01756429858505726,
    -0.04314012452960014,
    0.03262443467974663,
    0.036031194031238556,
    -0.033260125666856766,
    0.03888056427240372,
    -0.017793988808989525,
    -0.006495727226138115,
    -0.08112636208534241,
    -0.06803009659051895,
    0.006105257198214531,
    -0.0879143700003624,
    0.022916486486792564,
    0.021790627390146255,
    -0.04889892414212227,
    0.04263875260949135,
    -0.04055378586053848,
    0.07716210186481476,
    -0.007825268432497978,
    -0.043099794536828995,
    -0.04704772308468819,
    -0.0630933865904808,
    -0.036388546228408813,
    0.012238671071827412,
    -0.02919146791100502,
    -0.05530472472310066,
    -0.05002564564347267,
    -0.045032598078250885,
    0.0587238110601902,
    0.021398497745394707,
    0.07877029478549957,
    0.10965675115585327,
    0.05468856915831566,
    0.022504117339849472,
    0.0011934692738577724,
    0.016862820833921432,
    0.0028322292491793633,
    -0.020271316170692444,
    0.022255457937717438,
    0.05202439799904823,
    -0.08008500933647156,
    0.047748543322086334,
    0.020620223134756088,
    0.02220609039068222,
    0.039794858545064926,
    -0.08846805989742279,
    0.009762758389115334,
    0.029424220323562622,
    0.02434057556092739,
    -0.012056580744683743,
    0.00433121295645833,
    -2.102603502862621e-05,
    0.07234558463096619,
    -0.016938937827944756,
    -0.002635388169437647,
    0.03392713516950607,
    0.016827870160341263,
    0.042620155960321426,
    0.05091071128845215,
    -0.06651049107313156,
    -0.0560784637928009,
    -0.03272479400038719,
    -0.052114732563495636,
    0.01773015968501568,
    0.0019262825371697545,
    -0.03279394283890724,
    0.035857509821653366,
    0.03956430032849312,
    -0.04347740858793259,
    -0.015016108751296997,
    -0.03242916613817215,
    -0.028530564159154892,
    0.05094416067004204,
    -0.051054760813713074,
    -0.0006995378062129021,
    0.022084800526499748,
    -0.028965355828404427,
    0.0038202472496777773,
    -0.04375218227505684,
    0.002784530632197857,
    -0.06276898831129074,
    0.04258285090327263,
    0.03689415752887726,
    -0.07771175354719162,
    -0.06800254434347153,
    0.011101649142801762,
    0.06468823552131653,
    0.01151878573000431,
    0.055365465581417084,
    -0.06407743692398071,
    0.024703411385416985,
    -0.048166222870349884,
    0.07018013298511505,
    -0.0025662940461188555,
    -0.007666098419576883,
    -0.03638294339179993,
    -0.03711259737610817,
    0.04791731387376785,
    0.02800324372947216,
    -0.010890224017202854,
    0.024693166837096214,
    0.023740805685520172,
    -0.028893601149320602,
    0.0009159279288724065,
    0.023516986519098282,
    0.05867861956357956,
    0.07649287581443787,
    0.009132160805165768,
    -0.030446786433458328,
    -0.06925421208143234,
    0.0002861454850062728,
    -0.09305323660373688,
    -0.022537510842084885,
    0.002595266094431281,
    -0.06707543879747391,
    0.02262606844305992,
    -0.02877095527946949,
    -0.01730947010219097,
    0.00031172228045761585,
    -0.04627589136362076,
    0.03511063754558563,
    0.04395204782485962,
    -0.07307843118906021,
    0.06806507706642151,
    -0.09840432554483414,
    -0.022486135363578796,
    -0.013723350130021572,
    0.06831714510917664,
    -0.022622084245085716,
    -0.06916002929210663,
    0.016160234808921814,
    0.06915925443172455,
    0.04891839250922203,
    0.0015653639566153288,
    0.05675702542066574,
    -0.07873635739088058,
    -0.016081754118204117,
    0.06098693981766701,
    0.031811606138944626,
    0.022320391610264778,
    -0.006850953679531813,
    0.015247244387865067,
    0.026559194549918175,
    -0.024365317076444626,
    -0.009530294686555862,
    -0.008870902471244335,
    0.003813104471191764,
    -0.006292226258665323,
    0.005257821176201105,
    -0.04724687710404396,
    -0.021599819883704185,
    0.08753085881471634,
    -0.0004519159556366503,
    -0.011077728122472763,
    0.13045990467071533,
    0.0654381513595581,
    -0.05186546593904495,
    -0.06820262968540192,
    -0.05188927426934242,
    0.04714357480406761,
    -0.023867109790444374,
    0.05748423561453819,
    0.036601316183805466,
    0.0027967551723122597,
    -0.05745075270533562,
    -0.012642445042729378,
    -0.008107048459351063,
    -0.02372002974152565,
    -0.02226591296494007,
    -0.030158331617712975,
    -0.03087347373366356,
    0.02504182979464531,
    -0.02938114106655121,
    0.023413514718413353,
    -0.027821606025099754,
    0.07506324350833893,
    -0.04414692521095276,
    0.1123763918876648,
    0.02289319969713688,
    0.03231098875403404,
    0.03270300477743149,
    -0.023853866383433342,
    0.02983231469988823,
    -0.011409426108002663,
    0.0325908362865448,
    0.041479915380477905,
    -0.002540650311857462,
    0.030564894899725914,
    -0.034996408969163895,
    -0.022498570382595062,
    -0.015070334076881409,
    0.015459722839295864,
    0.03752007707953453,
    -0.02600156143307686,
    -0.02349139377474785,
    0.04529920965433121,
    0.025130746886134148,
