{
  "embedding_files": [
    "gt_67.2s_f13.jpg",
    "gt_310.5s_f5.jpg",
    "gt_212.6s_f221.jpg",
    "gt_101.7s_f58.jpg",
    "gt_1051.3s_f139.jpg"
  ],
  "backup_files": [
    "gt_128.3s_f92.jpg",
    "gt_145.3s_f126.jpg",
    "gt_589.5s_f56.jpg",
    "gt_742.8s_f79.jpg",
    "gt_86.3s_f36.jpg"
  ],
  "scores": {
    "gt_310.5s_f5.jpg": 46.1928,
    "gt_589.5s_f56.jpg": 31.5712,
    "gt_742.8s_f79.jpg": 29.9018,
    "gt_1051.3s_f139.jpg": 31.7393,
    "gt_145.3s_f126.jpg": 27.0503,
    "gt_128.3s_f92.jpg": 25.9535,
    "gt_212.6s_f221.jpg": 44.0927,
    "gt_67.2s_f13.jpg": 53.5444,
    "gt_101.7s_f58.jpg": 36.1473,
    "gt_86.3s_f36.jpg": 27.6975
  },
  "approved_files": [
    "gt_310.5s_f5.jpg",
    "gt_1051.3s_f139.jpg",
    "gt_589.5s_f56.jpg",
    "gt_742.8s_f79.jpg",
    "gt_101.7s_f58.jpg",
    "gt_128.3s_f92.jpg",
    "gt_145.3s_f126.jpg",
    "gt_212.6s_f221.jpg",
    "gt_67.2s_f13.jpg",
    "gt_86.3s_f36.jpg"
  ],
  "mean_embedding": [
    0.043693143874406815,
    -0.04613824933767319,
    0.03836361691355705,
    -0.006491256412118673,
    0.054083455353975296,
    -0.05369499698281288,
    -0.05357184633612633,
    -0.00770623330026865,
    -0.05500820279121399,
    -0.002772850915789604,
    -0.043510422110557556,
    0.004302745219320059,
    -0.043090324848890305,
    -0.040298692882061005,
    0.031047170981764793,
    0.0069551412016153336,
    0.026098718866705894,
    -0.007931568659842014,
    0.02801593579351902,
    -0.024127211421728134,
    0.010000891052186489,
    0.023265499621629715,
    -0.02228410355746746,
    0.02952282875776291,
    0.05831506475806236,
    -0.039176300168037415,
    -0.07648860663175583,
    -0.04816175252199173,
    0.0715389996767044,
    -0.07188049703836441,
    -0.03743321821093559,
    -0.052617669105529785,
    0.03863665461540222,
    -0.02355658821761608,
    -0.003739830106496811,
    0.03989333286881447,
    -0.06206737086176872,
    -0.04611623287200928,
    -0.07151607424020767,
    0.0816376805305481,
    0.020775824785232544,
    -0.06209038943052292,
    -0.08069944381713867,
    0.013934951275587082,
    0.0053185089491307735,
    -0.014811945147812366,
    0.02085188589990139,
    0.0665874257683754,
    -0.009732895530760288,
    0.04030269756913185,
    0.032342128455638885,
    0.004607280716300011,
    0.003568544751033187,
    0.03506271541118622,
    -0.011248642578721046,
    0.09447402507066727,
    -0.01973096653819084,
    0.01720801554620266,
    0.021037640050053596,
    -0.06120655685663223,
    -0.0388697125017643,
    0.013014037162065506,
    -0.07752268761396408,
    -0.019530391320586205,
    0.07191209495067596,
    -0.02929655835032463,
    -0.004267306067049503,
    -0.02175219915807247,
    0.03493829444050789,
    -0.04808381199836731,
    -0.005672617815434933,
    0.01894577220082283,
    0.023490380495786667,
    0.013501531444489956,
    -0.03478333726525307,
    0.03519866243004799,
    0.03100142814218998,
    -0.04652624949812889,
    0.04103902354836464,
    -0.010650313459336758,
    -0.00798406358808279,
    -0.07262933254241943,
    -0.05368099734187126,
    0.011993070133030415,
    -0.08513420075178146,
    0.018455246463418007,
    0.018380168825387955,
    -0.044129226356744766,
    0.053694162517786026,
    -0.032863400876522064,
    0.08018741011619568,
    -0.01610661670565605,
    -0.0495988167822361,
    -0.04830699414014816,
    -0.06487704068422318,
    -0.03247857093811035,
    0.010240932926535606,
    -0.028731051832437515,
    -0.06061331182718277,
    -0.04695872589945793,
    -0.04327809065580368,
    0.06234204024076462,
    0.027933457866311073,
    0.08278153091669083,
    0.10085944831371307,
    0.05713836848735809,
    0.026457564905285835,
    -0.002883982378989458,
    0.016475770622491837,
    -0.0064685530960559845,
    -0.011517508886754513,
    0.02777032181620598,
    0.041155725717544556,
    -0.07950599491596222,
    0.05193199962377548,
    0.018249455839395523,
    0.015549834817647934,
    0.03775843605399132,
    -0.09804289788007736,
    0.010230005718767643,
    0.02804510109126568,
    0.028787199407815933,
    -0.007536993362009525,
    -0.0033295697066932917,
    0.006516552530229092,
    0.06730015575885773,
    -0.018824493512511253,
    -0.00989115983247757,
    0.04292357340455055,
    0.017497731372714043,
    0.03882842883467674,
    0.04717906191945076,
    -0.05807025358080864,
    -0.06532584875822067,
    -0.020235517993569374,
    -0.04067849740386009,
    0.01758754812180996,
    -0.003816328477114439,
    -0.02362396940588951,
    0.032489676028490067,
    0.05039123073220253,
    -0.047025132924318314,
    -0.00526706175878644,
    -0.03481514751911163,
    -0.01535779982805252,
    0.05500517785549164,
    -0.05187784507870674,
    -0.007014114409685135,
    0.02373640052974224,
    -0.03558631241321564,
    0.0004946422413922846,
    -0.043583743274211884,
    0.009768973104655743,
    -0.07491045445203781,
    0.047555360943078995,
    0.032083429396152496,
    -0.08364449441432953,
    -0.07297603785991669,
    0.007005620282143354,
    0.06676739454269409,
    0.011450672522187233,
    0.054687462747097015,
    -0.0668671578168869,
    0.019656071439385414,
    -0.04821276664733887,
    0.07196404784917831,
    -0.008766326121985912,
    -0.0023113074712455273,
    -0.038255058228969574,
    -0.04468659684062004,
    0.04113810136914253,
    0.027986064553260803,
    -0.00359165552072227,
    0.0294980239123106,
    0.02834848314523697,
    -0.025468338280916214,
    -0.006640130653977394,
    0.02036311849951744,
    0.05528975650668144,
    0.08936025947332382,
    0.012046710588037968,
    -0.036940835416316986,
    -0.06455005705356598,
    -0.0048315273597836494,
    -0.09979678690433502,
    -0.01398154441267252,
    0.010172480717301369,
    -0.05445007607340813,
    0.01985931023955345,
    -0.03997168689966202,
    -0.0010071656433865428,
    -0.01451850775629282,
    -0.04501943290233612,
    0.02781413123011589,
    0.04380730912089348,
    -0.06679731607437134,
    0.062167681753635406,
    -0.09681045264005661,
    -0.03661531209945679,
    -0.025504348799586296,
    0.07064362615346909,
    -0.038076773285865784,
    -0.06757848709821701,
    0.020473767071962357,
    0.0739208459854126,
    0.04651184007525444,
    0.006075920071452856,
    0.0598648265004158,
    -0.07500752061605453,
    -0.011317307129502296,
    0.05351855605840683,
    0.02862049825489521,
    0.010960248298943043,
    0.0003559236356522888,
    0.027031872421503067,
    0.03399786725640297,
    -0.025540806353092194,
    -0.0036690784618258476,
    -0.011599943041801453,
    0.005738227162510157,
    -0.0043426379561424255,
    0.020531104877591133,
    -0.03879806771874428,
    -0.018135100603103638,
    0.07770130038261414,
    -0.0050451974384486675,
    -0.009607698768377304,
    0.12983335554599762,
    0.0669960007071495,
    -0.046723321080207825,
    -0.06553592532873154,
    -0.05043138936161995,
    0.037633419036865234,
    -0.026588259264826775,
    0.05946009233593941,
    0.04232700541615486,
    -0.000635430624242872,
    -0.057948142290115356,
    -0.01218146551400423,
    -0.004523077514022589,
    -0.018087340518832207,
    -0.026479100808501244,
    -0.03568687662482262,
    -0.04029688984155655,
    0.022601503878831863,
    -0.030159328132867813,
    0.024295812472701073,
    -0.029133528470993042,
    0.06847764551639557,
    -0.04655304551124573,
    0.11030831187963486,
    0.02673592045903206,
    0.029782578349113464,
    0.03314785286784172,
    -0.018292179331183434,
    0.037919338792562485,
    -0.002809481928125024,
    0.04139569401741028,
    0.044213905930519104,
    -0.0028775320388376713,
    0.030414428561925888,
    -0.03649209439754486,
    -0.030125098302960396,
    -0.01917319744825363,
    0.01036248728632927,
    0.041590750217437744,
    -0.02324155904352665,
    -0.019688187167048454,
    0.03877217322587967,
    0.013276438228785992,
