{
  "embedding_files": [
    "new_1776234346637_gt_383.1s_f59.jpg",
    "new_1776234346637_gt_2.1s_f0.jpg",
    "new_1776234346637_gt_589.1s_f105.jpg",
    "new_1776234346637_gt_503.3s_f75.jpg",
    "gt_132.1s_f76.jpg",
    "gt_104.1s_f58.jpg",
    "gt_54.7s_f15.jpg",
    "gt_87.6s_f32.jpg",
    "gt_89.2s_f59.jpg"
  ],
  "backup_files": [
    "gt_26.2s_f24.jpg"
  ],
  "scores": {
    "gt_132.1s_f76.jpg": 26.0343,
    "gt_26.2s_f24.jpg": 16.5328,
    "gt_89.2s_f59.jpg": 24.5587,
    "gt_54.7s_f15.jpg": 20.5204,
    "new_1776234346637_gt_2.1s_f0.jpg": 104.5635,
    "new_1776234346637_gt_383.1s_f59.jpg": 116.3987,
    "new_1776234346637_gt_503.3s_f75.jpg": 35.8867,
    "new_1776234346637_gt_589.1s_f105.jpg": 45.229,
    "gt_104.1s_f58.jpg": 25.8655,
    "gt_87.6s_f32.jpg": 20.4715
  },
  "approved_files": [
    "gt_132.1s_f76.jpg",
    "gt_26.2s_f24.jpg",
    "new_1776234346637_gt_2.1s_f0.jpg",
    "new_1776234346637_gt_383.1s_f59.jpg",
    "new_1776234346637_gt_503.3s_f75.jpg",
    "new_1776234346637_gt_589.1s_f105.jpg",
    "gt_104.1s_f58.jpg",
    "gt_54.7s_f15.jpg",
    "gt_87.6s_f32.jpg",
    "gt_89.2s_f59.jpg"
  ],
  "mean_embedding": [
    0.04917459562420845,
    -0.054145507514476776,
    -0.021560771390795708,
    0.018891235813498497,
    -0.01353825069963932,
    -0.008163930848240852,
    0.0001290307700401172,
    0.05918184295296669,
    0.061087362468242645,
    0.02428087592124939,
    0.029286636039614677,
    -0.024524929001927376,
    0.06046615168452263,
    0.1007952094078064,
    0.005784300155937672,
    -0.04907284304499626,
    0.027613095939159393,
    0.0288358423858881,
    -0.03662530705332756,
    0.03204808384180069,
    0.028039991855621338,
    -0.06094638630747795,
    -0.05086895078420639,
    -0.01726103574037552,
    0.06273681670427322,
    -0.03564341738820076,
    -0.006059818435460329,
    -0.06305015087127686,
    -0.031202826648950577,
    0.07561621069908142,
    0.004655314609408379,
    0.022639308124780655,
    -0.06431414186954498,
    -0.04453594610095024,
    -0.024606673046946526,
    0.03702947869896889,
    0.05649891123175621,
    -0.038438957184553146,
    0.1251404732465744,
    0.002014563651755452,
    0.036530543118715286,
    0.007303948979824781,
    -0.07831848412752151,
    -0.03878403455018997,
    -0.0715840682387352,
    0.0955626592040062,
    -0.0776776373386383,
    -0.03466583788394928,
    0.0012067093048244715,
    -0.020298941060900688,
    -0.026264285668730736,
    0.020892107859253883,
    -0.030606433749198914,
    -0.016977384686470032,
    0.03243487328290939,
    0.004956350661814213,
    -0.006189499981701374,
    -0.012385489419102669,
    0.042815912514925,
    0.021566756069660187,
    0.018238060176372528,
    0.038798827677965164,
    -0.03306049853563309,
    -0.0012153080897405744,
    0.010148921050131321,
    0.036474116146564484,
    0.04613412171602249,
    -0.044727206230163574,
    0.06916548311710358,
    -0.01701335236430168,
    0.05219186097383499,
    0.048658400774002075,
    -0.01138627901673317,
    0.000264826143393293,
    0.055946726351976395,
    0.029823120683431625,
    0.1082543134689331,
    0.023603877052664757,
    -0.04026971384882927,
    -0.0737524926662445,
    0.029179323464632034,
    -0.075170136988163,
    -0.062160976231098175,
    -0.009131046012043953,
    0.08190667629241943,
    0.044418927282094955,
    0.03580242767930031,
    0.0018872740911319852,
    -0.021263258531689644,
    0.04535472393035889,
    -0.03279733285307884,
    0.023348284885287285,
    0.05868048593401909,
    0.0048370081931352615,
    0.009373518638312817,
    0.01609477773308754,
    0.04296690225601196,
    -0.06889132410287857,
    -0.03931855410337448,
    0.03949889540672302,
    0.03802219033241272,
    -0.013038854114711285,
    0.044750064611434937,
    -0.02244345098733902,
    0.009065152145922184,
    0.04386041685938835,
    -0.05698447301983833,
    -0.008931102231144905,
    0.023354772478342056,
    -0.0036825488787144423,
    -0.05481160059571266,
    -0.05030589923262596,
    -0.010360512882471085,
    0.022399581968784332,
    -0.008178778924047947,
    0.002726469887420535,
    -0.012634970247745514,
    0.02211226150393486,
    -0.00029137791716493666,
    0.10334917902946472,
    -0.012529361061751842,
    0.03552566468715668,
    -0.023806897923350334,
    0.014680742286145687,
    -0.03585943579673767,
    -0.04480260610580444,
    0.0658046081662178,
    -0.13146068155765533,
    -0.035142309963703156,
    0.028445014730095863,
    0.00877367053180933,
    -0.05592111125588417,
    0.04707019403576851,
    0.013855425640940666,
    -0.019916877150535583,
    -0.022469492629170418,
    -0.016462665051221848,
    -0.04834707826375961,
    -0.06749040633440018,
    0.017206722870469093,
    0.16256831586360931,
    0.03228021413087845,
    0.011604555882513523,
    -0.022924523800611496,
    0.03522912412881851,
    -0.024270646274089813,
    -0.07384706288576126,
    -0.005740579217672348,
    -0.0761386975646019,
    0.056563787162303925,
    -0.015414221212267876,
    0.027529316022992134,
    -0.04051337018609047,
    -0.037810008972883224,
    0.01548360101878643,
    -0.04888687655329704,
    0.00884302705526352,
    -0.032751522958278656,
    -0.03744271397590637,
    0.042195215821266174,
    -0.05205223336815834,
    0.02550174668431282,
    0.02607724443078041,
    0.09278793632984161,
    0.06229669973254204,
    0.01896856538951397,
    -0.0290017481893301,
    -0.027083931490778923,
    -0.03348265588283539,
    -0.03704391419887543,
    0.006051306612789631,
    -0.03757847473025322,
    0.06827384978532791,
    0.02770327962934971,
    -0.015167554840445518,
    0.0059707146137952805,
    0.004452900495380163,
    -0.025903962552547455,
    -0.02470722794532776,
    -0.02095744200050831,
    0.05144556239247322,
    -0.04471884295344353,
    0.008177978917956352,
    -0.04662097245454788,
    0.08225250244140625,
    -0.00853744987398386,
    0.022664858028292656,
    -0.007617702707648277,
    -0.03121880441904068,
    -0.02864573337137699,
    -0.009423154406249523,
    0.020305084064602852,
    0.032303232699632645,
    0.0015568609815090895,
    0.027982929721474648,
    0.021383903920650482,
    -0.021474651992321014,
    -0.004334939178079367,
    -0.059396494179964066,
    -0.010481988079845905,
    0.030192701146006584,
    -0.011209836229681969,
    -0.03455260396003723,
    0.010365060530602932,
    -0.03506685420870781,
    -0.029058711603283882,
    0.0099659888073802,
    0.04574025794863701,
    0.041252750903367996,
    -0.02681816555559635,
    -0.05132529139518738,
    -0.056494876742362976,
    -0.0061990609392523766,
    -0.05533957853913307,
    -0.07375754415988922,
    0.0001695202081464231,
    -0.0045204791240394115,
    -0.07809028774499893,
    0.015330429188907146,
    0.007903329096734524,
    -0.02752457559108734,
    0.01639527454972267,
    0.008609346114099026,
    -0.04329584538936615,
    -0.02642735466361046,
    0.040693093091249466,
    0.006619068328291178,
    0.045824963599443436,
    0.03817744925618172,
    -0.0020929935853928328,
    0.06808499991893768,
    0.011033985763788223,
    -0.04200592264533043,
    0.007305351085960865,
    -0.019875401630997658,
    0.03813142701983452,
    0.006291941273957491,
    -0.003323631826788187,
    0.009915702976286411,
    0.07229717820882797,
    -0.0002326987450942397,
    0.02055704966187477,
    -0.0036244899965822697,
    0.056507132947444916,
    0.0034722089767456055,
    -0.037235770374536514,
    0.04312191903591156,
    -0.021947119385004044,
    -0.028470255434513092,
    0.028338316828012466,
    -0.049581918865442276,
    0.005843259859830141,
    0.0082223666831851,
    0.001796618103981018,
    -0.05191521719098091,
    -0.017942063510417938,
    0.044316671788692474,
    -0.07344324141740799,
    -0.03905579447746277,
    -0.08974581211805344,
    -0.03657972812652588,
    -0.07873792201280594,
