{
  "embedding_files": [
    "gt_132.1s_f76.jpg",
    "gt_26.2s_f24.jpg",
    "gt_80.2s_f48.jpg",
    "gt_324.5s_f100.jpg",
    "gt_217.1s_f73.jpg"
  ],
  "backup_files": [
    "gt_117.2s_f18.jpg",
    "new_1776234346637_gt_2.1s_f0.jpg",
    "new_1776234346637_gt_383.1s_f59.jpg",
    "new_1776234346637_gt_503.3s_f75.jpg",
    "new_1776234346637_gt_589.1s_f105.jpg"
  ],
  "scores": {
    "gt_132.1s_f76.jpg": 26.0343,
    "gt_26.2s_f24.jpg": 16.5328,
    "gt_80.2s_f48.jpg": 15.8571,
    "gt_324.5s_f100.jpg": 13.9688,
    "gt_217.1s_f73.jpg": 2.0746,
    "gt_117.2s_f18.jpg": 1.8192
  },
  "approved_files": [
    "gt_132.1s_f76.jpg",
    "gt_26.2s_f24.jpg",
    "gt_80.2s_f48.jpg",
    "gt_324.5s_f100.jpg",
    "gt_217.1s_f73.jpg",
    "gt_117.2s_f18.jpg",
    "new_1776234346637_gt_2.1s_f0.jpg",
    "new_1776234346637_gt_383.1s_f59.jpg",
    "new_1776234346637_gt_503.3s_f75.jpg",
    "new_1776234346637_gt_589.1s_f105.jpg"
  ],
  "mean_embedding": [
    0.029391560703516006,
    -0.021278465166687965,
    0.0053903767839074135,
    -0.020696453750133514,
    -0.025059184059500694,
    -0.004761535674333572,
    0.03612086921930313,
    0.03284461423754692,
    0.05324413999915123,
    0.013881373219192028,
    0.06075315177440643,
    -0.06385884433984756,
    0.023501869291067123,
    0.06382947415113449,
    0.015238728374242783,
    -0.06667250394821167,
    0.000804283597972244,
    0.0405876599252224,
    -0.04312761873006821,
    0.048114657402038574,
    0.043890148401260376,
    -0.03166085109114647,
    -0.034416791051626205,
    -0.0012515244306996465,
    0.0029542797710746527,
    -0.03931969031691551,
    -0.04308481886982918,
    -0.1253124326467514,
    0.0009267661371268332,
    0.04926778003573418,
    -0.058562565594911575,
    0.006006551906466484,
    -0.038396432995796204,
    -0.03509650006890297,
    -0.025099409744143486,
    -0.019958535209298134,
    0.004294622223824263,
    -0.011873021721839905,
    0.10272017121315002,
    0.02491770125925541,
    -0.0018212856957688928,
    -0.0030194404534995556,
    -0.0663825199007988,
    0.006127981003373861,
    -0.06580287963151932,
    0.08231918513774872,
    -0.003961261361837387,
    -0.013261922635138035,
    0.007462026085704565,
    0.017996132373809814,
    -0.046268150210380554,
    0.013821063563227654,
    -0.04097567871212959,
    -0.032473500818014145,
    0.05789195001125336,
    0.02101636305451393,
    -0.023412615060806274,
    -0.03834960237145424,
    0.028701305389404297,
    0.02207946963608265,
    -0.020780760794878006,
    0.01558636873960495,
    -0.04706200957298279,
    0.0036583179607987404,
    -0.010724404826760292,
    -0.01948988065123558,
    0.0037834930699318647,
    -0.03744584694504738,
    0.06254350394010544,
    -0.028310084715485573,
    0.08119441568851471,
    0.015269123949110508,
    0.027508597820997238,
    -0.025730863213539124,
    -0.011075104586780071,
    0.043283700942993164,
    0.15478141605854034,
    0.04863862693309784,
    0.0008201041491702199,
    -0.053832195699214935,
    0.012594311498105526,
    -0.027071762830018997,
    -0.05036984384059906,
    -0.008171945810317993,
    0.06486175954341888,
    0.033663585782051086,
    0.030081091448664665,
    0.020979708060622215,
    0.003378473222255707,
    -0.011050106957554817,
    -0.02471809647977352,
    0.03997373580932617,
    0.030978232622146606,
    -0.00987855065613985,
    0.03656893968582153,
    -0.002867620438337326,
    0.03108399733901024,
    -0.04818496108055115,
    -0.012311608530580997,
    0.06119660660624504,
    0.10834717005491257,
    -0.00312156043946743,
    0.07789871096611023,
    0.018750973045825958,
    -0.03187796100974083,
    0.02623562328517437,
    -0.05646874010562897,
    -0.036202702671289444,
    0.03515947237610817,
    -0.0685819610953331,
    -0.035890623927116394,
    -0.06491615623235703,
    0.009355145506560802,
    0.03236595168709755,
    0.02424589917063713,
    -0.011378562077879906,
    0.025613408535718918,
    -0.01458353828638792,
    -0.013668680563569069,
    0.06282911449670792,
    -0.015597030520439148,
    0.030822644010186195,
    0.021976765245199203,
    0.01012569759041071,
    -0.06733360886573792,
    -0.048264190554618835,
    0.06348028779029846,
    -0.08627524226903915,
    -0.047015316784381866,
    0.012837762013077736,
    -0.0052155908197164536,
    -0.03507300093770027,
    0.0318780355155468,
    0.00895732082426548,
    -0.029126031324267387,
    -0.014618199318647385,
    -0.03250504657626152,
    -0.013330482877790928,
    -0.05957367643713951,
    0.05838116630911827,
    0.12628278136253357,
    -0.010870774276554585,
    0.019046204164624214,
    -0.023877030238509178,
    0.05206790193915367,
    -0.06990373879671097,
    -0.031360842287540436,
    -0.017510268837213516,
    -0.0592835359275341,
    -0.023428522050380707,
    -0.04292616620659828,
    -0.013842262327671051,
    -0.04008207470178604,
    -0.020523637533187866,
    -0.04365789517760277,
    -0.033983007073402405,
    0.03200262784957886,
    -0.045877646654844284,
    -0.023720962926745415,
    0.058291107416152954,
    -0.02047792635858059,
    0.017415985465049744,
    0.001504521700553596,
    0.11241794377565384,
    0.07734609395265579,
    0.05366899073123932,
    0.03172285109758377,
    -0.05218943953514099,
    -0.06411644071340561,
    0.023998688906431198,
    0.0029124279972165823,
    -0.01417792309075594,
    0.0665142759680748,
    0.03249255195260048,
    -0.012379656545817852,
    -0.0014570412458851933,
    -0.022049525752663612,
    -0.061388738453388214,
    -0.05708746239542961,
    -0.001578252762556076,
    0.06859767436981201,
    -0.03765011578798294,
    0.028304507955908775,
    -0.04185166954994202,
    0.05055586248636246,
    0.004688694607466459,
    0.012625058181583881,
    -0.020530501380562782,
    -0.0219251848757267,
    -0.004782042466104031,
    -0.012507795356214046,
    0.0033429046161472797,
    -0.007471491117030382,
    0.014173420146107674,
    -0.015063871629536152,
    0.005073308479040861,
    -0.009257436729967594,
    -0.03674587979912758,
    -0.03790580853819847,
    -0.009947698563337326,
    0.025641189888119698,
    0.006462562829256058,
    -0.016217008233070374,
    0.006190192420035601,
    -0.012192873284220695,
    0.004717275965958834,
    0.020449841395020485,
    0.05306200310587883,
    0.0067809526808559895,
    -0.05174018442630768,
    -0.01609254814684391,
    -0.04626231640577316,
    0.0003470050578471273,
    0.010995926335453987,
    -0.046558331698179245,
    0.018459312617778778,
    -0.01852801814675331,
    -0.11857345700263977,
    0.08930391818284988,
    0.03268834948539734,
    -0.04797528684139252,
    -0.005534936208277941,
    0.016329215839505196,
    -0.05847342684864998,
    0.03334672003984451,
    0.07075855880975723,
    -0.003899442031979561,
    0.06996555626392365,
    0.020173167809844017,
    0.015839504078030586,
    0.011148720048367977,
    -0.003607422113418579,
    -0.007793094031512737,
    0.05332835391163826,
    -0.046952586621046066,
    0.029795318841934204,
    0.0063462588004767895,
    0.0014907829463481903,
    0.07533430308103561,
    0.022783735767006874,
    -0.010368465445935726,
    -0.004125745035707951,
    -0.00650775246322155,
    0.04042407125234604,
    0.05037493631243706,
    0.003917991649359465,
    0.04145435616374016,
    -0.037837788462638855,
    -0.038347795605659485,
    0.006243282929062843,
    0.031134339049458504,
    0.00998827163130045,
    -0.01207108423113823,
    0.005974756088107824,
    -0.04931733384728432,
    -0.06718682497739792,
    0.013253635726869106,
    -0.0181422159075737,
    -0.06514130532741547,
    -0.0340367816388607,
    -0.038561269640922546,
    -0.03577294200658798,
    -0.04599935933947563,
    0.02885519526898861,
    -0.044951181858778,
    -0.0003341935225762427,
    0.007382364943623543,
    -0.041886694729328156,
    -0.013421204872429371,
