{
  "embedding_files": [
    "gt_132.1s_f76.jpg",
    "gt_26.2s_f24.jpg",
    "gt_80.2s_f48.jpg",
    "gt_324.5s_f100.jpg",
    "gt_217.1s_f73.jpg"
  ],
  "backup_files": [
    "gt_117.2s_f18.jpg",
    "new_1776234346637_gt_383.1s_f59.jpg",
    "new_1776234346637_gt_503.3s_f75.jpg",
    "new_1776234346637_gt_2.1s_f0.jpg",
    "new_1776234346637_gt_589.1s_f105.jpg"
  ],
  "scores": {
    "gt_132.1s_f76.jpg": 26.0343,
    "gt_26.2s_f24.jpg": 16.5328,
    "gt_80.2s_f48.jpg": 15.8571,
    "gt_324.5s_f100.jpg": 13.9688,
    "gt_217.1s_f73.jpg": 2.0746,
    "gt_117.2s_f18.jpg": 1.8192
  },
  "approved_files": [
    "gt_132.1s_f76.jpg",
    "gt_26.2s_f24.jpg",
    "gt_80.2s_f48.jpg",
    "gt_324.5s_f100.jpg",
    "gt_217.1s_f73.jpg",
    "gt_117.2s_f18.jpg",
    "new_1776234346637_gt_2.1s_f0.jpg",
    "new_1776234346637_gt_383.1s_f59.jpg",
    "new_1776234346637_gt_503.3s_f75.jpg",
    "new_1776234346637_gt_589.1s_f105.jpg"
  ],
  "mean_embedding": [
    0.023620573803782463,
    -0.01175933238118887,
    -0.023676184937357903,
    -0.013484036549925804,
    -0.026027148589491844,
    -0.010984716936945915,
    0.03558950871229172,
    0.005549985449761152,
    0.03227376565337181,
    -0.002044369000941515,
    0.06515075266361237,
    -0.07626767456531525,
    0.008719844743609428,
    0.03374103829264641,
    0.04710109159350395,
    -0.05356732755899429,
    0.01966898702085018,
    0.028286892920732498,
    -0.03349127620458603,
    0.03649289906024933,
    0.05761653557419777,
    -0.03896169364452362,
    -0.027964865788817406,
    0.002210452454164624,
    5.790318755316548e-05,
    -0.034368399530649185,
    -0.045193590223789215,
    -0.13044549524784088,
    0.00966239720582962,
    0.035084981471300125,
    -0.051934003829956055,
    0.015614928677678108,
    -0.028413718566298485,
    -0.018076304346323013,
    -0.03223784267902374,
    -0.025488970801234245,
    0.008655284531414509,
    0.01976783201098442,
    0.12125612050294876,
    0.025748342275619507,
    -0.002822902286425233,
    0.015478355810046196,
    -0.04514651000499725,
    0.006610375829041004,
    -0.06958913058042526,
    0.06360707432031631,
    0.012098205275833607,
    0.0007708808407187462,
    -0.0014596618711948395,
    0.02666296809911728,
    -0.04731457680463791,
    0.024401789531111717,
    -0.01919233798980713,
    -0.0738779604434967,
    0.0624065175652504,
    0.02187391370534897,
    -0.040052786469459534,
    -0.043890513479709625,
    0.0038708338979631662,
    0.012714525684714317,
    -0.02510778233408928,
    0.02076568640768528,
    -0.03854651376605034,
    0.01425731647759676,
    -0.013326631858944893,
    -0.027304720133543015,
    -0.02633112668991089,
    -0.046097926795482635,
    0.05428259074687958,
    -0.026891443878412247,
    0.09144715964794159,
    0.0005914735957048833,
    0.04518873617053032,
    -0.02172350324690342,
    -0.009037712588906288,
    0.053682584315538406,
    0.14984600245952606,
    0.043567683547735214,
    -0.00461765518411994,
    -0.06353249400854111,
    0.012832773849368095,
    0.0037081337068229914,
    -0.04196518659591675,
    -0.0015087794745340943,
    0.06707878410816193,
    0.045219067484140396,
    0.012043052352964878,
    0.03925754502415657,
    0.03059222549200058,
    -0.010362084023654461,
    -0.005466146860271692,
    0.06404117494821548,
    0.015279892832040787,
    -0.025366440415382385,
    0.025714479386806488,
    0.0012320596724748611,
    0.053837601095438004,
    -0.04772541671991348,
    0.0042096651159226894,
    0.04125247895717621,
    0.11754477024078369,
    -0.012770683504641056,
    0.0807032510638237,
    0.0348195806145668,
    -0.013990165665745735,
    0.018898136913776398,
    -0.059329621493816376,
    -0.04798020422458649,
    0.04031887277960777,
    -0.08555961400270462,
    -0.04662676528096199,
    -0.062210045754909515,
    0.001858939416706562,
    0.02728300727903843,
    0.002618311205878854,
    -0.018071338534355164,
    0.017288891598582268,
    0.007386095356196165,
    -0.013570216484367847,
    0.04238404333591461,
    -0.033180058002471924,
    0.003971675876528025,
    0.0668012946844101,
    0.01006560679525137,
    -0.069220632314682,
    -0.04096851125359535,
    0.06411126255989075,
    -0.07200692594051361,
    -0.03672117739915848,
    0.044212162494659424,
    -0.012284155935049057,
    -0.029926801100373268,
    0.01592164859175682,
    0.0022648898884654045,
    -0.03725782781839371,
    -0.022519677877426147,
    -0.02990034408867359,
    -0.020929254591464996,
    -0.06243551895022392,
    0.03883308172225952,
    0.10690725594758987,
    -0.02157854475080967,
    0.03598654642701149,
    -0.03736729919910431,
    0.03957602009177208,
    -0.06413787603378296,
    -0.028294114395976067,
    -0.02715357020497322,
    -0.07547610998153687,
    -0.035570189356803894,
    -0.02208137884736061,
    -0.021099887788295746,
    -0.06340842694044113,
    -0.014541578479111195,
    -0.07408949732780457,
    -0.01493940781801939,
    0.017312247306108475,
    -0.041824933141469955,
    -0.03532533347606659,
    0.06246650964021683,
    -0.02957797423005104,
    -0.0008498078095726669,
    -0.005559193901717663,
    0.13460075855255127,
    0.07996776700019836,
    0.04641026630997658,
    0.03696030005812645,
    -0.08003617823123932,
    -0.06524628400802612,
    0.059877410531044006,
    0.002793008228763938,
    -0.022442052140831947,
    0.07252296805381775,
    0.027606630697846413,
    -0.024418873712420464,
    -0.01175161823630333,
    -0.030341964215040207,
    -0.0608765184879303,
    -0.04609452933073044,
    0.011502106674015522,
    0.06378846615552902,
    -0.02483249455690384,
    0.02058260701596737,
    -0.04199860617518425,
    0.028958657756447792,
    -0.005980514455586672,
    0.011934506706893444,
    -0.008954226039350033,
    -0.015285113826394081,
    -0.001089709228836,
    -0.012861853465437889,
    0.006090153474360704,
    -0.011411464773118496,
    0.006984420586377382,
    -0.012157749384641647,
    0.009003214538097382,
    0.005319433752447367,
    -0.012263409793376923,
    -0.035875651985406876,
    -0.010639856569468975,
    0.03478291630744934,
    0.02238963171839714,
    -0.01368516031652689,
    -0.01565202698111534,
    -0.017733469605445862,
    0.028973976150155067,
    0.021074216812849045,
    0.07720696181058884,
    -0.02697860822081566,
    -0.007663368713110685,
    -0.018081972375512123,
    -0.04827626422047615,
    -0.027043990790843964,
    -0.007702074479311705,
    -0.05060040205717087,
    0.004522652830928564,
    -0.024789370596408844,
    -0.12751604616641998,
    0.07202862203121185,
    0.036328621208667755,
    -0.047706883400678635,
    -0.010456743650138378,
    0.007717381231486797,
    -0.06634552776813507,
    0.05212995782494545,
    0.06309352070093155,
    0.028981292620301247,
    0.04569244384765625,
    -0.001464879373088479,
    0.020894715562462807,
    0.006321661174297333,
    -0.013961839489638805,
    -0.02077811025083065,
    0.04804963245987892,
    -0.06225208193063736,
    0.035173606127500534,
    0.02290918491780758,
    0.0058154454454779625,
    0.09077828377485275,
    0.019013667479157448,
    -0.015464951284229755,
    0.006726901978254318,
    -0.007405336480587721,
    0.04407201707363129,
    0.049970805644989014,
    -0.01000162772834301,
    0.03619038686156273,
    -0.06889129430055618,
    -0.06207830086350441,
    0.0009737559012137353,
    0.06896119564771652,
    0.0038809424731880426,
    -0.01186254434287548,
    -0.0005488733295351267,
    -0.03841322660446167,
    -0.08226113021373749,
    -0.0006009466014802456,
    -0.024231182411313057,
    -0.06463498622179031,
    -0.028821244835853577,
    -0.045064788311719894,
    -0.04679591953754425,
    -0.02572675049304962,
    0.03402567654848099,
    -0.05522224307060242,
    0.00978804100304842,
    0.004259465262293816,
    -0.05809401348233223,
    -0.00922613125294447,
    -0.03459824249148369,
