{
  "embedding_files": [
    "gt_132.1s_f76.jpg",
    "gt_26.2s_f24.jpg",
    "gt_80.2s_f48.jpg",
    "gt_324.5s_f100.jpg",
    "gt_217.1s_f73.jpg"
  ],
  "backup_files": [
    "gt_117.2s_f18.jpg",
    "new_1776234346637_gt_2.1s_f0.jpg",
    "new_1776234346637_gt_383.1s_f59.jpg",
    "new_1776234346637_gt_503.3s_f75.jpg",
    "new_1776234346637_gt_589.1s_f105.jpg"
  ],
  "scores": {
    "gt_132.1s_f76.jpg": 26.0343,
    "gt_26.2s_f24.jpg": 16.5328,
    "gt_80.2s_f48.jpg": 15.8571,
    "gt_324.5s_f100.jpg": 13.9688,
    "gt_217.1s_f73.jpg": 2.0746,
    "gt_117.2s_f18.jpg": 1.8192
  },
  "approved_files": [
    "gt_132.1s_f76.jpg",
    "gt_26.2s_f24.jpg",
    "gt_80.2s_f48.jpg",
    "gt_324.5s_f100.jpg",
    "gt_217.1s_f73.jpg",
    "gt_117.2s_f18.jpg",
    "new_1776234346637_gt_2.1s_f0.jpg",
    "new_1776234346637_gt_383.1s_f59.jpg",
    "new_1776234346637_gt_503.3s_f75.jpg",
    "new_1776234346637_gt_589.1s_f105.jpg"
  ],
  "mean_embedding": [
    0.023597877472639084,
    -0.01172599010169506,
    -0.023641487583518028,
    -0.013536968268454075,
    -0.02604038454592228,
    -0.010972763411700726,
    0.03556567430496216,
    0.005572829861193895,
    0.03227313235402107,
    -0.0020226810593158007,
    0.0651758536696434,
    -0.07622642070055008,
    0.008725719526410103,
    0.0337323360145092,
    0.0471169613301754,
    -0.0535748153924942,
    0.0196989718824625,
    0.028274718672037125,
    -0.033513229340314865,
    0.03651373088359833,
    0.057621024549007416,
    -0.03896831348538399,
    -0.027952516451478004,
    0.0021899386774748564,
    0.00010167307482333854,
    -0.034378744661808014,
    -0.045166973024606705,
    -0.13045810163021088,
    0.009668109007179737,
    0.035074274986982346,
    -0.05193119868636131,
    0.015639489516615868,
    -0.028391234576702118,
    -0.01804126240313053,
    -0.032242391258478165,
    -0.02545245736837387,
    0.008643685840070248,
    0.019742555916309357,
    0.12128020823001862,
    0.02575015276670456,
    -0.0028477972373366356,
    0.015508029609918594,
    -0.045123372226953506,
    0.006570478435605764,
    -0.06961316615343094,
    0.0635896548628807,
    0.01210761908441782,
    0.000751510844565928,
    -0.001387008698657155,
    0.02660311572253704,
    -0.047293368726968765,
    0.024421997368335724,
    -0.019210536032915115,
    -0.07390042394399643,
    0.06243142485618591,
    0.021897533908486366,
    -0.04005220904946327,
    -0.04383186250925064,
    0.003904347075149417,
    0.012682896107435226,
    -0.025094296783208847,
    0.02073509804904461,
    -0.03857068717479706,
    0.014244520105421543,
    -0.013302063569426537,
    -0.027309251949191093,
    -0.026339249685406685,
    -0.04607193544507027,
    0.05431672930717468,
    -0.026892567053437233,
    0.09146011620759964,
    0.0005879855598323047,
    0.04522647336125374,
    -0.02173301763832569,
    -0.009043165482580662,
    0.053670451045036316,
    0.14981983602046967,
    0.043540891259908676,
    -0.004584370646625757,
    -0.06349744647741318,
    0.012825915589928627,
    0.0036960053257644176,
    -0.04197600856423378,
    -0.0014897242654114962,
    0.06705667823553085,
    0.045258961617946625,
    0.01201813854277134,
    0.039296604692935944,
    0.030621616169810295,
    -0.01035142783075571,
    -0.005475275684148073,
    0.06402916461229324,
    0.015258630737662315,
    -0.025364484637975693,
    0.02567867375910282,
    0.0012578001478686929,
    0.05380406975746155,
    -0.04773801937699318,
    0.004203657153993845,
    0.04127100855112076,
    0.11755198985338211,
    -0.012790288776159286,
    0.08070434629917145,
    0.03472505509853363,
    -0.013986660167574883,
    0.018895993009209633,
    -0.059357866644859314,
    -0.047983355820178986,
    0.04034099355340004,
    -0.0855388194322586,
    -0.04664457216858864,
    -0.06221441179513931,
    0.001826150226406753,
    0.027203155681490898,
    0.0025948816910386086,
    -0.018070172518491745,
    0.01727749966084957,
    0.007382340729236603,
    -0.013527107425034046,
    0.04242663085460663,
    -0.03318660333752632,
    0.0039662388153374195,
    0.0668201744556427,
    0.01004712376743555,
    -0.06917969882488251,
    -0.040998056530952454,
    0.06410105526447296,
    -0.07204598933458328,
    -0.03672026842832565,
    0.044175636023283005,
    -0.012293403968214989,
    -0.029935114085674286,
    0.015908196568489075,
    0.0022734925150871277,
    -0.0372987799346447,
    -0.022539392113685608,
    -0.02985551208257675,
    -0.020895307883620262,
    -0.062446460127830505,
    0.03884230926632881,
    0.10686562210321426,
    -0.021554380655288696,
    0.035909198224544525,
    -0.037359364330768585,
    0.039522282779216766,
    -0.06409582495689392,
    -0.02829950861632824,
    -0.02715836837887764,
    -0.07547271996736526,
    -0.035584770143032074,
    -0.02211315929889679,
    -0.021099640056490898,
    -0.06337588280439377,
    -0.014578450471162796,
    -0.07409381121397018,
    -0.014914659783244133,
    0.017264895141124725,
    -0.041835855692625046,
    -0.03531060367822647,
    0.06248873472213745,
    -0.02957066521048546,
    -0.0008607284398749471,
    -0.005519338417798281,
    0.13459041714668274,
    0.07993777841329575,
    0.04641241952776909,
    0.036965902894735336,
    -0.08013306558132172,
    -0.06525178998708725,
    0.05992395058274269,
    0.002814699662849307,
    -0.022465579211711884,
    0.07251936197280884,
    0.02756437286734581,
    -0.02442678064107895,
    -0.011743643321096897,
    -0.030334293842315674,
    -0.06087290123105049,
    -0.04609040170907974,
    0.01147271879017353,
    0.06375263631343842,
    -0.024810371920466423,
    0.020558374002575874,
    -0.041983846575021744,
    0.028934430330991745,
    -0.005986815318465233,
    0.011913791298866272,
    -0.008937644772231579,
    -0.015272852033376694,
    -0.0011089987820014358,
    -0.01287960447371006,
    0.006088098511099815,
    -0.011388762854039669,
    0.006996362470090389,
    -0.012115935795009136,
    0.008985213935375214,
    0.005325276404619217,
    -0.012284893542528152,
    -0.03582853823900223,
    -0.010621311143040657,
    0.034736268222332,
    0.022370677441358566,
    -0.013671789318323135,
    -0.01567125879228115,
    -0.017723780125379562,
    0.028956206515431404,
    0.021096492186188698,
    0.07725299149751663,
    -0.02694322168827057,
    -0.007693950552493334,
    -0.01804223656654358,
    -0.04825170338153839,
    -0.027046117931604385,
    -0.0077207693830132484,
    -0.0505887046456337,
    0.0045397658832371235,
    -0.02479344606399536,
    -0.12749803066253662,
    0.07202239334583282,
    0.03631076216697693,
    -0.04769342020153999,
    -0.010486988350749016,
    0.00774647481739521,
    -0.06632833927869797,
    0.05215098336338997,
    0.06307756900787354,
    0.028995219618082047,
    0.04572122171521187,
    -0.001432958641089499,
    0.02094489336013794,
    0.0063296156004071236,
    -0.013948945328593254,
    -0.020731644704937935,
    0.048029787838459015,
    -0.06225823238492012,
    0.03519294783473015,
    0.02289244905114174,
    0.005760044790804386,
    0.09073358029127121,
    0.01902058720588684,
    -0.015485201962292194,
    0.006724863778799772,
    -0.007397689390927553,
    0.04404851794242859,
    0.04997267574071884,
    -0.00994726549834013,
    0.03615874424576759,
    -0.06890618056058884,
    -0.06209978833794594,
    0.0009487923816777766,
    0.06897878646850586,
    0.0038778837770223618,
    -0.011846364475786686,
    -0.0005843414110131562,
    -0.0384252592921257,
    -0.08227341622114182,
    -0.0005697826854884624,
    -0.02422761544585228,
    -0.06463965773582458,
    -0.028849953785538673,
    -0.04504615440964699,
    -0.04676567763090134,
    -0.02576582320034504,
    0.03397805243730545,
    -0.0552506148815155,
    0.009747854433953762,
    0.004281358327716589,
    -0.058070264756679535,
    -0.00924158189445734,
    -0.034613076597452164,
