{
  "embedding_files": [
    "gt_384.7s_f61.jpg",
    "gt_534.6s_f110.jpg",
    "gt_219.5s_f2.jpg"
  ],
  "backup_files": [],
  "scores": {
    "gt_384.7s_f61.jpg": 7.0474,
    "gt_534.6s_f110.jpg": 4.127,
    "gt_219.5s_f2.jpg": 3.2844
  },
  "approved_files": [
    "gt_384.7s_f61.jpg",
    "gt_534.6s_f110.jpg",
    "gt_219.5s_f2.jpg"
  ],
  "mean_embedding": [
    0.07270873337984085,
    -0.010927332565188408,
    0.020296316593885422,
    -0.011502834036946297,
    -0.018718522042036057,
    -0.009653269313275814,
    -0.08793100714683533,
    -0.005823965184390545,
    -0.045919906347990036,
    -0.03541601449251175,
    -0.04534550756216049,
    0.011835052631795406,
    -0.024698812514543533,
    0.07776640355587006,
    0.0035275230184197426,
    -0.0411226712167263,
    0.011363716796040535,
    0.03666962310671806,
    -0.0609343983232975,
    -0.051928311586380005,
    -0.0622892901301384,
    0.013585676439106464,
    -0.016869651153683662,
    0.009539568796753883,
    0.04166426509618759,
    -0.077330082654953,
    -0.049363646656274796,
    0.002404875122010708,
    0.022306285798549652,
    -0.06811873614788055,
    -0.00020329035760369152,
    0.05562299117445946,
    0.028411833569407463,
    -0.008304441347718239,
    -0.0015188880497589707,
    -0.0778796374797821,
    -0.02545858919620514,
    0.007324011996388435,
    0.013553453609347343,
    0.04647788032889366,
    0.014289052225649357,
    0.04933087155222893,
    -0.037689097225666046,
    0.0066512953490018845,
    -0.07833734154701233,
    0.025961177423596382,
    -0.019232142716646194,
    0.06998562812805176,
    0.10594626516103745,
    0.05400771275162697,
    -0.03472720459103584,
    -0.030412117019295692,
    -0.043383799493312836,
    0.057700015604496,
    0.04835772141814232,
    0.0630534440279007,
    0.03563116490840912,
    -0.005047562997788191,
    -0.0714617669582367,
    0.008853749372065067,
    0.08291012793779373,
    -0.03048098087310791,
    -0.04416856914758682,
    -0.06259667128324509,
    0.09712979197502136,
    -0.01664341799914837,
    -0.00939292460680008,
    -0.07891406118869781,
    0.04479913040995598,
    0.01864665374159813,
    0.0033040496055036783,
    -0.014207904227077961,
    0.03629665821790695,
    -0.04253620281815529,
    -0.05506056174635887,
    0.0355844609439373,
    0.01947227120399475,
    -0.04506765678524971,
    0.032470449805259705,
    -0.009170371107757092,
    0.035854339599609375,
    0.002509618643671274,
    -0.03547736257314682,
    0.017174629494547844,
    0.023550258949398994,
    -0.05652562156319618,
    0.013014892116189003,
    0.049275655299425125,
    -0.002605470595881343,
    -0.014009075239300728,
    -0.04437481611967087,
    -0.0022557827178388834,
    0.024482741951942444,
    -0.0008580627618357539,
    -0.008845691569149494,
    -0.04270772263407707,
    -0.020707715302705765,
    -0.0793331190943718,
    0.036445099860429764,
    -0.00856438186019659,
    0.06867367029190063,
    -0.025222934782505035,
    0.02091779001057148,
    -0.021168863400816917,
    0.026514282450079918,
    0.011373773217201233,
    -0.013647680170834064,
    -0.06208507716655731,
    -0.01872105896472931,
    0.012063133530318737,
    0.02359144389629364,
    0.0005880426615476608,
    -0.040872808545827866,
    -0.0011326298117637634,
    0.056480176746845245,
    0.0445193313062191,
    -0.03997070714831352,
    0.037040721625089645,
    -0.059083640575408936,
    0.033014360815286636,
    -0.019875183701515198,
    0.006186679936945438,
    -0.06187634542584419,
    -0.02824677713215351,
    -0.07441546767950058,
    0.019496647641062737,
    0.05777310952544212,
    -0.0433616004884243,
    0.0014212718233466148,
    -0.011149647645652294,
    0.02260056510567665,
    0.11165935546159744,
    0.0734008327126503,
    0.030442597344517708,
    0.015031427145004272,
    -0.027955379337072372,
    -0.04755355417728424,
    0.039618153125047684,
    0.037626542150974274,
    0.0068364376202225685,
    0.0637485608458519,
    -0.03182796388864517,
    -0.1223190575838089,
    0.019304191693663597,
    -0.011112757958471775,
    -0.00014800121425651014,
    -0.024132724851369858,
    0.05414978787302971,
    0.043642397969961166,
    0.07201220095157623,
    0.01944226212799549,
    -0.050558995455503464,
    -0.06476564705371857,
    -0.01877315528690815,
    -0.03253567963838577,
    -0.07756741344928741,
    0.04862400144338608,
    0.014336281456053257,
    0.037830788642168045,
    0.01873745024204254,
    -0.003367374185472727,
    -0.04697788134217262,
    -0.020460298284888268,
    -0.05573537200689316,
    0.06469567865133286,
    0.00201019155792892,
    -0.020496336743235588,
    -0.003187440801411867,
    -0.0984225645661354,
    -0.03337487950921059,
    0.01778612658381462,
    0.026677941903471947,
    0.04149889945983887,
    0.035065025091171265,
    -0.06372959911823273,
    0.0006072873366065323,
    -0.01646345853805542,
    -0.08011359721422195,
    0.06092141941189766,
    -0.0457640215754509,
    0.002897603204473853,
    -0.03779947757720947,
    0.02478555217385292,
    0.03049989975988865,
    -0.024855962023139,
    -0.005803769454360008,
    -0.05818262696266174,
    0.010517125017940998,
    -0.04654223844408989,
    0.005276321433484554,
    0.010047796182334423,
    0.07185138761997223,
    -0.022824347019195557,
    -0.0537923201918602,
    -0.043636612594127655,
    0.06200066953897476,
    -0.015944646671414375,
    -0.016179492697119713,
    -0.07415590435266495,
    -0.07649419456720352,
    0.03485870733857155,
    -0.020619798451662064,
    -0.05460154265165329,
    0.0641232430934906,
    -0.044348008930683136,
    0.02914614975452423,
    -0.041048210114240646,
    0.016580844298005104,
    0.061196405440568924,
    -0.0773647204041481,
    -0.06388261169195175,
    0.011501763015985489,
    0.07435132563114166,
    0.009176617488265038,
    -0.0320022888481617,
    -0.0006655544275417924,
    -0.038050103932619095,
    0.0032682938035577536,
    -0.0014795000897720456,
    0.010523876175284386,
    0.07480761408805847,
    -0.0012118431041017175,
    -0.04483841732144356,
    0.00547582283616066,
    0.06954144686460495,
    0.00030669185798615217,
    -0.01902121864259243,
    0.02278544381260872,
    0.06475260853767395,
    -0.05111272260546684,
    -0.01763104647397995,
    -0.06714877486228943,
    -0.034233495593070984,
    0.011348770931363106,
    0.061250533908605576,
    0.017665129154920578,
    -0.012774545699357986,
    0.01016301941126585,
    -0.035920508205890656,
    -0.013824352994561195,
    -0.05133586376905441,
    -0.05615638568997383,
    0.0548052042722702,
    -0.008618761785328388,
    0.04719497635960579,
    0.09333311766386032,
    -0.03994554281234741,
    0.059162840247154236,
    0.03739104047417641,
    0.014588914811611176,
    -0.002967396518215537,
    0.03459582477807999,
    -0.0019016423029825091,
    -0.03691728040575981,
    0.004382769111543894,
    -0.03692503273487091,
    0.06500415503978729,
    -0.0049069891683757305,
    -0.013931534253060818,
    -0.05832715705037117,
    -0.027809910476207733,
    -0.004270506091415882,
    0.03931240737438202,
    -0.055873557925224304,
    0.04996388033032417,
    0.07046874612569809,
    0.04514886066317558,
    0.0316985622048378,
    -0.04365401342511177,
    -0.011432486586272717,
    -0.06010410562157631,
    -0.01899411715567112,
    -0.04012742266058922,
    0.05742534250020981,
    -0.040526747703552246,
    -0.049964550882577896,
    -0.009804428555071354,
    -0.03608477860689163,
    -0.04134993627667427,
    -0.06853850930929184,
    -0.035048000514507294,
    0.004623847082257271,
    -0.0035443617962300777,
    -0.01822700910270214,
    0.0030070156790316105,
    -0.009450634941458702,
    -0.002873289166018367,
    -0.059495843946933746,
    0.029193688184022903,
    -0.03789044916629791,
    0.04790426790714264,
    0.01082244236022234,
    0.04928388074040413,
