{
  "embedding_files": [
    "gt_384.7s_f61.jpg",
    "gt_534.6s_f110.jpg",
    "gt_219.5s_f2.jpg"
  ],
  "backup_files": [],
  "scores": {
    "gt_384.7s_f61.jpg": 7.0474,
    "gt_534.6s_f110.jpg": 4.127,
    "gt_219.5s_f2.jpg": 3.2844
  },
  "approved_files": [
    "gt_384.7s_f61.jpg",
    "gt_534.6s_f110.jpg",
    "gt_219.5s_f2.jpg"
  ],
  "mean_embedding": [
    0.07271376997232437,
    -0.010918335989117622,
    0.020301464945077896,
    -0.011495380662381649,
    -0.018706846982240677,
    -0.009637929499149323,
    -0.08793105185031891,
    -0.005838701035827398,
    -0.045908521860837936,
    -0.03540144860744476,
    -0.045352935791015625,
    0.011828097514808178,
    -0.02469891868531704,
    0.07777058333158493,
    0.0035347160883247852,
    -0.04116176441311836,
    0.011375871486961842,
    0.03667629137635231,
    -0.060935892164707184,
    -0.05190546065568924,
    -0.06227382645010948,
    0.013575209304690361,
    -0.016887756064534187,
    0.009559139609336853,
    0.041652873158454895,
    -0.07733256369829178,
    -0.04935130849480629,
    0.0024021079298108816,
    0.02233142778277397,
    -0.0680992603302002,
    -0.00017237132124137133,
    0.05560404062271118,
    0.028405310586094856,
    -0.008312706835567951,
    -0.0015020580030977726,
    -0.07787752151489258,
    -0.025467364117503166,
    0.007315000519156456,
    0.013537886552512646,
    0.0464509017765522,
    0.014281353913247585,
    0.04934733361005783,
    -0.037701018154621124,
    0.0066392747685313225,
    -0.07833410054445267,
    0.025957230478525162,
    -0.019244495779275894,
    0.06995352357625961,
    0.10597122460603714,
    0.05403018370270729,
    -0.03472999483346939,
    -0.030423147603869438,
    -0.04340021312236786,
    0.05769141763448715,
    0.04836165904998779,
    0.06307153403759003,
    0.03561096265912056,
    -0.005044569261372089,
    -0.07145468890666962,
    0.00886309053748846,
    0.08292300999164581,
    -0.03049599938094616,
    -0.04417475312948227,
    -0.06257694959640503,
    0.097115159034729,
    -0.016620559617877007,
    -0.009381220676004887,
    -0.07894852012395859,
    0.044810716062784195,
    0.018630418926477432,
    0.0033458061516284943,
    -0.014210425317287445,
    0.03628957271575928,
    -0.04253854975104332,
    -0.05504773184657097,
    0.0355800986289978,
    0.01944875344634056,
    -0.04506867006421089,
    0.03246811777353287,
    -0.009193837642669678,
    0.03587570786476135,
    0.002522727707400918,
    -0.035492293536663055,
    0.017172597348690033,
    0.02356262505054474,
    -0.056528240442276,
    0.013024738989770412,
    0.049267999827861786,
    -0.002600381150841713,
    -0.013994717970490456,
    -0.04436008632183075,
    -0.0022685383446514606,
    0.024490822106599808,
    -0.0008760776836425066,
    -0.00885045900940895,
    -0.04269549995660782,
    -0.02069597877562046,
    -0.07934814691543579,
    0.03646242246031761,
    -0.008580939844250679,
    0.06867509335279465,
    -0.025209518149495125,
    0.02093508467078209,
    -0.021165747195482254,
    0.026519453153014183,
    0.011376435868442059,
    -0.013654138892889023,
    -0.06207653880119324,
    -0.018717803061008453,
    0.012073644436895847,
    0.023564737290143967,
    0.0005867782747372985,
    -0.04085555672645569,
    -0.0011249330127611756,
    0.056471750140190125,
    0.044531919062137604,
    -0.039997734129428864,
    0.03704909607768059,
    -0.05909023806452751,
    0.03299875557422638,
    -0.019879041239619255,
    0.006173616740852594,
    -0.061885297298431396,
    -0.028251033276319504,
    -0.07442180067300797,
    0.019510772079229355,
    0.05776909366250038,
    -0.043378982692956924,
    0.0014350070850923657,
    -0.011135256849229336,
    0.022568456828594208,
    0.11166099458932877,
    0.07341375201940536,
    0.030472423881292343,
    0.015013309195637703,
    -0.02794947475194931,
    -0.04754398390650749,
    0.03961911424994469,
    0.037600863724946976,
    0.006836446467787027,
    0.0637163519859314,
    -0.03181060776114464,
    -0.12231901288032532,
    0.01930505409836769,
    -0.011147771030664444,
    -0.00013520997890736908,
    -0.02412080392241478,
    0.05416146665811539,
    0.04364469647407532,
    0.07204417139291763,
    0.01945110410451889,
    -0.05054498836398125,
    -0.06474103778600693,
    -0.01876179501414299,
    -0.0325298085808754,
    -0.07758930325508118,
    0.048623520880937576,
    0.014319995418190956,
    0.03785093128681183,
    0.018754001706838608,
    -0.0033727078698575497,
    -0.04697072133421898,
    -0.020457925274968147,
    -0.055748675018548965,
    0.06469651311635971,
    0.001999886706471443,
    -0.020508330315351486,
    -0.003160958644002676,
    -0.09842930734157562,
    -0.03337680548429489,
    0.017788615077733994,
    0.026662323623895645,
    0.04148949682712555,
    0.03505132719874382,
    -0.06372690200805664,
    0.000604580098297447,
    -0.016438568010926247,
    -0.08011649549007416,
    0.06093177571892738,
    -0.04577135294675827,
    0.002903807908296585,
    -0.03777843713760376,
    0.024786189198493958,
    0.030506731942296028,
    -0.024827981367707253,
    -0.005807031877338886,
    -0.05817911773920059,
    0.010513881221413612,
    -0.04655023291707039,
    0.0052778753452003,
    0.010054982267320156,
    0.07185915857553482,
    -0.022834381088614464,
    -0.053810056298971176,
    -0.043635740876197815,
    0.06198505312204361,
    -0.015951259061694145,
    -0.01618758961558342,
    -0.07416754961013794,
    -0.07649444043636322,
    0.034862544387578964,
    -0.020610511302947998,
    -0.054586585611104965,
    0.06411606818437576,
    -0.044336557388305664,
    0.029175059869885445,
    -0.041029222309589386,
    0.01659920997917652,
    0.06121467798948288,
    -0.07733853906393051,
    -0.06388166546821594,
    0.011504406109452248,
    0.0743522197008133,
    0.009150746278464794,
    -0.03198712319135666,
    -0.00066694978158921,
    -0.03802480548620224,
    0.0032717715948820114,
    -0.001471746596507728,
    0.010528734885156155,
    0.07481306791305542,
    -0.0012069902149960399,
    -0.044822052121162415,
    0.00546776270493865,
    0.06951036304235458,
    0.0003314649220556021,
    -0.019024774432182312,
    0.02277366630733013,
    0.06475120782852173,
    -0.051102831959724426,
    -0.01762133091688156,
    -0.06717138737440109,
    -0.03423106670379639,
    0.011325657367706299,
    0.06125275045633316,
    0.017661092802882195,
    -0.012755125761032104,
    0.010172131471335888,
    -0.0359218530356884,
    -0.013802421279251575,
    -0.051337603479623795,
    -0.05617296323180199,
    0.0548127256333828,
    -0.008625933900475502,
    0.04721274599432945,
    0.09332181513309479,
    -0.03995103761553764,
    0.059193842113018036,
    0.037374645471572876,
    0.014583097770810127,
    -0.002974854549393058,
    0.034602660685777664,
    -0.0019315608078613877,
    -0.03690719977021217,
    0.004373327828943729,
    -0.036901358515024185,
    0.06503859907388687,
    -0.00490470789372921,
    -0.013924829661846161,
    -0.05833174288272858,
    -0.027801960706710815,
    -0.004280681721866131,
    0.0392993800342083,
    -0.05587141588330269,
    0.04997491464018822,
    0.07046835124492645,
    0.045146550983190536,
    0.03171239420771599,
    -0.04365222528576851,
    -0.011445409618318081,
    -0.06010611727833748,
    -0.018958544358611107,
    -0.04012904316186905,
    0.05744894593954086,
    -0.04050145670771599,
    -0.049960874021053314,
    -0.00980069674551487,
    -0.03609243407845497,
    -0.0413418747484684,
    -0.06853250414133072,
    -0.03508373722434044,
    0.004626671317964792,
    -0.00355400494299829,
    -0.01822826825082302,
    0.003001260804012418,
    -0.009450300596654415,
    -0.002873046789318323,
    -0.05950235575437546,
    0.02920420840382576,
    -0.03790394216775894,
    0.04788173735141754,
    0.010833091102540493,
    0.04928521811962128,
