{
  "embedding_files": [
    "gt_80.2s_f27.jpg",
    "gt_217.1s_f67.jpg",
    "gt_117.2s_f17.jpg",
    "gt_26.2s_f8.jpg",
    "gt_324.5s_f85.jpg"
  ],
  "backup_files": [
    "gt_132.1s_f55.jpg",
    "new_1776234519505_gt_1051.3s_f137.jpg",
    "new_1776234519505_gt_412.9s_f12.jpg",
    "new_1776234519505_gt_431.4s_f42.jpg",
    "new_1776234519505_gt_589.5s_f60.jpg"
  ],
  "scores": {
    "gt_80.2s_f27.jpg": 6.3797,
    "gt_26.2s_f8.jpg": 1.6393,
    "gt_132.1s_f55.jpg": 0.9695,
    "gt_217.1s_f67.jpg": 5.487,
    "gt_117.2s_f17.jpg": 1.913,
    "gt_324.5s_f85.jpg": 1.3373
  },
  "approved_files": [
    "gt_80.2s_f27.jpg",
    "gt_217.1s_f67.jpg",
    "gt_117.2s_f17.jpg",
    "gt_26.2s_f8.jpg",
    "gt_324.5s_f85.jpg",
    "gt_132.1s_f55.jpg",
    "new_1776234519505_gt_1051.3s_f137.jpg",
    "new_1776234519505_gt_412.9s_f12.jpg",
    "new_1776234519505_gt_431.4s_f42.jpg",
    "new_1776234519505_gt_589.5s_f60.jpg",
    "new_1776234519505_gt_597.5s_f40.jpg",
    "new_1776234519505_gt_850.2s_f97.jpg"
  ],
  "mean_embedding": [
    0.047417353838682175,
    0.0047375219874084,
    -0.010741970501840115,
    -0.05043599754571915,
    -0.09742990881204605,
    0.028750132769346237,
    -0.09003021568059921,
    -0.014392437413334846,
    0.018911022692918777,
    0.04371959716081619,
    0.07958173006772995,
    -0.028767814859747887,
    -0.005641268566250801,
    -0.03359835594892502,
    0.036334991455078125,
    -0.05086097493767738,
    0.012084373272955418,
    0.0430695004761219,
    -0.03467175364494324,
    -0.03654097393155098,
    0.03217533975839615,
    -0.005115566775202751,
    -0.04163510724902153,
    0.035037118941545486,
    0.03864338621497154,
    -0.03901180997490883,
    -0.06643505394458771,
    -0.07538832724094391,
    0.006905221845954657,
    0.04798750579357147,
    0.03636540472507477,
    -0.05935991182923317,
    -0.03149696812033653,
    -0.022207776084542274,
    0.01269582286477089,
    0.03855331987142563,
    0.00753647880628705,
    0.03640875220298767,
    -0.049400292336940765,
    0.047112882137298584,
    -0.022852223366498947,
    -0.04212469607591629,
    -0.06360747665166855,
    0.05976608023047447,
    -0.012831364758312702,
    0.053642600774765015,
    0.013009362854063511,
    -0.0029485078994184732,
    -0.019621333107352257,
    0.003603918245062232,
    0.042181164026260376,
    0.032558660954236984,
    -0.02136230282485485,
    -0.0039522903971374035,
    0.11579201370477676,
    0.06626622378826141,
    0.023709597066044807,
    -0.06843686103820801,
    0.00937085784971714,
    -0.003735651494935155,
    -0.009804932400584221,
    0.012200670316815376,
    -0.04592541605234146,
    0.013769840821623802,
    0.05660657212138176,
    -0.0033868239261209965,
    -0.029917661100625992,
    0.0002605712506920099,
    0.03120357170701027,
    -0.06733082234859467,
    -0.03146237134933472,
    -0.06756720691919327,
    0.01803700067102909,
    -0.042287614196538925,
    -0.0027474279049783945,
    0.07319493591785431,
    0.03749576956033707,
    -0.01612536795437336,
    0.05088597536087036,
    0.036134738475084305,
    -0.027480226010084152,
    -0.022890277206897736,
    -0.011294529773294926,
    -0.029862092807888985,
    0.0014565279707312584,
    0.024524370208382607,
    -0.05283068120479584,
    -0.019890913739800453,
    -0.029333150014281273,
    0.007642972283065319,
    0.05789710953831673,
    0.04247061908245087,
    0.019532470032572746,
    0.059132371097803116,
    -0.06163640320301056,
    0.02903343364596367,
    0.0119885029271245,
    0.007810573093593121,
    -0.04895903915166855,
    -0.06231538578867912,
    -0.03933906927704811,
    -0.024439603090286255,
    0.040480662137269974,
    0.06255576014518738,
    0.04737186059355736,
    0.029988231137394905,
    0.01626422069966793,
    -0.06432481855154037,
    0.07654998451471329,
    -0.020403672009706497,
    0.03458148613572121,
    -0.013645028695464134,
    -0.04287286102771759,
    -0.006494132801890373,
    -0.04660259932279587,
    -0.023564178496599197,
    -0.07364535331726074,
    -0.08096832782030106,
    -0.015291937626898289,
    0.02928437851369381,
    -0.034193411469459534,
    0.006584962829947472,
    0.03802375867962837,
    0.023126473650336266,
    -0.010175814852118492,
    0.00969710573554039,
    0.01107378676533699,
    -0.010926390998065472,
    -0.03362080827355385,
    0.026012396439909935,
    0.036321379244327545,
    -0.015499766916036606,
    -0.07836581021547318,
    -0.021623659878969193,
    -0.12753279507160187,
    -0.02204599790275097,
    -0.010458976961672306,
    -0.016923416405916214,
    0.043390579521656036,
    0.06234961375594139,
    0.07204382121562958,
    0.014363293536007404,
    0.0022592563182115555,
    0.022540047764778137,
    -0.02691236510872841,
    0.011684226803481579,
    -0.046716317534446716,
    -0.010276946239173412,
    0.003522423794493079,
    0.03795840963721275,
    0.021185193210840225,
    -0.053400591015815735,
    0.03404270112514496,
    -0.038804568350315094,
    -0.0027877301909029484,
    -0.01565674878656864,
    0.03163038194179535,
    -0.02616739273071289,
    -0.023085033521056175,
    0.0759531706571579,
    0.09135815501213074,
    0.005451513454318047,
    -0.006849922705441713,
    0.06142555922269821,
    -0.017048155888915062,
    0.04826914146542549,
    -0.03108304738998413,
    0.0332687646150589,
    -0.0882992222905159,
    0.0022561075165867805,
    0.03133446350693703,
    0.016335614025592804,
    0.02493521384894848,
    0.03869539499282837,
    0.11526718735694885,
    -0.0183101836591959,
    -0.04906473681330681,
    0.011075561866164207,
    0.05042978748679161,
    0.061605989933013916,
    -0.0005926772719249129,
    0.005660390947014093,
    0.03034474141895771,
    0.02887691743671894,
    0.008674993179738522,
    -0.014020323753356934,
    0.029451487585902214,
    -0.07973141223192215,
    -0.006077639292925596,
    -0.010473685339093208,
    -0.03504027798771858,
    0.09282022714614868,
    -0.053778428584337234,
    -0.04693004488945007,
    -0.056016955524683,
    -0.052423737943172455,
    0.07648726552724838,
    0.008000675588846207,
    0.0004889228148385882,
    -0.001965769799426198,
    0.04248329624533653,
    -0.018639033660292625,
    -0.040893521159887314,
    0.04940759763121605,
    -0.00010899805783992633,
    -0.05197462439537048,
    0.006455779075622559,
    -0.006571128033101559,
    0.08243031799793243,
    0.03030604124069214,
    -0.01847355253994465,
    0.0029413627926260233,
    -0.0685984343290329,
    0.021264834329485893,
    -0.03136195242404938,
    0.05860144644975662,
    -0.03476902097463608,
    -0.027533892542123795,
    0.040036801248788834,
    0.04091617837548256,
    -0.009013490751385689,
    0.01357901282608509,
    -0.03433091565966606,
    -0.002800852293148637,
    0.04667975381016731,
    0.01626805029809475,
    -0.007602072320878506,
    0.08043204993009567,
    0.010160483419895172,
    0.007982123643159866,
    0.07283046096563339,
    -0.02912105619907379,
    0.025420811027288437,
    -0.028332633897662163,
    0.06801366060972214,
    -0.020744968205690384,
    0.0290843453258276,
    0.046911899000406265,
    0.0681861862540245,
    0.01079954020678997,
    -0.0225036833435297,
    -0.12315669655799866,
    -0.092537060379982,
    0.0014650187222287059,
    0.052609626203775406,
    0.07985350489616394,
    -0.04693855717778206,
    0.023595573380589485,
    0.011164510622620583,
    0.005732393823564053,
    0.005965163465589285,
    -0.004813388455659151,
    0.052594128996133804,
    0.030041983351111412,
    -0.02579931914806366,
    0.00461479090154171,
    0.043500397354364395,
    0.0666181817650795,
    -0.0007217243546620011,
    0.005876560229808092,
    -0.035370245575904846,
    -0.0226199459284544,
    0.029076406732201576,
    0.055511511862277985,
    -0.02653764747083187,
    0.05270066112279892,
    -0.035657964646816254,
    0.037043727934360504,
