{
  "embedding_files": [
    "gt_80.2s_f27.jpg",
    "gt_217.1s_f67.jpg",
    "gt_117.2s_f17.jpg",
    "gt_26.2s_f8.jpg",
    "gt_324.5s_f85.jpg"
  ],
  "backup_files": [
    "gt_132.1s_f55.jpg",
    "new_1776234519505_gt_1051.3s_f137.jpg",
    "new_1776234519505_gt_412.9s_f12.jpg",
    "new_1776234519505_gt_431.4s_f42.jpg",
    "new_1776234519505_gt_589.5s_f60.jpg",
    "new_1776234519505_gt_597.5s_f40.jpg",
    "new_1776234519505_gt_850.2s_f97.jpg"
  ],
  "scores": {
    "gt_80.2s_f27.jpg": 6.3797,
    "gt_26.2s_f8.jpg": 1.6393,
    "gt_132.1s_f55.jpg": 0.9695,
    "gt_217.1s_f67.jpg": 5.487,
    "gt_117.2s_f17.jpg": 1.913,
    "gt_324.5s_f85.jpg": 1.3373
  },
  "approved_files": [
    "gt_80.2s_f27.jpg",
    "gt_217.1s_f67.jpg",
    "gt_117.2s_f17.jpg",
    "gt_26.2s_f8.jpg",
    "gt_324.5s_f85.jpg",
    "gt_132.1s_f55.jpg",
    "new_1776234519505_gt_1051.3s_f137.jpg",
    "new_1776234519505_gt_412.9s_f12.jpg",
    "new_1776234519505_gt_431.4s_f42.jpg",
    "new_1776234519505_gt_589.5s_f60.jpg",
    "new_1776234519505_gt_597.5s_f40.jpg",
    "new_1776234519505_gt_850.2s_f97.jpg"
  ],
  "mean_embedding": [
    0.05100255832076073,
    0.005622563883662224,
    -0.004724849481135607,
    -0.0405866876244545,
    -0.09436485916376114,
    0.03501664474606514,
    -0.10614904016256332,
    -0.014547910541296005,
    0.010474000126123428,
    0.04640736058354378,
    0.08008675277233124,
    -0.02103784866631031,
    0.002400061348453164,
    -0.040577232837677,
    0.018307283520698547,
    -0.056900568306446075,
    0.005861822981387377,
    0.04519869014620781,
    -0.01814083755016327,
    -0.031200243160128593,
    0.020150402560830116,
    -0.015406925231218338,
    -0.05182464420795441,
    0.038001637905836105,
    0.03629846125841141,
    -0.04399602487683296,
    -0.06310445070266724,
    -0.05775386095046997,
    0.003460168605670333,
    0.04413490742444992,
    0.04077582806348801,
    -0.05691152438521385,
    -0.029455821961164474,
    -0.02547924779355526,
    -0.0042236666195094585,
    0.03622147813439369,
    0.009097143076360226,
    0.04640522599220276,
    -0.040303271263837814,
    0.03918677568435669,
    -0.021640798076987267,
    -0.02366510033607483,
    -0.05275391787290573,
    0.05696454271674156,
    0.009723389521241188,
    0.056166939437389374,
    -0.002424568170681596,
    -0.0035654683597385883,
    -0.0193542018532753,
    -0.006339553277939558,
    0.0342555046081543,
    0.03299419581890106,
    -0.0196769330650568,
    -0.00943354144692421,
    0.11904153227806091,
    0.05816687270998955,
    0.014832909218966961,
    -0.05201176181435585,
    0.031233787536621094,
    0.010828200727701187,
    -0.011560090817511082,
    0.01704762503504753,
    -0.0364045687019825,
    0.023562142625451088,
    0.06815720349550247,
    0.009016608819365501,
    -0.032782234251499176,
    0.008400109596550465,
    0.02697991393506527,
    -0.08049684762954712,
    -0.02567172236740589,
    -0.05118261277675629,
    0.023104887455701828,
    -0.03701377660036087,
    -0.0003940423484891653,
    0.05284789949655533,
    0.03996346890926361,
    -0.009790643118321896,
    0.039472732692956924,
    0.04496258869767189,
    -0.030799459666013718,
    -0.006598045118153095,
    -0.019705157727003098,
    -0.02569318190217018,
    0.0015566344372928143,
    0.01348735112696886,
    -0.04240824654698372,
    -0.013715471141040325,
    -0.0293717123568058,
    0.00031549183768220246,
    0.05018296092748642,
    0.03768042102456093,
    0.016667423769831657,
    0.05058823153376579,
    -0.0646117553114891,
    0.010515672154724598,
    0.012548701837658882,
    0.02687225118279457,
    -0.0473286509513855,
    -0.06531407684087753,
    -0.04343722388148308,
    -0.03185587003827095,
    0.03766632452607155,
    0.05927344039082527,
    0.037752665579319,
    0.04570615291595459,
    -0.007878214120864868,
    -0.06985724717378616,
    0.06987322866916656,
    -0.012249771505594254,
    0.03215795010328293,
    -0.013544957153499126,
    -0.039955995976924896,
    0.01208833884447813,
    -0.041859518736600876,
    -0.020124122500419617,
    -0.062005650252103806,
    -0.06272700428962708,
    -0.011932634748518467,
    0.02707478404045105,
    -0.023513024672865868,
    0.0064553674310445786,
    0.04910612478852272,
    0.04027491435408592,
    -0.00708794267848134,
    0.021765997633337975,
    0.028925487771630287,
    -0.028125831857323647,
    -0.031232839450240135,
    0.014032348990440369,
    0.03751326724886894,
    -0.007657804526388645,
    -0.08165207505226135,
    -0.027037570253014565,
    -0.12889091670513153,
    -0.034810930490493774,
    -0.005922744050621986,
    -0.019669214263558388,
    0.043729428201913834,
    0.06370178610086441,
    0.07029682397842407,
    0.03255509212613106,
    0.0012207694817334414,
    0.0048213680274784565,
    -0.030493173748254776,
    0.017147626727819443,
    -0.03643684461712837,
    -0.025029676035046577,
    0.013562011532485485,
    0.05423951894044876,
    0.0325101874768734,
    -0.05228019133210182,
    0.03184853121638298,
    -0.03252173960208893,
    0.007484753150492907,
    -0.0008479304960928857,
    0.05002276971936226,
    -0.05243697762489319,
    -0.016852974891662598,
    0.06624899804592133,
    0.08005848526954651,
    -0.019637105986475945,
    -0.0012007441837340593,
    0.05761375278234482,
    -0.019570715725421906,
    0.03810223564505577,
    -0.039710137993097305,
    0.03834317624568939,
    -0.10333874821662903,
    0.0032297130674123764,
    0.047859445214271545,
    0.013147810474038124,
    0.04106301814317703,
    0.03551783785223961,
    0.10229534655809402,
    -0.023744380101561546,
    -0.056366365402936935,
    0.006830293219536543,
    0.03590644150972366,
    0.06716017425060272,
    0.018682939931750298,
    -0.001276315189898014,
    0.017683789134025574,
    0.01775040291249752,
    0.024402538314461708,
    -0.013516951352357864,
    0.019020482897758484,
    -0.08104708790779114,
    -0.008358466438949108,
    0.0019376205746084452,
    -0.04786030948162079,
    0.10188867896795273,
    -0.03388432413339615,
    -0.033048003911972046,
    -0.0727393850684166,
    -0.03378395363688469,
    0.0741332545876503,
    -0.0016953260637819767,
    0.001067821285687387,
    0.003743851790204644,
    0.05519157275557518,
    -0.012657656334340572,
    -0.04026385396718979,
    0.07322674244642258,
    -0.017899982631206512,
    -0.057592786848545074,
    0.0016606986755505204,
    -0.005812864284962416,
    0.06732907891273499,
    0.01470972690731287,
    -0.02140955813229084,
    0.02695274166762829,
    -0.07037205994129181,
    0.012983046472072601,
    -0.0409250482916832,
    0.054238297045230865,
    -0.03523238003253937,
    -0.008892967365682125,
    0.03989005088806152,
    0.04343930631875992,
    -0.01820853352546692,
    0.027911461889743805,
    -0.015919705852866173,
    -0.01664779521524906,
    0.04956493154168129,
    0.016789987683296204,
    -0.011448311619460583,
    0.05456427112221718,
    0.008638729341328144,
    0.008535469882190228,
    0.07976426929235458,
    -0.025102797895669937,
    0.010406792163848877,
    -0.051869992166757584,
    0.07300592213869095,
    -0.006123803090304136,
    0.03297626972198486,
    0.045199740678071976,
    0.07324717938899994,
    0.0229086522012949,
    -0.009395166300237179,
    -0.11349979043006897,
    -0.08910685032606125,
    -0.01296343095600605,
    0.0637805163860321,
    0.11461051553487778,
    -0.03431810811161995,
    0.013197642751038074,
    0.01666591502726078,
    0.00882789958268404,
    0.022158164530992508,
    -0.005182975437492132,
    0.05904072895646095,
    0.027814878150820732,
    -0.027671324089169502,
    0.012617552652955055,
    0.034030117094516754,
    0.0547216534614563,
    0.0029421730432659388,
    0.0061037056148052216,
    -0.0352267362177372,
    -0.0370105542242527,
    0.023861756548285484,
    0.03657741844654083,
    -0.01140157412737608,
