{
  "embedding_files": [
    "gt_80.2s_f27.jpg",
    "gt_217.1s_f67.jpg",
    "gt_117.2s_f17.jpg",
    "gt_26.2s_f8.jpg",
    "gt_324.5s_f85.jpg"
  ],
  "backup_files": [
    "new_1776234519505_gt_589.5s_f60.jpg",
    "new_1776234519505_gt_431.4s_f42.jpg",
    "gt_132.1s_f55.jpg",
    "new_1776234519505_gt_1051.3s_f137.jpg",
    "new_1776234519505_gt_597.5s_f40.jpg"
  ],
  "scores": {
    "gt_80.2s_f27.jpg": 6.3797,
    "gt_26.2s_f8.jpg": 1.6393,
    "gt_132.1s_f55.jpg": 0.9695,
    "gt_217.1s_f67.jpg": 5.487,
    "gt_117.2s_f17.jpg": 1.913,
    "gt_324.5s_f85.jpg": 1.3373
  },
  "approved_files": [
    "gt_80.2s_f27.jpg",
    "gt_217.1s_f67.jpg",
    "gt_117.2s_f17.jpg",
    "gt_26.2s_f8.jpg",
    "gt_324.5s_f85.jpg",
    "gt_132.1s_f55.jpg",
    "new_1776234519505_gt_1051.3s_f137.jpg",
    "new_1776234519505_gt_412.9s_f12.jpg",
    "new_1776234519505_gt_431.4s_f42.jpg",
    "new_1776234519505_gt_589.5s_f60.jpg",
    "new_1776234519505_gt_597.5s_f40.jpg",
    "new_1776234519505_gt_850.2s_f97.jpg"
  ],
  "mean_embedding": [
    0.04741673544049263,
    0.0047538988292217255,
    -0.01075085811316967,
    -0.05046708136796951,
    -0.0974234864115715,
    0.028731588274240494,
    -0.09002961963415146,
    -0.014358004555106163,
    0.018914733082056046,
    0.04369185492396355,
    0.0795917809009552,
    -0.028774654492735863,
    -0.005636176560074091,
    -0.03361111506819725,
    0.03636041283607483,
    -0.05085872486233711,
    0.012099902145564556,
    0.04308046028017998,
    -0.034684810787439346,
    -0.03651928901672363,
    0.03218694031238556,
    -0.005115445703268051,
    -0.041658785194158554,
    0.03504881635308266,
    0.038636259734630585,
    -0.03897319734096527,
    -0.06641633063554764,
    -0.07536433637142181,
    0.006921221502125263,
    0.04798480123281479,
    0.03638670593500137,
    -0.05934815853834152,
    -0.03149374574422836,
    -0.022209061309695244,
    0.012704279273748398,
    0.03854325786232948,
    0.00755438394844532,
    0.036394428461790085,
    -0.04938417300581932,
    0.04712637886404991,
    -0.02285861223936081,
    -0.04212751239538193,
    -0.06362362951040268,
    0.05976412072777748,
    -0.012828963808715343,
    0.053638756275177,
    0.013028916902840137,
    -0.0029294672422111034,
    -0.01962384581565857,
    0.0036299016792327166,
    0.04219025745987892,
    0.0325554795563221,
    -0.02131623402237892,
    -0.0039380621165037155,
    0.11580264568328857,
    0.0662492960691452,
    0.023731866851449013,
    -0.0684385895729065,
    0.0093736182898283,
    -0.00371476705186069,
    -0.009810296818614006,
    0.012187040410935879,
    -0.045916102826595306,
    0.013771262019872665,
    0.056620124727487564,
    -0.003396345302462578,
    -0.029933864250779152,
    0.00028808499337174,
    0.03120807185769081,
    -0.06731215119361877,
    -0.03146221861243248,
    -0.06754712760448456,
    0.018054580315947533,
    -0.04228997975587845,
    -0.0027586587239056826,
    0.07318937033414841,
    0.037480954080820084,
    -0.01611851528286934,
    0.050888605415821075,
    0.03615589812397957,
    -0.027489319443702698,
    -0.022893279790878296,
    -0.011304499581456184,
    -0.029858896508812904,
    0.001434003934264183,
    0.024539226666092873,
    -0.0528230257332325,
    -0.019893160089850426,
    -0.029336797073483467,
    0.007656988222151995,
    0.0578988641500473,
    0.042487919330596924,
    0.01952393725514412,
    0.059143245220184326,
    -0.061638377606868744,
    0.029057763516902924,
    0.011986654251813889,
    0.007776273880153894,
    -0.04894223064184189,
    -0.06231095641851425,
    -0.03934105485677719,
    -0.024456137791275978,
    0.0405072458088398,
    0.06256644427776337,
    0.047378912568092346,
    0.02996770106256008,
    0.016237130388617516,
    -0.06432964652776718,
    0.07655803114175797,
    -0.020388487726449966,
    0.034570932388305664,
    -0.013647661544382572,
    -0.04285469651222229,
    -0.006505506578832865,
    -0.04661143943667412,
    -0.023543428629636765,
    -0.07364819943904877,
    -0.08097609132528305,
    -0.015313970856368542,
    0.029253363609313965,
    -0.03420378267765045,
    0.00659607071429491,
    0.03801935538649559,
    0.023120714351534843,
    -0.010168352164328098,
    0.009712012484669685,
    0.011075347661972046,
    -0.010921776294708252,
    -0.03360556811094284,
    0.026019452139735222,
    0.03630974888801575,
    -0.015516874380409718,
    -0.07837314158678055,
    -0.02164113149046898,
    -0.12755391001701355,
    -0.022043757140636444,
    -0.010461442172527313,
    -0.01693837344646454,
    0.04338165372610092,
    0.06235399469733238,
    0.07205180078744888,
    0.014365071430802345,
    0.002242900198325515,
    0.02254626899957657,
    -0.026916392147541046,
    0.011667958460748196,
    -0.04672450199723244,
    -0.01029376219958067,
    0.003538609715178609,
    0.037951380014419556,
    0.021182820200920105,
    -0.053385164588689804,
    0.034062840044498444,
    -0.038778677582740784,
    -0.002797383815050125,
    -0.015620982274413109,
    0.031624771654605865,
    -0.026185903698205948,
    -0.023073263466358185,
    0.07594096660614014,
    0.09138173609972,
    0.005467565730214119,
    -0.0068489182740449905,
    0.06142527237534523,
    -0.017045848071575165,
    0.048284441232681274,
    -0.031090067699551582,
    0.033256690949201584,
    -0.08826243132352829,
    0.0022570742294192314,
    0.03134443610906601,
    0.016369076445698738,
    0.02493445575237274,
    0.03870145604014397,
    0.11525686085224152,
    -0.01831987500190735,
    -0.0490553118288517,
    0.011084440164268017,
    0.050436511635780334,
    0.061592623591423035,
    -0.0006005513714626431,
    0.005648263264447451,
    0.030360199511051178,
    0.028874313458800316,
    0.008686009794473648,
    -0.014042176306247711,
    0.029473695904016495,
    -0.0797300711274147,
    -0.006062763277441263,
    -0.010456950403749943,
    -0.035049110651016235,
    0.09283091127872467,
    -0.05377119779586792,
    -0.046931155025959015,
    -0.055983658879995346,
    -0.05241500958800316,
    0.07649791240692139,
    0.008007272146642208,
    0.00048723103827796876,
    -0.0019724778831005096,
    0.04246329888701439,
    -0.01865541748702526,
    -0.04088975861668587,
    0.04939791560173035,
    -0.00010322687739972025,
    -0.051966819912195206,
    0.006461015436798334,
    -0.006554090417921543,
    0.0823938176035881,
    0.030323777347803116,
    -0.018471939489245415,
    0.002963368548080325,
    -0.06862282752990723,
    0.021272072568535805,
    -0.03137390315532684,
    0.058596301823854446,
    -0.0347781740128994,
    -0.027504518628120422,
    0.04002178832888603,
    0.040912747383117676,
    -0.009041561745107174,
    0.013584904372692108,
    -0.034336917102336884,
    -0.002772162901237607,
    0.046704214066267014,
    0.01627199538052082,
    -0.007616075221449137,
    0.0804138258099556,
    0.010174838826060295,
    0.008025138638913631,
    0.07281671464443207,
    -0.02914181724190712,
    0.02541390433907509,
    -0.028332509100437164,
    0.06799272447824478,
    -0.020744509994983673,
    0.029101470485329628,
    0.04690989851951599,
    0.06818732619285583,
    0.010777683928608894,
    -0.022506440058350563,
    -0.12316931784152985,
    -0.09256485849618912,
    0.0014530038461089134,
    0.052597228437662125,
    0.07986823469400406,
    -0.046914298087358475,
    0.02358160726726055,
    0.011152157559990883,
    0.005730987060815096,
    0.00597754679620266,
    -0.004815354011952877,
    0.05258249118924141,
    0.030039945617318153,
    -0.025798659771680832,
    0.004644674248993397,
    0.0434991791844368,
    0.06664137542247772,
    -0.0007035448215901852,
    0.005851776804775,
    -0.03537970781326294,
    -0.022633813321590424,
    0.029098235070705414,
    0.055513374507427216,
    -0.02653537690639496,
    0.0526888445019722,
    -0.035693321377038956,
