{
  "embedding_files": [
    "gt_233.7s_f241.jpg",
    "gt_204.2s_f90.jpg",
    "gt_176.7s_f66.jpg",
    "gt_54.7s_f13.jpg",
    "gt_68.7s_f6.jpg",
    "gt_201.4s_f200.jpg",
    "gt_89.2s_f55.jpg"
  ],
  "backup_files": [
    "gt_1141.5s_f168.jpg",
    "gt_383.1s_f51.jpg",
    "gt_503.3s_f76.jpg"
  ],
  "scores": {
    "gt_503.3s_f76.jpg": 12.323,
    "gt_383.1s_f51.jpg": 10.5293,
    "gt_1141.5s_f168.jpg": 13.3296,
    "gt_54.7s_f13.jpg": 33.7065,
    "gt_89.2s_f55.jpg": 26.9596,
    "gt_201.4s_f200.jpg": 27.6753,
    "gt_233.7s_f241.jpg": 88.555,
    "gt_68.7s_f6.jpg": 27.8404,
    "gt_204.2s_f90.jpg": 81.5011,
    "gt_176.7s_f66.jpg": 78.7367
  },
  "approved_files": [
    "gt_1141.5s_f168.jpg",
    "gt_503.3s_f76.jpg",
    "gt_383.1s_f51.jpg",
    "gt_233.7s_f241.jpg",
    "gt_176.7s_f66.jpg",
    "gt_201.4s_f200.jpg",
    "gt_204.2s_f90.jpg",
    "gt_54.7s_f13.jpg",
    "gt_68.7s_f6.jpg",
    "gt_89.2s_f55.jpg"
  ],
  "mean_embedding": [
    0.06496299803256989,
    0.01203145831823349,
    0.005399285815656185,
    -0.030021514743566513,
    -0.06433486193418503,
    0.007261029910296202,
    -0.08516331017017365,
    0.00077800516737625,
    -0.010889897122979164,
    0.04724046587944031,
    0.017343120649456978,
    0.03246079385280609,
    0.03910137712955475,
    -0.005413278937339783,
    -0.0030275690369307995,
    -0.0332108810544014,
    0.05106497183442116,
    0.00609729764983058,
    0.029678979888558388,
    -0.0857427716255188,
    -0.019683117046952248,
    0.0996548980474472,
    -0.062273405492305756,
    0.023540979251265526,
    0.019543204456567764,
    -0.026894917711615562,
    0.015168283134698868,
    -0.010798546485602856,
    -0.04592610523104668,
    0.0433921180665493,
    0.0001088772842194885,
    -0.021487627178430557,
    -0.06195535138249397,
    -0.0172985028475523,
    -0.007941666059195995,
    0.07612817734479904,
    -0.06357846409082413,
    -0.02360948920249939,
    -0.09097698330879211,
    0.04023409262299538,
    0.05622837692499161,
    -0.05870708450675011,
    0.0027016845997422934,
    0.09396597743034363,
    0.015830570831894875,
    0.0012000094866380095,
    -0.07741871476173401,
    -0.02970091812312603,
    -0.022076528519392014,
    -0.023296533152461052,
    -0.028860794380307198,
    0.061915330588817596,
    -0.019340643659234047,
    -0.008739174343645573,
    0.018565788865089417,
    0.11236140877008438,
    0.03907833620905876,
    -0.01657162234187126,
    -0.01949205994606018,
    -0.010937084443867207,
    0.01762341521680355,
    0.007479832507669926,
    -0.007513502612709999,
    0.01082326378673315,
    0.041410643607378006,
    -0.060451690107584,
    -0.01593097858130932,
    -0.06528112292289734,
    -0.01071826834231615,
    -0.06256476044654846,
    0.05514382943511009,
    -0.03575851023197174,
    -0.06657499074935913,
    0.0007015180308371782,
    -0.028127338737249374,
    -0.0409846231341362,
    0.0024484009481966496,
    -0.010670548304915428,
    -0.08065322041511536,
    0.022228576242923737,
    0.018630672246217728,
    -0.0461600199341774,
    0.03974003344774246,
    0.07893447577953339,
    0.030089084059000015,
    0.022662034258246422,
    -0.04477247968316078,
    -0.039845485240221024,
    -0.055581189692020416,
    0.007932817563414574,
    0.009197087958455086,
    0.004437192343175411,
    0.02799435332417488,
    0.003567646723240614,
    -0.01590607687830925,
    0.07461550831794739,
    -0.03662307187914848,
    0.021771393716335297,
    0.030518021434545517,
    -0.008910688571631908,
    -0.03165927156805992,
    -0.0009310441091656685,
    0.07765914499759674,
    0.051948610693216324,
    0.07983867079019547,
    0.05832148715853691,
    0.03355025127530098,
    -0.03810587897896767,
    0.0018517221324145794,
    0.0067873187363147736,
    0.01966790482401848,
    -0.03946215286850929,
    -0.021134695038199425,
    -2.6333949790569022e-05,
    -0.01178833283483982,
    -0.023420698940753937,
    0.026743615046143532,
    -0.04385942965745926,
    -0.03760819137096405,
    -0.0212381761521101,
    -0.029811710119247437,
    0.06885472685098648,
    -0.03264152258634567,
    0.06611092388629913,
    -0.05793564394116402,
    -0.02818221040070057,
    0.024517355486750603,
    -0.003097238251939416,
    -0.0109151815995574,
    0.04196701571345329,
    0.05868849530816078,
    0.02189548686146736,
    -0.03872230276465416,
    0.03172552213072777,
    -0.09048417210578918,
    -0.05816297605633736,
    0.031026683747768402,
    0.02537929266691208,
    0.0016079260967671871,
    0.012755537405610085,
    0.01993711292743683,
    -0.020189549773931503,
    0.055983949452638626,
    0.03806626424193382,
    -0.06784974038600922,
    0.02548588626086712,
    0.04058557376265526,
    -0.05093112960457802,
    -0.001353493775241077,
    0.0007666906458325684,
    0.005590562708675861,
    -0.0374087430536747,
    -0.0043641021475195885,
    -0.033117473125457764,
    -0.004450257867574692,
    0.07549203932285309,
    0.006253041792660952,
    -0.07706794887781143,
    -0.00592011958360672,
    0.028431430459022522,
    0.030015911906957626,
    0.04407777264714241,
    0.007967595010995865,
    -0.012133500538766384,
    -0.03237428516149521,
    -0.010673368349671364,
    -0.055168405175209045,
    -0.012801961973309517,
    -0.1460588574409485,
    0.0790717601776123,
    0.09267941117286682,
    -0.016544314101338387,
    0.07176467031240463,
    -0.023912182077765465,
    -0.033148955553770065,
    0.028417320922017097,
    -0.07170074433088303,
    -0.028103161603212357,
    0.04476892203092575,
    0.06052909418940544,
    0.059550169855356216,
    -0.06814122945070267,
    -0.010037437081336975,
    -0.010601739399135113,
    -0.020561203360557556,
    -0.0010844888165593147,
    -0.05721668526530266,
    -0.014822623692452908,
    0.01246370654553175,
    -0.029593490064144135,
    0.020816661417484283,
    -0.025896189734339714,
    -0.04066101461648941,
    -0.03425898775458336,
    -0.01356084831058979,
    -0.013005215674638748,
    0.07824896275997162,
    -0.010886465199291706,
    -0.03431819751858711,
    -0.04057089611887932,
    0.014804136008024216,
    0.0060004061087965965,
    -0.05765925347805023,
    0.033217135816812515,
    -0.001002162229269743,
    -0.008687742985785007,
    0.029103221371769905,
    0.03903950750827789,
    0.039592888206243515,
    -0.03382979333400726,
    -0.0820336565375328,
    -0.01795407198369503,
    -0.003784359432756901,
    -0.07856068015098572,
    -0.05618934705853462,
    0.04601366072893143,
    0.04266362637281418,
    0.005673491396009922,
    0.0032241586595773697,
    0.019668519496917725,
    0.033929143100976944,
    0.061815857887268066,
    -0.02476516366004944,
    -0.05120563507080078,
    -0.0013446882367134094,
    -0.05615143105387688,
    0.07054086774587631,
    0.06286527216434479,
    0.03807610645890236,
    0.052371710538864136,
    0.05287408083677292,
    -0.055477458983659744,
    -0.016486642882227898,
    0.017671501263976097,
    0.02832019329071045,
    -0.0286457147449255,
    -0.013121147640049458,
    0.07859841734170914,
    0.07536432147026062,
    -0.048457492142915726,
    0.004215310327708721,
    -0.02075251005589962,
    -0.033797893673181534,
    -0.016369128599762917,
    0.060135193169116974,
    0.1099577322602272,
    0.03509135544300079,
    -0.043376561254262924,
    0.026825837790966034,
    -0.030239053070545197,
    0.07936446368694305,
    0.0048113674856722355,
    0.03239934891462326,
    0.03085894137620926,
    -0.014636172913014889,
    0.04389705881476402,
    0.04210983216762543,
    0.0228279996663332,
    -0.034856345504522324,
    0.004587623290717602,
    -0.060985151678323746,
    -0.08523059636354446,
    0.034846242517232895,
    -0.007003987208008766,
    -0.03395325317978859,
    0.040978264063596725,
    0.019733555614948273,
    0.0016270034248009324,
    0.00810144655406475,
    0.05672523006796837,
