{
  "embedding_files": [
    "gt_233.7s_f241.jpg",
    "gt_204.2s_f90.jpg",
    "gt_176.7s_f66.jpg",
    "gt_54.7s_f13.jpg",
    "gt_68.7s_f6.jpg",
    "gt_201.4s_f200.jpg",
    "gt_89.2s_f55.jpg"
  ],
  "backup_files": [
    "gt_503.3s_f76.jpg",
    "gt_1141.5s_f168.jpg",
    "gt_383.1s_f51.jpg"
  ],
  "scores": {
    "gt_503.3s_f76.jpg": 12.323,
    "gt_383.1s_f51.jpg": 10.5293,
    "gt_1141.5s_f168.jpg": 13.3296,
    "gt_54.7s_f13.jpg": 33.7065,
    "gt_89.2s_f55.jpg": 26.9596,
    "gt_201.4s_f200.jpg": 27.6753,
    "gt_233.7s_f241.jpg": 88.555,
    "gt_68.7s_f6.jpg": 27.8404,
    "gt_204.2s_f90.jpg": 81.5011,
    "gt_176.7s_f66.jpg": 78.7367
  },
  "approved_files": [
    "gt_1141.5s_f168.jpg",
    "gt_503.3s_f76.jpg",
    "gt_383.1s_f51.jpg",
    "gt_233.7s_f241.jpg",
    "gt_176.7s_f66.jpg",
    "gt_201.4s_f200.jpg",
    "gt_204.2s_f90.jpg",
    "gt_54.7s_f13.jpg",
    "gt_68.7s_f6.jpg",
    "gt_89.2s_f55.jpg"
  ],
  "mean_embedding": [
    0.06495913863182068,
    0.012028371915221214,
    0.005399677436798811,
    -0.030026866123080254,
    -0.06432951241731644,
    0.007252259645611048,
    -0.08515717834234238,
    0.0007865438819862902,
    -0.010882851667702198,
    0.04724310338497162,
    0.017339248210191727,
    0.03246559575200081,
    0.0391053631901741,
    -0.005412762053310871,
    -0.0030305818654596806,
    -0.033204831182956696,
    0.05106595158576965,
    0.0061031971126794815,
    0.0296889990568161,
    -0.08573505282402039,
    -0.01969073712825775,
    0.09965942054986954,
    -0.062266573309898376,
    0.023552516475319862,
    0.019547048956155777,
    -0.0268976092338562,
    0.015167987905442715,
    -0.010794036090373993,
    -0.045918259769678116,
    0.043383073061704636,
    0.00011956747766816989,
    -0.02147963084280491,
    -0.06195119768381119,
    -0.017308497801423073,
    -0.00795815046876669,
    0.07612533122301102,
    -0.06356638669967651,
    -0.02361246757209301,
    -0.09097842872142792,
    0.040233269333839417,
    0.05622749403119087,
    -0.05871747434139252,
    0.002705394523218274,
    0.09396562725305557,
    0.015835192054510117,
    0.0012029064819216728,
    -0.07741715759038925,
    -0.029703635722398758,
    -0.022078661248087883,
    -0.02330850437283516,
    -0.028875000774860382,
    0.06191103160381317,
    -0.019340340048074722,
    -0.008747538551688194,
    0.018565990030765533,
    0.1123664528131485,
    0.03907337039709091,
    -0.01657215878367424,
    -0.019481061026453972,
    -0.010936408303678036,
    0.01762932538986206,
    0.007472456432878971,
    -0.007509094197303057,
    0.010821455158293247,
    0.04142126813530922,
    -0.06045406684279442,
    -0.0159311406314373,
    -0.0652787834405899,
    -0.010731986723840237,
    -0.06255540996789932,
    0.05515258386731148,
    -0.03575515374541283,
    -0.06658229231834412,
    0.0007083613309077919,
    -0.028134360909461975,
    -0.04098540544509888,
    0.0024448507465422153,
    -0.010658982209861279,
    -0.08065040409564972,
    0.02223118767142296,
    0.018636053428053856,
    -0.04615379497408867,
    0.03974105045199394,
    0.07893947511911392,
    0.030092056840658188,
    0.022661877796053886,
    -0.04477040842175484,
    -0.039828136563301086,
    -0.05557219684123993,
    0.007921749725937843,
    0.00919940322637558,
    0.0044284723699092865,
    0.02799750305712223,
    0.003557659452781081,
    -0.015907997265458107,
    0.07460745424032211,
    -0.03661702200770378,
    0.02177395485341549,
    0.03052162379026413,
    -0.008906576782464981,
    -0.0316544808447361,
    -0.0009254008182324469,
    0.07766374945640564,
    0.051935825496912,
    0.07984024286270142,
    0.058321453630924225,
    0.03354761376976967,
    -0.03809302672743797,
    0.0018517267890274525,
    0.006781816948205233,
    0.019664542749524117,
    -0.03946851193904877,
    -0.021132828667759895,
    -2.3096650693332776e-05,
    -0.011785123497247696,
    -0.023421239107847214,
    0.026750361546874046,
    -0.043861545622348785,
    -0.03761279582977295,
    -0.021235933527350426,
    -0.02981346845626831,
    0.06885231286287308,
    -0.03264480456709862,
    0.06611911952495575,
    -0.057940125465393066,
    -0.028185104951262474,
    0.02451932430267334,
    -0.0031044099014252424,
    -0.010909659788012505,
    0.04195523262023926,
    0.05869279429316521,
    0.021897947415709496,
    -0.03871729224920273,
    0.031738586723804474,
    -0.09048093855381012,
    -0.05816539004445076,
    0.031030168756842613,
    0.02537022903561592,
    0.0016143652610480785,
    0.012754471972584724,
    0.019938722252845764,
    -0.02020391821861267,
    0.05598713830113411,
    0.038062840700149536,
    -0.06784529983997345,
    0.025494074448943138,
    0.04058143496513367,
    -0.050940003246068954,
    -0.0013579513179138303,
    0.0007783690234646201,
    0.0055849687196314335,
    -0.03742145001888275,
    -0.004361309576779604,
    -0.033126216381788254,
    -0.004449940752238035,
    0.07549165189266205,
    0.006256858352571726,
    -0.07706816494464874,
    -0.005914230365306139,
    0.028426023200154305,
    0.030012574046850204,
    0.04408201202750206,
    0.007964354939758778,
    -0.012144126929342747,
    -0.03237210586667061,
    -0.01066409982740879,
    -0.055166374891996384,
    -0.012808652594685555,
    -0.1460677832365036,
    0.07907424122095108,
    0.09268134832382202,
    -0.01655227318406105,
    0.07177805155515671,
    -0.023904941976070404,
    -0.03315866366028786,
    0.028415340930223465,
    -0.07170093804597855,
    -0.028102684766054153,
    0.04477284103631973,
    0.060525935143232346,
    0.059538137167692184,
    -0.06814328581094742,
    -0.010037345811724663,
    -0.010610785335302353,
    -0.02055796980857849,
    -0.001086015603505075,
    -0.057218197733163834,
    -0.014812829904258251,
    0.012468608096241951,
    -0.02959638647735119,
    0.020821701735258102,
    -0.0259087011218071,
    -0.04066205024719238,
    -0.03425385057926178,
    -0.013562486506998539,
    -0.012997318059206009,
    0.07825993746519089,
    -0.010884230025112629,
    -0.0343254953622818,
    -0.040571440011262894,
    0.014802807942032814,
    0.006008506752550602,
    -0.05767127871513367,
    0.03320883959531784,
    -0.0010094960452988744,
    -0.008701854385435581,
    0.029094019904732704,
    0.039045121520757675,
    0.03958030417561531,
    -0.03383007273077965,
    -0.08203824609518051,
    -0.01794823817908764,
    -0.0037685674615204334,
    -0.07856874912977219,
    -0.05619014799594879,
    0.04599953070282936,
    0.04265749827027321,
    0.005682726856321096,
    0.0032143190037459135,
    0.01965874806046486,
    0.033927399665117264,
    0.06182149052619934,
    -0.024771250784397125,
    -0.051204729825258255,
    -0.0013455055886879563,
    -0.056157782673835754,
    0.07053884863853455,
    0.06286753714084625,
    0.03808378800749779,
    0.05236952379345894,
    0.05286547914147377,
    -0.055480699986219406,
    -0.016490597277879715,
    0.01766439527273178,
    0.028325052931904793,
    -0.028660036623477936,
    -0.013121890835464,
    0.07859394699335098,
    0.07534598559141159,
    -0.0484677217900753,
    0.0042036147788167,
    -0.020744016394019127,
    -0.03378785774111748,
    -0.016367623582482338,
    0.060135867446660995,
    0.10996070504188538,
    0.03509907051920891,
    -0.0433826744556427,
    0.026830976828932762,
    -0.030244210734963417,
    0.07937084138393402,
    0.004817175678908825,
    0.03240528702735901,
    0.030855530872941017,
    -0.014642107300460339,
    0.04390833526849747,
    0.04210395738482475,
    0.022825347259640694,
    -0.03485690802335739,
    0.004586696624755859,
    -0.06097777187824249,
    -0.08521832525730133,
    0.03484608978033066,
    -0.007017312105745077,
    -0.03394557535648346,
    0.04097747057676315,
    0.019733630120754242,
    0.001620903960429132,
    0.008107000030577183,
    0.05673128366470337,
