{
  "embedding_files": [
    "new_1776234304948_gt_2.1s_f15.jpg",
    "new_1776234304948_gt_383.1s_f56.jpg",
    "new_1776234304948_gt_184.5s_f28.jpg",
    "gt_87.6s_f30.jpg",
    "new_1776234304948_gt_310.5s_f21.jpg",
    "gt_137.3s_f99.jpg",
    "gt_275.0s_f54.jpg",
    "gt_71.4s_f6.jpg",
    "gt_93.0s_f21.jpg"
  ],
  "backup_files": [
    "gt_2.3s_f2.jpg",
    "new_1776234304948_gt_1051.3s_f142.jpg",
    "new_1776234304948_gt_431.4s_f40.jpg",
    "new_1776234304948_gt_589.5s_f67.jpg",
    "new_1777919210560_gt_101.7s_f60.jpg"
  ],
  "scores": {
    "gt_2.3s_f2.jpg": 13.7992,
    "new_1776234304948_gt_1051.3s_f142.jpg": 15.1748,
    "new_1776234304948_gt_184.5s_f28.jpg": 60.6026,
    "new_1776234304948_gt_2.1s_f15.jpg": 282.3996,
    "new_1776234304948_gt_310.5s_f21.jpg": 15.8792,
    "new_1776234304948_gt_383.1s_f56.jpg": 76.3452,
    "new_1776234304948_gt_431.4s_f40.jpg": 12.2233,
    "new_1776234304948_gt_589.5s_f67.jpg": 12.1893,
    "gt_87.6s_f30.jpg": 18.3221,
    "gt_137.3s_f99.jpg": 14.4564
  },
  "approved_files": [
    "gt_2.3s_f2.jpg",
    "new_1776234304948_gt_1051.3s_f142.jpg",
    "new_1776234304948_gt_184.5s_f28.jpg",
    "new_1776234304948_gt_2.1s_f15.jpg",
    "new_1776234304948_gt_310.5s_f21.jpg",
    "new_1776234304948_gt_383.1s_f56.jpg",
    "new_1776234304948_gt_431.4s_f40.jpg",
    "new_1776234304948_gt_589.5s_f67.jpg",
    "new_1777919210560_gt_101.7s_f60.jpg",
    "new_1777919210560_gt_111.1s_f87.jpg",
    "new_1777919210560_gt_128.3s_f105.jpg",
    "new_1777919210560_gt_145.3s_f133.jpg",
    "new_1777919210560_gt_154.9s_f102.jpg",
    "new_1777919210560_gt_67.2s_f14.jpg",
    "new_1777919210560_gt_77.5s_f33.jpg",
    "new_1777919210560_gt_86.3s_f37.jpg",
    "new_1777919210560_gt_93.8s_f62.jpg",
    "gt_137.3s_f99.jpg",
    "gt_275.0s_f54.jpg",
    "gt_71.4s_f6.jpg",
    "gt_87.6s_f30.jpg",
    "gt_93.0s_f21.jpg"
  ],
  "mean_embedding": [
    -0.03324541449546814,
    -0.03435716778039932,
    0.03622092679142952,
    -0.022541264072060585,
    -0.026101384311914444,
    0.048531804233789444,
    -0.0034931099507957697,
    -0.027097083628177643,
    -0.03731865435838699,
    0.10166464745998383,
    0.036159854382276535,
    -0.0021935489494353533,
    0.037915997207164764,
    -0.06272585690021515,
    -0.041211433708667755,
    -0.02834341488778591,
    0.0577087365090847,
    -0.05496028810739517,
    0.02788461185991764,
    -0.0016600914532318711,
    0.05380236729979515,
    0.002920160535722971,
    -0.023513665422797203,
    -0.05600528046488762,
    0.13170985877513885,
    0.023044025525450706,
    -0.03799049183726311,
    -0.01706300862133503,
    0.08616816252470016,
    -0.007268428336828947,
    -0.002788698999211192,
    -0.07860198616981506,
    -0.005868962500244379,
    -0.016332419589161873,
    0.0390707366168499,
    0.04072493314743042,
    -0.005769670940935612,
    0.02267279103398323,
    0.004146185703575611,
    0.005389902275055647,
    -0.03307085111737251,
    0.03850133344531059,
    -0.0936889722943306,
    0.06092729791998863,
    0.057459812611341476,
    -0.0016607367433607578,
    0.017967812716960907,
    0.06352121382951736,
    -0.00543235382065177,
    0.03894845396280289,
    -0.043184712529182434,
    0.03333325684070587,
    -0.04487768933176994,
    0.00691952696070075,
    0.0016265262383967638,
    0.09253155440092087,
    0.019100606441497803,
    -0.08225778490304947,
    0.02473943866789341,
    0.0011645188787952065,
    0.007396477274596691,
    -0.0036308676935732365,
    -0.0285355132073164,
    0.03219214081764221,
    0.04416169226169586,
    0.012973280623555183,
    0.028817269951105118,
    0.00031858409056439996,
    0.05346907675266266,
    -0.013722368516027927,
    -0.029565397650003433,
    0.038681723177433014,
    -0.01091858185827732,
    0.008792354725301266,
    -0.011930949985980988,
    -0.016901861876249313,
    0.011597623117268085,
    0.027909504249691963,
    0.015055989846587181,
    0.03534373268485069,
    0.035894449800252914,
    -0.08396720141172409,
    -0.02198617346584797,
    -0.07359416782855988,
    0.01301318034529686,
    0.0029366565868258476,
    0.014517106115818024,
    0.05109083279967308,
    0.05059971287846565,
    -0.04819880425930023,
    0.0716291144490242,
    0.04503750056028366,
    -0.010560969822108746,
    -0.031781286001205444,
    -0.0499434657394886,
    -0.052569516003131866,
    -0.06538010388612747,
    -0.010640080086886883,
    -0.031033428385853767,
    0.015080410987138748,
    -0.020703166723251343,
    -0.044272128492593765,
    0.039508577436208725,
    0.02039152942597866,
    0.06173378601670265,
    0.06852881610393524,
    0.07643343508243561,
    -0.05352972075343132,
    0.022000642493367195,
    -0.019391341134905815,
    0.016978289932012558,
    0.0024605959188193083,
    -0.011078477837145329,
    -0.023123495280742645,
    -0.0006044853944331408,
    0.04714716970920563,
    0.034080322831869125,
    0.02405131235718727,
    -0.02666081115603447,
    0.05671325698494911,
    -0.09206278622150421,
    0.03146752342581749,
    -0.04667564481496811,
    -0.03972463682293892,
    -0.02887725830078125,
    0.09276376664638519,
    -0.03159530833363533,
    -0.054940447211265564,
    -0.00985526293516159,
    -0.007024648133665323,
    -0.03569826856255531,
    0.023754514753818512,
    -0.007912831380963326,
    0.019463030621409416,
    -0.1518513262271881,
    -0.05594403296709061,
    -0.03294747695326805,
    -0.022614654153585434,
    -0.04300033673644066,
    0.02237033285200596,
    0.040256645530462265,
    -0.06979911774396896,
    -0.00598186906427145,
    0.03548116236925125,
    0.05369025096297264,
    -0.014455951750278473,
    0.004564917180687189,
    -0.026680126786231995,
    -0.04308672621846199,
    -0.06780336797237396,
    0.044864971190690994,
    -0.003145134774968028,
    -0.016252242028713226,
    -0.05604402348399162,
    0.02140723168849945,
    -0.020892594009637833,
    0.034631554037332535,
    0.017354508861899376,
    0.01682896539568901,
    0.051636189222335815,
    0.006767961196601391,
    0.010175041854381561,
    0.010745929554104805,
    0.09534437209367752,
    -0.028632136061787605,
    0.032187461853027344,
    -0.10307200998067856,
    0.014409483410418034,
    -0.06751956790685654,
    0.008425017818808556,
    -0.026594648137688637,
    0.01647692732512951,
    0.030812544748187065,
    0.04219673201441765,
    -0.01303515862673521,
    -0.04084083065390587,
    -0.009390446357429028,
    0.04838566854596138,
    0.04781676083803177,
    0.04552573338150978,
    -0.05520762875676155,
    -0.022449305281043053,
    -0.019857117906212807,
    -0.06296251714229584,
    0.02605130709707737,
    0.0224287211894989,
    -0.04477417469024658,
    -0.019442599266767502,
    0.008514409884810448,
    -0.006738006137311459,
    0.0060849739238619804,
    0.06616895645856857,
    -0.04199184849858284,
    0.08174289762973785,
    -0.01535771507769823,
    -0.10318377614021301,
    0.13011452555656433,
    0.04522869363427162,
    0.028710775077342987,
    -0.06434338539838791,
    -0.014329703524708748,
    -0.08981272578239441,
    -0.037030186504125595,
    0.031391020864248276,
    0.09078355878591537,
    0.01695677824318409,
    -0.0027212644927203655,
    0.027097336947917938,
    0.02089773677289486,
    -0.05073317140340805,
    0.058974575251340866,
    -0.07120398432016373,
    -0.026512067764997482,
    0.02762370929121971,
    -0.088308185338974,
    0.05713990703225136,
    -0.006802449002861977,
    0.015593423508107662,
    0.003578794188797474,
    0.03848142921924591,
    -0.05230115354061127,
    0.023239457979798317,
    -0.07487177103757858,
    0.010082480497658253,
    0.09135740995407104,
    -0.04658154770731926,
    -0.058004964143037796,
    0.07081001996994019,
    0.007902326993644238,
    0.018494870513677597,
    -0.02117755636572838,
    0.049414440989494324,
    -0.024477679282426834,
    -0.037266019731760025,
