{
  "embedding_files": [
    "gt_579.2s_f96.jpg",
    "gt_300.2s_f40.jpg",
    "gt_211.2s_f18.jpg",
    "gt_499.6s_f84.jpg"
  ],
  "backup_files": [],
  "scores": {
    "gt_300.2s_f40.jpg": 92.8737,
    "gt_211.2s_f18.jpg": 92.7173,
    "gt_499.6s_f84.jpg": 81.9856,
    "gt_579.2s_f96.jpg": 98.5031
  },
  "approved_files": [
    "gt_579.2s_f96.jpg",
    "gt_300.2s_f40.jpg",
    "gt_211.2s_f18.jpg",
    "gt_499.6s_f84.jpg"
  ],
  "mean_embedding": [
    -0.020231712609529495,
    0.024295443668961525,
    0.016362885013222694,
    -0.05521220341324806,
    -0.050952713936567307,
    -0.03753850236535072,
    -0.02508951909840107,
    0.0008474610513076186,
    -0.050476305186748505,
    0.018174417316913605,
    0.0015255352482199669,
    -0.052211206406354904,
    0.032198790460824966,
    0.0655418336391449,
    0.050637051463127136,
    -0.04250698536634445,
    0.02393793873488903,
    -0.049195125699043274,
    -0.08878055959939957,
    0.03362784907221794,
    0.08502744138240814,
    0.039851028472185135,
    -0.0007925401441752911,
    -0.04436532407999039,
    0.022377679124474525,
    -0.039814405143260956,
    -0.005529212765395641,
    0.0308856051415205,
    -0.040303558111190796,
    -0.032229628413915634,
    -0.015113530680537224,
    -0.05533735826611519,
    -0.05639959126710892,
    -0.020056774839758873,
    -0.06011180579662323,
    0.010224901139736176,
    -0.059421442449092865,
    -0.028929470106959343,
    0.004858928732573986,
    -0.017542587593197823,
    -0.015736164525151253,
    -0.06307731568813324,
    0.012002812698483467,
    0.04564930498600006,
    0.09220145642757416,
    0.023868421092629433,
    0.08991837501525879,
    -0.007622413337230682,
    0.007740253582596779,
    0.026896746829152107,
    0.00020635810506064445,
    0.08727391064167023,
    0.0007848272798582911,
    0.01400450337678194,
    -0.005853400100022554,
    0.06588829308748245,
    0.06631282716989517,
    -0.008111211471259594,
    0.05397598445415497,
    -0.07595774531364441,
    0.057940028607845306,
    0.06910788267850876,
    -0.016913244500756264,
    -0.025458307936787605,
    -0.006261845119297504,
    0.01499259378761053,
    -0.0232711099088192,
    0.0008901804103516042,
    0.041401877999305725,
    -0.09041567891836166,
    -0.011069745756685734,
    -0.127587229013443,
    -0.020293094217777252,
    0.0597115084528923,
    0.032054353505373,
    -0.047963280230760574,
    0.11472399532794952,
    -0.0514216385781765,
    -0.04202137887477875,
    -0.012420452199876308,
    0.024592068046331406,
    -0.03227686136960983,
    0.02707498148083687,
    -0.055647820234298706,
    0.016882210969924927,
    0.052254170179367065,
    -0.03222160041332245,
    0.018864046782255173,
    0.03374508395791054,
    -0.045654747635126114,
    -0.02305568940937519,
    0.023617438971996307,
    -0.024312807247042656,
    -0.00044596096267923713,
    -0.06804428994655609,
    0.033595744520425797,
    -0.0552840456366539,
    -0.08345232903957367,
    0.016253650188446045,
    0.023275189101696014,
    -0.02377438172698021,
    -0.03289816528558731,
    0.014422718435525894,
    -0.0157046839594841,
    0.0687069520354271,
    0.0107250502333045,
    -0.08639799058437347,
    -0.046368956565856934,
    0.02651849202811718,
    0.012495527975261211,
    0.00039367706631310284,
    -0.04085486754775047,
    0.06084633618593216,
    0.018502362072467804,
    -0.02162109687924385,
    -0.11680347472429276,
    -0.020684948191046715,
    -0.0037252476904541254,
    -0.016897473484277725,
    -0.024194668978452682,
    -0.05270339176058769,
    0.00597208458930254,
    0.00879596546292305,
    0.032434236258268356,
    -0.05203663930296898,
    0.024416759610176086,
    -0.055378615856170654,
    -0.025276754051446915,
    0.021977249532938004,
    0.0032795206643640995,
    -0.026646317914128304,
    -0.04254159703850746,
    -0.05488360673189163,
    0.0432114414870739,
    -0.11416682600975037,
    -0.0217855554074049,
    0.007228344213217497,
    -0.017012156546115875,
    -0.02054445818066597,
    0.012978616170585155,
    0.016942201182246208,
    -0.04395527392625809,
    0.01421615295112133,
    -0.014581971801817417,
    -0.006827014964073896,
    0.008938963524997234,
    -0.015221195295453072,
    0.05475214868783951,
    0.052794910967350006,
    0.019315391778945923,
    -0.03125154972076416,
    0.015016783028841019,
    -0.038428522646427155,
    0.017049824818968773,
    0.02225152589380741,
    0.03205585107207298,
    -0.08357501029968262,
    0.018186993896961212,
    -0.02939160168170929,
    0.02081162855029106,
    0.05135638639330864,
    0.003922969102859497,
    -0.03783675655722618,
    0.1138242557644844,
    -0.0009280538070015609,
    -0.04711037129163742,
    -0.06998880952596664,
    0.03881430998444557,
    -0.03932713344693184,
    0.024585161358118057,
    0.03855196759104729,
    -0.04543785750865936,
    0.019331764429807663,
    -0.11748560518026352,
    0.011815385892987251,
    -0.0348694771528244,
    0.05716076120734215,
    0.07811954617500305,
    0.10328953713178635,
    0.009438441134989262,
    -0.09073000401258469,
    0.08967143297195435,
    0.033210694789886475,
    -0.006316778715699911,
    -0.00861202459782362,
    -0.0007521287188865244,
    0.0348755307495594,
    0.003119841916486621,
    -0.011239074170589447,
    0.0009060942684300244,
    -0.03480749949812889,
    -0.01683156192302704,
    0.005169862415641546,
    0.06265486031770706,
    -0.003962517715990543,
    -0.015855569392442703,
    0.02610209956765175,
    0.020882094278931618,
    -0.009287049993872643,
    0.009223341010510921,
    -0.03731875494122505,
    -0.031458623707294464,
    -0.04914241284132004,
    0.02657887525856495,
    0.03726103901863098,
    0.00712683517485857,
    0.04102548211812973,
    -0.03230639547109604,
    -0.001356805209070444,
    0.033666763454675674,
    6.737460353178903e-05,
    -0.0303530003875494,
    0.0005536978715099394,
    -0.017821285873651505,
    -0.01055612601339817,
    0.051698941737413406,
    -0.01010068878531456,
    -0.002464227844029665,
    0.022671284154057503,
    -0.038229841738939285,
    0.032089028507471085,
    0.04127063602209091,
    0.005782409105449915,
    0.023830421268939972,
    0.05438990890979767,
    0.030649030581116676,
    0.03738534823060036,
    0.016814207658171654,
    -0.06516135483980179,
    0.09195400774478912,
    -0.007127594202756882,
    0.012489411048591137,
    -0.017839031293988228,
    0.021905899047851562,
    0.032628271728754044,
    0.021440234035253525,
    -0.024272223934531212,
    0.05117171257734299,
    0.04324923828244209,
    0.02136942185461521,
    -0.03501363843679428,
    0.012026597745716572,
    0.021461477503180504,
    -0.01435869187116623,
    -0.001981977839022875,
    -0.048517901450395584,
    -0.001387185649946332,
    -0.09351520985364914,
    0.032744958996772766,
    -0.03112821653485298,
    0.09021218121051788,
    0.011421307921409607,
    -7.615010690642521e-05,
    -0.0003217252960894257,
    -0.005809733644127846,
    0.0892750695347786,
    0.05709783360362053,
    -0.0024633288849145174,
    0.05049162730574608,
    0.0004933935706503689,
    0.0020302291959524155,
    -0.14943435788154602,
    -0.03735881298780441,
    0.013347088359296322,
    0.032801222056150436,
    -0.07992321252822876,
    0.011946875602006912,
    -0.048763878643512726,
    0.006447493098676205,
    0.07813926041126251,
    0.04591174051165581,
    -0.03944854065775871,
    0.001370713347569108,
    -0.012310543097555637,
    0.02203383855521679,
    -0.02559562586247921,
    0.024517634883522987,
    0.07743030041456223,
    0.09887252002954483,
    0.020051905885338783,
    -0.03295166790485382,
    0.019453825429081917,
    0.02535456046462059,
    0.026927992701530457,
    -0.04309314489364624,
    0.01357264444231987,
    -0.0052759055979549885,
    -0.01193363219499588,
    0.010139770805835724,
    -0.13304762542247772,
