{
  "embedding_files": [
    "gt_169.7s_f152.jpg",
    "gt_265.1s_f274.jpg",
    "gt_217.3s_f208.jpg",
    "gt_154.0s_f123.jpg",
    "gt_138.2s_f96.jpg"
  ],
  "backup_files": [
    "gt_215.4s_f0.jpg",
    "gt_248.1s_f36.jpg",
    "gt_73.2s_f9.jpg",
    "gt_91.9s_f34.jpg",
    "gt_107.2s_f52.jpg"
  ],
  "scores": {
    "gt_91.9s_f34.jpg": 24.1368,
    "gt_107.2s_f52.jpg": 22.7337,
    "gt_73.2s_f9.jpg": 22.307,
    "gt_138.2s_f96.jpg": 24.4113,
    "gt_154.0s_f123.jpg": 25.1126,
    "gt_169.7s_f152.jpg": 69.8504,
    "gt_217.3s_f208.jpg": 26.3514,
    "gt_265.1s_f274.jpg": 27.9684,
    "gt_215.4s_f0.jpg": 24.0877,
    "gt_248.1s_f36.jpg": 21.769
  },
  "approved_files": [
    "gt_169.7s_f152.jpg",
    "gt_265.1s_f274.jpg",
    "gt_217.3s_f208.jpg",
    "gt_154.0s_f123.jpg",
    "gt_138.2s_f96.jpg",
    "gt_91.9s_f34.jpg",
    "gt_215.4s_f0.jpg",
    "gt_107.2s_f52.jpg",
    "gt_73.2s_f9.jpg",
    "gt_248.1s_f36.jpg"
  ],
  "mean_embedding": [
    -0.0013171798782423139,
    0.06352679431438446,
    0.025307046249508858,
    -0.009839823469519615,
    0.02541201189160347,
    0.02044779248535633,
    -0.013630873523652554,
    -0.0026195135433226824,
    -0.007850210182368755,
    0.06963200867176056,
    -0.0008531675557605922,
    -0.0051560234278440475,
    0.04604111239314079,
    0.05928574502468109,
    0.04490482434630394,
    0.05909808725118637,
    -0.005245667416602373,
    0.10092637687921524,
    -0.017178315669298172,
    0.0037054182030260563,
    0.0551445335149765,
    -0.03653740510344505,
    0.021843455731868744,
    -0.06945093721151352,
    0.03250501677393913,
    -0.03447388485074043,
    -0.012966001406311989,
    -0.012008666060864925,
    0.12772780656814575,
    0.044241584837436676,
    -0.06931829452514648,
    0.025631695985794067,
    -0.006137605290859938,
    -0.04774685204029083,
    0.00026168665499426425,
    -0.0008189424406737089,
    0.017692308872938156,
    -0.023583943024277687,
    0.09904486685991287,
    0.026615489274263382,
    -0.04147469624876976,
    0.051901984959840775,
    -0.08051634579896927,
    -0.005340686999261379,
    -0.008380291983485222,
    0.019660834223031998,
    -0.021291786804795265,
    0.005259799305349588,
    -0.06620246917009354,
    -0.0493655800819397,
    -0.010365966707468033,
    -0.04541517794132233,
    0.04497697204351425,
    0.005598322954028845,
    0.010777542367577553,
    0.017505288124084473,
    0.014752102084457874,
    0.05322175472974777,
    0.055094361305236816,
    0.023321105167269707,
    0.012204824015498161,
    -0.021300463005900383,
    -0.015038996934890747,
    -0.01194368489086628,
    -0.005909875966608524,
    0.009324382059276104,
    0.0602889284491539,
    -0.045019932091236115,
    0.006437609437853098,
    0.04277832433581352,
    -0.022383829578757286,
    -0.017410390079021454,
    -0.023136751726269722,
    0.01841513067483902,
    -0.002972588874399662,
    0.014503860846161842,
    0.022256918251514435,
    -0.01875068061053753,
    0.10070781409740448,
    -0.001550493761897087,
    0.03142538294196129,
    -0.07690577208995819,
    0.06788564473390579,
    -0.03374497964978218,
    0.08433904498815536,
    0.024923071265220642,
    -0.02382071316242218,
    -0.04284350946545601,
    0.032833389937877655,
    0.0616493821144104,
    -0.048097915947437286,
    0.05204116553068161,
    -0.0008252366096712649,
    -0.05017540603876114,
    -0.061760347336530685,
    -0.018029794096946716,
    0.06151551008224487,
    0.03600030392408371,
    0.041485998779535294,
    0.032262321561574936,
    0.013163470663130283,
    0.006491079460829496,
    0.012937466613948345,
    -0.007884703576564789,
    0.03967686742544174,
    -0.051880788058042526,
    0.012458465993404388,
    -0.08536219596862793,
    0.02377558872103691,
    0.02970253676176071,
    0.0009587319218553603,
    0.04128590598702431,
    0.0022334707900881767,
    -0.07040178775787354,
    0.007235387340188026,
    0.006801057606935501,
    -0.07900037616491318,
    -0.017572687938809395,
    -0.09090076386928558,
    0.07976139336824417,
    0.007511772681027651,
    0.01590730994939804,
    0.03985416516661644,
    -0.060958873480558395,
    0.052641723304986954,
    0.011830149218440056,
    -0.033585939556360245,
    0.016807297244668007,
    0.03414187580347061,
    0.0014462163671851158,
    0.0004688579647336155,
    0.041766464710235596,
    0.03502828627824783,
    -0.010672176256775856,
    -0.02281678095459938,
    -0.07534756511449814,
    -0.058455903083086014,
    -0.045099109411239624,
    0.027629539370536804,
    0.007761189714074135,
    0.03072405979037285,
    0.012861884199082851,
    0.04537250101566315,
    -0.03304048255085945,
    -0.08260872960090637,
    -0.011102900840342045,
    0.03661176562309265,
    -0.03677601367235184,
    -0.041724465787410736,
    -0.08140578120946884,
    0.027310768142342567,
    0.057308394461870193,
    -0.01776408962905407,
    0.019538596272468567,
    0.03963728994131088,
    -0.04196682572364807,
    -0.01612177863717079,
    -0.004446694627404213,
    0.06782378256320953,
    0.057532280683517456,
    -0.02664950303733349,
    0.08618863672018051,
    -0.07573693245649338,
    0.0155025040730834,
    0.05284656584262848,
    0.0273569468408823,
    -0.03809180110692978,
    0.011054731905460358,
    0.02654154971241951,
    0.035536330193281174,
    -0.04342348501086235,
    0.0019232562044635415,
    0.019211752340197563,
    0.007938646711409092,
    -0.11694943159818649,
    -0.05061802268028259,
    0.010705013759434223,
    -0.02899259887635708,
    -0.010776069015264511,
    -0.02324988692998886,
    -0.012714002281427383,
    0.02772010676562786,
    0.023622414097189903,
    -0.002207116223871708,
    -0.0036140652373433113,
    -0.02488500252366066,
    0.0084907915443182,
    0.0853114128112793,
    0.014224604703485966,
    0.0431414470076561,
    0.011536947451531887,
    0.02338814176619053,
    0.008033194579184055,
    0.08461984992027283,
    -0.07873954623937607,
    -0.0038399922195822,
    -0.026950683444738388,
    -0.005416713654994965,
    -0.05603666603565216,
    -0.0018258446361869574,
    -0.035293810069561005,
    -0.07172942161560059,
    -0.10686666518449783,
    0.029209747910499573,
    -0.010159364901483059,
    0.008168728090822697,
    -0.002142914105206728,
    -0.027719737961888313,
    -0.03654247522354126,
    0.05858311429619789,
    -0.045258138328790665,
    -0.0867469534277916,
    0.05187706649303436,
    0.06981297582387924,
    0.003111549885943532,
    0.045279890298843384,
    0.013114423491060734,
    -0.005832236725836992,
    0.01837501861155033,
    0.017784519121050835,
    0.01475871354341507,
    0.010619178414344788,
    -0.05442176014184952,
    0.00895322859287262,
    0.08861087262630463,
    0.04457532614469528,
    0.09412475675344467,
    -0.04261115938425064,
    0.0770534947514534,
    -0.0041224840097129345,
    -0.010513057000935078,
    -0.03352855145931244,
    0.016059119254350662,
    -0.02525359019637108,
    -0.0852927714586258,
    0.06172647699713707,
    0.0026926789432764053,
    0.0002097216056426987,
    -0.014030574820935726,
    0.05335865542292595,
    0.016318373382091522,
    -0.04117356613278389,
    -0.0405518114566803,
    0.029884764924645424,
    -0.02726762369275093,
    -0.06285405158996582,
    0.022629015147686005,
    0.03152674809098244,
    -0.03235890716314316,
    0.04955947771668434,
    0.07188987731933594,
    -0.030759451910853386,
    -0.048390816897153854,
    0.004768285434693098,
    0.032499656081199646,
    0.012648306787014008,
    -0.04663557559251785,
    0.06283620744943619,
    -0.017063099890947342,
    -0.004392338916659355,
    0.04255691170692444,
    0.06031247600913048,
    0.03972133994102478,
    -0.008365049958229065,
    -0.05393930897116661,
    -0.006391895469278097,
    -0.01602807082235813,
    -0.022118795663118362,
    -0.02886480838060379,
    0.0033956323750317097,
