{
  "embedding_files": [
    "gt_300.2s_f39.jpg",
    "gt_750.2s_f147.jpg",
    "gt_399.0s_f60.jpg",
    "gt_658.0s_f118.jpg",
    "gt_499.6s_f78.jpg"
  ],
  "backup_files": [
    "gt_579.2s_f99.jpg"
  ],
  "scores": {
    "gt_658.0s_f118.jpg": 15.8153,
    "gt_499.6s_f78.jpg": 14.6947,
    "gt_579.2s_f99.jpg": 9.0897,
    "gt_300.2s_f39.jpg": 19.2584,
    "gt_750.2s_f147.jpg": 17.2165,
    "gt_399.0s_f60.jpg": 15.9505
  },
  "approved_files": [
    "gt_300.2s_f39.jpg",
    "gt_750.2s_f147.jpg",
    "gt_399.0s_f60.jpg",
    "gt_658.0s_f118.jpg",
    "gt_499.6s_f78.jpg",
    "gt_579.2s_f99.jpg"
  ],
  "mean_embedding": [
    0.02930297516286373,
    -0.050329774618148804,
    -0.009379337541759014,
    -0.018678469583392143,
    0.011304272338747978,
    -0.015490543097257614,
    0.06308700144290924,
    0.03916915878653526,
    -0.06588258594274521,
    0.038620222359895706,
    0.02660197764635086,
    -0.027496183291077614,
    0.006140478421002626,
    0.05090600624680519,
    0.04673003405332565,
    0.012146451510488987,
    0.057892318814992905,
    0.12042175233364105,
    -0.04671133682131767,
    -0.0814768448472023,
    -0.049732133746147156,
    -0.06322282552719116,
    0.03277022764086723,
    -0.05676499381661415,
    0.055976077914237976,
    0.0031653658952564,
    0.02107098326086998,
    -0.05303986743092537,
    2.5814269974944182e-05,
    -0.01668822206556797,
    -0.003302287543192506,
    0.009627219289541245,
    -0.03919709101319313,
    -0.02227373607456684,
    0.03294729068875313,
    0.06834669411182404,
    0.044411998242139816,
    0.06286445260047913,
    0.04594723880290985,
    -0.005319070536643267,
    -0.05078599601984024,
    -0.019361862912774086,
    -0.07508159428834915,
    -0.11255046725273132,
    -0.043942831456661224,
    -0.015382882207632065,
    0.015001378953456879,
    0.0022997099440544844,
    -0.009496507234871387,
    -0.00437592389062047,
    -0.028290338814258575,
    -0.0021449532359838486,
    0.07678129523992538,
    0.0663352757692337,
    0.03166342154145241,
    -0.0856858342885971,
    0.020275510847568512,
    0.038471512496471405,
    -0.007911816239356995,
    0.03232621029019356,
    0.03625539690256119,
    -0.022746462374925613,
    -0.047821592539548874,
    0.048014454543590546,
    -0.003021399723365903,
    0.08073354512453079,
    0.004311205353587866,
    -0.06935668736696243,
    -0.016179131343960762,
    0.012788206338882446,
    0.0001577834045747295,
    -0.019738292321562767,
    0.10137714445590973,
    0.01679237186908722,
    -0.06840100139379501,
    0.02640996128320694,
    -0.057693690061569214,
    2.5253551939385943e-05,
    -0.03786100447177887,
    -0.029858049005270004,
    -0.020224902778863907,
    -0.03730079531669617,
    -0.03730863332748413,
    -0.023316774517297745,
    0.07379507273435593,
    -0.030230481177568436,
    0.05467763915657997,
    0.07107605785131454,
    -0.005723138339817524,
    0.03126188740134239,
    -0.031759221106767654,
    0.02481723576784134,
    0.01847558282315731,
    -0.010150155983865261,
    0.018585702404379845,
    0.059645820409059525,
    -0.007041434291750193,
    0.0008575990214012563,
    -0.009210407733917236,
    -0.029543254524469376,
    0.005444854963570833,
    0.03282848000526428,
    -0.014502570033073425,
    0.019721971824765205,
    -0.048093318939208984,
    -0.02258000709116459,
    -0.08062315732240677,
    -0.02522830292582512,
    -0.09573568403720856,
    0.07626281678676605,
    0.004341551102697849,
    -0.054682351648807526,
    0.0051785362884402275,
    -0.007973546162247658,
    0.045255426317453384,
    0.003457627259194851,
    0.02542891912162304,
    -0.029041919857263565,
    -0.028335541486740112,
    0.05534476786851883,
    -0.004373672418296337,
    -0.023130329325795174,
    0.04060975834727287,
    -0.04132586717605591,
    -0.033262915909290314,
    -0.003530699061229825,
    -0.0642896518111229,
    0.012751607224345207,
    0.08614189177751541,
    0.005361694842576981,
    0.016392774879932404,
    -0.0027815476059913635,
    0.02753758244216442,
    -0.034910865128040314,
    0.011396326124668121,
    0.002427233848720789,
    -0.04673811420798302,
    0.035800717771053314,
    -0.011197485029697418,
    0.014407726004719734,
    -0.011208432726562023,
    0.05150897800922394,
    -0.017217956483364105,
    -0.04127787426114082,
    -0.06059397757053375,
    0.024913165718317032,
    -0.026193615049123764,
    0.008241263218224049,
    -0.05107459798455238,
    0.08101517707109451,
    -0.023531215265393257,
    0.039736755192279816,
    -0.005698565859347582,
    -0.037562642246484756,
    0.02180655300617218,
    -0.009192846715450287,
    -0.008964655920863152,
    0.055613864213228226,
    -0.00026778405299410224,
    -0.006591638084501028,
    0.04890991747379303,
    0.032376259565353394,
    0.04224415123462677,
    0.0631232038140297,
    0.04421950876712799,
    -0.004259582608938217,
    0.019069481641054153,
    0.05637866631150246,
    -0.010486497543752193,
    0.024821270257234573,
    0.04389345273375511,
    -0.06806633621454239,
    0.0313427597284317,
    -0.03877091035246849,
    0.027328481897711754,
    -0.024152623489499092,
    -0.02780931629240513,
    -0.03160012140870094,
    0.01870710402727127,
    0.07568418979644775,
    0.002526476513594389,
    -0.003971017897129059,
    0.050401173532009125,
    0.025715477764606476,
    -0.048217352479696274,
    0.011025622487068176,
    0.054857056587934494,
    0.05922763794660568,
    0.03746473044157028,
    0.01511735375970602,
    0.03101561777293682,
    0.03129086643457413,
    0.0506710447371006,
    -0.02071155607700348,
    -0.026175539940595627,
    -0.04804696515202522,
    0.007348793558776379,
    0.03660144656896591,
    -0.05600237473845482,
    -0.010859946720302105,
    0.005232562776654959,
    -0.08272016048431396,
    0.03631411865353584,
    0.03938879445195198,
    0.01617259532213211,
    -0.00984284933656454,
    0.003049607388675213,
    0.031442973762750626,
    -0.04793268069624901,
    0.010941813699901104,
    -0.031985435634851456,
    -0.03770722821354866,
    0.042310405522584915,
    0.043813686817884445,
    -0.014860045164823532,
    0.05693492293357849,
    -0.012013409286737442,
    -0.0512126162648201,
    0.006926293019205332,
    -0.05191344395279884,
    -0.014610928483307362,
    0.09910403937101364,
    -0.06548884510993958,
    -0.02073580212891102,
    -0.0008674597484059632,
    -0.015724578872323036,
    0.06755413860082626,
    -0.04279666021466255,
    0.03215286508202553,
    0.04376181215047836,
    0.034826815128326416,
    -0.049603261053562164,
    0.10269224643707275,
    -0.019633382558822632,
    0.007497283164411783,
    0.019938062876462936,
    -0.0003807229222729802,
    0.012580471113324165,
    -0.01720312051475048,
    0.06813904643058777,
    0.02957339584827423,
    -0.023252438753843307,
    -0.02770986780524254,
    -0.03673819452524185,
    -0.04043621942400932,
    -0.0011461079120635986,
    -0.005019607953727245,
    0.01786508411169052,
    -0.06345263868570328,
    -0.07505577802658081,
    0.0699063241481781,
    0.001603230251930654,
    -0.04375273734331131,
    -0.004087100736796856,
    -0.05529356375336647,
    0.021798310801386833,
    0.03543192520737648,
    0.018699035048484802,
    0.014573536813259125,
    0.030060982331633568,
    0.015070262365043163,
    -0.09570366889238358,
    0.029556280001997948,
    -0.006099567282944918,
    -0.037622205913066864,
    -0.035996031016111374,
    -0.009510781615972519,
    0.007090109866112471,
    0.05338674038648605,
    -0.015343454666435719,
    0.02526332251727581,
    -0.08421909809112549,
    -0.02287798747420311,
    -0.014681629836559296,
    -0.04759964346885681,
    0.04620042070746422,
    -0.023578360676765442,
    -0.04534405469894409,
    0.07806175202131271,
    0.04196559265255928,
    -0.022510191425681114,
    0.022547869011759758,
    0.09001827985048294,
