{
  "embedding_files": [
    "gt_300.2s_f39.jpg",
    "gt_750.2s_f147.jpg",
    "gt_399.0s_f60.jpg",
    "gt_658.0s_f118.jpg",
    "gt_499.6s_f78.jpg"
  ],
  "backup_files": [
    "gt_579.2s_f99.jpg"
  ],
  "scores": {
    "gt_658.0s_f118.jpg": 15.8153,
    "gt_499.6s_f78.jpg": 14.6947,
    "gt_579.2s_f99.jpg": 9.0897,
    "gt_300.2s_f39.jpg": 19.2584,
    "gt_750.2s_f147.jpg": 17.2165,
    "gt_399.0s_f60.jpg": 15.9505
  },
  "approved_files": [
    "gt_300.2s_f39.jpg",
    "gt_750.2s_f147.jpg",
    "gt_399.0s_f60.jpg",
    "gt_658.0s_f118.jpg",
    "gt_499.6s_f78.jpg",
    "gt_579.2s_f99.jpg"
  ],
  "mean_embedding": [
    0.0427822507917881,
    -0.05897477641701698,
    -0.009195142425596714,
    -0.022864991798996925,
    0.007120500784367323,
    -0.014434092678129673,
    0.0761854276061058,
    0.03963996097445488,
    -0.0656537339091301,
    0.03393547236919403,
    0.026393938809633255,
    -0.023747600615024567,
    0.010340315289795399,
    0.044891227036714554,
    0.04894993081688881,
    0.00796812679618597,
    0.06099187582731247,
    0.11314365267753601,
    -0.045857131481170654,
    -0.09270508587360382,
    -0.04543609172105789,
    -0.05539613589644432,
    0.047629911452531815,
    -0.06415708363056183,
    0.05770799517631531,
    -0.0025334188248962164,
    0.016695275902748108,
    -0.050259318202733994,
    0.008344286121428013,
    -0.018796512857079506,
    -0.0077600982040166855,
    0.012001183815300465,
    -0.03900262713432312,
    -0.030087681487202644,
    0.027344172820448875,
    0.07801635563373566,
    0.047463275492191315,
    0.06055314466357231,
    0.054015688598155975,
    0.0058249966241419315,
    -0.04769919067621231,
    -0.026737194508314133,
    -0.07223744690418243,
    -0.10766015201807022,
    -0.041383907198905945,
    -0.025466052815318108,
    0.012363260611891747,
    0.005842635408043861,
    -0.008470740169286728,
    0.00642545847222209,
    -0.028751574456691742,
    -0.0008201540331356227,
    0.07131382822990417,
    0.06717602163553238,
    0.03506022319197655,
    -0.08895443379878998,
    0.02929547242820263,
    0.05144284665584564,
    -0.0007836387376300991,
    0.03199944272637367,
    0.04406655952334404,
    -0.019224148243665695,
    -0.049632228910923004,
    0.05542760714888573,
    -0.0097543615847826,
    0.08320486545562744,
    0.014844296500086784,
    -0.07073479145765305,
    -0.010926296934485435,
    0.01939917355775833,
    -0.004760071635246277,
    -0.0225767120718956,
    0.09487753361463547,
    0.015928292647004128,
    -0.08215750753879547,
    0.02628917433321476,
    -0.05381356552243233,
    0.0006153416470624506,
    -0.02998051792383194,
    -0.03676808997988701,
    -0.016191286966204643,
    -0.03153924643993378,
    -0.03322085738182068,
    -0.024083349853754044,
    0.07476895302534103,
    -0.029526041820645332,
    0.05951914191246033,
    0.06822339445352554,
    -0.0037738189566880465,
    0.03284456580877304,
    -0.03632863238453865,
    0.02468366175889969,
    0.026074649766087532,
    -0.0033341669477522373,
    0.01479760929942131,
    0.055445119738578796,
    -0.009118138812482357,
    -0.006987682078033686,
    -0.0032856748439371586,
    -0.02575034834444523,
    0.011063182726502419,
    0.029761234298348427,
    -0.023751195520162582,
    0.008495229296386242,
    -0.04751086235046387,
    -0.017467277124524117,
    -0.08247768878936768,
    -0.029301129281520844,
    -0.08473559468984604,
    0.06953904032707214,
    0.006659036036580801,
    -0.050240445882081985,
    0.008200433105230331,
    -0.010016309097409248,
    0.03590241074562073,
    0.004933542106300592,
    0.036540381610393524,
    -0.039172977209091187,
    -0.02611599862575531,
    0.06267724186182022,
    0.001979914726689458,
    -0.020412664860486984,
    0.03606729581952095,
    -0.041518062353134155,
    -0.03133402392268181,
    -0.009891018271446228,
    -0.05915670096874237,
    -0.0030324761755764484,
    0.08478283882141113,
    0.007137293461710215,
    0.007621704135090113,
    -0.005520101170986891,
    0.03363277018070221,
    -0.029744265601038933,
    0.02296067215502262,
    -0.0006101920735090971,
    -0.04926609247922897,
    0.03285592421889305,
    -0.010562028735876083,
    0.005096418783068657,
    -0.012678062543272972,
    0.05058833584189415,
    -0.014915424399077892,
    -0.04433891922235489,
    -0.05679657682776451,
    0.029381969943642616,
    -0.03330860286951065,
    0.0042473007924854755,
    -0.05213725194334984,
    0.08161409199237823,
    -0.012875663116574287,
    0.03409857302904129,
    -0.008042238652706146,
    -0.037098877131938934,
    0.018257902935147285,
    -0.008354349993169308,
    -0.0036525775212794542,
    0.05978485196828842,
    -0.0005625481135211885,
    -0.002978722332045436,
    0.050818003714084625,
    0.02390190213918686,
    0.045359719544649124,
    0.0653480738401413,
    0.04394158720970154,
    -0.007004615385085344,
    0.015954820439219475,
    0.05092747509479523,
    -0.014276029542088509,
    0.030337298288941383,
    0.047229550778865814,
    -0.06446617096662521,
    0.03348620980978012,
    -0.04374101012945175,
    0.02705196850001812,
    -0.020695827901363373,
    -0.013873067684471607,
    -0.03316551446914673,
    0.016004621982574463,
    0.06602726876735687,
    0.0015573023119941354,
    0.0009105709614232183,
    0.04783477261662483,
    0.02248997800052166,
    -0.04868130013346672,
    0.024092480540275574,
    0.05143865942955017,
    0.06011459231376648,
    0.03553414344787598,
    0.01860290765762329,
    0.033859193325042725,
    0.020068496465682983,
    0.04171181470155716,
    -0.01941974088549614,
    -0.007016448769718409,
    -0.039563268423080444,
    0.012812084518373013,
    0.043655429035425186,
    -0.05628136545419693,
    -0.01947082206606865,
    0.014483275823295116,
    -0.08267436921596527,
    0.03755674138665199,
    0.03964400663971901,
    0.012726714834570885,
    -0.023456459864974022,
    0.0022794585675001144,
    0.019233975559473038,
    -0.050622548907995224,
    0.015522616915404797,
    -0.03176053240895271,
    -0.034633487462997437,
    0.03898537904024124,
    0.04185078665614128,
    -0.0199633426964283,
    0.0545649453997612,
    -0.017535286024212837,
    -0.05040949210524559,
    0.0057731131091713905,
    -0.06339379400014877,
    -0.02128734067082405,
    0.10143758356571198,
    -0.05923520773649216,
    -0.008110865019261837,
    -0.007085566874593496,
    -0.021412217989563942,
    0.0751534104347229,
    -0.04118841141462326,
    0.032273877412080765,
    0.05227197706699371,
    0.038600604981184006,
    -0.042220234870910645,
    0.1101258173584938,
    -0.016762029379606247,
    0.008849519304931164,
    0.01851186901330948,
    0.005645734257996082,
    0.014170529320836067,
    -0.023677343502640724,
    0.06097753718495369,
    0.03911994770169258,
    -0.01879829913377762,
    -0.028564922511577606,
    -0.034181613475084305,
    -0.03086220845580101,
    -0.012791739776730537,
    0.0008666428620927036,
    0.01989683136343956,
    -0.06121990084648132,
    -0.06947139650583267,
    0.0638469010591507,
    -0.006227816455066204,
    -0.034326039254665375,
    0.0016869251849129796,
    -0.03920665755867958,
    0.010018817149102688,
    0.038410406559705734,
    0.009886076673865318,
    0.02083074487745762,
    0.03625115379691124,
    0.0021154871210455894,
    -0.1000116690993309,
    0.030740801244974136,
    -0.0021615128498524427,
    -0.039571613073349,
    -0.038394298404455185,
    -0.0171671025454998,
    0.017854981124401093,
    0.05925185605883598,
    -0.011133149266242981,
    0.02115224488079548,
    -0.07903654873371124,
    -0.02675754204392433,
    -0.018443439155817032,
    -0.04705781489610672,
    0.03496761620044708,
    -0.022353749722242355,
    -0.035206928849220276,
    0.08809222280979156,
    0.052335575222969055,
    -0.01713056117296219,
    0.020109500735998154,
    0.09476754814386368,
