{
  "embedding_files": [
    "gt_300.2s_f39.jpg",
    "gt_750.2s_f147.jpg",
    "gt_399.0s_f60.jpg",
    "gt_658.0s_f118.jpg",
    "gt_499.6s_f78.jpg"
  ],
  "backup_files": [
    "gt_579.2s_f99.jpg"
  ],
  "scores": {
    "gt_658.0s_f118.jpg": 15.8153,
    "gt_499.6s_f78.jpg": 14.6947,
    "gt_579.2s_f99.jpg": 9.0897,
    "gt_300.2s_f39.jpg": 19.2584,
    "gt_750.2s_f147.jpg": 17.2165,
    "gt_399.0s_f60.jpg": 15.9505
  },
  "approved_files": [
    "gt_300.2s_f39.jpg",
    "gt_750.2s_f147.jpg",
    "gt_399.0s_f60.jpg",
    "gt_658.0s_f118.jpg",
    "gt_499.6s_f78.jpg",
    "gt_579.2s_f99.jpg"
  ],
  "mean_embedding": [
    0.029287774115800858,
    -0.050345174968242645,
    -0.00937085784971714,
    -0.018683625385165215,
    0.011298494413495064,
    -0.015505245886743069,
    0.0631159320473671,
    0.039159610867500305,
    -0.06588621437549591,
    0.03860902041196823,
    0.026618579402565956,
    -0.02750442549586296,
    0.006152637768536806,
    0.050900157541036606,
    0.04673602804541588,
    0.012149451300501823,
    0.05791051685810089,
    0.12042895704507828,
    -0.046728432178497314,
    -0.0814766138792038,
    -0.04972009360790253,
    -0.06323752552270889,
    0.032773394137620926,
    -0.056777164340019226,
    0.055957164615392685,
    0.003169997362419963,
    0.021072503179311752,
    -0.05305419862270355,
    2.1200181436142884e-05,
    -0.016701487824320793,
    -0.0033035280648618937,
    0.00962881837040186,
    -0.039210379123687744,
    -0.022286945953965187,
    0.03293483704328537,
    0.06832557171583176,
    0.04443409666419029,
    0.06286811828613281,
    0.04594709351658821,
    -0.005301943048834801,
    -0.050786152482032776,
    -0.0193927101790905,
    -0.0750899687409401,
    -0.11253773421049118,
    -0.04393789917230606,
    -0.015393011271953583,
    0.01500517874956131,
    0.0023018503561615944,
    -0.00950990803539753,
    -0.004375755321234465,
    -0.02830450050532818,
    -0.0021453083027154207,
    0.0767914205789566,
    0.06632447242736816,
    0.03166406974196434,
    -0.08569284528493881,
    0.020280417054891586,
    0.038453880697488785,
    -0.007922809571027756,
    0.03233637660741806,
    0.03626757860183716,
    -0.022763900458812714,
    -0.04782284051179886,
    0.04798676818609238,
    -0.0030269555281847715,
    0.0807354599237442,
    0.004301201552152634,
    -0.06935161352157593,
    -0.01614820957183838,
    0.012781535275280476,
    0.00014915619976818562,
    -0.019743354991078377,
    0.10136778652667999,
    0.016811856999993324,
    -0.06841681152582169,
    0.02639949694275856,
    -0.05769733339548111,
    2.1129368178662844e-05,
    -0.03785863146185875,
    -0.029866527765989304,
    -0.020244214683771133,
    -0.03731232136487961,
    -0.03728731721639633,
    -0.023302501067519188,
    0.07377766072750092,
    -0.030234821140766144,
    0.054667260497808456,
    0.07108226418495178,
    -0.005725167691707611,
    0.03126947209239006,
    -0.031767167150974274,
    0.024795018136501312,
    0.01847647689282894,
    -0.010158644057810307,
    0.0186017956584692,
    0.059638798236846924,
    -0.007046592887490988,
    0.0008368090493604541,
    -0.009203637950122356,
    -0.029521159827709198,
    0.005462389439344406,
    0.03284047544002533,
    -0.014519382268190384,
    0.019716670736670494,
    -0.04808573052287102,
    -0.02259143814444542,
    -0.08061131834983826,
    -0.02523098513484001,
    -0.0957484319806099,
    0.07626043260097504,
    0.004337994381785393,
    -0.05469336733222008,
    0.005186071153730154,
    -0.00796108040958643,
    0.045279111713171005,
    0.0034620054066181183,
    0.025427410379052162,
    -0.02903764694929123,
    -0.028335904702544212,
    0.05532209202647209,
    -0.004357984755188227,
    -0.02313852496445179,
    0.04059920087456703,
    -0.04132867977023125,
    -0.03326018527150154,
    -0.003537114942446351,
    -0.06429212540388107,
    0.012747745960950851,
    0.0861465260386467,
    0.00535500468686223,
    0.016392529010772705,
    -0.002778911031782627,
    0.027556462213397026,
    -0.0349089540541172,
    0.011398138478398323,
    0.002441996708512306,
    -0.04673092067241669,
    0.03582535684108734,
    -0.011205155402421951,
    0.014415635727345943,
    -0.011192922480404377,
    0.05148753151297569,
    -0.017192520201206207,
    -0.04128016531467438,
    -0.0605987012386322,
    0.02493552677333355,
    -0.02620147168636322,
    0.008229288272559643,
    -0.05106854811310768,
    0.080999456346035,
    -0.023513313382864,
    0.03973694145679474,
    -0.005694313440471888,
    -0.03756504878401756,
    0.02182050235569477,
    -0.009184996597468853,
    -0.008979806676506996,
    0.055627427995204926,
    -0.00026961954426951706,
    -0.0066137658432126045,
    0.04891054704785347,
    0.03237929940223694,
    0.04225504398345947,
    0.06312666088342667,
    0.04420965909957886,
    -0.0042737387120723724,
    0.019065987318754196,
    0.05638471990823746,
    -0.010476074181497097,
    0.02481980435550213,
    0.04389386251568794,
    -0.06805440783500671,
    0.03135359287261963,
    -0.03877831622958183,
    0.027325881645083427,
    -0.024161145091056824,
    -0.027819443494081497,
    -0.03161408007144928,
    0.018703337758779526,
    0.07569461315870285,
    0.002517414279282093,
    -0.003974460531026125,
    0.05040595680475235,
    0.02569955214858055,
    -0.048199474811553955,
    0.01102566346526146,
    0.054856862872838974,
    0.05923370644450188,
    0.03743835538625717,
    0.01511942408978939,
    0.030994737520813942,
    0.031297702342271805,
    0.05067005008459091,
    -0.020708028227090836,
    -0.02617078460752964,
    -0.04803873598575592,
    0.007339086849242449,
    0.03661169856786728,
    -0.05601098760962486,
    -0.010849999263882637,
    0.005218299571424723,
    -0.08271921426057816,
    0.036308448761701584,
    0.039391111582517624,
    0.016174737364053726,
    -0.009819979779422283,
    0.003052364569157362,
    0.03142956644296646,
    -0.04793017730116844,
    0.010961292311549187,
    -0.03198031336069107,
    -0.03772870451211929,
    0.04232243075966835,
    0.04382077232003212,
    -0.014855604618787766,
    0.05692541226744652,
    -0.012016072869300842,
    -0.05122029781341553,
    0.0069170985370874405,
    -0.05192571505904198,
    -0.014604196883738041,
    0.09910734742879868,
    -0.06550673395395279,
    -0.020730098709464073,
    -0.0008683156920596957,
    -0.01571873016655445,
    0.06754489988088608,
    -0.04277805611491203,
    0.032153334468603134,
    0.04375142976641655,
    0.03482327237725258,
    -0.04960685595870018,
    0.10269787162542343,
    -0.01962706446647644,
    0.007494452875107527,
    0.019942382350564003,
    -0.0003512897528707981,
    0.012569132260978222,
    -0.017213597893714905,
    0.06814385205507278,
    0.029592452570796013,
    -0.023249823600053787,
    -0.027704352512955666,
    -0.03670278191566467,
    -0.04043666273355484,
    -0.0011489674216136336,
    -0.005009140353649855,
    0.01788695529103279,
    -0.06345968693494797,
    -0.07505568861961365,
    0.06992688775062561,
    0.0016068057157099247,
    -0.04376452416181564,
    -0.004078713245689869,
    -0.05530394986271858,
    0.02177722007036209,
    0.03543299064040184,
    0.018693746998906136,
    0.014573694206774235,
    0.030072422698140144,
    0.01505193579941988,
    -0.09570179879665375,
    0.029549309983849525,
    -0.006083132233470678,
    -0.03763158246874809,
    -0.035995107144117355,
    -0.009507041424512863,
    0.007089241407811642,
    0.05336650833487511,
    -0.015358521603047848,
    0.02526756189763546,
    -0.0842263326048851,
    -0.022871561348438263,
    -0.014681179076433182,
    -0.047599487006664276,
    0.046173274517059326,
    -0.023587221279740334,
    -0.04534193500876427,
    0.0780608206987381,
    0.04196501895785332,
    -0.022512292489409447,
    0.022551774978637695,
    0.09001538157463074,
