{
  "embedding_files": [
    "new_1776234391574_gt_1141.5s_f167.jpg",
    "gt_750.2s_f134.jpg",
    "new_1776234391574_gt_2.1s_f18.jpg",
    "new_1776234391574_gt_184.5s_f39.jpg",
    "new_1776234391574_gt_383.1s_f62.jpg",
    "gt_58.0s_f0.jpg"
  ],
  "backup_files": [
    "gt_300.2s_f24.jpg",
    "gt_399.0s_f48.jpg",
    "gt_499.6s_f68.jpg",
    "new_1776234391574_gt_729.5s_f122.jpg",
    "new_1777919635008_gt_101.7s_f49.jpg"
  ],
  "scores": {
    "gt_499.6s_f68.jpg": 31.1733,
    "gt_300.2s_f24.jpg": 25.2217,
    "gt_399.0s_f48.jpg": 20.3455,
    "gt_750.2s_f134.jpg": 73.3804,
    "gt_58.0s_f0.jpg": 10.067,
    "new_1776234391574_gt_1141.5s_f167.jpg": 131.5882,
    "new_1776234391574_gt_184.5s_f39.jpg": 45.2424,
    "new_1776234391574_gt_2.1s_f18.jpg": 63.8163,
    "new_1776234391574_gt_383.1s_f62.jpg": 42.9466,
    "new_1776234391574_gt_729.5s_f122.jpg": 39.5614
  },
  "approved_files": [
    "gt_300.2s_f24.jpg",
    "gt_399.0s_f48.jpg",
    "gt_499.6s_f68.jpg",
    "gt_750.2s_f134.jpg",
    "new_1776234391574_gt_1141.5s_f167.jpg",
    "new_1776234391574_gt_184.5s_f39.jpg",
    "new_1776234391574_gt_2.1s_f18.jpg",
    "new_1776234391574_gt_383.1s_f62.jpg",
    "new_1776234391574_gt_729.5s_f122.jpg",
    "new_1777919635008_gt_101.7s_f49.jpg",
    "new_1777919635008_gt_104.1s_f66.jpg",
    "new_1777919635008_gt_137.3s_f111.jpg",
    "new_1777919635008_gt_154.9s_f96.jpg",
    "new_1777919635008_gt_169.6s_f156.jpg",
    "new_1777919635008_gt_67.2s_f5.jpg",
    "new_1777919635008_gt_68.7s_f21.jpg",
    "new_1777919635008_gt_86.3s_f34.jpg",
    "new_1777919635008_gt_87.6s_f43.jpg",
    "gt_58.0s_f0.jpg"
  ],
  "mean_embedding": [
    -0.005859192460775375,
    0.012137139216065407,
    -0.012147580273449421,
    0.04266352206468582,
    -0.03516104817390442,
    0.05394747853279114,
    0.00520068546757102,
    -0.023287449032068253,
    -0.007086892146617174,
    -0.016312718391418457,
    -0.03643938899040222,
    -0.04195750132203102,
    0.0736299455165863,
    -0.060969091951847076,
    0.020446712151169777,
    -0.06398823857307434,
    -0.014788296073675156,
    -0.07038319855928421,
    0.0674467608332634,
    0.009699691087007523,
    0.003259864170104265,
    -0.02072669006884098,
    0.013920147903263569,
    -0.011531510390341282,
    0.024781091138720512,
    -0.011000643484294415,
    -0.061907920986413956,
    -0.10599861294031143,
    0.0375727042555809,
    0.06009931489825249,
    -0.041481051594018936,
    -0.0038337577134370804,
    0.057035986334085464,
    -0.038205623626708984,
    -0.009032242931425571,
    -0.010387449525296688,
    0.03719008341431618,
    -0.052613575011491776,
    0.011687427759170532,
    -0.011654077097773552,
    -0.019399862736463547,
    -0.035019323229789734,
    -0.026010943576693535,
    0.03442682698369026,
    0.007759027648717165,
    -0.041802339255809784,
    0.014243452809751034,
    -0.02406543493270874,
    0.038581084460020065,
    -0.01932416670024395,
    0.07928392291069031,
    0.060497380793094635,
    0.015677418559789658,
    -0.014814200811088085,
    0.03834081068634987,
    0.09841834753751755,
    0.03986157849431038,
    0.0030632512643933296,
    0.017701782286167145,
    0.07310786843299866,
    -0.027146773412823677,
    -0.005662831477820873,
    -0.08067326247692108,
    -0.04502806439995766,
    -0.02071995846927166,
    -0.021735286340117455,
    0.050845202058553696,
    0.0019340558210387826,
    0.021858347579836845,
    0.007649869658052921,
    0.061022739857435226,
    -0.032881055027246475,
    0.060842469334602356,
    0.011916454881429672,
    0.036199405789375305,
    -0.012997187674045563,
    -0.02979479357600212,
    0.025155026465654373,
    -0.011422463692724705,
    -0.0010438618483021855,
    0.07133486866950989,
    0.0021142580080777407,
    -0.04718434438109398,
    -0.061660222709178925,
    -0.04790772497653961,
    0.03893410041928291,
    0.07332764565944672,
    -0.09756166487932205,
    -0.048685576766729355,
    -0.015164144337177277,
    0.04235609248280525,
    -0.005887624341994524,
    0.0722748264670372,
    0.08812421560287476,
    0.039105530828237534,
    0.025864655151963234,
    0.026333440095186234,
    0.019468188285827637,
    0.014763635583221912,
    -0.028913890942931175,
    -0.017646167427301407,
    0.01799609139561653,
    -0.02040821500122547,
    -0.032411448657512665,
    -0.005488225724548101,
    0.034138694405555725,
    0.06906533986330032,
    -0.023501623421907425,
    -0.03137669339776039,
    0.018208971247076988,
    0.05549466609954834,
    -0.003695314284414053,
    0.003161903005093336,
    -0.014821689575910568,
    -0.09573885053396225,
    -0.056446585804224014,
    0.012554777786135674,
    -0.015290699899196625,
    -0.05546960607171059,
    -0.03463669493794441,
    0.06039360538125038,
    0.00475274957716465,
    -0.03284700587391853,
    0.01687496528029442,
    -0.03780658170580864,
    -0.024103984236717224,
    -0.04534641653299332,
    0.009829520247876644,
    -0.02976909466087818,
    -0.01477277185767889,
    -0.04654097557067871,
    0.06424912810325623,
    -0.0034086969681084156,
    0.07768817245960236,
    0.03356219455599785,
    -0.05243296176195145,
    -0.049398891627788544,
    0.03167012706398964,
    0.005346543155610561,
    0.03497985750436783,
    0.027113161981105804,
    0.11611548811197281,
    0.000817579566501081,
    -0.04069575294852257,
    0.04466411843895912,
    -0.006507474929094315,
    -0.010469538159668446,
    0.060635440051555634,
    0.023258350789546967,
    0.07197914272546768,
    -0.02076263166964054,
    -0.0666499137878418,
    -0.012668698094785213,
    -0.10276862233877182,
    -0.043336171656847,
    -0.04440007731318474,
    -0.004533217288553715,
    0.0282274316996336,
    -0.06546003371477127,
    0.05238677188754082,
    -0.0305732823908329,
    0.02733561024069786,
    0.06491260230541229,
    -0.03039248287677765,
    -0.015473805367946625,
    0.0001676437968853861,
    0.04042024165391922,
    -0.030238769948482513,
    -0.0283108688890934,
    0.036725085228681564,
    0.0037027113139629364,
    -0.07504960149526596,
    -0.010074153542518616,
    0.029767289757728577,
    0.03163206949830055,
    -0.04331820458173752,
    0.024729592725634575,
    0.014149952679872513,
    -0.006100982427597046,
    -0.025368334725499153,
    0.011570127680897713,
    0.0032988220918923616,
    -0.018317803740501404,
    0.023673521354794502,
    -0.06281255185604095,
    -0.02383359707891941,
    0.05453266203403473,
    0.0005647654761560261,
    -0.027307340875267982,
    0.03454609587788582,
    0.011984308250248432,
    0.008491778746247292,
    0.004327809438109398,
    -0.043446410447359085,
    -0.03602409362792969,
    0.04764483496546745,
    0.047134075313806534,
    0.02338961511850357,
    -0.09913299977779388,
    0.03659873828291893,
    0.06667210906744003,
    -0.03882848843932152,
    -0.011979917995631695,
    -0.026153458282351494,
    -0.0152197927236557,
    -0.01985039748251438,
    0.013029532507061958,
    -0.02970915101468563,
    -0.009574326686561108,
    -0.05904631316661835,
    -0.01056068204343319,
    0.013083725236356258,
    -0.05969351530075073,
    0.08044201880693436,
    -0.06696054339408875,
    -0.023257723078131676,
    0.03648831322789192,
    0.06207745149731636,
    -0.03987545892596245,
    0.014857782982289791,
    0.005342080257833004,
    -0.026818612590432167,
    0.05222352594137192,
    -0.028322134166955948,
    0.07391898334026337,
    0.016637960448861122,
    0.016332469880580902,
    -0.028175389394164085,
    -0.0295256320387125,
    -0.03724902868270874,
    -0.041775304824113846,
    0.001902460353448987,
    -0.01074960082769394,
    0.03492164984345436,
    0.04083448275923729,
    -0.033559247851371765,
    0.07672910392284393,
    0.08164983987808228,
    0.10586163401603699,
    -0.015360184945166111,
    0.016071978956460953,
    -0.06954824179410934,
    -0.011876847594976425,
