{
  "embedding_files": [
    "gt_213.3s_f195.jpg",
    "gt_140.2s_f141.jpg",
    "gt_35.4s_f50.jpg",
    "gt_69.1s_f72.jpg",
    "gt_179.3s_f170.jpg"
  ],
  "backup_files": [],
  "scores": {
    "gt_140.2s_f141.jpg": 5.8119,
    "gt_35.4s_f50.jpg": 5.3672,
    "gt_69.1s_f72.jpg": 5.1774,
    "gt_179.3s_f170.jpg": 4.8082,
    "gt_213.3s_f195.jpg": 5.9556
  },
  "approved_files": [
    "gt_213.3s_f195.jpg",
    "gt_140.2s_f141.jpg",
    "gt_35.4s_f50.jpg",
    "gt_69.1s_f72.jpg",
    "gt_179.3s_f170.jpg"
  ],
  "mean_embedding": [
    0.024311743676662445,
    -0.03858991339802742,
    -0.05353957414627075,
    0.027755578979849815,
    0.03483813256025314,
    0.04935524985194206,
    -0.09307757765054703,
    -0.035714879631996155,
    -0.05546931177377701,
    -0.06407365947961807,
    0.06305303424596786,
    -0.02686435729265213,
    -0.0038925111293792725,
    -0.01609622873365879,
    0.07158911973237991,
    -0.054587848484516144,
    -0.019803227856755257,
    0.010230663232505322,
    0.0201396606862545,
    -0.03818301111459732,
    -0.050233323127031326,
    0.03852589428424835,
    -0.019518675282597542,
    -0.07572803646326065,
    -0.05249345302581787,
    -0.029133403673768044,
    -0.03648743778467178,
    -0.0532689169049263,
    0.06581015884876251,
    -0.062178730964660645,
    0.04933323338627815,
    -0.012151842936873436,
    0.0010542050004005432,
    -0.010505842044949532,
    -0.040142372250556946,
    0.010550628416240215,
    -0.04744451120495796,
    0.03137816861271858,
    -0.061862826347351074,
    -0.02874346449971199,
    -0.03521934896707535,
    -0.02490653470158577,
    0.0009038259740918875,
    -0.05234784632921219,
    -0.022235805168747902,
    -0.06225103884935379,
    0.0031247769948095083,
    -0.007053256966173649,
    0.0227176696062088,
    -0.02017993852496147,
    0.015810580924153328,
    0.07812092453241348,
    0.04123828187584877,
    0.07934927195310593,
    -0.060718048363924026,
    -0.017476998269557953,
    -0.013641909696161747,
    0.05670741945505142,
    -0.13238519430160522,
    -0.02742244489490986,
    0.046670958399772644,
    -0.04344143718481064,
    0.048634883016347885,
    0.03643719479441643,
    -0.006768013350665569,
    0.06782279908657074,
    -0.05865948647260666,
    -0.0773797258734703,
    -0.07641025632619858,
    0.03545441851019859,
    0.08648107200860977,
    0.11771351844072342,
    0.03888508304953575,
    0.02078430913388729,
    -0.0023433223832398653,
    -0.05584368854761124,
    -0.03979983180761337,
    0.01880229078233242,
    0.10436272621154785,
    0.02854866161942482,
    0.02133055217564106,
    -0.023373490199446678,
    0.050538331270217896,
    -0.04406820610165596,
    -0.09798327833414078,
    0.016210945323109627,
    0.041110314428806305,
    0.05181373655796051,
    -0.039617665112018585,
    0.030806168913841248,
    -0.05251743271946907,
    -0.02795741893351078,
    0.012956869788467884,
    0.01507720910012722,
    0.015825845301151276,
    -0.005554868374019861,
    0.05122600495815277,
    -0.06326889991760254,
    0.01276696939021349,
    -0.031850144267082214,
    -0.01673925295472145,
    -0.011975642293691635,
    -0.02760561928153038,
    -0.0023899865336716175,
    0.015826202929019928,
    0.034723006188869476,
    -0.0224715955555439,
    -0.01704595610499382,
    0.07025626301765442,
    -0.008841805160045624,
    -0.024045305326581,
    0.03348222374916077,
    0.03402969241142273,
    -0.054906051605939865,
    0.09278880804777145,
    -0.032251663506031036,
    -0.02344713732600212,
    -0.02615470066666603,
    0.0005545305320993066,
    0.010599781759083271,
    -0.061209384351968765,
    0.0011746833333745599,
    -0.0053589013405144215,
    -0.03330448269844055,
    -0.016550634056329727,
    0.036950644105672836,
    0.016399798914790154,
    0.007710844278335571,
    0.09396011382341385,
    0.060648974031209946,
    0.04511958733201027,
    0.09038189053535461,
    0.052368588745594025,
    -0.05040372908115387,
    0.03913286328315735,
    -0.04275196045637131,
    -0.029356470331549644,
    -0.022196438163518906,
    0.04164128750562668,
    0.04046701267361641,
    0.030697550624608994,
    -0.020873848348855972,
    0.0065263621509075165,
    0.034615274518728256,
    -0.1115252897143364,
    0.020073290914297104,
    -0.0664897933602333,
    -0.004988367669284344,
    0.009149464778602123,
    0.011353644542396069,
    -0.002446044236421585,
    -0.023331962525844574,
    0.031889356672763824,
    0.006756079848855734,
    0.09385641664266586,
    0.000826797157060355,
    -0.024295266717672348,
    -0.008865603245794773,
    0.050315141677856445,
    0.004572457633912563,
    0.07667069882154465,
    0.03240763396024704,
    0.011955216526985168,
    0.06779859215021133,
    0.057893309742212296,
    -0.013930385932326317,
    0.057357486337423325,
    0.030076023191213608,
    0.0072901262901723385,
    -0.028781136497855186,
    -0.025761058554053307,
    0.06045309454202652,
    0.0208177138119936,
    -0.005514196585863829,
    0.05457157641649246,
    -0.027299625799059868,
    0.05038484185934067,
    -0.006712624803185463,
    0.047837961465120316,
    0.05325394123792648,
    0.07812969386577606,
    0.01950092799961567,
    0.048680901527404785,
    -0.025229517370462418,
    -0.07604320347309113,
    -0.019816484302282333,
    0.04716046154499054,
    -0.022159704938530922,
    -0.004875599406659603,
    -0.008858678862452507,
    -0.06998249888420105,
    -0.06596926599740982,
    0.04413025453686714,
    -0.06970986723899841,
    -0.07985488325357437,
    -0.03196193277835846,
    0.03059963881969452,
    0.01816459745168686,
    -0.03183479607105255,
    -0.11153940111398697,
    0.08725403249263763,
    -0.06679673492908478,
    -0.02678966335952282,
    0.024729592725634575,
    0.0158985685557127,
    0.02269930951297283,
    0.039792317897081375,
    -0.008251319639384747,
    -0.006811956875026226,
    -0.07418756186962128,
    0.05955135449767113,
    0.052795883268117905,
    0.07523893564939499,
    0.01849527284502983,
    -0.0075498609803617,
    0.033756230026483536,
    0.012439562939107418,
    -0.03910671919584274,
    0.035923462361097336,
    0.025522470474243164,
    0.05592820420861244,
    -0.05742218717932701,
    -0.0882144644856453,
    0.012487984262406826,
    0.10303813219070435,
    0.009380941279232502,
    -0.05009458214044571,
    0.0579967275261879,
    -0.0014965746086090803,
    -0.03109694831073284,
    0.05145406723022461,
    -0.020327230915427208,
    0.031426362693309784,
    0.09928902983665466,
    0.014520624652504921,
    0.002508261241018772,
    -0.017692815512418747,
    0.003936903551220894,
    -0.04664281755685806,
    0.06666801869869232,
    0.005470408592373133,
    -0.0767044946551323,
    -0.07164927572011948,
    -0.040577322244644165,
    0.016733737662434578,
    -0.006065972615033388,
    0.03787640854716301,
    0.009477924555540085,
    0.049116648733615875,
    -0.018664898350834846,
    0.017860926687717438,
    -0.019491640850901604,
    -0.05342694744467735,
    -0.07458212226629257,
    -0.0480550155043602,
    0.0007905880338512361,
    -0.016298580914735794,
    0.03662030026316643,
    0.022587081417441368,
    0.06120720133185387,
    -0.013351314701139927,
    -0.050325654447078705,
    0.02277057245373726,
    -0.04126666113734245,
    -0.03364620357751846,
    0.04539675638079643,
    -0.00181808031629771,
    0.017450472339987755,
    0.004871634300798178,
    -0.023450052365660667,
    0.01777011714875698,
    -0.013254168443381786,
    -0.04110652953386307,
    -0.019761672243475914,
    -0.08738862723112106,
    0.021118519827723503,
    0.0034438343718647957,
    0.016484320163726807,
    -0.047648586332798004,
    0.049990613013505936,
    0.011279749684035778,
    -0.026386862620711327,
    -0.0025899980682879686,
    0.03361262381076813,
    0.10049807280302048,
    -0.0020718674641102552,
    -0.08122727274894714,
