{
  "embedding_files": [
    "gt_140.2s_f127.jpg",
    "gt_2.0s_f16.jpg",
    "gt_35.4s_f42.jpg",
    "gt_69.1s_f75.jpg",
    "gt_102.8s_f93.jpg"
  ],
  "backup_files": [
    "gt_179.3s_f155.jpg",
    "gt_213.3s_f192.jpg"
  ],
  "scores": {
    "gt_69.1s_f75.jpg": 27.1096,
    "gt_102.8s_f93.jpg": 20.2003,
    "gt_179.3s_f155.jpg": 19.3397,
    "gt_213.3s_f192.jpg": 17.8116,
    "gt_140.2s_f127.jpg": 59.7117,
    "gt_2.0s_f16.jpg": 58.9726,
    "gt_35.4s_f42.jpg": 54.9969
  },
  "approved_files": [
    "gt_140.2s_f127.jpg",
    "gt_2.0s_f16.jpg",
    "gt_35.4s_f42.jpg",
    "gt_69.1s_f75.jpg",
    "gt_102.8s_f93.jpg",
    "gt_179.3s_f155.jpg",
    "gt_213.3s_f192.jpg"
  ],
  "mean_embedding": [
    0.05952582508325577,
    -0.021602148190140724,
    0.02532169409096241,
    0.012440870516002178,
    0.014629431068897247,
    0.06113101914525032,
    -0.022101016715168953,
    0.08778625726699829,
    -0.007710156962275505,
    0.050217464566230774,
    0.010447999462485313,
    0.0006894152029417455,
    0.01692061685025692,
    0.05348067358136177,
    -0.035569217056035995,
    -0.03984140604734421,
    0.0007787364884279668,
    0.00782401580363512,
    0.035840969532728195,
    0.07952604442834854,
    -0.06586822122335434,
    -0.0166911780834198,
    0.01620917208492756,
    0.013512198813259602,
    0.017315110191702843,
    -0.10542979091405869,
    0.0193711519241333,
    -0.0634656697511673,
    0.041574809700250626,
    0.0837295725941658,
    0.022471176460385323,
    0.06653941422700882,
    -0.002623265376314521,
    0.0037497004959732294,
    -0.06240784376859665,
    -0.021668674424290657,
    -0.02903045527637005,
    -0.00008259335299953818,
    0.025847574695944786,
    0.00364434695802629,
    0.015839705243706703,
    -0.02810961939394474,
    -0.08530177921056747,
    0.03385036066174507,
    -0.0045206183567643166,
    0.06736946105957031,
    -0.000043908978113904595,
    -0.023224273696541786,
    -0.03261080011725426,
    -0.02629719115793705,
    -0.06631002575159073,
    -0.030583159998059273,
    -0.031264159828424454,
    0.030014444142580032,
    -0.0024193846620619297,
    0.027021901682019234,
    0.05940006673336029,
    0.005011262372136116,
    0.029211297631263733,
    0.03713071346282959,
    -0.02166612446308136,
    0.0004966032574884593,
    -0.03558451682329178,
    -0.03175085783004761,
    0.03220077231526375,
    -0.005600804928690195,
    -0.0317266583442688,
    -0.05791852995753288,
    -0.03039471060037613,
    -0.015674222260713577,
    -0.0008036598446778953,
    -0.08467915654182434,
    -0.03860771283507347,
    -0.03390873596072197,
    0.015722500160336494,
    0.018501702696084976,
    0.033606864511966705,
    0.06510128825902939,
    0.015185033902525902,
    0.05723739042878151,
    0.04791019484400749,
    -0.008739755488932133,
    -0.027761833742260933,
    -0.010583273135125637,
    -0.021876614540815353,
    -0.03404456004500389,
    -0.012348661199212074,
    0.012656928040087223,
    -0.08383799344301224,
    0.017843516543507576,
    -0.020344741642475128,
    -0.016200313344597816,
    -0.012277110479772091,
    -0.033043909817934036,
    0.016772042959928513,
    -0.1174686923623085,
    0.0512484572827816,
    -0.04721895977854729,
    -0.03190591558814049,
    -0.03563807159662247,
    0.06275654584169388,
    0.04788495600223541,
    0.07760178297758102,
    0.028345180675387383,
    0.09020840376615524,
    -0.010989867150783539,
    0.010917965322732925,
    -0.046659450978040695,
    -0.09122413396835327,
    -0.012909050099551678,
    -0.003798430785536766,
    -0.03345538303256035,
    -0.01800728030502796,
    -0.06191307678818703,
    0.009981684386730194,
    0.01767568103969097,
    -0.030381707474589348,
    -0.0036486031021922827,
    -0.0271618589758873,
    0.024830611422657967,
    0.01631510630249977,
    0.021662717685103416,
    -0.02061457745730877,
    -0.030862992629408836,
    -0.008516518399119377,
    -0.039727889001369476,
    0.014350565150380135,
    -0.027144094929099083,
    0.012044085189700127,
    -0.011249578557908535,
    0.02030300348997116,
    0.02391672320663929,
    0.020731622353196144,
    0.06057145074009895,
    0.023818667978048325,
    0.013357602059841156,
    0.01209824439138174,
    -0.054988790303468704,
    -0.007418124936521053,
    -0.08626838773488998,
    0.09400233626365662,
    0.023663243278861046,
    -0.02095172367990017,
    0.04469204321503639,
    0.021015934646129608,
    0.039551474153995514,
    -0.07397666573524475,
    0.13821469247341156,
    -0.08262863755226135,
    0.11090175062417984,
    -0.024128014221787453,
    -0.08030075579881668,
    0.039105407893657684,
    0.01777411811053753,
    -0.01882619597017765,
    -0.044844020158052444,
    0.047318458557128906,
    0.006786865182220936,
    -0.03373229503631592,
    -0.009020899422466755,
    -0.0017721086042001843,
    0.04648904502391815,
    -0.06579174101352692,
    0.01831275038421154,
    0.017411688342690468,
    0.07772337645292282,
    0.0031042522750794888,
    0.05044619366526604,
    -0.016180861741304398,
    0.060602717101573944,
    0.10788758099079132,
    -0.011260191909968853,
    0.04991605132818222,
    0.053570300340652466,
    -0.008836235851049423,
    -0.004427371080964804,
    -0.015940051525831223,
    -0.035074494779109955,
    0.05151974782347679,
    -0.00030911187059246004,
    0.08039610087871552,
    -0.03250318393111229,
    -0.0359003022313118,
    -0.06731782853603363,
    -0.013231663033366203,
    -0.02307118847966194,
    0.0032926942221820354,
    -0.043339185416698456,
    -0.025141123682260513,
    -0.029627420008182526,
    -0.049072302877902985,
    -0.009711742401123047,
    -0.05214663967490196,
    0.017448587343096733,
    -0.03464102745056152,
    0.03233317658305168,
    0.0905563086271286,
    0.0032802862115204334,
    -0.021874191239476204,
    -0.051595814526081085,
    -0.008164867758750916,
    -0.002639608923345804,
    0.010713483206927776,
    0.05165107920765877,
    -0.006238826550543308,
    0.005654823035001755,
    -0.01561949122697115,
    -0.02093350514769554,
    0.023375097662210464,
    -0.04164887219667435,
    -0.05045012757182121,
    -0.038778726011514664,
    0.03981701657176018,
    -0.08938618004322052,
    -0.030970796942710876,
    -0.03177068755030632,
    -0.013242005370557308,
    -0.026135340332984924,
    0.13566482067108154,
    -0.02021339163184166,
    0.016548791900277138,
    0.02726617641746998,
    -0.009538395330309868,
    -0.08208876848220825,
    -0.02112683840095997,
    0.014699210412800312,
    -0.04795233905315399,
    0.06015501916408539,
    0.02110024355351925,
    -0.03864385187625885,
    -0.00533710140734911,
    0.02095121704041958,
    0.002716522431001067,
    -0.043148625642061234,
    0.036596011370420456,
    -0.06386412680149078,
    -0.011747898533940315,
    -0.006253772880882025,
    -0.026609305292367935,
    0.011053027585148811,
    -0.0789261981844902,
    0.05636519566178322,
    0.0005787710542790592,
    0.010903878137469292,
    -0.05180102586746216,
    0.052206821739673615,
    -0.035083092749118805,
    0.0362066924571991,
    0.008698666468262672,
    -0.0027089600916951895,
    0.0396789088845253,
    -0.025746004655957222,
    0.033208150416612625,
    0.034506916999816895,
    0.05292993783950806,
    -0.03403627872467041,
    0.020814457908272743,
    -0.037968866527080536,
    -0.06628675013780594,
    0.00966248381882906,
    0.009167221374809742,
    -0.058265361934900284,
    0.016548261046409607,
    -0.04803570359945297,
    0.046649109572172165,
    0.01510334201157093,
    0.04886828362941742,
    -0.042772818356752396,
    -0.03534474968910217,
    0.03810916468501091,
    0.022586844861507416,
    -0.008644226007163525,
    0.039890047162771225,
    0.06374092400074005,
    -0.013089507818222046,
    -0.029717694967985153,
    0.0028176233172416687,
    -0.012618343345820904,
    0.06651697307825089,
