{
  "embedding_files": [
    "gt_212.6s_f222.jpg",
    "gt_310.5s_f7.jpg",
    "gt_431.4s_f33.jpg",
    "gt_194.9s_f201.jpg",
    "gt_93.8s_f50.jpg",
    "gt_101.7s_f56.jpg",
    "gt_111.1s_f77.jpg",
    "gt_67.2s_f8.jpg"
  ],
  "backup_files": [
    "gt_1051.3s_f125.jpg",
    "gt_890.5s_f103.jpg"
  ],
  "scores": {
    "gt_310.5s_f7.jpg": 49.684,
    "gt_431.4s_f33.jpg": 37.118,
    "gt_890.5s_f103.jpg": 10.0428,
    "gt_1051.3s_f125.jpg": 9.5381,
    "gt_93.8s_f50.jpg": 26.6142,
    "gt_111.1s_f77.jpg": 26.2558,
    "gt_194.9s_f201.jpg": 28.9423,
    "gt_212.6s_f222.jpg": 53.5243,
    "gt_101.7s_f56.jpg": 23.1793,
    "gt_67.2s_f8.jpg": 11.9433
  },
  "approved_files": [
    "gt_310.5s_f7.jpg",
    "gt_431.4s_f33.jpg",
    "gt_890.5s_f103.jpg",
    "gt_1051.3s_f125.jpg",
    "gt_101.7s_f56.jpg",
    "gt_111.1s_f77.jpg",
    "gt_194.9s_f201.jpg",
    "gt_212.6s_f222.jpg",
    "gt_67.2s_f8.jpg",
    "gt_93.8s_f50.jpg"
  ],
  "mean_embedding": [
    -0.007006724830716848,
    -0.017371663823723793,
    0.03884241357445717,
    -0.0016568159917369485,
    -0.00932698231190443,
    0.031716980040073395,
    -0.08089686185121536,
    0.005498984362930059,
    0.0319485105574131,
    0.04378059133887291,
    -0.026495998725295067,
    -0.04428555443882942,
    0.033525992184877396,
    0.019051486626267433,
    -0.053666770458221436,
    -0.005040267016738653,
    0.014745584689080715,
    0.04488605260848999,
    -0.026033082976937294,
    -0.04634816572070122,
    0.08078162372112274,
    0.002261444693431258,
    -0.01349079329520464,
    -0.02414580062031746,
    0.03013111837208271,
    -0.028958573937416077,
    -0.048514943569898605,
    -0.040112368762493134,
    0.016585927456617355,
    -0.008303997106850147,
    0.010208752006292343,
    -0.05173791944980621,
    -0.0342320092022419,
    -0.03327621892094612,
    -0.04078346863389015,
    0.003730039345100522,
    -0.09314534813165665,
    -0.01306082308292389,
    0.04021267220377922,
    -0.005963406525552273,
    0.07460639625787735,
    -0.034398868680000305,
    0.041833486407995224,
    0.0025771695654839277,
    -0.013127926737070084,
    0.011906057596206665,
    0.02149701490998268,
    0.00825153011828661,
    0.0696113184094429,
    0.025138728320598602,
    -0.023196134716272354,
    0.0030071379151195288,
    0.034126244485378265,
    -0.012099490500986576,
    0.03613661974668503,
    0.0038577497471123934,
    -0.03713415935635567,
    0.027524255216121674,
    0.04651796072721481,
    -0.013372613117098808,
    0.01890515349805355,
    -0.01693815551698208,
    0.040556225925683975,
    0.034829773008823395,
    0.0392468236386776,
    0.07020902633666992,
    0.057079557329416275,
    0.009763846173882484,
    -0.005191624164581299,
    -0.0370718315243721,
    0.10977627336978912,
    -0.08822707831859589,
    0.028410859405994415,
    0.009408651851117611,
    -0.006244158837944269,
    0.004610971547663212,
    0.10298316925764084,
    -0.05422624200582504,
    0.030539963394403458,
    -0.024960994720458984,
    0.024917926639318466,
    -0.03235190734267235,
    -0.07614288479089737,
    -0.03640434890985489,
    0.01818772405385971,
    0.022033903747797012,
    -0.08624311536550522,
    0.011316480115056038,
    -0.018186891451478004,
    0.07257434725761414,
    -0.05031023919582367,
    -0.06405376642942429,
    -0.024749411270022392,
    -0.006392317824065685,
    -0.02106573060154915,
    0.0037258544471114874,
    -0.041155848652124405,
    -0.000808325654361397,
    0.037133440375328064,
    -0.01959398202598095,
    -0.004430477973073721,
    0.01940620318055153,
    0.056536901742219925,
    -0.03716640919446945,
    0.026533091440796852,
    -0.008049197494983673,
    -0.02598956599831581,
    -0.07615969330072403,
    -0.008031467907130718,
    -0.01109311543405056,
    -0.006391903851181269,
    0.029005521908402443,
    -0.020952731370925903,
    -0.01688120700418949,
    0.004813194740563631,
    0.012068340554833412,
    0.0486554391682148,
    0.016443824395537376,
    0.0007538017234764993,
    0.08002738654613495,
    0.04616214707493782,
    0.03015703521668911,
    0.03303798660635948,
    0.11191058903932571,
    -0.06497970968484879,
    -0.01186830922961235,
    0.0641329288482666,
    -0.03666231408715248,
    0.03639111667871475,
    -0.014617017470300198,
    -0.09278160333633423,
    0.04404674842953682,
    -0.0480806939303875,
    -0.03707486763596535,
    -0.08643392473459244,
    -0.05874522030353546,
    0.005969034507870674,
    0.024771953001618385,
    -0.07730982452630997,
    -0.05998573824763298,
    0.06812700629234314,
    0.0021704265382140875,
    -0.05423474684357643,
    -0.03418201953172684,
    -0.06930181384086609,
    0.07555384188890457,
    -0.010317201726138592,
    0.025453126057982445,
    0.03666447103023529,
    0.016855644062161446,
    -0.013711021281778812,
    0.020148055627942085,
    -0.02437634952366352,
    -0.03810077905654907,
    -0.04496853053569794,
    -0.04292447865009308,
    -0.04778421297669411,
    -0.03981738165020943,
    -0.027375414967536926,
    0.0448056235909462,
    0.00020690982637461275,
    0.010425602085888386,
    -0.0641695111989975,
    0.015778740867972374,
    -0.014466633088886738,
    -0.05779212340712547,
    -0.052514124661684036,
    0.01935005933046341,
    -0.03521302714943886,
    0.06463614851236343,
    0.05685976520180702,
    0.01530678104609251,
    0.057236552238464355,
    0.018483631312847137,
    -0.036163970828056335,
    -0.019416335970163345,
    0.008706217631697655,
    -0.00314517505466938,
    0.07076294720172882,
    0.0356900580227375,
    -0.02917131781578064,
    0.03618146851658821,
    -0.08334465324878693,
    0.02613965980708599,
    0.034614916890859604,
    -0.0064034732058644295,
    0.032505545765161514,
    -0.09317481517791748,
    -0.022156596183776855,
    -0.0643896535038948,
    0.018845919519662857,
    0.0798749253153801,
    0.05166974291205406,
    0.08319005370140076,
    -0.050887543708086014,
    0.027711449190974236,
    0.031106147915124893,
    0.075074203312397,
    -0.06560394912958145,
    0.011809190735220909,
    0.05089644715189934,
    -0.023386916145682335,
    0.02028540149331093,
    -0.016149166971445084,
    -0.00449960445985198,
    0.016999494284391403,
    -0.006251209415495396,
    -0.0019400941673666239,
    0.1003277525305748,
    0.022127456963062286,
    0.03725133463740349,
    0.08196020871400833,
    0.012791857123374939,
    0.003590712556615472,
    0.050275303423404694,
    0.02337063103914261,
    -0.06526418775320053,
    -0.011679519899189472,
    0.08980249613523483,
    -0.011908057145774364,
    0.008531026542186737,
    -0.02577303908765316,
    -0.006659322418272495,
    -0.02478422410786152,
    -0.024971332401037216,
    0.09105551987886429,
    0.036433182656764984,
    0.04369783774018288,
    0.06059832498431206,
    -0.06640303879976273,
    0.07562681287527084,
    -0.019785022363066673,
    -0.004968935623764992,
    -0.020732831209897995,
    0.06974626332521439,
    0.0995224192738533,
    -0.0004609437892213464,
    0.010724443010985851,
    0.0051739816553890705,
    0.001995285041630268,
    -0.050900738686323166,
    -0.013830650597810745,
    -0.07632461935281754,
    -0.05897785723209381,
    0.06043711304664612,
    -0.044296108186244965,
    0.03211083263158798,
    0.05855337157845497,
    0.010132255032658577,
    -0.04987572878599167,
    0.046488866209983826,
    -0.12227432429790497,
    0.0580085851252079,
    0.01704167202115059,
    0.022121738642454147,
    -0.02381001226603985,
    0.049995191395282745,
    -0.024823427200317383,
    0.030284015461802483,
    -0.08473149687051773,
    -0.04416178911924362,
    -0.07596413046121597,
    -0.08724866807460785,
    -0.007045091595500708,
    -0.005458176601678133,
    -0.055714260786771774,
    0.04578443244099617,
    -0.04313502833247185,
    0.010730681009590626,
    -0.015195867046713829,
    0.041932880878448486,
