{
  "embedding_files": [
    "gt_212.6s_f222.jpg",
    "gt_310.5s_f7.jpg",
    "gt_431.4s_f33.jpg",
    "gt_194.9s_f201.jpg",
    "gt_93.8s_f50.jpg",
    "gt_101.7s_f56.jpg",
    "gt_111.1s_f77.jpg",
    "gt_67.2s_f8.jpg"
  ],
  "backup_files": [
    "gt_890.5s_f103.jpg",
    "gt_1051.3s_f125.jpg"
  ],
  "scores": {
    "gt_310.5s_f7.jpg": 49.684,
    "gt_431.4s_f33.jpg": 37.118,
    "gt_890.5s_f103.jpg": 10.0428,
    "gt_1051.3s_f125.jpg": 9.5381,
    "gt_93.8s_f50.jpg": 26.6142,
    "gt_111.1s_f77.jpg": 26.2558,
    "gt_194.9s_f201.jpg": 28.9423,
    "gt_212.6s_f222.jpg": 53.5243,
    "gt_101.7s_f56.jpg": 23.1793,
    "gt_67.2s_f8.jpg": 11.9433
  },
  "approved_files": [
    "gt_310.5s_f7.jpg",
    "gt_431.4s_f33.jpg",
    "gt_890.5s_f103.jpg",
    "gt_1051.3s_f125.jpg",
    "gt_101.7s_f56.jpg",
    "gt_111.1s_f77.jpg",
    "gt_194.9s_f201.jpg",
    "gt_212.6s_f222.jpg",
    "gt_67.2s_f8.jpg",
    "gt_93.8s_f50.jpg"
  ],
  "mean_embedding": [
    -0.007009596563875675,
    -0.01737348549067974,
    0.03884351626038551,
    -0.0016459040343761444,
    -0.009326828643679619,
    0.0317203551530838,
    -0.08090144395828247,
    0.005497734062373638,
    0.03195979446172714,
    0.04378422722220421,
    -0.02649730071425438,
    -0.04428238049149513,
    0.03353695198893547,
    0.019055016338825226,
    -0.05366091430187225,
    -0.005043042823672295,
    0.014749439433217049,
    0.04488358646631241,
    -0.026028774678707123,
    -0.04634833335876465,
    0.08078533411026001,
    0.002269166521728039,
    -0.013483717106282711,
    -0.024145234376192093,
    0.030138347297906876,
    -0.028950942680239677,
    -0.04852279648184776,
    -0.0401170589029789,
    0.01658990979194641,
    -0.0083115603774786,
    0.01020866073668003,
    -0.05174427852034569,
    -0.03423001617193222,
    -0.0332772471010685,
    -0.04078181833028793,
    0.003739756066352129,
    -0.09314361214637756,
    -0.013058669865131378,
    0.04022195562720299,
    -0.00596723472699523,
    0.07460813969373703,
    -0.03440052643418312,
    0.04183191433548927,
    0.002585861599072814,
    -0.013127582147717476,
    0.011901137419044971,
    0.02149508148431778,
    0.0082483422011137,
    0.06960611790418625,
    0.02514045685529709,
    -0.023190956562757492,
    0.003007555613294244,
    0.03412168473005295,
    -0.012099949643015862,
    0.03613794967532158,
    0.0038498793728649616,
    -0.03713208809494972,
    0.027529582381248474,
    0.04651414975523949,
    -0.01337454840540886,
    0.018901938572525978,
    -0.016946805641055107,
    0.04055800288915634,
    0.03482530638575554,
    0.039246443659067154,
    0.07021109759807587,
    0.05707273632287979,
    0.00976078025996685,
    -0.00519559346139431,
    -0.037064846605062485,
    0.1097869724035263,
    -0.08821450173854828,
    0.028416313230991364,
    0.009418214671313763,
    -0.006235441192984581,
    0.004612521268427372,
    0.10297731310129166,
    -0.054224058985710144,
    0.030535999685525894,
    -0.024961380288004875,
    0.02490657940506935,
    -0.032355550676584244,
    -0.07613752037286758,
    -0.036406345665454865,
    0.018183114007115364,
    0.022037679329514503,
    -0.08624548465013504,
    0.011323287151753902,
    -0.01819339022040367,
    0.07256972789764404,
    -0.05030995234847069,
    -0.06406550854444504,
    -0.02474769577383995,
    -0.00638339389115572,
    -0.021058810874819756,
    0.0037257694639265537,
    -0.041155871003866196,
    -0.0008176128612831235,
    0.037130217999219894,
    -0.019588731229305267,
    -0.004424292128533125,
    0.01940569281578064,
    0.05653667449951172,
    -0.03717261180281639,
    0.026537170633673668,
    -0.008047156035900116,
    -0.02598792314529419,
    -0.07615731656551361,
    -0.008030420169234276,
    -0.011090148240327835,
    -0.0063918777741491795,
    0.02900540456175804,
    -0.02094598114490509,
    -0.01688132807612419,
    0.004808094352483749,
    0.012069065123796463,
    0.04865594580769539,
    0.01644660346210003,
    0.000748705118894577,
    0.08003636449575424,
    0.04617379605770111,
    0.030153123661875725,
    0.03302495926618576,
    0.11191175132989883,
    -0.06497897207736969,
    -0.011864831671118736,
    0.06414073705673218,
    -0.03665861487388611,
    0.03638410568237305,
    -0.014623566530644894,
    -0.09277796000242233,
    0.04404730349779129,
    -0.04807094857096672,
    -0.037077538669109344,
    -0.08642428368330002,
    -0.05874418094754219,
    0.00597215024754405,
    0.024776535108685493,
    -0.07730460166931152,
    -0.05998640134930611,
    0.06813374906778336,
    0.0021711341105401516,
    -0.05424278602004051,
    -0.034183941781520844,
    -0.06930219382047653,
    0.07555463910102844,
    -0.010316123254597187,
    0.025449765846133232,
    0.0366663858294487,
    0.0168546624481678,
    -0.013707807287573814,
    0.02015639841556549,
    -0.024378472939133644,
    -0.03809879720211029,
    -0.044971637427806854,
    -0.04292575269937515,
    -0.04778936877846718,
    -0.03981896489858627,
    -0.02737625129520893,
    0.04480978101491928,
    0.00020207412308081985,
    0.010424893349409103,
    -0.06417003273963928,
    0.015784628689289093,
    -0.01446477323770523,
    -0.05779451131820679,
    -0.052512940019369125,
    0.0193584393709898,
    -0.03521362319588661,
    0.06463069468736649,
    0.0568607896566391,
    0.015302184969186783,
    0.05723772943019867,
    0.018476996570825577,
    -0.03616469353437424,
    -0.01941598206758499,
    0.008706223219633102,
    -0.0031496228184551,
    0.07076771557331085,
    0.0356941781938076,
    -0.029175380244851112,
    0.03617297485470772,
    -0.08335104584693909,
    0.026134531944990158,
    0.03461771085858345,
    -0.0064094290137290955,
    0.032510265707969666,
    -0.0931752473115921,
    -0.02215786837041378,
    -0.06439707428216934,
    0.018859121948480606,
    0.07988043129444122,
    0.05167171359062195,
    0.08318793028593063,
    -0.050882767885923386,
    0.027715040370821953,
    0.031098680570721626,
    0.07507184892892838,
    -0.06561244279146194,
    0.011806589551270008,
    0.05089574307203293,
    -0.02337784320116043,
    0.020277641713619232,
    -0.016140982508659363,
    -0.0044907331466674805,
    0.017001330852508545,
    -0.006251240149140358,
    -0.0019281930290162563,
    0.10032472759485245,
    0.02213308773934841,
    0.03725089132785797,
    0.08196529746055603,
    0.01279135700315237,
    0.0035823071375489235,
    0.05026271566748619,
    0.023368114605545998,
    -0.06527303904294968,
    -0.011678298003971577,
    0.0898013487458229,
    -0.01191410981118679,
    0.00852765142917633,
    -0.02576986886560917,
    -0.006655911449342966,
    -0.024790780618786812,
    -0.024960685521364212,
    0.09104780107736588,
    0.036433473229408264,
    0.043689846992492676,
    0.06059953570365906,
    -0.06640274077653885,
    0.0756288468837738,
    -0.01977609470486641,
    -0.004957780707627535,
    -0.02074052393436432,
    0.06973690539598465,
    0.09952545911073685,
    -0.00046439588186331093,
    0.010727878659963608,
    0.005167793016880751,
    0.0019920351915061474,
    -0.05089366063475609,
    -0.013835294172167778,
    -0.07632318884134293,
    -0.058976855129003525,
    0.06043587252497673,
    -0.044295746833086014,
    0.03211309388279915,
    0.0585627518594265,
    0.010137185454368591,
    -0.04987365007400513,
    0.04648398980498314,
    -0.12228056788444519,
    0.058009322732686996,
    0.017039667814970016,
    0.022122522816061974,
    -0.02382040023803711,
    0.04999682679772377,
    -0.024821637198328972,
    0.030285915359854698,
    -0.08472777903079987,
    -0.044154368340969086,
    -0.07596313208341599,
    -0.08724753558635712,
    -0.007042671553790569,
    -0.005456631071865559,
    -0.05571320280432701,
    0.04578087106347084,
    -0.04313705861568451,
    0.010731792077422142,
    -0.01518886536359787,
    0.041922006756067276,
