{
  "embedding_files": [
    "gt_217.1s_f47.jpg",
    "new_1776234324997_gt_890.5s_f118.jpg",
    "new_1776234324997_gt_589.5s_f74.jpg",
    "new_1776234324997_gt_1051.3s_f147.jpg",
    "new_1776234324997_gt_589.1s_f95.jpg",
    "gt_160.5s_f21.jpg",
    "gt_54.7s_f11.jpg",
    "gt_73.5s_f22.jpg",
    "gt_83.8s_f9.jpg",
    "gt_89.2s_f52.jpg"
  ],
  "backup_files": [
    "new_1776234324997_gt_184.5s_f38.jpg",
    "new_1776234324997_gt_2.1s_f7.jpg"
  ],
  "scores": {
    "gt_217.1s_f47.jpg": 98.6635,
    "gt_54.7s_f11.jpg": 32.979,
    "gt_89.2s_f52.jpg": 31.2506,
    "gt_73.5s_f22.jpg": 28.4674,
    "new_1776234324997_gt_1051.3s_f147.jpg": 43.168,
    "new_1776234324997_gt_184.5s_f38.jpg": 28.6125,
    "new_1776234324997_gt_2.1s_f7.jpg": 39.2547,
    "new_1776234324997_gt_589.1s_f95.jpg": 41.1024,
    "new_1776234324997_gt_589.5s_f74.jpg": 44.8824,
    "new_1776234324997_gt_890.5s_f118.jpg": 52.1425
  },
  "approved_files": [
    "gt_217.1s_f47.jpg",
    "new_1776234324997_gt_1051.3s_f147.jpg",
    "new_1776234324997_gt_184.5s_f38.jpg",
    "new_1776234324997_gt_2.1s_f7.jpg",
    "new_1776234324997_gt_589.1s_f95.jpg",
    "new_1776234324997_gt_589.5s_f74.jpg",
    "new_1776234324997_gt_890.5s_f118.jpg",
    "gt_160.5s_f21.jpg",
    "gt_54.7s_f11.jpg",
    "gt_73.5s_f22.jpg",
    "gt_83.8s_f9.jpg",
    "gt_89.2s_f52.jpg"
  ],
  "mean_embedding": [
    0.01167095173150301,
    0.07523706555366516,
    0.0036281428765505552,
    0.08349783718585968,
    -0.032608211040496826,
    -0.03569144383072853,
    0.04923240840435028,
    0.032806240022182465,
    -0.047583162784576416,
    0.060800448060035706,
    0.009585600346326828,
    -0.038903865963220596,
    0.09307438135147095,
    0.01699237897992134,
    0.04466373845934868,
    -0.07506802678108215,
    -0.04961712285876274,
    0.05589381977915764,
    0.026549609377980232,
    -0.024424714967608452,
    -0.03302716091275215,
    -0.049970611929893494,
    0.02962391823530197,
    -0.030357277020812035,
    0.020384645089507103,
    -0.027460208162665367,
    -0.03564172610640526,
    -0.029354209080338478,
    0.026860464364290237,
    0.01704755797982216,
    -0.03423072025179863,
    0.02295614965260029,
    -0.02423129789531231,
    -0.0034220756497234106,
    -0.07524167001247406,
    -0.017806420102715492,
    0.01201610267162323,
    0.015358379110693932,
    0.061447497457265854,
    0.046340931206941605,
    0.055457066744565964,
    0.05670905485749245,
    -0.06416130810976028,
    0.07099281251430511,
    -0.04275192692875862,
    -0.07038462907075882,
    0.07478155195713043,
    -0.006239060312509537,
    0.04570876434445381,
    -0.04107631742954254,
    -0.019280172884464264,
    0.10610762983560562,
    -0.07226960361003876,
    -0.0547848641872406,
    0.033061686903238297,
    0.08831809461116791,
    -0.021769318729639053,
    0.015944281592965126,
    0.040044236928224564,
    -0.030339054763317108,
    -0.041866473853588104,
    -0.052822697907686234,
    -0.02195892669260502,
    -0.03726772218942642,
    0.008190756663680077,
    0.006774723995476961,
    -0.00031096008024178445,
    -0.07701586931943893,
    0.0014696139842271805,
    -0.0023258940782397985,
    0.02213449776172638,
    -0.024038979783654213,
    0.027096912264823914,
    -0.013021786697208881,
    0.005846505519002676,
    -0.03662982955574989,
    0.08308415859937668,
    0.004753792658448219,
    -0.05733051523566246,
    0.06994578242301941,
    0.03451713174581528,
    -0.05649452656507492,
    -0.039580196142196655,
    -0.04952800273895264,
    0.0690571516752243,
    -0.03435133397579193,
    0.053412552922964096,
    -0.05547795444726944,
    -0.07644772529602051,
    0.015432346612215042,
    0.06689293682575226,
    -0.008455749601125717,
    -0.020724676549434662,
    -0.018840918317437172,
    -0.05997786298394203,
    -0.009202145040035248,
    0.0462086945772171,
    0.04104950278997421,
    -0.04481450095772743,
    -0.02434672601521015,
    0.01997174136340618,
    -0.03201255574822426,
    0.06142717972397804,
    0.010331595316529274,
    0.09021830558776855,
    0.017244083806872368,
    -0.03240666911005974,
    -0.04292287677526474,
    -0.05203116312623024,
    -0.009169847704470158,
    -0.0508967861533165,
    0.020382579416036606,
    -0.025547588244080544,
    0.08395589888095856,
    -0.008359304629266262,
    0.10544370114803314,
    -0.007732096128165722,
    0.06930512934923172,
    0.0036657711025327444,
    0.10913323611021042,
    -0.006303353235125542,
    0.0210969727486372,
    0.05478224903345108,
    0.044364478439092636,
    -0.025209462270140648,
    -0.10238059610128403,
    -0.04448344185948372,
    -0.0338779017329216,
    -0.03515215218067169,
    0.04455704987049103,
    -0.05271759256720543,
    0.0033005261793732643,
    -0.03830564394593239,
    0.00876588188111782,
    0.044177744537591934,
    -0.03774329647421837,
    -0.006241550203412771,
    0.048475272953510284,
    -0.02052466571331024,
    -0.015123133547604084,
    -0.027468428015708923,
    0.03614663705229759,
    0.07205440104007721,
    -0.029962079599499702,
    0.05461801588535309,
    -0.04571453109383583,
    0.020331788808107376,
    0.0442122183740139,
    -0.02926236018538475,
    0.030987687408924103,
    -0.0020834985189139843,
    -0.05344269424676895,
    0.006005420349538326,
    -0.050822898745536804,
    0.032627303153276443,
    -0.01976766437292099,
    0.008975036442279816,
    0.026909073814749718,
    0.03762346878647804,
    0.06963811814785004,
    -0.0023533739149570465,
    0.005909854080528021,
    -0.01638592965900898,
    0.00034163007512688637,
    -0.05766008421778679,
    -0.05703359469771385,
    -0.003615644993260503,
    -0.02502710372209549,
    -0.028357544913887978,
    0.01275826059281826,
    0.07865235209465027,
    -0.07662825286388397,
    -0.06539943069219589,
    -0.012643332593142986,
    -0.04411843419075012,
    0.002901599509641528,
    -0.05322737619280815,
    0.026516785845160484,
    -0.011691405437886715,
    -0.004007646348327398,
    -0.07540880888700485,
    0.0019112260779365897,
    -0.06179981678724289,
    -0.1311514526605606,
    0.047073446214199066,
    -0.03477941453456879,
    0.07744088768959045,
    -0.024845978245139122,
    0.04684222489595413,
    0.04481969028711319,
    0.00047154014464467764,
    -0.030754147097468376,
    -0.03446469083428383,
    0.022808080539107323,
    0.035965900868177414,
    -0.017166975885629654,
    0.007013055961579084,
    0.060666974633932114,
    -0.03726210072636604,
    -0.05326070263981819,
    0.04551223665475845,
    -0.0370958149433136,
    0.052745480090379715,
    -0.020439783111214638,
    0.045400556176900864,
    0.0257167499512434,
    0.004053791519254446,
    -0.027101561427116394,
    -0.10240869224071503,
    0.03166406974196434,
    -0.111093670129776,
    0.01920785754919052,
    0.04903818666934967,
    0.061132825911045074,
    -0.02961486577987671,
    0.08264963328838348,
    -0.021793344989418983,
    0.004193844739347696,
    0.015523086301982403,
    0.02848593331873417,
    -0.039717432111501694,
    0.09830412268638611,
    0.017008081078529358,
    0.0380382277071476,
    0.0383639931678772,
    0.0004645909939426929,
    0.08462919294834137,
    0.0037855396512895823,
    -0.018312515690922737,
    -0.0323345772922039,
    -0.04463300108909607,
    0.00500303553417325,
    -0.002762512071058154,
    -0.017718203365802765,
    -0.03330344706773758,
    0.055755890905857086,
    0.013897509314119816,
    0.016525492072105408,
    0.018308673053979874,
    0.014506964944303036,
    0.06064440310001373,
    -0.12807948887348175,
    -0.011534033343195915,
    -0.02885253168642521,
    0.04488367214798927,
    -0.036191176623106,
    -0.00943255890160799,
    0.04879658296704292,
    -0.0753941461443901,
    -0.03308909386396408,
    0.08091386407613754,
    -0.10329553484916687,
    0.04703633487224579,
    0.01869661547243595,
    0.06258387863636017,
