{
  "embedding_files": [
    "gt_217.1s_f47.jpg",
    "new_1776234324997_gt_589.1s_f95.jpg",
    "gt_160.5s_f21.jpg",
    "gt_54.7s_f11.jpg",
    "gt_73.5s_f22.jpg",
    "gt_83.8s_f9.jpg",
    "gt_89.2s_f52.jpg"
  ],
  "backup_files": [],
  "scores": {
    "gt_217.1s_f47.jpg": 98.6635,
    "gt_54.7s_f11.jpg": 32.979,
    "gt_89.2s_f52.jpg": 31.2506,
    "gt_73.5s_f22.jpg": 28.4674,
    "new_1776234324997_gt_1051.3s_f147.jpg": 43.168,
    "new_1776234324997_gt_184.5s_f38.jpg": 28.6125,
    "new_1776234324997_gt_2.1s_f7.jpg": 39.2547,
    "new_1776234324997_gt_589.1s_f95.jpg": 41.1024,
    "new_1776234324997_gt_589.5s_f74.jpg": 44.8824,
    "new_1776234324997_gt_890.5s_f118.jpg": 52.1425
  },
  "approved_files": [
    "gt_217.1s_f47.jpg",
    "new_1776234324997_gt_1051.3s_f147.jpg",
    "new_1776234324997_gt_184.5s_f38.jpg",
    "new_1776234324997_gt_2.1s_f7.jpg",
    "new_1776234324997_gt_589.1s_f95.jpg",
    "new_1776234324997_gt_589.5s_f74.jpg",
    "new_1776234324997_gt_890.5s_f118.jpg",
    "gt_160.5s_f21.jpg",
    "gt_54.7s_f11.jpg",
    "gt_73.5s_f22.jpg",
    "gt_83.8s_f9.jpg",
    "gt_89.2s_f52.jpg"
  ],
  "mean_embedding": [
    0.02075532078742981,
    0.07428955286741257,
    -0.006772598717361689,
    0.07401912659406662,
    -0.03066297061741352,
    -0.039916329085826874,
    0.057266298681497574,
    0.03584425523877144,
    -0.05189744383096695,
    0.05666743963956833,
    0.013342035003006458,
    -0.02968624047935009,
    0.085200235247612,
    0.011918412521481514,
    0.02662147954106331,
    -0.07199258357286453,
    -0.04899921640753746,
    0.050967514514923096,
    0.028929533436894417,
    -0.014574437402188778,
    -0.020687343552708626,
    -0.041541870683431625,
    0.025774197652935982,
    -0.02983679063618183,
    0.023002928122878075,
    -0.020746832713484764,
    -0.03415675461292267,
    -0.023719828575849533,
    0.02376515604555607,
    0.012999740429222584,
    -0.03250325471162796,
    0.03187572583556175,
    -0.02686370722949505,
    0.002737038303166628,
    -0.08454568684101105,
    -0.02705993875861168,
    0.01781878061592579,
    0.01631900481879711,
    0.054261092096567154,
    0.0368519090116024,
    0.05098503828048706,
    0.0532737635076046,
    -0.06785333901643753,
    0.06645553559064865,
    -0.035866983234882355,
    -0.06742645055055618,
    0.06641336530447006,
    -0.0032086283899843693,
    0.04320123791694641,
    -0.05176335573196411,
    -0.010060804896056652,
    0.099705271422863,
    -0.06971336901187897,
    -0.05642502382397652,
    0.025883175432682037,
    0.09541323781013489,
    -0.01631690375506878,
    0.02732589654624462,
    0.04376763477921486,
    -0.028967438265681267,
    -0.050319574773311615,
    -0.0575808547437191,
    -0.015486855059862137,
    -0.048357922583818436,
    0.013283932581543922,
    0.0004898118786513805,
    -0.007812519557774067,
    -0.07542329281568527,
    -0.009756091050803661,
    -0.003573270048946142,
    0.026440240442752838,
    -0.031160935759544373,
    0.023637693375349045,
    -0.011650001630187035,
    0.012575092725455761,
    -0.03326338529586792,
    0.07194551080465317,
    0.019320962950587273,
    -0.06275170296430588,
    0.06648405641317368,
    0.03753102570772171,
    -0.054228171706199646,
    -0.047914713621139526,
    -0.05676953122019768,
    0.06243720278143883,
    -0.03891078010201454,
    0.06673446297645569,
    -0.06633564829826355,
    -0.08048548549413681,
    0.010334664024412632,
    0.06748796254396439,
    -0.002062373561784625,
    -0.023425372317433357,
    -0.016197189688682556,
    -0.06909282505512238,
    -0.008202766999602318,
    0.044266339391469955,
    0.04951220005750656,
    -0.05031033605337143,
    -0.03036794438958168,
    0.023206423968076706,
    -0.03377542644739151,
    0.061177875846624374,
    0.014149820432066917,
    0.09666615724563599,
    0.025608005002141,
    -0.031467538326978683,
    -0.049445949494838715,
    -0.051266662776470184,
    -0.007299464195966721,
    -0.05105498805642128,
    0.010792809538543224,
    -0.02697874791920185,
    0.08259446173906326,
    -0.016095872968435287,
    0.09645287692546844,
    -0.008635039441287518,
    0.070121169090271,
    0.009357955306768417,
    0.11522499471902847,
    0.007888237945735455,
    0.01595555804669857,
    0.05965862795710564,
    0.03821548447012901,
    -0.0209963321685791,
    -0.09999008476734161,
    -0.042873553931713104,
    -0.02242559939622879,
    -0.03214399144053459,
    0.04180322587490082,
    -0.04886171966791153,
    0.001432280638255179,
    -0.04542410001158714,
    0.010401424951851368,
    0.04182220622897148,
    -0.04002481698989868,
    -0.010810169391334057,
    0.0523383691906929,
    -0.02454334683716297,
    -0.011230053380131721,
    -0.02485058270394802,
    0.04002310335636139,
    0.07184207439422607,
    -0.03721383586525917,
    0.055068597197532654,
    -0.03606840968132019,
    0.02822609804570675,
    0.04570011794567108,
    -0.01818223111331463,
    0.030606646090745926,
    0.006533164530992508,
    -0.0563979297876358,
    0.010568545199930668,
    -0.05718104541301727,
    0.03207467123866081,
    -0.012484358623623848,
    0.010334574617445469,
    0.01635880582034588,
    0.03816970810294151,
    0.07173407077789307,
    -0.0013435010332614183,
    0.005563744343817234,
    -0.015498628839850426,
    0.0024078702554106712,
    -0.06369586288928986,
    -0.0473162867128849,
    0.004579844884574413,
    -0.018352793529629707,
    -0.03481196612119675,
    0.025416383519768715,
    0.0792282447218895,
    -0.08901339769363403,
    -0.06823113560676575,
    -0.005694494117051363,
    -0.04148562252521515,
    -0.005461230408400297,
    -0.0489051453769207,
    0.029647693037986755,
    -0.00815169420093298,
    -0.011644252575933933,
    -0.07348816096782684,
    -0.0037877943832427263,
    -0.06414131075143814,
    -0.11970702558755875,
    0.04769078642129898,
    -0.033125121146440506,
    0.0653187558054924,
    -0.030416620895266533,
    0.045583587139844894,
    0.03854440897703171,
    0.011717136949300766,
    -0.03271179646253586,
    -0.02883131429553032,
    0.021896230056881905,
    0.04342763125896454,
    -0.01968487538397312,
    0.010447493754327297,
    0.06223282963037491,
    -0.043107569217681885,
    -0.046756401658058167,
    0.04892982915043831,
    -0.03493349999189377,
    0.05406423285603523,
    -0.032697658985853195,
    0.04105154052376747,
    0.02163274958729744,
    0.006866409443318844,
    -0.014243208803236485,
    -0.10408423840999603,
    0.022511491551995277,
    -0.10504211485385895,
    0.029284240677952766,
    0.04162756726145744,
    0.07084958255290985,
    -0.01618175581097603,
    0.08523768186569214,
    -0.024279383942484856,
    0.00013301341095939279,
    0.007848067209124565,
    0.020749736577272415,
    -0.045013561844825745,
    0.08746109157800674,
    0.018571671098470688,
    0.03844151273369789,
    0.04696192964911461,
    -0.0007514798198826611,
    0.0750383511185646,
    0.006285886280238628,
    -0.01819528266787529,
    -0.019915733486413956,
    -0.04177866876125336,
    0.019703928381204605,
    -0.005991192534565926,
    -0.021927161142230034,
    -0.022679856047034264,
    0.0588371567428112,
    0.0035736814606934786,
    0.011384055018424988,
    0.01571587100625038,
    0.01624268665909767,
    0.054401181638240814,
    -0.13155700266361237,
    -0.01775090955197811,
    -0.022662317380309105,
    0.03993755951523781,
    -0.038392324000597,
    -0.008018186315894127,
    0.045242298394441605,
    -0.08068381249904633,
    -0.027483059093356133,
    0.07560420781373978,
    -0.10128633677959442,
    0.05462634190917015,
    0.014167272485792637,
    0.07206150144338608,
    0.06664148718118668,
    0.05437520518898964,
    -0.051286280155181885,
    0.03518935292959213,
    0.008850435726344585,
    0.0350814014673233,
    -0.07593268156051636,
    0.025451548397541046,
    -0.04889841750264168,
