{
  "embedding_files": [
    "gt_26.2s_f6.jpg",
    "gt_132.1s_f51.jpg",
    "gt_324.5s_f104.jpg",
    "gt_80.2s_f39.jpg",
    "gt_217.1s_f62.jpg"
  ],
  "backup_files": [
    "gt_117.2s_f21.jpg",
    "new_1776234319172_gt_184.5s_f33.jpg",
    "new_1776234319172_gt_2.1s_f20.jpg",
    "new_1776234319172_gt_383.1s_f49.jpg"
  ],
  "scores": {
    "gt_26.2s_f6.jpg": 17.425,
    "gt_132.1s_f51.jpg": 10.6506,
    "gt_80.2s_f39.jpg": 2.9555,
    "gt_324.5s_f104.jpg": 10.3726,
    "gt_217.1s_f62.jpg": 2.6196,
    "gt_117.2s_f21.jpg": 2.527
  },
  "approved_files": [
    "gt_26.2s_f6.jpg",
    "gt_132.1s_f51.jpg",
    "gt_324.5s_f104.jpg",
    "gt_80.2s_f39.jpg",
    "gt_217.1s_f62.jpg",
    "gt_117.2s_f21.jpg",
    "new_1776234319172_gt_184.5s_f33.jpg",
    "new_1776234319172_gt_2.1s_f20.jpg",
    "new_1776234319172_gt_383.1s_f49.jpg"
  ],
  "mean_embedding": [
    0.024410653859376907,
    0.060580071061849594,
    0.005653250031173229,
    0.024174189195036888,
    -0.0740976557135582,
    0.1126488596200943,
    -0.07388189435005188,
    0.07121188193559647,
    -0.04943128302693367,
    -0.061745233833789825,
    0.04160012677311897,
    -0.08511236310005188,
    0.06766822189092636,
    0.022783663123846054,
    0.017712978646159172,
    -0.03323867917060852,
    0.08525986969470978,
    -0.035436101257801056,
    -0.02094513177871704,
    -0.01646554470062256,
    0.008940933272242546,
    0.019892657175660133,
    0.005859470460563898,
    -0.023364927619695663,
    -0.03584805876016617,
    -0.04920380935072899,
    -0.011275595054030418,
    -0.055203743278980255,
    -0.013369495049118996,
    -0.05925387144088745,
    -0.04855689778923988,
    -0.05150934308767319,
    0.1309535950422287,
    0.022928660735487938,
    -0.0611700639128685,
    0.008257281966507435,
    0.027537357062101364,
    -0.010253994725644588,
    -0.03114294447004795,
    -0.0014946197625249624,
    -0.05543181300163269,
    -4.307094513933407e-06,
    0.025855446234345436,
    -0.016135098412632942,
    -0.012052328325808048,
    -0.01551644504070282,
    -0.03307223320007324,
    0.05046478658914566,
    0.0004818931338377297,
    0.021726220846176147,
    0.017040986567735672,
    -0.019939977675676346,
    0.04439400136470795,
    -0.010154669173061848,
    -0.079096220433712,
    -0.036922477185726166,
    -0.05449695140123367,
    0.022360440343618393,
    -0.04064251109957695,
    0.01632436364889145,
    0.06980624794960022,
    0.050586652010679245,
    -0.018391357734799385,
    0.058113522827625275,
    -0.06226438656449318,
    0.0036328481510281563,
    -0.02416711486876011,
    0.05844084918498993,
    0.04722850024700165,
    0.04707612469792366,
    -0.05252819135785103,
    -0.08897943794727325,
    0.052818723022937775,
    -0.02167903259396553,
    0.03713987395167351,
    0.051326435059309006,
    0.007591100875288248,
    -0.023622918874025345,
    0.09919222444295883,
    -0.0006959036691114306,
    0.07253118604421616,
    -0.030402421951293945,
    0.05194146931171417,
    -0.030610376968979836,
    0.06334588676691055,
    -0.08290951699018478,
    -0.0388946533203125,
    -0.022252103313803673,
    -0.038472674787044525,
    -0.07242447882890701,
    0.039764322340488434,
    0.04421151056885719,
    0.061707183718681335,
    0.02554745227098465,
    -0.05754982680082321,
    -0.04263114929199219,
    -0.050827883183956146,
    -0.04775964468717575,
    -0.029644127935171127,
    -0.02421204000711441,
    0.00949405413120985,
    -0.039881039410829544,
    -0.015990840271115303,
    0.04965488985180855,
    0.05556248500943184,
    -0.028797855600714684,
    -0.006743771024048328,
    -0.030386803671717644,
    0.0161572452634573,
    0.06314066797494888,
    -0.015364368446171284,
    -0.01838568225502968,
    0.02640393003821373,
    0.00842304714024067,
    0.015687916427850723,
    0.02477821707725525,
    0.07617156207561493,
    -0.0044308737851679325,
    -0.017308859154582024,
    0.08712687343358994,
    0.03243298828601837,
    0.011943306773900986,
    0.10239770263433456,
    0.02613661251962185,
    -0.11744837462902069,
    0.08160166442394257,
    0.024176621809601784,
    -0.007466758135706186,
    0.03792313486337662,
    0.026496829465031624,
    -0.03943681716918945,
    -0.0016382118919864297,
    0.0033761707600206137,
    0.02474479377269745,
    0.0051980591379106045,
    0.029140843078494072,
    -0.02943837083876133,
    0.023647749796509743,
    -0.01620193012058735,
    -0.043511491268873215,
    0.027262428775429726,
    0.005196590442210436,
    -0.015285787172615528,
    -0.02572697401046753,
    -0.02413870394229889,
    -0.029624657705426216,
    0.07252435386180878,
    0.013146813027560711,
    -0.0027693575248122215,
    0.029044628143310547,
    -0.057176657021045685,
    0.021841350942850113,
    -0.025131776928901672,
    0.026991738006472588,
    0.03524767979979515,
    0.00907781533896923,
    -0.042687177658081055,
    0.05205455794930458,
    0.060664430260658264,
    0.03166074678301811,
    -0.06768912822008133,
    -0.024296637624502182,
    -0.039252325892448425,
    0.010826170444488525,
    -0.0068704900331795216,
    0.008735865354537964,
    -0.02833746187388897,
    0.0070643350481987,
    0.06961837410926819,
    -0.024191804230213165,
    0.04805119335651398,
    -0.013409025967121124,
    -0.04470499977469444,
    0.08990295231342316,
    -0.02420135587453842,
    0.02541295439004898,
    0.0950031504034996,
    -0.04811643809080124,
    0.05612345039844513,
    0.007879342883825302,
    -0.03322121128439903,
    0.021642537787556648,
    -0.013349433429539204,
    -0.023243967443704605,
    -0.021514812484383583,
    0.012858934700489044,
    -0.00680233770981431,
    0.008113471791148186,
    -0.01244571153074503,
    0.015116773545742035,
    -0.044059526175260544,
    0.027687549591064453,
    -0.07097601890563965,
    0.017977911978960037,
    0.012455279938876629,
    0.0019218703964725137,
    0.02439754828810692,
    0.03287866711616516,
    0.04444572702050209,
    -0.029007066041231155,
    -0.04347728192806244,
    -0.017325453460216522,
    -0.08181785047054291,
    -0.01242060586810112,
    0.013919084332883358,
    -0.05264156684279442,
    -0.020228751003742218,
    0.012336477637290955,
    -0.06763079017400742,
    0.04899877682328224,
    0.03764479234814644,
    0.05200783535838127,
    -0.015937527641654015,
    0.0854736715555191,
    0.07331649959087372,
    -0.030647829174995422,
    -0.07217416912317276,
    0.05286864936351776,
    -0.007453171536326408,
    -0.024603474885225296,
    -0.04135436937212944,
    -0.05617430433630943,
    -0.04952286556363106,
    0.02141183614730835,
    0.07197768241167068,
    0.02680165320634842,
    -0.017520898953080177,
    0.005683479364961386,
    -0.02215130627155304,
    0.028121624141931534,
    -0.02421261928975582,
    0.057605989277362823,
    0.10701042413711548,
    -0.010442783124744892,
    -0.016618261113762856,
    -0.018682977184653282,
    -0.007307042833417654,
    -0.002277427352964878,
    -0.008874418213963509,
    0.0012848001206293702,
    -0.0793571025133133,
    -0.11783550679683685,
    0.017627038061618805,
    -0.050658028572797775,
    -0.003939005546271801,
    0.04354742914438248,
    0.02020474150776863,
    0.012054121121764183,
    -0.04545404389500618,
    0.02426970563828945,
    0.009853532537817955,
    0.016276776790618896,
    -0.004412112757563591,
    0.009088403545320034,
    0.032874174416065216,
    0.023619595915079117,
    -0.01145108137279749,
    0.02415970154106617,
    -0.018629640340805054,
    -0.0152584258466959,
    -0.03899760916829109,
    -0.04382876306772232,
    -0.060187965631484985,
    -0.006087526213377714,
    -0.02086653560400009,
    -0.008809750899672508,
    -0.037270452827215195,
    0.017478682100772858,
    0.021441807970404625,
    0.03721850365400314,
    0.020267436280846596,
    -0.009633565321564674,
    -0.052284616976976395,
    -0.026938019320368767,
