{
  "embedding_files": [
    "gt_26.2s_f6.jpg",
    "gt_132.1s_f51.jpg",
    "gt_324.5s_f104.jpg",
    "gt_80.2s_f39.jpg",
    "gt_217.1s_f62.jpg"
  ],
  "backup_files": [
    "gt_117.2s_f21.jpg",
    "new_1776234319172_gt_184.5s_f33.jpg",
    "new_1776234319172_gt_2.1s_f20.jpg",
    "new_1776234319172_gt_383.1s_f49.jpg"
  ],
  "scores": {
    "gt_26.2s_f6.jpg": 17.425,
    "gt_132.1s_f51.jpg": 10.6506,
    "gt_80.2s_f39.jpg": 2.9555,
    "gt_324.5s_f104.jpg": 10.3726,
    "gt_217.1s_f62.jpg": 2.6196,
    "gt_117.2s_f21.jpg": 2.527
  },
  "approved_files": [
    "gt_26.2s_f6.jpg",
    "gt_132.1s_f51.jpg",
    "gt_324.5s_f104.jpg",
    "gt_80.2s_f39.jpg",
    "gt_217.1s_f62.jpg",
    "gt_117.2s_f21.jpg",
    "new_1776234319172_gt_184.5s_f33.jpg",
    "new_1776234319172_gt_2.1s_f20.jpg",
    "new_1776234319172_gt_383.1s_f49.jpg"
  ],
  "mean_embedding": [
    0.020340027287602425,
    0.06532890349626541,
    0.01486332155764103,
    0.025493690744042397,
    -0.06945711374282837,
    0.11919976025819778,
    -0.07216673344373703,
    0.07314827293157578,
    -0.05053839460015297,
    -0.05789996311068535,
    0.04230254516005516,
    -0.07902444154024124,
    0.06276972591876984,
    0.025656120851635933,
    0.008517987094819546,
    -0.03769083321094513,
    0.07680987566709518,
    -0.037587281316518784,
    -0.021642079576849937,
    -0.013767683878540993,
    0.029367277398705482,
    0.015514660626649857,
    0.0005022643599659204,
    -0.033264029771089554,
    -0.028965920209884644,
    -0.05194617062807083,
    -0.019787315279245377,
    -0.057471808046102524,
    -0.008497095666825771,
    -0.06466887146234512,
    -0.055310484021902084,
    -0.05265204980969429,
    0.12717647850513458,
    0.02520589344203472,
    -0.05596013739705086,
    0.00835986714810133,
    0.011364718899130821,
    -0.013560920022428036,
    -0.027812089771032333,
    -0.012397786602377892,
    -0.061931487172842026,
    0.0026036968920379877,
    0.025055235251784325,
    -0.007614716421812773,
    -0.0203092060983181,
    -0.04152708500623703,
    -0.028493566438555717,
    0.04348575323820114,
    0.00868218019604683,
    0.016596274450421333,
    0.017960401251912117,
    -0.009791769087314606,
    0.04096157103776932,
    -0.006093153264373541,
    -0.08093053847551346,
    -0.03913332149386406,
    -0.05685625225305557,
    0.023831432685256004,
    -0.04279390349984169,
    0.004820176865905523,
    0.058835066854953766,
    0.042283982038497925,
    -0.018563522025942802,
    0.05506926774978638,
    -0.06575034558773041,
    0.0028044809587299824,
    -0.03303774818778038,
    0.05078187584877014,
    0.04315146803855896,
    0.053179267793893814,
    -0.048973437398672104,
    -0.07665321230888367,
    0.04081793874502182,
    -0.02251831814646721,
    0.029717138037085533,
    0.0554458424448967,
    0.023542961105704308,
    -0.02650824375450611,
    0.09757093340158463,
    -0.01784924417734146,
    0.07810147106647491,
    -0.03317809849977493,
    0.05006574094295502,
    -0.033064041286706924,
    0.0627659261226654,
    -0.08217978477478027,
    -0.03794783726334572,
    -0.03233685716986656,
    -0.0465845987200737,
    -0.08160984516143799,
    0.0471264086663723,
    0.041774947196245193,
    0.05739610642194748,
    0.024124369025230408,
    -0.06675738096237183,
    -0.03902376443147659,
    -0.05837758630514145,
    -0.047123055905103683,
    -0.027746953070163727,
    -0.01906338520348072,
    0.016791438683867455,
    -0.04102812707424164,
    -0.00800702627748251,
    0.04499051719903946,
    0.0603548027575016,
    -0.03917393088340759,
    -0.00821351632475853,
    -0.03602258488535881,
    0.009008068591356277,
    0.06400269269943237,
    -0.01864982210099697,
    -0.018883559852838516,
    0.013180021196603775,
    0.0031373652163892984,
    0.005181570071727037,
    0.02786613069474697,
    0.05725869536399841,
    -0.02851218730211258,
    -0.013604284264147282,
    0.07942119985818863,
    0.02089454047381878,
    -0.0042121936567127705,
    0.09179358929395676,
    0.014769245870411396,
    -0.11224236339330673,
    0.07437325268983841,
    0.023365816101431847,
    -0.010966162197291851,
    0.015371808782219887,
    0.017590386793017387,
    -0.03709174320101738,
    0.0014763924991711974,
    0.006038428749889135,
    0.021808244287967682,
    0.00867570098489523,
    0.03354233130812645,
    -0.034779470413923264,
    0.03874284029006958,
    -0.004454923328012228,
    -0.033530913293361664,
    0.01587042771279812,
    -0.00952378660440445,
    -0.029486991465091705,
    -0.02835213765501976,
    -0.028469368815422058,
    -0.02651364915072918,
    0.0741058960556984,
    0.010806441307067871,
    -0.001690973062068224,
    0.017274918034672737,
    -0.06759197264909744,
    0.030126167461276054,
    -0.02124597690999508,
    0.036642707884311676,
    0.023179249837994576,
    0.006283780559897423,
    -0.0428801067173481,
    0.06363803893327713,
    0.0677337646484375,
    0.021480532363057137,
    -0.06508490443229675,
    -0.024244802072644234,
    -0.034397710114717484,
    -0.009081697091460228,
    0.002948818961158395,
    0.022796552628278732,
    -0.03582334890961647,
    0.01282916497439146,
    0.05663220211863518,
    -0.03277335315942764,
    0.05381517857313156,
    -0.030799156054854393,
    -0.040379032492637634,
    0.09147217124700546,
    -0.022921960800886154,
    0.02100137248635292,
    0.09654530882835388,
    -0.0588177815079689,
    0.05755698308348656,
    -0.009565947577357292,
    -0.030943920835852623,
    0.017583005130290985,
    -0.009148393757641315,
    -0.028046833351254463,
    -0.03492215648293495,
    0.01839933916926384,
    0.007514965254813433,
    0.002791587496176362,
    0.0007054698653519154,
    0.017620299011468887,
    -0.04254072532057762,
    0.022625816985964775,
    -0.04990795627236366,
    0.04542016237974167,
    0.015647005289793015,
    0.013483094051480293,
    0.030554020777344704,
    0.0347636416554451,
    0.04894772917032242,
    -0.03554074093699455,
    -0.05047411471605301,
    -0.006717010401189327,
    -0.0838535875082016,
    0.001539802411571145,
    0.01257881335914135,
    -0.04202510789036751,
    -0.02074834704399109,
    -0.0012024485040456057,
    -0.0669582262635231,
    0.03563329577445984,
    0.04108218848705292,
    0.05191546678543091,
    0.009692545048892498,
    0.07854818552732468,
    0.0654168501496315,
    -0.020980654284358025,
    -0.08628760278224945,
    0.04392768815159798,
    -0.022930031642317772,
    -0.005613063927739859,
    -0.03857345134019852,
    -0.058172691613435745,
    -0.03729678690433502,
    0.01481263805180788,
    0.07350695878267288,
    0.02369718998670578,
    -0.009164534509181976,
    0.01865772157907486,
    -0.007253263611346483,
    0.010607368312776089,
    -0.0354454442858696,
    0.06395455449819565,
    0.1185298040509224,
    0.006627761293202639,
    -0.02243153192102909,
    -0.02012447454035282,
    -0.009217479266226292,
    -0.017459573224186897,
    -0.0044196960516273975,
    0.003990247845649719,
    -0.07714242488145828,
    -0.11088325828313828,
    0.039890699088573456,
    -0.03828040882945061,
    0.0007032362627796829,
    0.04098275303840637,
    0.011007522232830524,
    0.011920088902115822,
    -0.04282178357243538,
    0.016990385949611664,
    0.022016922011971474,
    0.01609591394662857,
    0.0013072923757135868,
    0.007991704158484936,
    0.025697670876979828,
    0.0121627077460289,
    -0.007728398311883211,
    0.027637863531708717,
    -0.0172195415943861,
    -0.005633292719721794,
    -0.04346160218119621,
    -0.037945497781038284,
    -0.05768857151269913,
    -0.01675454154610634,
    -0.014134560711681843,
    -0.012004734948277473,
    -0.036943741142749786,
    0.026404451578855515,
    0.021200207993388176,
    0.026728035882115364,
    0.012691588141024113,
    -0.017414476722478867,
    -0.04553590342402458,
    -0.023044759407639503,
