{
  "embedding_files": [
    "gt_132.1s_f56.jpg",
    "gt_26.2s_f11.jpg",
    "gt_217.1s_f68.jpg",
    "gt_80.2s_f31.jpg",
    "gt_117.2s_f4.jpg"
  ],
  "backup_files": [
    "gt_324.5s_f96.jpg",
    "new_1776234240912_gt_184.5s_f27.jpg",
    "new_1776234240912_gt_2.1s_f1.jpg",
    "new_1776234240912_gt_383.1s_f54.jpg",
    "new_1776234240912_gt_933.4s_f136.jpg"
  ],
  "scores": {
    "gt_132.1s_f56.jpg": 98.3516,
    "gt_26.2s_f11.jpg": 11.7092,
    "gt_80.2s_f31.jpg": 5.3754,
    "gt_217.1s_f68.jpg": 6.5888,
    "gt_117.2s_f4.jpg": 4.3215,
    "gt_324.5s_f96.jpg": 4.2393
  },
  "approved_files": [
    "gt_132.1s_f56.jpg",
    "gt_26.2s_f11.jpg",
    "gt_217.1s_f68.jpg",
    "gt_80.2s_f31.jpg",
    "gt_117.2s_f4.jpg",
    "gt_324.5s_f96.jpg",
    "new_1776234240912_gt_184.5s_f27.jpg",
    "new_1776234240912_gt_2.1s_f1.jpg",
    "new_1776234240912_gt_383.1s_f54.jpg",
    "new_1776234240912_gt_933.4s_f136.jpg"
  ],
  "mean_embedding": [
    0.1038418710231781,
    0.0006181666976772249,
    0.0318143256008625,
    0.02116072177886963,
    -0.017635658383369446,
    0.05123157799243927,
    -0.00497280340641737,
    0.02185392566025257,
    0.0989275798201561,
    -0.006000908557325602,
    0.030256858095526695,
    0.003086238168179989,
    -0.05869551748037338,
    0.07324497401714325,
    0.06499060988426208,
    0.027462704107165337,
    -0.00331322499550879,
    -0.020430469885468483,
    0.03760801628232002,
    -0.036384399980306625,
    0.03738335520029068,
    -0.10569184273481369,
    -0.05318348854780197,
    0.08297325670719147,
    0.023687656968832016,
    -0.0017156617250293493,
    -0.017258435487747192,
    -0.028236092999577522,
    -0.06381525844335556,
    0.04067239910364151,
    -0.0557459220290184,
    0.014971701428294182,
    -0.0048360759392380714,
    -0.05420185998082161,
    0.05048060044646263,
    0.016039425507187843,
    0.05684659257531166,
    0.009165176190435886,
    -0.010687783360481262,
    -0.03693266957998276,
    0.052838876843452454,
    0.06737265735864639,
    -0.06866022199392319,
    0.03245662525296211,
    -0.01960068568587303,
    -0.05369000509381294,
    -0.0028755594976246357,
    -0.019520750269293785,
    -0.003826622385531664,
    -0.009140359237790108,
    -0.032051846385002136,
    -0.021477438509464264,
    -0.0035177438985556364,
    -0.0026409602724015713,
    0.02825733833014965,
    0.05420537665486336,
    0.07673818618059158,
    0.006257652770727873,
    0.02934916317462921,
    -0.051786843687295914,
    -0.04794913902878761,
    -0.027912594377994537,
    -0.03112184815108776,
    -0.009715555235743523,
    -0.03888862207531929,
    -0.06944192200899124,
    0.007917390204966068,
    0.06314048171043396,
    0.14160342514514923,
    0.01815187558531761,
    -0.03628789633512497,
    -0.08778563141822815,
    0.01389729231595993,
    -0.02926279604434967,
    0.008701431564986706,
    0.023315228521823883,
    0.03368137776851654,
    0.02480289153754711,
    0.024932315573096275,
    0.020069358870387077,
    -0.06476441770792007,
    0.0934717208147049,
    -0.013595886528491974,
    -0.02908390574157238,
    0.06206905469298363,
    0.07910889387130737,
    -0.028983987867832184,
    -0.031133750453591347,
    -0.007190931588411331,
    0.044840067625045776,
    0.021072696894407272,
    0.00489778071641922,
    -0.005712263751775026,
    0.012286757118999958,
    -0.05384523421525955,
    -0.026209885254502296,
    0.05084673687815666,
    0.015528883785009384,
    -0.06141553819179535,
    -0.14217711985111237,
    -0.072117380797863,
    0.021731076762080193,
    0.08653498440980911,
    0.05043644830584526,
    0.03303185850381851,
    0.011698286049067974,
    0.03639165312051773,
    0.0013333464739844203,
    0.04359622299671173,
    -0.006640579551458359,
    -0.05578051507472992,
    0.0463905856013298,
    -0.05476884916424751,
    0.018262315541505814,
    -0.004633351694792509,
    0.002658040961250663,
    -0.014413352124392986,
    0.018364740535616875,
    0.04680447652935982,
    0.07429097592830658,
    -0.10707910358905792,
    -0.013284271582961082,
    0.06394454091787338,
    0.014737427234649658,
    0.04631862789392471,
    -0.013338437303900719,
    0.024554673582315445,
    -0.024641551077365875,
    -0.009426172822713852,
    0.0055429209023714066,
    -0.008577579632401466,
    -0.0224115252494812,
    -0.06190003827214241,
    -0.04529326409101486,
    0.046347927302122116,
    -0.015950676053762436,
    0.016617093235254288,
    0.02195616625249386,
    -0.0225625429302454,
    0.06960782408714294,
    0.04074686020612717,
    0.012878363952040672,
    0.003888642182573676,
    0.06902364641427994,
    -0.00742036197334528,
    -0.08539173752069473,
    -0.05649774521589279,
    -0.019462047144770622,
    -0.057189952582120895,
    0.0020450090523809195,
    0.03534301370382309,
    0.06437786668539047,
    0.010295599699020386,
    0.01718948781490326,
    -0.044512584805488586,
    0.07623985409736633,
    0.04400164261460304,
    -0.05573465675115585,
    -0.03498304262757301,
    0.03754807263612747,
    -0.008514218963682652,
    0.0226299948990345,
    0.0673314705491066,
    -0.025848373770713806,
    -0.10798211395740509,
    0.014443015679717064,
    -0.04409449175000191,
    -0.030310099944472313,
    -0.05188405513763428,
    0.0009489347576163709,
    0.016195522621273994,
    -0.018947254866361618,
    0.040098100900650024,
    0.015478163957595825,
    0.008329657837748528,
    -0.029130948707461357,
    0.030126988887786865,
    0.07121070474386215,
    0.0760512501001358,
    -0.09173718094825745,
    -0.054109469056129456,
    0.039206504821777344,
    -0.0064591397531330585,
    0.08829223364591599,
    0.006478194613009691,
    -0.009681354276835918,
    0.08518842607736588,
    -0.026198899373412132,
    -0.04785532131791115,
    0.026522941887378693,
    0.013114149682223797,
    0.013632596470415592,
    0.08156101405620575,
    -0.01839175447821617,
    0.040279634296894073,
    0.029928680509328842,
    0.07346426695585251,
    -0.043976008892059326,
    -0.03420346975326538,
    0.028435947373509407,
    0.07298299670219421,
    -0.003368745092302561,
    0.013247002847492695,
    -0.039321985095739365,
    -0.06774448603391647,
    -0.006911132019013166,
    -0.006025922019034624,
    -0.021616250276565552,
    0.01986641064286232,
    0.03701135516166687,
    0.03261888399720192,
    0.022314513102173805,
    -0.04843119531869888,
    0.009336820803582668,
    -9.240626241080463e-05,
    -0.01953418366611004,
    -0.0014653739053755999,
    -0.02349257469177246,
    -0.00012696166231762618,
    -0.025899499654769897,
    0.0130075104534626,
    -0.022633180022239685,
    0.020482487976551056,
    -0.016853317618370056,
    0.019007230177521706,
    -0.0002917368256021291,
    -0.012690262869000435,
    0.05522256717085838,
    -0.005704665556550026,
    0.02422480285167694,
    0.08785416185855865,
    -0.10105544328689575,
    0.020939573645591736,
    -0.04305698722600937,
    -0.051481787115335464,
    0.06269702315330505,
    0.033076584339141846,
    -0.01869847998023033,
    -0.010258980095386505,
    -0.014075038023293018,
    -0.0004232963256072253,
    0.02436833269894123,
    0.018906304612755775,
    -0.047782208770513535,
    0.0334983766078949,
    -0.014080226421356201,
    -0.048173245042562485,
    0.02174769528210163,
    0.002945810556411743,
    0.03513040393590927,
    -0.016238821670413017,
    -0.007327401544898748,
    0.043436821550130844,
    -0.011974445544183254,
    0.04295888543128967,
    0.016198499128222466,
    0.03729264438152313,
    -0.016694961115717888,
    0.029809938743710518,
    -0.05342116206884384,
    0.058487389236688614,
    -0.0489022433757782,
    0.0566229410469532,
    0.0194389708340168,
    0.03288263455033302,
    0.06764483451843262,
    -0.003089710371568799,
    0.04057430103421211,
    -0.0006459203432314098,
    -0.02251812443137169,
    -0.08247383683919907,
