{
  "embedding_files": [
    "new_1776234240912_gt_933.4s_f136.jpg",
    "gt_132.1s_f56.jpg",
    "new_1776234240912_gt_2.1s_f1.jpg",
    "new_1776234240912_gt_184.5s_f27.jpg",
    "new_1776234240912_gt_383.1s_f54.jpg"
  ],
  "backup_files": [
    "gt_89.2s_f56.jpg",
    "gt_73.5s_f28.jpg",
    "gt_147.6s_f43.jpg",
    "gt_204.2s_f88.jpg",
    "gt_105.3s_f76.jpg"
  ],
  "scores": {
    "gt_132.1s_f56.jpg": 98.3516,
    "gt_89.2s_f56.jpg": 22.2617,
    "gt_73.5s_f28.jpg": 21.6628,
    "gt_105.3s_f76.jpg": 15.2637,
    "new_1776234240912_gt_184.5s_f27.jpg": 82.9488,
    "new_1776234240912_gt_2.1s_f1.jpg": 90.1866,
    "new_1776234240912_gt_383.1s_f54.jpg": 80.4794,
    "new_1776234240912_gt_933.4s_f136.jpg": 150.8967,
    "gt_147.6s_f43.jpg": 21.2391,
    "gt_204.2s_f88.jpg": 16.3437
  },
  "approved_files": [
    "gt_132.1s_f56.jpg",
    "gt_26.2s_f11.jpg",
    "gt_217.1s_f68.jpg",
    "gt_80.2s_f31.jpg",
    "gt_117.2s_f4.jpg",
    "gt_324.5s_f96.jpg",
    "new_1776234240912_gt_184.5s_f27.jpg",
    "new_1776234240912_gt_2.1s_f1.jpg",
    "new_1776234240912_gt_383.1s_f54.jpg",
    "new_1776234240912_gt_933.4s_f136.jpg"
  ],
  "mean_embedding": [
    0.10396048426628113,
    -0.003919414710253477,
    0.03802775219082832,
    0.028479501605033875,
    -0.014683760702610016,
    0.05881371721625328,
    -0.0023021288216114044,
    0.0185231976211071,
    0.10541010648012161,
    0.003538774559274316,
    0.00945599190890789,
    -0.014428661204874516,
    -0.045693688094615936,
    0.061216503381729126,
    0.08484470099210739,
    -0.002915016608312726,
    -0.00041251257061958313,
    -0.035703208297491074,
    0.040095411241054535,
    -0.05035622417926788,
    0.034446340054273605,
    -0.10078150779008865,
    -0.03537219762802124,
    0.08731387555599213,
    0.014293400570750237,
    -0.006831455510109663,
    -0.026596499606966972,
    -0.030856642872095108,
    -0.060016464442014694,
    0.03297573700547218,
    -0.05318739265203476,
    0.02513074316084385,
    0.0043752482160925865,
    -0.05723587051033974,
    0.04247777536511421,
    0.008524995297193527,
    0.055089984089136124,
    0.017771562561392784,
    -0.00900012906640768,
    -0.00569756468757987,
    0.0545215979218483,
    0.06522887200117111,
    -0.07374647259712219,
    0.04847779870033264,
    -0.01979011483490467,
    -0.047602951526641846,
    0.006148165557533503,
    -0.003087744116783142,
    -0.004397079348564148,
    -0.010654907673597336,
    -0.021193595603108406,
    -0.029235726222395897,
    -0.002828058088198304,
    0.003502045525237918,
    0.017149098217487335,
    0.06466805934906006,
    0.08268426358699799,
    -0.0008242030744440854,
    0.0338389091193676,
    -0.04789616912603378,
    -0.0396711528301239,
    -0.030731892213225365,
    -0.04399482533335686,
    -0.022485004737973213,
    -0.05685116723179817,
    -0.08363501727581024,
    0.012173240073025227,
    0.07663963735103607,
    0.11881683021783829,
    0.016224848106503487,
    -0.06395481526851654,
    -0.06710949540138245,
    0.017888877540826797,
    -0.02279208041727543,
    0.01641518995165825,
    0.04434739425778389,
    0.02281293459236622,
    0.032869186252355576,
    0.01978408545255661,
    0.029331853613257408,
    -0.04654692858457565,
    0.11738243699073792,
    -0.009879237040877342,
    -0.05611829832196236,
    0.05061906948685646,
    0.08444524556398392,
    -0.015083283185958862,
    -0.040892645716667175,
    0.004814439918845892,
    0.03793857619166374,
    0.012581179849803448,
    0.013408268801867962,
    0.0018523538019508123,
    0.028426939621567726,
    -0.0378338098526001,
    -0.02060077153146267,
    0.062232572585344315,
    -0.006115669850260019,
    -0.06064562499523163,
    -0.1436406522989273,
    -0.06403156369924545,
    0.019858678802847862,
    0.0860370472073555,
    0.06549752503633499,
    0.028718246147036552,
    0.020276261493563652,
    0.027539348229765892,
    0.008520504459738731,
    0.054301224648952484,
    -0.0005222476902417839,
    -0.0363430418074131,
    0.049531836062669754,
    -0.03710871562361717,
    0.018370646983385086,
    -0.0011271100956946611,
    -0.01690252684056759,
    0.002925329841673374,
    0.0021357492078095675,
    0.04535619542002678,
    0.061162251979112625,
    -0.08504945784807205,
    -0.01336672343313694,
    0.050502531230449677,
    0.01291557028889656,
    0.04862610250711441,
    -0.015334134921431541,
    0.025118272751569748,
    -0.028561299666762352,
    -0.007432395592331886,
    0.006047976668924093,
    -0.02385556511580944,
    -0.032286643981933594,
    -0.05513383820652962,
    -0.03794514387845993,
    0.05768193304538727,
    -0.008918950334191322,
    0.006993365008383989,
    0.034133508801460266,
    -0.033904869109392166,
    0.06875675171613693,
    0.03577869385480881,
    0.024736564606428146,
    0.014517689123749733,
    0.04533808305859566,
    -0.014264590106904507,
    -0.10639655590057373,
    -0.04353770986199379,
    -0.017176609486341476,
    -0.0493357852101326,
    0.015144657343626022,
    0.05307203531265259,
    0.06012202799320221,
    0.0037902083713561296,
    0.025284837931394577,
    -0.026745377108454704,
    0.06636998057365417,
    0.05301669239997864,
    -0.0619000568985939,
    -0.06165362149477005,
    0.03987854719161987,
    -0.010713953524827957,
    0.0393880158662796,
    0.08300462365150452,
    -0.030955782160162926,
    -0.10953041166067123,
    0.011862817220389843,
    -0.029227839782834053,
    -0.03246607631444931,
    -0.04051877558231354,
    -0.008249782957136631,
    0.023299194872379303,
    0.0037266702856868505,
    0.02650410309433937,
    0.029645750299096107,
    0.006770078092813492,
    -0.004044872708618641,
    0.032768867909908295,
    0.06424471735954285,
    0.0819527879357338,
    -0.09474539756774902,
    -0.06202401965856552,
    0.03872720152139664,
    0.01895970292389393,
    0.08976786583662033,
    -0.010779156349599361,
    -0.0005037265946157277,
    0.08528637140989304,
    -0.04894653335213661,
    -0.0532652772963047,
    0.021662645041942596,
    0.015614526346325874,
    0.009974945336580276,
    0.06465990841388702,
    -0.02390063926577568,
    0.05215797573328018,
    0.03802046179771423,
    0.07845241576433182,
    -0.04454721137881279,
    -0.02143288403749466,
    0.03612186387181282,
    0.06688830256462097,
    0.01846570521593094,
    0.014348544180393219,
    -0.0445779412984848,
    -0.07658756524324417,
    -0.023255059495568275,
    -0.0012028042692691088,
    -0.004072323441505432,
    0.026240916922688484,
    0.03647135570645332,
    0.04788902774453163,
    0.0252405796200037,
    -0.05374070256948471,
    -0.0008123649749904871,
    -0.007223629392683506,
    -0.021564750000834465,
    0.004564180970191956,
    -0.034763552248477936,
    -0.015576357021927834,
    -0.03304821997880936,
    0.004936911631375551,
    -0.015747008845210075,
    0.04057606682181358,
    0.011364632286131382,
    0.028014695271849632,
    0.0068303607404232025,
    -0.013618982397019863,
    0.031089356169104576,
    -0.004998584743589163,
    0.03183082118630409,
    0.07155861705541611,
    -0.11029317229986191,
    0.015423771925270557,
    -0.0426541306078434,
    -0.06380149722099304,
    0.06089978665113449,
    0.0350213423371315,
    0.006984803359955549,
    0.018314922228455544,
    -0.027735695242881775,
    -0.010910820215940475,
    0.015927860513329506,
    0.0013921037316322327,
    -0.057788778096437454,
    0.016802573576569557,
    -0.032256562262773514,
    -0.08357661217451096,
    0.006895710248500109,
    0.01577436551451683,
    0.024309217929840088,
    -0.032617438584566116,
    -0.017749270424246788,
    0.03217202425003052,
    -0.015007157810032368,
    0.04116043448448181,
    0.012014267966151237,
    0.03014291264116764,
    0.006550310179591179,
    0.020116131752729416,
    -0.06269311904907227,
    0.049906175583601,
    -0.04632135108113289,
    0.048700422048568726,
