{
  "embedding_files": [
    "new_1776234240912_gt_933.4s_f136.jpg",
    "gt_132.1s_f56.jpg",
    "new_1776234240912_gt_2.1s_f1.jpg",
    "new_1776234240912_gt_184.5s_f27.jpg",
    "new_1776234240912_gt_383.1s_f54.jpg",
    "gt_105.3s_f76.jpg",
    "gt_107.2s_f60.jpg",
    "gt_147.6s_f43.jpg",
    "gt_204.2s_f88.jpg",
    "gt_248.1s_f41.jpg",
    "gt_275.0s_f59.jpg",
    "gt_73.2s_f16.jpg",
    "gt_73.5s_f28.jpg",
    "gt_89.2s_f56.jpg",
    "gt_91.9s_f43.jpg"
  ],
  "backup_files": [],
  "scores": {
    "gt_132.1s_f56.jpg": 98.3516,
    "gt_89.2s_f56.jpg": 22.2617,
    "gt_73.5s_f28.jpg": 21.6628,
    "gt_105.3s_f76.jpg": 15.2637,
    "new_1776234240912_gt_184.5s_f27.jpg": 82.9488,
    "new_1776234240912_gt_2.1s_f1.jpg": 90.1866,
    "new_1776234240912_gt_383.1s_f54.jpg": 80.4794,
    "new_1776234240912_gt_933.4s_f136.jpg": 150.8967,
    "gt_147.6s_f43.jpg": 21.2391,
    "gt_204.2s_f88.jpg": 16.3437
  },
  "approved_files": [
    "gt_132.1s_f56.jpg",
    "new_1776234240912_gt_184.5s_f27.jpg",
    "new_1776234240912_gt_2.1s_f1.jpg",
    "new_1776234240912_gt_383.1s_f54.jpg",
    "new_1776234240912_gt_933.4s_f136.jpg",
    "gt_105.3s_f76.jpg",
    "gt_107.2s_f60.jpg",
    "gt_147.6s_f43.jpg",
    "gt_204.2s_f88.jpg",
    "gt_248.1s_f41.jpg",
    "gt_275.0s_f59.jpg",
    "gt_73.2s_f16.jpg",
    "gt_73.5s_f28.jpg",
    "gt_89.2s_f56.jpg",
    "gt_91.9s_f43.jpg"
  ],
  "mean_embedding": [
    0.11986523866653442,
    -0.0009482608293183148,
    0.039422549307346344,
    0.02980802394449711,
    -0.04362277686595917,
    0.020621992647647858,
    0.015840137377381325,
    0.0038536847569048405,
    0.05130970478057861,
    0.013387850485742092,
    0.035694513469934464,
    -0.02013263665139675,
    -0.008158768527209759,
    0.07998734712600708,
    0.06712286174297333,
    -0.040557533502578735,
    0.011855003423988819,
    -0.0012713078176602721,
    0.012675395235419273,
    -0.0275601577013731,
    0.04108833149075508,
    -0.04442494735121727,
    -0.018016761168837547,
    0.061156075447797775,
    0.01802135445177555,
    0.013636572286486626,
    -0.03338586166501045,
    -0.005151740275323391,
    -0.007921642623841763,
    0.01997710019350052,
    -0.0640685185790062,
    -0.004803303629159927,
    -0.03987548500299454,
    -0.05052277445793152,
    0.04361966624855995,
    0.02401832677423954,
    0.04777379706501961,
    0.02125350944697857,
    -0.02145426720380783,
    -0.0462244413793087,
    0.01940092258155346,
    0.043174903839826584,
    -0.07634855061769485,
    0.04118737950921059,
    -0.0025874844286590815,
    -0.08387254178524017,
    -0.026076167821884155,
    0.0012684990651905537,
    -0.02636445127427578,
    -0.016379306092858315,
    -0.03496767580509186,
    -0.0013123034732416272,
    -0.011311357840895653,
    0.033831339329481125,
    0.016538362950086594,
    0.052454445511102676,
    0.08585909754037857,
    0.04100707545876503,
    0.044567689299583435,
    -0.02274191379547119,
    -0.027807334437966347,
    -0.0011083289282396436,
    -0.005070015788078308,
    0.03366022929549217,
    -0.04444579780101776,
    -0.021441785618662834,
    0.04124637693166733,
    0.06740663945674896,
    0.0890742763876915,
    0.028605710715055466,
    -0.042804986238479614,
    -0.07757055014371872,
    0.025683997198939323,
    0.007662286516278982,
    0.026005327701568604,
    0.029087381437420845,
    0.035221707075834274,
    0.048633135855197906,
    0.020941121503710747,
    0.06052922457456589,
    -0.030982427299022675,
    0.06071373447775841,
    -0.042855363339185715,
    -0.03350603207945824,
    0.04015231505036354,
    0.09002307802438736,
    0.026239028200507164,
    -0.11062762886285782,
    -0.012610312551259995,
    0.04333079233765602,
    -0.011448015458881855,
    0.0210860725492239,
    -0.006983069237321615,
    0.10277729481458664,
    -0.054946500808000565,
    -0.04806988313794136,
    0.037187691777944565,
    0.0108550526201725,
    -0.04028820991516113,
    -0.09988905489444733,
    -0.07872893661260605,
    0.026874905452132225,
    0.08350486308336258,
    0.043151307851076126,
    0.04170975461602211,
    -0.027757955715060234,
    0.029294876381754875,
    0.017727438360452652,
    0.038546327501535416,
    -0.006087803281843662,
    -0.04889504238963127,
    0.04067956656217575,
    -0.021013638004660606,
    0.007359375711530447,
    -0.013092602603137493,
    -0.006593702826648951,
    -0.011431897059082985,
    0.0033734170719981194,
    0.029490873217582703,
    0.059493787586688995,
    -0.06662875413894653,
    -0.007707316894084215,
    0.025774573907256126,
    0.036026861518621445,
    0.06495629251003265,
    -0.019756916910409927,
    0.012562718242406845,
    -0.0008022190304473042,
    0.002490622689947486,
    0.01806384138762951,
    0.005752655677497387,
    -0.023608487099409103,
    -0.051871176809072495,
    -0.05936407670378685,
    0.025685664266347885,
    -0.05353930592536926,
    -0.009522676467895508,
    0.0016860427567735314,
    -0.020490366965532303,
    0.03479873016476631,
    0.049185946583747864,
    0.013894001953303814,
    0.049359891563653946,
    0.03884519636631012,
    0.009329745545983315,
    -0.09818343818187714,
    -0.03613772988319397,
    0.007855622097849846,
    -0.03770776838064194,
    -0.012491014786064625,
    0.0198493804782629,
    0.07026761025190353,
    -0.016733752563595772,
    0.0235044714063406,
    0.006691553629934788,
    0.045725684612989426,
    0.05403268709778786,
    -0.029821278527379036,
    -0.021347790956497192,
    0.06482537090778351,
    -0.004857104271650314,
    0.008339473977684975,
    0.07448481768369675,
    -0.00994499959051609,
    -0.05709252506494522,
    0.0376499742269516,
    -0.04118899255990982,
    -0.04608961194753647,
    -0.04720833897590637,
    0.020104166120290756,
    0.04909339174628258,
    -0.004839345812797546,
    0.04721586033701897,
    0.01736951246857643,
    -0.04318010061979294,
    -0.01018641609698534,
    0.007173590827733278,
    0.04906477779150009,
    0.14068445563316345,
    -0.07662477344274521,
    -0.06661003082990646,
    0.03411395847797394,
    -0.009650527499616146,
    0.04619450494647026,
    0.023780182003974915,
    0.008691711351275444,
    0.0788203626871109,
    -0.06062837317585945,
    -0.028497017920017242,
    0.02968880720436573,
    0.07460801303386688,
    -0.016589991748332977,
    0.06529845297336578,
    -0.009215528145432472,
    0.03991032764315605,
    0.0327141247689724,
    0.05766717344522476,
    0.01389334723353386,
    -0.019955331459641457,
    0.0658702626824379,
    0.07572349160909653,
    -0.01744093932211399,
    0.012624567374587059,
    -0.06840734928846359,
    -0.07725028693675995,
    -0.010920467786490917,
    -0.017403310164809227,
    -0.013227780349552631,
    0.01682055927813053,
    0.010410184971988201,
    0.06609556823968887,
    -0.005740689113736153,
    -0.06820999085903168,
    -0.024767586961388588,
    0.0008084979490377009,
    -0.03351307287812233,
    -0.0002728755644056946,
    -0.02112453244626522,
    -0.017920998856425285,
    0.01174328476190567,
    0.009031141176819801,
    -0.029467731714248657,
    0.0019396678544580936,
    -0.004942968487739563,
    0.050469204783439636,
    -0.006580228451639414,
    0.006296899635344744,
    0.07158060371875763,
    0.016069196164608,
    0.022023681551218033,
    0.08795314282178879,
    -0.1262081414461136,
    0.05306918919086456,
    -0.02308131381869316,
    -0.08092951774597168,
    0.06147713586688042,
    0.04536270350217819,
    0.004632611759006977,
    -0.02033059485256672,
    -0.022809455171227455,
    0.03906242549419403,
    -0.01942155882716179,
    -0.019100351259112358,
    -0.02057202346622944,
    0.05961399897933006,
    -0.03402126953005791,
    -0.04707500338554382,
    0.03553014621138573,
    0.0034780933056026697,
    0.019620288163423538,
    -0.006459993310272694,
    -0.04080305993556976,
    0.0342460460960865,
    -0.002645740518346429,
