{
  "embedding_files": [
    "gt_179.3s_f157.jpg",
    "gt_69.1s_f82.jpg",
    "gt_140.2s_f136.jpg",
    "gt_213.3s_f193.jpg",
    "gt_35.4s_f46.jpg"
  ],
  "backup_files": [
    "gt_102.8s_f98.jpg"
  ],
  "scores": {
    "gt_69.1s_f82.jpg": 22.523,
    "gt_140.2s_f136.jpg": 17.2356,
    "gt_35.4s_f46.jpg": 10.0031,
    "gt_102.8s_f98.jpg": 7.013,
    "gt_179.3s_f157.jpg": 25.8264,
    "gt_213.3s_f193.jpg": 15.6642
  },
  "approved_files": [
    "gt_179.3s_f157.jpg",
    "gt_69.1s_f82.jpg",
    "gt_140.2s_f136.jpg",
    "gt_213.3s_f193.jpg",
    "gt_35.4s_f46.jpg",
    "gt_102.8s_f98.jpg"
  ],
  "mean_embedding": [
    -0.019054800271987915,
    0.05586004629731178,
    0.0755104050040245,
    0.03597131744027138,
    -0.015725303441286087,
    0.029109260067343712,
    -0.016739465296268463,
    0.05424273759126663,
    0.08986292779445648,
    -0.017179913818836212,
    0.016455097123980522,
    0.010390440933406353,
    0.0029291801620274782,
    0.049902886152267456,
    -0.003626834135502577,
    -0.003244420513510704,
    -0.023698000237345695,
    0.017975494265556335,
    -0.0930560901761055,
    -0.01654050126671791,
    0.06969905644655228,
    0.05663619935512543,
    -0.015126596204936504,
    -0.011454944498836994,
    -0.08792456984519958,
    -0.02423163689672947,
    -0.030650928616523743,
    0.005487485323101282,
    0.03521447256207466,
    -0.11880270391702652,
    0.0018190041882917285,
    -0.031294792890548706,
    -0.013114986009895802,
    -0.024348484352231026,
    0.00835230853408575,
    -0.06256341189146042,
    -0.03369753062725067,
    -0.001325972843915224,
    0.044405486434698105,
    -0.048828065395355225,
    -0.02501073107123375,
    0.054863203316926956,
    -0.0026861410588026047,
    -0.012153580784797668,
    0.023005351424217224,
    0.06630181521177292,
    0.013838507235050201,
    0.022415263578295708,
    0.003546032588928938,
    0.030103182420134544,
    -0.03656210005283356,
    -0.05276120454072952,
    0.01180992554873228,
    0.09732180833816528,
    -0.004485306330025196,
    -0.07350248843431473,
    -0.022227168083190918,
    -0.012987015768885612,
    -0.020912177860736847,
    -0.05363912880420685,
    -0.00019211068865843117,
    -0.01716117560863495,
    0.00533524714410305,
    0.04291435331106186,
    -0.01195855438709259,
    0.0946778655052185,
    -0.033994920551776886,
    -0.03179646283388138,
    0.03723378852009773,
    0.06014296039938927,
    0.0003929570666514337,
    -0.06014658510684967,
    0.05243834853172302,
    -0.00815886165946722,
    0.005422087386250496,
    0.02411016821861267,
    0.13329321146011353,
    0.0048209745436906815,
    0.028146224096417427,
    -0.007299737073481083,
    0.03546522930264473,
    -0.07875651121139526,
    -0.05067729204893112,
    0.006311541423201561,
    0.038071420043706894,
    -0.014451547525823116,
    0.039378147572278976,
    -0.06829161942005157,
    0.0029641336295753717,
    -0.010865485295653343,
    -0.016460789367556572,
    0.0068407305516302586,
    0.00828254409134388,
    -0.00047806318616494536,
    0.004086809698492289,
    0.055867090821266174,
    -0.0006177008617669344,
    -0.10895320028066635,
    -0.01235958281904459,
    0.0699913278222084,
    0.010765336453914642,
    -0.09773730486631393,
    0.014449534006416798,
    -0.004162311088293791,
    0.052051398903131485,
    0.026004623621702194,
    0.0038430271670222282,
    -0.11556009203195572,
    0.009488058276474476,
    0.058458976447582245,
    0.09814799576997757,
    -0.06019265949726105,
    0.04170239344239235,
    0.00492465915158391,
    0.02864757552742958,
    0.006774528883397579,
    -0.039806026965379715,
    -0.04312601685523987,
    -0.057774294167757034,
    -0.032838158309459686,
    0.009379763156175613,
    0.007598336320370436,
    0.04973875731229782,
    0.04632079601287842,
    -0.04682198166847229,
    0.09178454428911209,
    0.02177576720714569,
    -0.0320357084274292,
    -0.08550849556922913,
    0.04967421293258667,
    0.029348155483603477,
    0.011821291409432888,
    0.01913847029209137,
    0.004140590783208609,
    -0.040805261582136154,
    0.029168764129281044,
    0.051207270473241806,
    0.0032669396605342627,
    0.035587675869464874,
    0.004440957680344582,
    0.04542666673660278,
    -0.0086579704657197,
    -0.045374270528554916,
    -0.00970844179391861,
    0.056798357516527176,
    -0.005016968585550785,
    -0.062393177300691605,
    0.07374700158834457,
    0.0637587457895279,
    0.04099066182971001,
    -0.042846713215112686,
    -0.0011964021250605583,
    -0.06149302050471306,
    0.00621760031208396,
    -0.03307380899786949,
    -0.060166679322719574,
    0.05145452171564102,
    0.02675195410847664,
    0.011447236873209476,
    -0.0627012848854065,
    0.021127643063664436,
    0.03940616920590401,
    -0.01702275313436985,
    0.04940572753548622,
    -0.04413873329758644,
    0.05353880301117897,
    -0.04034901782870293,
    -0.04584609344601631,
    0.04150019958615303,
    -0.04265956953167915,
    0.05791908875107765,
    0.08244967460632324,
    0.06728271394968033,
    0.07084604352712631,
    0.02541831135749817,
    0.03846448287367821,
    0.05858255922794342,
    -0.06828542053699493,
    -0.023254193365573883,
    0.05180017650127411,
    0.047756221145391464,
    -0.08413458615541458,
    0.027061020955443382,
    0.007006674539297819,
    -0.07331442832946777,
    0.0015196815365925431,
    -0.10024801641702652,
    -0.04915745556354523,
    -0.025704029947519302,
    -0.06920865178108215,
    -0.00994508434087038,
    0.07580175995826721,
    0.03847510367631912,
    0.021372761577367783,
    -0.06085241213440895,
    -0.011812577024102211,
    0.08719617128372192,
    -0.030369432643055916,
    -0.0494358204305172,
    -0.07194247841835022,
    0.004756728187203407,
    -0.038909465074539185,
    0.014588380232453346,
    -0.0014838752103969455,
    0.004057044629007578,
    0.027345113456249237,
    0.06389245390892029,
    -0.04051424562931061,
    0.020089736208319664,
    -0.05879087746143341,
    0.04750284552574158,
    -0.0014663103502243757,
    -0.007716873195022345,
    0.05869241803884506,
    -0.044898856431245804,
    -0.016083182767033577,
    -0.039047617465257645,
    -0.024564409628510475,
    0.039740145206451416,
    -0.006955259013921022,
    0.06967862695455551,
    -0.04429788142442703,
    -0.047959018498659134,
    -0.039738673716783524,
    0.024829909205436707,
    -0.03802437335252762,
    -0.012149249203503132,
    0.03941800072789192,
    0.041711654514074326,
    -0.019135307520627975,
    0.020224886015057564,
    -0.016098937019705772,
    0.02547379769384861,
    0.03926089406013489,
    0.032982997596263885,
    -0.02023656666278839,
    0.044365160167217255,
    0.025871701538562775,
    -0.04101896658539772,
    0.038914017379283905,
    -0.039683956652879715,
    0.03321300074458122,
    0.030877800658345222,
    0.006758702453225851,
    0.07418009638786316,
    -0.02118034102022648,
    0.03783079981803894,
    0.038370780646800995,
    0.037547025829553604,
    0.001995369791984558,
    0.03483743965625763,
    -0.019154170528054237,
    0.06878101080656052,
    0.020795684307813644,
    0.04943813011050224,
    -0.08002134412527084,
    -0.015681959688663483,
    -0.006955438759177923,
    0.007901666685938835,
    -0.004538535140454769,
    -0.021927086636424065,
    -0.030821600928902626,
    0.06278189271688461,
    -0.043827276676893234,
    -0.07508409768342972,
    0.054935991764068604,
    0.0067364866845309734,
    -0.0004322589957155287,
    -0.002087861066684127,
    0.054883215576410294,
    0.03476687893271446,
    0.02746332436800003,
    -0.007065479643642902,
    0.08443589508533478,
    0.03017103672027588,
    -0.00513061648234725,
    -0.09061241894960403,
    -0.01583351381123066,
    -0.04511139914393425,
    -0.08604639768600464,
    -0.08038981258869171,
    -0.07852781563997269,
    -0.02758270688354969,
