{
  "embedding_files": [
    "gt_217.1s_f46.jpg",
    "gt_117.2s_f15.jpg",
    "gt_324.5s_f93.jpg",
    "gt_107.2s_f54.jpg",
    "gt_122.6s_f75.jpg",
    "gt_215.4s_f5.jpg",
    "gt_248.1s_f38.jpg",
    "gt_265.1s_f276.jpg",
    "gt_275.0s_f62.jpg",
    "gt_280.8s_f296.jpg",
    "gt_312.9s_f345.jpg",
    "gt_73.2s_f12.jpg",
    "gt_91.9s_f33.jpg"
  ],
  "backup_files": [],
  "scores": {
    "gt_217.1s_f46.jpg": 17.7678,
    "gt_117.2s_f15.jpg": 3.5453,
    "gt_324.5s_f93.jpg": 3.4404
  },
  "approved_files": [
    "gt_217.1s_f46.jpg",
    "gt_117.2s_f15.jpg",
    "gt_324.5s_f93.jpg",
    "gt_107.2s_f54.jpg",
    "gt_122.6s_f75.jpg",
    "gt_215.4s_f5.jpg",
    "gt_248.1s_f38.jpg",
    "gt_265.1s_f276.jpg",
    "gt_275.0s_f62.jpg",
    "gt_280.8s_f296.jpg",
    "gt_312.9s_f345.jpg",
    "gt_73.2s_f12.jpg",
    "gt_91.9s_f33.jpg"
  ],
  "mean_embedding": [
    0.012276386842131615,
    -0.0271596759557724,
    -0.010961840860545635,
    0.014406966976821423,
    0.006082205567508936,
    -0.0384695790708065,
    -0.07603634148836136,
    0.01921321451663971,
    -0.009495607577264309,
    0.013453459367156029,
    -0.01701541244983673,
    0.015230197459459305,
    0.027096116915345192,
    -0.019606463611125946,
    0.024862805381417274,
    -0.021708182990550995,
    0.029348574578762054,
    -0.07553286105394363,
    -0.013219140470027924,
    -0.05875874683260918,
    0.026917412877082825,
    -0.04776317626237869,
    -0.05721757560968399,
    -0.04921703413128853,
    0.06347248703241348,
    0.0027195375878363848,
    -0.1208544671535492,
    -0.07022590190172195,
    -0.006218565162271261,
    -0.041600774973630905,
    -0.0512356273829937,
    -0.012195218354463577,
    0.03512688726186752,
    -0.01242920383810997,
    0.05184011161327362,
    0.04247669503092766,
    -0.01720070280134678,
    0.008222262375056744,
    0.08700591325759888,
    0.0425407737493515,
    0.062403738498687744,
    -0.0035862817894667387,
    0.01568988524377346,
    0.05486612021923065,
    -0.049445293843746185,
    0.025449682027101517,
    -0.09131701290607452,
    -0.015502366237342358,
    0.05746311694383621,
    -0.038203176110982895,
    0.03354790806770325,
    -0.050746310502290726,
    -0.03027196042239666,
    -0.045823533087968826,
    0.03305433690547943,
    0.058172766119241714,
    -0.033989228308200836,
    -0.04236133396625519,
    0.005155080929398537,
    -0.021297210827469826,
    0.04568016901612282,
    -0.04938957095146179,
    0.03295797109603882,
    0.06029277667403221,
    0.12190737575292587,
    0.03986823558807373,
    0.08576012402772903,
    0.035756852477788925,
    0.04242147505283356,
    -0.09237116575241089,
    0.06231779605150223,
    0.019538480788469315,
    0.013261277228593826,
    -0.01983140967786312,
    0.015150722116231918,
    0.07694030553102493,
    0.06176586076617241,
    0.02907097525894642,
    0.04877433553338051,
    -0.0686454176902771,
    -0.011485671624541283,
    -0.07296057045459747,
    -0.030053729191422462,
    -0.01659737154841423,
    -0.036348856985569,
    0.030438194051384926,
    0.01710205152630806,
    -0.014617476612329483,
    -0.010638885200023651,
    -0.021762477234005928,
    -0.054188478738069534,
    0.06021697446703911,
    -0.0614314004778862,
    -0.02719620056450367,
    0.023282958194613457,
    -0.004815707448869944,
    -0.02611088566482067,
    -0.01853279024362564,
    0.07092424482107162,
    0.0014217738062143326,
    -0.016676178202033043,
    -0.011148172430694103,
    0.06487644463777542,
    0.08356065303087234,
    0.03126132860779762,
    -0.052231863141059875,
    0.025828571990132332,
    -0.08291997015476227,
    -0.017254211008548737,
    0.03641394153237343,
    -0.05109160393476486,
    0.09430158883333206,
    -0.07287856936454773,
    0.09000188857316971,
    0.029853425920009613,
    -0.02339940145611763,
    0.038537755608558655,
    0.03260095417499542,
    0.012055227532982826,
    -0.004331242758780718,
    -0.015335528180003166,
    0.03750161826610565,
    -0.009899799712002277,
    0.1529640406370163,
    -0.04859578236937523,
    0.05178206413984299,
    0.042257096618413925,
    -0.014156941324472427,
    -6.247077544685453e-05,
    -0.0049842051230371,
    -0.0259786956012249,
    -0.006621993146836758,
    -0.07973948121070862,
    -0.02542129158973694,
    -0.06677746027708054,
    -0.04551946744322777,
    0.027096472680568695,
    -0.03297601267695427,
    0.003764795372262597,
    -0.0038925264962017536,
    -0.00026577076641842723,
    -0.026815762743353844,
    0.03785008192062378,
    -0.06386671215295792,
    -0.06159285828471184,
    -0.04202711582183838,
    0.05267094448208809,
    -0.1029791384935379,
    -0.03941606730222702,
    -0.030574947595596313,
    -0.03220784291625023,
    0.017771685495972633,
    0.005926256068050861,
    -0.04237227886915207,
    0.011988798156380653,
    -0.06551364809274673,
    0.008096426725387573,
    -0.06015099585056305,
    -0.010463149286806583,
    0.13243569433689117,
    0.003251095302402973,
    -0.014851354993879795,
    0.0449979268014431,
    -0.02606303058564663,
    -0.05123399570584297,
    -0.03274013102054596,
    -0.07378727197647095,
    0.04343158006668091,
    -0.09221521764993668,
    0.006042597349733114,
    -0.003316494170576334,
    0.029481854289770126,
    0.02439306490123272,
    0.01846780814230442,
    -0.03672266751527786,
    -0.030076900497078896,
    0.002270326018333435,
    -0.05895044654607773,
    0.0673852413892746,
    -0.060920994728803635,
    -0.033206962049007416,
    -0.040203530341386795,
    -0.03757742792367935,
    -0.03249204158782959,
    0.06346172094345093,
    -0.0178269874304533,
    -0.039082713425159454,
    0.0007545867119915783,
    0.06309274584054947,
    0.031047329306602478,
    -0.03579824045300484,
    0.06623861193656921,
    0.07444068044424057,
    0.031149573624134064,
    -0.013677460141479969,
    9.598086035111919e-05,
    0.06070500239729881,
    -0.013316928409039974,
    -0.027849851176142693,
    0.011961974203586578,
    -0.01914534531533718,
    -0.04625186696648598,
    -0.016183216124773026,
    0.023847440257668495,
    0.025435879826545715,
    0.013790651224553585,
    0.03804844990372658,
    -0.008572007529437542,
    0.10378440469503403,
    0.009448781609535217,
    0.04556262120604515,
    0.008969833143055439,
    -0.03544186055660248,
    -0.06640653312206268,
    -0.09735697507858276,
    0.024739636108279228,
    -0.021132096648216248,
    0.04281897097826004,
    0.007946358062326908,
    0.014786530286073685,
    -0.04337659478187561,
    0.017065484076738358,
    -0.058888815343379974,
    -0.03739451617002487,
    0.024984586983919144,
    -0.05036988481879234,
    -0.022865626960992813,
    0.05461371690034866,
    0.028295356780290604,
    -0.02109324373304844,
    0.06010453775525093,
    -0.1143055111169815,
    0.024369431659579277,
    0.012839588336646557,
    -0.015094723552465439,
    0.027211250737309456,
    0.03969893977046013,
    -0.03313889726996422,
    0.055662184953689575,
    0.040802888572216034,
    -0.04936470091342926,
    -0.04191114753484726,
    -0.025669703260064125,
    0.002425418235361576,
    0.07204622775316238,
    0.045406900346279144,
    -0.012166725471615791,
    0.0250212624669075,
    0.024938438087701797,
    0.03526945784687996,
    0.030224572867155075,
    0.05541001260280609,
    0.0425606444478035,
    0.020027197897434235,
    -0.012891142629086971,
    0.018248282372951508,
    -0.02808377891778946,
    0.030753182247281075,
    0.03560703247785568,
    -0.011029135435819626,
    -0.036212388426065445,
    0.009066184051334858,
    0.021000292152166367,
    -0.009191467426717281,
    -0.0012669560965150595,
    0.04889996349811554,
    -0.013749958947300911,
    0.049296777695417404,
    -0.016286496073007584,
    -0.05683823302388191,
    0.00886937603354454,
    -0.040677912533283234,
    -0.03830065578222275,
    0.030673682689666748,
