{
  "embedding_files": [
    "gt_26.2s_f19.jpg",
    "gt_217.1s_f56.jpg",
    "gt_324.5s_f109.jpg",
    "gt_80.2s_f33.jpg",
    "gt_2.3s_f6.jpg"
  ],
  "backup_files": [
    "gt_117.2s_f32.jpg",
    "gt_132.1s_f71.jpg",
    "gt_33.8s_f29.jpg",
    "gt_73.0s_f51.jpg",
    "new_1776234294386_gt_1141.5s_f170.jpg"
  ],
  "scores": {
    "gt_2.3s_f6.jpg": 2.2435,
    "gt_33.8s_f29.jpg": 2.0731,
    "gt_73.0s_f51.jpg": 2.0024,
    "gt_26.2s_f19.jpg": 4.4334,
    "gt_80.2s_f33.jpg": 2.5672,
    "gt_132.1s_f71.jpg": 1.2291,
    "gt_217.1s_f56.jpg": 3.4168,
    "gt_324.5s_f109.jpg": 2.6421,
    "gt_117.2s_f32.jpg": 1.7959
  },
  "approved_files": [
    "gt_26.2s_f19.jpg",
    "gt_217.1s_f56.jpg",
    "gt_324.5s_f109.jpg",
    "gt_80.2s_f33.jpg",
    "gt_2.3s_f6.jpg",
    "gt_33.8s_f29.jpg",
    "gt_73.0s_f51.jpg",
    "gt_117.2s_f32.jpg",
    "gt_132.1s_f71.jpg",
    "new_1776234294386_gt_1141.5s_f170.jpg",
    "new_1776234294386_gt_184.5s_f26.jpg",
    "new_1776234294386_gt_2.1s_f14.jpg",
    "new_1776234294386_gt_383.1s_f48.jpg",
    "new_1776234294386_gt_729.5s_f121.jpg"
  ],
  "mean_embedding": [
    -0.0028399531729519367,
    0.06124696508049965,
    0.02414950355887413,
    -0.00502218259498477,
    -0.08993624150753021,
    0.12037885934114456,
    -0.08751841634511948,
    0.06272079050540924,
    0.00727471150457859,
    0.002166721038520336,
    0.017068034037947655,
    0.03795038163661957,
    -0.026669027283787727,
    -0.03783909231424332,
    -0.006520175840705633,
    -0.014676583930850029,
    0.05851146951317787,
    -0.0466972179710865,
    -0.009863254614174366,
    -0.000296014710329473,
    -0.013413273729383945,
    0.008960372768342495,
    -0.052417606115341187,
    -0.016605660319328308,
    -0.06881437450647354,
    -0.0018456473480910063,
    -0.010355677455663681,
    -0.058379318565130234,
    0.0461244136095047,
    -0.1328614354133606,
    -0.015993209555745125,
    -0.086025670170784,
    0.0640537217259407,
    -0.04892963916063309,
    0.00816221535205841,
    -0.011157399974763393,
    0.0019815675914287567,
    -0.008478824980556965,
    -0.002844280796125531,
    -0.03341059386730194,
    0.0153921814635396,
    -0.018691089004278183,
    0.049229275435209274,
    0.016930239275097847,
    0.00986927468329668,
    -0.04766930639743805,
    0.02840120531618595,
    0.06258086860179901,
    0.04904533177614212,
    0.0398101843893528,
    0.03005312941968441,
    0.012598183937370777,
    0.015091129578649998,
    0.04218502342700958,
    0.01100434735417366,
    -0.06528648734092712,
    -0.005373544059693813,
    -0.0033049529884010553,
    -0.03195710480213165,
    -0.05610838904976845,
    0.01729976385831833,
    0.0072486218996346,
    0.003260386176407337,
    -0.02187422849237919,
    0.0679989829659462,
    -0.0340537503361702,
    -0.009838292375206947,
    -0.020417196676135063,
    0.023295070976018906,
    -0.01149767730385065,
    0.01394574623554945,
    -0.09988292306661606,
    0.08077142387628555,
    -0.030513854697346687,
    0.030062183737754822,
    0.06918266415596008,
    0.024766109883785248,
    -0.1011260524392128,
    0.0842723548412323,
    -0.006030308548361063,
    -0.004170944914221764,
    0.00676173297688365,
    0.015051985159516335,
    0.0023582694120705128,
    -0.028415028005838394,
    -0.052830830216407776,
    -0.006617613136768341,
    -0.06751500070095062,
    -0.07545847445726395,
    -0.003820250043645501,
    0.11073587834835052,
    -0.0066516222432255745,
    -0.05607730895280838,
    -0.013123910874128342,
    -0.05032519996166229,
    -0.017571717500686646,
    -0.059721119701862335,
    -0.007630845066159964,
    0.01296716183423996,
    -0.04664294794201851,
    0.035403888672590256,
    -0.050469014793634415,
    0.04970456287264824,
    0.017877737060189247,
    0.04552367702126503,
    0.002382327103987336,
    0.03901763632893562,
    -0.017250848934054375,
    0.09223911166191101,
    0.027897000312805176,
    0.05505165457725525,
    -0.054631609469652176,
    0.034090109169483185,
    0.006902828812599182,
    0.0003806554013863206,
    -0.02644103765487671,
    0.08876349031925201,
    -0.024371149018406868,
    0.00975405890494585,
    0.07229098677635193,
    -0.024532154202461243,
    -0.01886478252708912,
    0.06301342695951462,
    -0.010520382784307003,
    -0.04128008335828781,
    0.06175524368882179,
    0.0809864029288292,
    -0.03995278850197792,
    -0.0028939128387719393,
    0.007559543941169977,
    -0.016652079299092293,
    -0.006479030940681696,
    -0.053122807294130325,
    -0.05916256457567215,
    0.0426904521882534,
    -0.03896990790963173,
    0.004414775874465704,
    0.033175282180309296,
    0.003918435890227556,
    -0.004884473979473114,
    0.06128273159265518,
    -0.013210796751081944,
    -0.03327496722340584,
    0.029928702861070633,
    -0.050198376178741455,
    -0.06806845217943192,
    0.0498826801776886,
    0.00691957538947463,
    -0.004890634212642908,
    -0.0044974167831242085,
    0.060681991279125214,
    0.04225906357169151,
    -0.021519608795642853,
    -0.029852423816919327,
    -0.034799542278051376,
    0.0010115294717252254,
    -0.005895223934203386,
    -0.0463629774749279,
    0.09567434340715408,
    0.03964189812541008,
    -0.018509233370423317,
    0.020533286035060883,
    -0.0845005065202713,
    -0.0034020438324660063,
    -0.018158702179789543,
    -0.0029208615887910128,
    -0.0039291479624807835,
    0.007958498783409595,
    0.0057352082803845406,
    -0.015380656346678734,
    0.03422682732343674,
    -0.048923149704933167,
    0.00822116993367672,
    0.0795224979519844,
    0.03460032120347023,
    0.06235220655798912,
    0.039781443774700165,
    -0.02569395862519741,
    0.014349940232932568,
    0.01283163670450449,
    0.02083388715982437,
    -0.008028391748666763,
    -0.04882603511214256,
    -0.007301291450858116,
    -0.05875026062130928,
    -0.07321703433990479,
    0.013929780572652817,
    -0.0030524765606969595,
    -0.020355910062789917,
    -0.039952706545591354,
    0.0171661414206028,
    0.05212085694074631,
    0.017960160970687866,
    0.02960078977048397,
    -0.08612186461687088,
    0.0386366993188858,
    0.05180974304676056,
    -0.024572206661105156,
    0.03396936133503914,
    -0.11470118910074234,
    -0.011137283407151699,
    -0.021053405478596687,
    -0.0758371651172638,
    -0.005498113576322794,
    0.03897174447774887,
    0.015373935922980309,
    -0.022524526342749596,
    -0.06833484768867493,
    -0.0062453304417431355,
    -0.026823965832591057,
    -0.06869924068450928,
    0.08925539255142212,
    -0.005140590947121382,
    0.12565763294696808,
    -0.03902876004576683,
    0.015503507107496262,
    -0.160674586892128,
    0.003165191039443016,
    -0.06549316644668579,
    0.03574920818209648,
    0.00920526497066021,
    -0.09096534550189972,
    -0.08149480819702148,
    -0.01042289100587368,
    0.06480903178453445,
    0.015184630639851093,
    -0.00894264318048954,
    0.0354226790368557,
    0.02283247373998165,
    -0.004815950524061918,
    0.06920705735683441,
    -0.028922954574227333,
    0.044366881251335144,
    0.06653765588998795,
    0.03221598267555237,
    0.03309640288352966,
    0.005052051041275263,
    0.032810501754283905,
    0.016182854771614075,
    0.01924169808626175,
    -0.019601183012127876,
    -0.07762648910284042,
    0.06976312398910522,
    -0.11676672101020813,
    0.03701707348227501,
    0.055332597345113754,
    0.012397333048284054,
    0.08078080415725708,
    -0.015618649311363697,
    0.014966255985200405,
    -0.05682903900742531,
    -3.475933408481069e-05,
    0.07881530374288559,
    0.008790864609181881,
    0.06069633737206459,
    -0.0032686330378055573,
    0.02678798697888851,
    -0.008007651194930077,
    0.00417032977566123,
    -0.04973139986395836,
    -0.031567059457302094,
    -0.03504743427038193,
    0.021116413176059723,
    -0.06053956598043442,
    -0.01945558376610279,
