{
  "embedding_files": [
    "gt_26.2s_f19.jpg",
    "gt_217.1s_f56.jpg",
    "gt_324.5s_f109.jpg",
    "gt_80.2s_f33.jpg",
    "gt_2.3s_f6.jpg"
  ],
  "backup_files": [
    "gt_33.8s_f29.jpg",
    "gt_73.0s_f51.jpg",
    "gt_117.2s_f32.jpg",
    "gt_132.1s_f71.jpg",
    "new_1776234294386_gt_1141.5s_f170.jpg",
    "new_1776234294386_gt_184.5s_f26.jpg",
    "new_1776234294386_gt_2.1s_f14.jpg",
    "new_1776234294386_gt_383.1s_f48.jpg",
    "new_1776234294386_gt_729.5s_f121.jpg"
  ],
  "scores": {
    "gt_2.3s_f6.jpg": 2.2435,
    "gt_33.8s_f29.jpg": 2.0731,
    "gt_73.0s_f51.jpg": 2.0024,
    "gt_26.2s_f19.jpg": 4.4334,
    "gt_80.2s_f33.jpg": 2.5672,
    "gt_132.1s_f71.jpg": 1.2291,
    "gt_217.1s_f56.jpg": 3.4168,
    "gt_324.5s_f109.jpg": 2.6421,
    "gt_117.2s_f32.jpg": 1.7959
  },
  "approved_files": [
    "gt_26.2s_f19.jpg",
    "gt_217.1s_f56.jpg",
    "gt_324.5s_f109.jpg",
    "gt_80.2s_f33.jpg",
    "gt_2.3s_f6.jpg",
    "gt_33.8s_f29.jpg",
    "gt_73.0s_f51.jpg",
    "gt_117.2s_f32.jpg",
    "gt_132.1s_f71.jpg",
    "new_1776234294386_gt_1141.5s_f170.jpg",
    "new_1776234294386_gt_184.5s_f26.jpg",
    "new_1776234294386_gt_2.1s_f14.jpg",
    "new_1776234294386_gt_383.1s_f48.jpg",
    "new_1776234294386_gt_729.5s_f121.jpg"
  ],
  "mean_embedding": [
    -0.0027861320413649082,
    0.06219493970274925,
    0.020292062312364578,
    -0.019516853615641594,
    -0.09382698684930801,
    0.11341242492198944,
    -0.08518519997596741,
    0.06534325331449509,
    0.003427881747484207,
    0.0001284720638068393,
    0.017509400844573975,
    0.03736237809062004,
    -0.021446458995342255,
    -0.03603576123714447,
    -0.00809770543128252,
    -0.017303699627518654,
    0.06609603762626648,
    -0.047133225947618484,
    -0.00262290402315557,
    0.004320904146879911,
    -0.012236139737069607,
    0.017605943605303764,
    -0.05285473167896271,
    -0.020972853526473045,
    -0.0715731605887413,
    -0.0038350902032107115,
    -0.01061384379863739,
    -0.05190522223711014,
    0.05029645934700966,
    -0.12915460765361786,
    -0.01797426864504814,
    -0.08482153713703156,
    0.06632161140441895,
    -0.05062950402498245,
    0.010757669806480408,
    -0.01658961921930313,
    0.004274771083146334,
    -0.008801180869340897,
    -0.005511892959475517,
    -0.029909588396549225,
    0.009921704418957233,
    -0.021093200892210007,
    0.045169632881879807,
    0.025198349729180336,
    0.0019559182692319155,
    -0.048239439725875854,
    0.024422302842140198,
    0.06733957678079605,
    0.04575234651565552,
    0.0391746461391449,
    0.04136386513710022,
    0.022917628288269043,
    0.01361693162471056,
    0.04451340064406395,
    0.0061591677367687225,
    -0.06247809901833534,
    -0.010017013177275658,
    -0.007199170533567667,
    -0.025476835668087006,
    -0.06198325380682945,
    0.01964341662824154,
    -0.0023948245216161013,
    0.0005066897720098495,
    -0.02141551673412323,
    0.06998996436595917,
    -0.033026065677404404,
    -0.015905477106571198,
    -0.016212332993745804,
    0.02438066340982914,
    -0.01665392704308033,
    0.0070029194466769695,
    -0.10309327393770218,
    0.07861647754907608,
    -0.03146474063396454,
    0.03082951158285141,
    0.07077215611934662,
    0.02959236316382885,
    -0.1014486700296402,
    0.0838819146156311,
    -0.001610702252946794,
    -0.008450917899608612,
    0.006867741234600544,
    0.010043363086879253,
    0.003131528850644827,
    -0.027452748268842697,
    -0.05475668981671333,
    -0.009392316453158855,
    -0.06637833267450333,
    -0.0805002897977829,
    -0.0021151246037334204,
    0.10388581454753876,
    -0.00494424207136035,
    -0.05931014195084572,
    -0.012704068794846535,
    -0.04851149022579193,
    -0.01595468632876873,
    -0.056946393102407455,
    -0.016225403174757957,
    0.013018373399972916,
    -0.04457666724920273,
    0.04078536108136177,
    -0.04813452437520027,
    0.048899080604314804,
    0.016655510291457176,
    0.042649831622838974,
    0.002122961450368166,
    0.04323083162307739,
    -0.026386220008134842,
    0.09320874512195587,
    0.030421627685427666,
    0.051437702029943466,
    -0.050020016729831696,
    0.0345131941139698,
    0.014867972582578659,
    0.009337665513157845,
    -0.0378187820315361,
    0.08203747868537903,
    -0.02295132540166378,
    0.00374841270968318,
    0.07740221917629242,
    -0.021677179262042046,
    -0.020325038582086563,
    0.0657249465584755,
    -0.009443201124668121,
    -0.04255780950188637,
    0.06803588569164276,
    0.08038109540939331,
    -0.042355041950941086,
    -0.0021208254620432854,
    0.012911282479763031,
    -0.009940794669091702,
    -0.0033937226980924606,
    -0.05730563402175903,
    -0.06323693692684174,
    0.04292043298482895,
    -0.04732520878314972,
    0.003893864108249545,
    0.030120806768536568,
    0.0050957417115569115,
    0.0002843461697921157,
    0.06419378519058228,
    -0.008451328612864017,
    -0.029884861782193184,
    0.02372179739177227,
    -0.05336293205618858,
    -0.06373590975999832,
    0.0516929067671299,
    0.0068139382638037205,
    -0.006801853887736797,
    -0.0045546479523181915,
    0.0655084028840065,
    0.037116531282663345,
    -0.021867115050554276,
    -0.03470740094780922,
    -0.036247801035642624,
    0.0029903308022767305,
    -0.007852470502257347,
    -0.050756342709064484,
    0.09788021445274353,
    0.033240944147109985,
    -0.015034249052405357,
    0.023795971646904945,
    -0.08567638695240021,
    0.0004134156624786556,
    -0.0226982980966568,
    -0.006771770305931568,
    -0.0035807727836072445,
    0.003853792790323496,
    0.007076122798025608,
    -0.012510979548096657,
    0.03560437262058258,
    -0.05350009724497795,
    0.002728234278038144,
    0.07676982134580612,
    0.042981475591659546,
    0.06685218214988708,
    0.03327842801809311,
    -0.02181074768304825,
    0.019662966951727867,
    0.017791083082556725,
    0.021816659718751907,
    -0.010198335163295269,
    -0.042726773768663406,
    -0.014183487743139267,
    -0.0541604645550251,
    -0.07072068750858307,
    0.021738236770033836,
    -0.0010601627873256803,
    -0.02454855665564537,
    -0.040924329310655594,
    0.015049741603434086,
    0.053022418171167374,
    0.021124687045812607,
    0.033232320100069046,
    -0.08999509364366531,
    0.03541743382811546,
    0.054366063326597214,
    -0.030046982690691948,
    0.031095288693904877,
    -0.11260107904672623,
    -0.01188894733786583,
    -0.020561570301651955,
    -0.07701215893030167,
    0.0015506127383559942,
    0.043618857860565186,
    0.017129143700003624,
    -0.0180467888712883,
    -0.0718727558851242,
    -0.0020713796839118004,
    -0.026476949453353882,
    -0.07148046046495438,
    0.08831644803285599,
    -0.005137579515576363,
    0.11881981790065765,
    -0.04623062536120415,
    0.016737114638090134,
    -0.16039757430553436,
    -0.002211551647633314,
    -0.07532385736703873,
    0.028628604486584663,
    0.00729456776753068,
    -0.09549333900213242,
    -0.07381395995616913,
    -0.016688140109181404,
    0.06303839385509491,
    0.016014687716960907,
    -0.009163694456219673,
    0.03701222315430641,
    0.018010428175330162,
    -0.006974754389375448,
    0.07646919041872025,
    -0.030979355797171593,
    0.035447485744953156,
    0.06231214851140976,
    0.027797197923064232,
    0.038867607712745667,
    0.006926179863512516,
    0.028759734705090523,
    0.01385405845940113,
    0.022023841738700867,
    -0.019992802292108536,
    -0.08177752792835236,
    0.07407642900943756,
    -0.11781026422977448,
    0.03579381853342056,
    0.062358662486076355,
    0.015104169026017189,
    0.08639061450958252,
    -0.01542628277093172,
    0.022734524682164192,
    -0.05536642670631409,
    -0.002089186105877161,
    0.07953425496816635,
    0.007167736534029245,
    0.05767102912068367,
    0.004147849045693874,
    0.022108886390924454,
