{
  "embedding_files": [
    "gt_534.6s_f100.jpg",
    "gt_384.7s_f42.jpg",
    "gt_300.2s_f27.jpg",
    "gt_750.2s_f133.jpg",
    "gt_399.0s_f51.jpg",
    "gt_211.2s_f5.jpg",
    "gt_101.1s_f25.jpg",
    "gt_75.3s_f1.jpg"
  ],
  "backup_files": [
    "gt_219.5s_f28.jpg",
    "new_1776234453005_gt_1051.3s_f126.jpg",
    "new_1776234453005_gt_310.5s_f1.jpg",
    "new_1776234453005_gt_431.4s_f32.jpg",
    "new_1776234453005_gt_742.8s_f80.jpg"
  ],
  "scores": {
    "gt_534.6s_f100.jpg": 31.2342,
    "gt_384.7s_f42.jpg": 30.6994,
    "gt_219.5s_f28.jpg": 16.6511,
    "gt_300.2s_f27.jpg": 27.9542,
    "gt_399.0s_f51.jpg": 18.0685,
    "gt_211.2s_f5.jpg": 8.419,
    "gt_750.2s_f133.jpg": 25.4899
  },
  "approved_files": [
    "gt_534.6s_f100.jpg",
    "gt_384.7s_f42.jpg",
    "gt_219.5s_f28.jpg",
    "gt_211.2s_f5.jpg",
    "gt_300.2s_f27.jpg",
    "gt_399.0s_f51.jpg",
    "gt_750.2s_f133.jpg",
    "new_1776234453005_gt_1051.3s_f126.jpg",
    "new_1776234453005_gt_310.5s_f1.jpg",
    "new_1776234453005_gt_431.4s_f32.jpg",
    "new_1776234453005_gt_742.8s_f80.jpg",
    "new_1776234453005_gt_890.5s_f102.jpg",
    "gt_101.1s_f25.jpg",
    "gt_75.3s_f1.jpg"
  ],
  "mean_embedding": [
    -0.018011940643191338,
    -0.015703516080975533,
    -0.0065477099269628525,
    -0.015430310741066933,
    0.018298394978046417,
    0.00046548194950446486,
    -0.07229278981685638,
    -0.015798401087522507,
    -0.024325642734766006,
    0.016194775700569153,
    0.01844010315835476,
    0.03002222441136837,
    -0.07395428419113159,
    -0.11082562059164047,
    0.013750354759395123,
    -0.016877681016921997,
    0.03072240762412548,
    -0.030328048393130302,
    -0.0562463104724884,
    -0.03414391353726387,
    0.07301093637943268,
    0.062392689287662506,
    -0.017364926636219025,
    -0.08298107981681824,
    0.04433011636137962,
    0.04214491695165634,
    0.029704773798584938,
    0.030558904632925987,
    0.003674938343465328,
    -0.0285093542188406,
    -0.0011865232372656465,
    0.033264096826314926,
    0.05461849644780159,
    0.019805029034614563,
    0.10267854481935501,
    0.02701094001531601,
    0.03847755119204521,
    -0.03120434284210205,
    0.08747201412916183,
    0.00361361401155591,
    0.040463220328092575,
    0.017507227137684822,
    0.01899244450032711,
    -0.03596171736717224,
    0.00572570925578475,
    -0.03139027580618858,
    -0.03820699453353882,
    0.019743207842111588,
    0.0837731882929802,
    0.015592139214277267,
    0.04348026216030121,
    0.03530092164874077,
    -0.04021940007805824,
    -0.027031544595956802,
    0.012981520034372807,
    0.07805297523736954,
    -0.01946999691426754,
    0.045072123408317566,
    -0.04117310419678688,
    -0.03162093088030815,
    0.021244455128908157,
    -0.024748515337705612,
    -0.033530984073877335,
    0.010205007158219814,
    0.07121274620294571,
    -0.055930979549884796,
    -0.030434193089604378,
    -0.022545507177710533,
    -0.022139891982078552,
    0.04304686561226845,
    -0.02524099126458168,
    -0.022488629445433617,
    -0.01910383068025112,
    -0.041467368602752686,
    -0.020781761035323143,
    0.024194002151489258,
    0.06165294721722603,
    0.004466892220079899,
    0.07263652980327606,
    -0.04656413197517395,
    0.04615868255496025,
    -0.036712732166051865,
    -0.01581050269305706,
    0.04667220264673233,
    0.07496131956577301,
    -0.06926564127206802,
    0.06533867120742798,
    -0.01649313047528267,
    -0.01455512922257185,
    0.004565785638988018,
    0.049653638154268265,
    0.053457848727703094,
    -0.026942241936922073,
    -0.022562187165021896,
    -0.06259846687316895,
    -0.05639507994055748,
    0.0379040390253067,
    -0.01617600955069065,
    0.026139995083212852,
    -0.044199246913194656,
    0.12031683325767517,
    0.06392301619052887,
    -0.027606431394815445,
    -0.02205951139330864,
    0.08077971637248993,
    0.013251017779111862,
    -0.048484157770872116,
    0.03351704776287079,
    0.050820354372262955,
    -0.010071207769215107,
    0.07253018021583557,
    -0.02804417535662651,
    0.040857814252376556,
    0.004077907186001539,
    -0.004570421297103167,
    0.023380286991596222,
    0.06868155300617218,
    0.0006824552547186613,
    0.011880766600370407,
    0.07547730207443237,
    0.027146222069859505,
    0.016744663938879967,
    0.0020544519647955894,
    0.03419971093535423,
    -0.017062172293663025,
    -0.01518250908702612,
    0.026866549625992775,
    0.06620482355356216,
    -0.03443721681833267,
    -0.05167486518621445,
    0.01001492515206337,
    0.017248721793293953,
    0.013027675449848175,
    0.008505252189934254,
    0.025431163609027863,
    -0.037537831813097,
    0.008467396721243858,
    -0.0660267323255539,
    0.0346071794629097,
    0.009605157189071178,
    0.01948528178036213,
    -0.02938678115606308,
    0.04544243589043617,
    0.024673348292708397,
    -0.05005082115530968,
    0.03635454922914505,
    0.04193568974733353,
    0.011829140596091747,
    -0.005106557160615921,
    0.01992247812449932,
    0.09422439336776733,
    0.02136819250881672,
    -0.08038073778152466,
    -0.016753869131207466,
    -0.015363870188593864,
    0.04084056615829468,
    -0.006003282032907009,
    0.028825391083955765,
    0.024844331666827202,
    -0.009054409340023994,
    0.003098662244156003,
    -0.037127524614334106,
    -0.04212218523025513,
    -0.03663752228021622,
    -0.007140202913433313,
    -0.02147424779832363,
    0.011355777271091938,
    -0.05960656702518463,
    -0.04933394491672516,
    0.042604852467775345,
    -0.022127360105514526,
    -0.04487086087465286,
    -0.04941233620047569,
    0.03644704073667526,
    0.05193256959319115,
    -0.048273488879203796,
    0.020170016214251518,
    -0.02812523953616619,
    0.010770666413009167,
    -0.045643556863069534,
    0.04905030131340027,
    -0.03481583669781685,
    -0.05905955284833908,
    -0.004611554089933634,
    -0.11127595603466034,
    -0.11810316890478134,
    -0.06998229771852493,
    0.022126324474811554,
    0.036689989268779755,
    0.12273696810007095,
    0.03304561972618103,
    0.07816656678915024,
    0.03961824253201485,
    0.042042434215545654,
    -0.09013395756483078,
    -0.013431590050458908,
    0.023323113098740578,
    -0.03253260254859924,
    -0.005030249245464802,
    0.033438511192798615,
    -0.037383805960416794,
    0.030780969187617302,
    0.054973870515823364,
    0.004557878244668245,
    0.0433756485581398,
    0.06533927470445633,
    0.010216507129371166,
    0.035496946424245834,
    0.014523770660161972,
    -0.03888767585158348,
    0.014978766441345215,
    0.10365302860736847,
    -0.030278300866484642,
    0.09890195727348328,
    -0.019320307299494743,
    -0.01335617620497942,
    -0.13304546475410461,
    0.031235745176672935,
    -0.03420557454228401,
    -0.002887030830606818,
    0.012686045840382576,
    0.021523024886846542,
    -0.04239191859960556,
    -0.040841422975063324,
    -0.007414388470351696,
    0.006435140036046505,
    -0.046347055584192276,
    0.057456184178590775,
    -0.003203245811164379,
    -0.01106851827353239,
    0.07173610478639603,
    0.006858601234853268,
    -0.005787850823253393,
    -0.051401372998952866,
    0.0185737032443285,
    0.054468169808387756,
    -0.008376809768378735,
    0.009155279956758022,
    -0.023052150383591652,
    -0.05075756460428238,
    -0.015541475266218185,
    0.011861301958560944,
    0.0027382299304008484,
    -0.011321613565087318,
    0.10599473118782043,
    0.056349124759435654,
    0.03245926275849342,
    0.009753979742527008,
    -0.055768854916095734,
    0.03417142108082771,
    0.03809576481580734,
    -0.0010293987579643726,
    0.03463040664792061,
    -0.0340094268321991,
    0.07073041796684265,
    0.022602876648306847,
    -0.10937195271253586,
    0.010203038342297077,
    0.0003457339480519295,
    -0.04294829070568085,
    -0.06034703180193901,
    -0.0303961094468832,
