{
  "embedding_files": [
    "gt_534.6s_f100.jpg",
    "gt_384.7s_f42.jpg",
    "gt_300.2s_f27.jpg",
    "gt_399.0s_f51.jpg",
    "gt_211.2s_f5.jpg"
  ],
  "backup_files": [
    "gt_219.5s_f28.jpg",
    "gt_750.2s_f133.jpg",
    "new_1776234453005_gt_1051.3s_f126.jpg",
    "new_1776234453005_gt_310.5s_f1.jpg",
    "new_1776234453005_gt_431.4s_f32.jpg"
  ],
  "scores": {
    "gt_534.6s_f100.jpg": 31.2342,
    "gt_384.7s_f42.jpg": 30.6994,
    "gt_219.5s_f28.jpg": 16.6511,
    "gt_300.2s_f27.jpg": 27.9542,
    "gt_399.0s_f51.jpg": 18.0685,
    "gt_211.2s_f5.jpg": 8.419,
    "gt_750.2s_f133.jpg": 25.4899
  },
  "approved_files": [
    "gt_534.6s_f100.jpg",
    "gt_384.7s_f42.jpg",
    "gt_219.5s_f28.jpg",
    "gt_211.2s_f5.jpg",
    "gt_300.2s_f27.jpg",
    "gt_399.0s_f51.jpg",
    "gt_750.2s_f133.jpg",
    "new_1776234453005_gt_1051.3s_f126.jpg",
    "new_1776234453005_gt_310.5s_f1.jpg",
    "new_1776234453005_gt_431.4s_f32.jpg",
    "new_1776234453005_gt_742.8s_f80.jpg",
    "new_1776234453005_gt_890.5s_f102.jpg",
    "gt_101.1s_f25.jpg",
    "gt_75.3s_f1.jpg"
  ],
  "mean_embedding": [
    -0.02207663096487522,
    -0.028432995080947876,
    -0.012830512598156929,
    -0.017220044508576393,
    0.022785140201449394,
    -0.015467668883502483,
    -0.08198186755180359,
    -0.035173412412405014,
    -0.028329817578196526,
    0.01012445893138647,
    0.01010263990610838,
    0.043039098381996155,
    -0.08465539664030075,
    -0.09197945147752762,
    0.030212843790650368,
    -0.004469426814466715,
    0.04767033830285072,
    -0.017600225284695625,
    -0.036584317684173584,
    -0.0195161160081625,
    0.08877170830965042,
    0.06603945791721344,
    -0.015919901430606842,
    -0.0967278778553009,
    0.02644006535410881,
    0.04983753338456154,
    0.020620524883270264,
    0.020396562293171883,
    -0.003941493108868599,
    -0.02819301187992096,
    -0.01339967455714941,
    0.03022543527185917,
    0.06672836095094681,
    -0.002782260300591588,
    0.10195338726043701,
    0.04127781465649605,
    0.05008435621857643,
    -0.03224070742726326,
    0.06831908971071243,
    -0.018862832337617874,
    0.07375079393386841,
    -0.006036772858351469,
    0.027899356558918953,
    -0.028992386534810066,
    0.009247430600225925,
    0.002142106182873249,
    -0.01813914068043232,
    0.02158246375620365,
    0.07820504158735275,
    0.03489488363265991,
    0.031673699617385864,
    0.03004387393593788,
    -0.017650317400693893,
    -0.026049606502056122,
    -0.010532857850193977,
    0.06267146021127701,
    -0.0071954429149627686,
    0.030000271275639534,
    -0.03409881144762039,
    -0.04964950680732727,
    0.017833853140473366,
    -0.0321878083050251,
    -0.03421584516763687,
    0.013805265538394451,
    0.051494140177965164,
    -0.0350145548582077,
    -0.04171742498874664,
    -0.011267519555985928,
    -0.026175683364272118,
    0.04316555708646774,
    -0.04503461718559265,
    -0.02849249541759491,
    0.0108522092923522,
    -0.03557179495692253,
    -0.03285286948084831,
    0.029000407084822655,
    0.07199647277593613,
    0.014908140525221825,
    0.045689426362514496,
    -0.030576307326555252,
    0.021099956706166267,
    -0.029144134372472763,
    -0.021928071975708008,
    0.05187709629535675,
    0.06799067556858063,
    -0.08747599273920059,
    0.04737244173884392,
    -0.01120331697165966,
    -0.015203814022243023,
    0.011092256754636765,
    -0.001759226550348103,
    0.07862866669893265,
    -0.021965930238366127,
    -0.03266294300556183,
    -0.05742773786187172,
    -0.0584445595741272,
    0.036481112241744995,
    -0.03385016322135925,
    0.025899194180965424,
    -0.038209062069654465,
    0.10250654071569443,
    0.07524129003286362,
    -0.02761077880859375,
    -0.01687195897102356,
    0.05167121812701225,
    -0.004143085330724716,
    -0.06838079541921616,
    0.047900546342134476,
    0.08001936227083206,
    -0.04949585720896721,
    0.09279630333185196,
    -0.038351669907569885,
    0.028050316497683525,
    0.004623976070433855,
    0.016017010435461998,
    -0.0016513626324012876,
    0.03083912283182144,
    0.024237917736172676,
    0.006730575114488602,
    0.08561595529317856,
    0.03076888620853424,
    0.01727469079196453,
    -0.00798322819173336,
    0.02532348781824112,
    -0.03903157636523247,
    0.0038894943427294493,
    0.03623359277844429,
    0.08006615936756134,
    -0.03281961753964424,
    -0.02650962769985199,
    -0.02407960221171379,
    0.03204001113772392,
    -0.019229376688599586,
    0.00689400639384985,
    0.0438450425863266,
    -0.050701338797807693,
    0.02162967622280121,
    -0.05965395271778107,
    0.038245636969804764,
    0.024907074868679047,
    -0.005605213809758425,
    -0.030387716367840767,
    0.05159074813127518,
    -0.012557685375213623,
    -0.05283153057098389,
    0.06081840768456459,
    0.05011456087231636,
    0.003701812354847789,
    -0.02695751190185547,
    0.020822150632739067,
    0.07477786391973495,
    0.025678763166069984,
    -0.08172951638698578,
    0.003298753872513771,
    -0.029993360862135887,
    0.034001775085926056,
    0.02021862380206585,
    0.02061375230550766,
    0.0010846102377399802,
    -0.004024484660476446,
    0.0016718667466193438,
    -0.03639870882034302,
    -0.05129034444689751,
    -0.029450001195073128,
    0.005115574225783348,
    -0.030448846518993378,
    0.011549564078450203,
    -0.057229671627283096,
    -0.03429631516337395,
    0.07912576198577881,
    -0.017640886828303337,
    -0.04903078451752663,
    -0.02043611742556095,
    0.011922505684196949,
    0.03570401668548584,
    -0.05583273991942406,
    0.0016211435431614518,
    -0.03449253737926483,
    0.0099732531234622,
    -0.016873326152563095,
    0.03479597717523575,
    -0.03606792166829109,
    -0.04938405007123947,
    -0.005959353409707546,
    -0.08954392373561859,
    -0.12976427376270294,
    -0.07625262439250946,
    0.02459508553147316,
    0.04544803127646446,
    0.11444622278213501,
    0.007855761796236038,
    0.07840611785650253,
    0.0527358241379261,
    0.03342171013355255,
    -0.1041150838136673,
    0.018668171018362045,
    0.0386076383292675,
    -0.03255240619182587,
    0.0002997710835188627,
    0.0264724288135767,
    -0.04567304626107216,
    0.0486004576086998,
    0.059416912496089935,
    -0.015842357650399208,
    0.008621121756732464,
    0.08560685813426971,
    0.051820605993270874,
    0.0385260209441185,
    0.015347386710345745,
    -0.009227585978806019,
    0.03256669268012047,
    0.10150094330310822,
    -0.0012171517591923475,
    0.09887991845607758,
    -0.020911388099193573,
    -0.05485101789236069,
    -0.13587111234664917,
    -0.006897044368088245,
    -0.023540468886494637,
    -0.01314751710742712,
    -0.010486296378076077,
    0.03464461490511894,
    -0.05103197693824768,
    -0.011029571294784546,
    -0.01804247871041298,
    -0.015339914709329605,
    -0.04432766139507294,
    0.05969737097620964,
    0.001680083922110498,
    -0.014244982972741127,
    0.075795978307724,
    0.00474897725507617,
    -0.006580881308764219,
    -0.05567723140120506,
    0.006548489909619093,
    0.04014884680509567,
    -0.019927261397242546,
    0.025451835244894028,
    -0.025628982111811638,
    -0.04553157836198807,
    -0.030672712251544,
    0.014982404187321663,
    0.019084859639406204,
    -0.02059469185769558,
    0.084461510181427,
    0.05190937966108322,
    0.05840202048420906,
    0.00549626350402832,
    -0.030814487487077713,
    0.031422242522239685,
    0.033546529710292816,
    0.020603325217962265,
    0.045030295848846436,
    -0.038944534957408905,
    0.09014205634593964,
    0.0173046812415123,
    -0.0904512107372284,
    0.01518708374351263,
    -0.02419555000960827,
    -0.05635848641395569,
    -0.04942432418465614,
    -0.02525806799530983,
    -0.003715453203767538,
    0.04775986447930336,
    0.052161939442157745,
    -0.05971810594201088,
