{
  "embedding_files": [
    "gt_534.6s_f100.jpg",
    "gt_384.7s_f42.jpg",
    "gt_300.2s_f27.jpg",
    "gt_399.0s_f51.jpg",
    "gt_211.2s_f5.jpg",
    "new_1776234453005_gt_890.5s_f102.jpg"
  ],
  "backup_files": [
    "new_1776234453005_gt_310.5s_f1.jpg",
    "new_1776234453005_gt_431.4s_f32.jpg",
    "new_1776234453005_gt_742.8s_f80.jpg",
    "gt_219.5s_f28.jpg",
    "new_1776234453005_gt_1051.3s_f126.jpg"
  ],
  "scores": {
    "gt_534.6s_f100.jpg": 31.2342,
    "gt_384.7s_f42.jpg": 30.6994,
    "gt_219.5s_f28.jpg": 16.6511,
    "gt_300.2s_f27.jpg": 27.9542,
    "gt_399.0s_f51.jpg": 18.0685,
    "gt_211.2s_f5.jpg": 8.419,
    "gt_750.2s_f133.jpg": 25.4899
  },
  "approved_files": [
    "gt_534.6s_f100.jpg",
    "gt_384.7s_f42.jpg",
    "gt_219.5s_f28.jpg",
    "gt_211.2s_f5.jpg",
    "gt_300.2s_f27.jpg",
    "gt_399.0s_f51.jpg",
    "gt_750.2s_f133.jpg",
    "new_1776234453005_gt_1051.3s_f126.jpg",
    "new_1776234453005_gt_310.5s_f1.jpg",
    "new_1776234453005_gt_431.4s_f32.jpg",
    "new_1776234453005_gt_742.8s_f80.jpg",
    "new_1776234453005_gt_890.5s_f102.jpg",
    "gt_101.1s_f25.jpg",
    "gt_75.3s_f1.jpg"
  ],
  "mean_embedding": [
    -0.011136160232126713,
    -0.027163255959749222,
    -0.008536380715668201,
    -0.01171827595680952,
    0.029151249676942825,
    -0.02326042391359806,
    -0.08588936179876328,
    -0.01855669729411602,
    -0.03188231587409973,
    0.018321406096220016,
    -0.005180285312235355,
    0.0329153873026371,
    -0.06421337276697159,
    -0.08021187037229538,
    0.02762793004512787,
    -0.01718568243086338,
    0.05956327170133591,
    0.0005290810368023813,
    -0.05014481022953987,
    -0.04360141605138779,
    0.08858682215213776,
    0.057100873440504074,
    -0.04538854584097862,
    -0.0802021250128746,
    0.031044984236359596,
    0.058526091277599335,
    0.010814367793500423,
    0.007637143600732088,
    -0.00526276184245944,
    -0.04931742325425148,
    -0.012243214063346386,
    0.030829066410660744,
    0.07811969518661499,
    0.006734396796673536,
    0.10509560257196426,
    0.05019713565707207,
    0.0637366846203804,
    -0.030288580805063248,
    0.0771726742386818,
    -0.004857275169342756,
    0.056411098688840866,
    0.01148874033242464,
    0.008066314272582531,
    -0.027748750522732735,
    -0.0036216466687619686,
    -0.025752924382686615,
    -0.002911329735070467,
    0.02854727953672409,
    0.07350753247737885,
    0.017496909946203232,
    0.018797412514686584,
    0.03102317452430725,
    -0.0232270248234272,
    -0.041300032287836075,
    -3.29883951053489e-05,
    0.07705168426036835,
    -0.031023619696497917,
    0.042984768748283386,
    -0.043065302073955536,
    -0.04359264671802521,
    -0.008668052032589912,
    -0.03109060414135456,
    -0.05828634649515152,
    0.016723863780498505,
    0.055042535066604614,
    -0.029635757207870483,
    -0.04288022220134735,
    -0.010420236736536026,
    -0.02315644547343254,
    0.03766608238220215,
    -0.037193577736616135,
    -0.013684740290045738,
    0.031092412769794464,
    -0.04900379106402397,
    -0.039029885083436966,
    0.039331886917352676,
    0.08031802624464035,
    0.01576840505003929,
    0.057042863219976425,
    -0.03602394461631775,
    0.047633443027734756,
    -0.01532796397805214,
    -0.01975300721824169,
    0.06411368399858475,
    0.08853413164615631,
    -0.07954851537942886,
    0.04680508375167847,
    -0.011767476797103882,
    -0.01641242206096649,
    0.016611546277999878,
    0.011944135650992393,
    0.06206261366605759,
    -0.01994108222424984,
    -0.018473507836461067,
    -0.07622618973255157,
    -0.04410050809383392,
    0.021286504343152046,
    -0.004114197101444006,
    0.024982091039419174,
    -0.05438974127173424,
    0.09752695262432098,
    0.06867152452468872,
    -0.01764610782265663,
    -0.028158042579889297,
    0.0668979361653328,
    0.010614302009344101,
    -0.05757804587483406,
    0.04348660632967949,
    0.08427413552999496,
    -0.04450935497879982,
    0.08991827815771103,
    -0.022917160764336586,
    0.031161518767476082,
    -0.0006345651345327497,
    -0.000545081973541528,
    0.013299237005412579,
    0.04691080376505852,
    0.006192032713443041,
    -0.0015905083855614066,
    0.09307163208723068,
    0.02780924178659916,
    0.014698067680001259,
    -0.0013921338832005858,
    0.026525843888521194,
    -0.04369688406586647,
    -0.004915433470159769,
    0.042909346520900726,
    0.07072041183710098,
    -0.023959103971719742,
    -0.015553458593785763,
    -0.018612947314977646,
    0.0253086369484663,
    -0.012104249559342861,
    0.015706345438957214,
    0.03181413561105728,
    -0.05405972898006439,
    0.037109773606061935,
    -0.06422457844018936,
    0.014074546284973621,
    0.012572706677019596,
    0.0005306840175762773,
    -0.019126588478684425,
    0.05739498883485794,
    -0.018179336562752724,
    -0.047607697546482086,
    0.05165645852684975,
    0.05488193407654762,
    0.0010235848603770137,
    -0.014913688413798809,
    0.018349887803196907,
    0.09161298722028732,
    0.02790769748389721,
    -0.09351342916488647,
    -0.005187838803976774,
    -0.011437375098466873,
    0.010652494616806507,
    0.014574590139091015,
    0.015768026933073997,
    0.00403195433318615,
    0.0009414865053258836,
    0.01222662627696991,
    -0.03705910965800285,
    -0.043014612048864365,
    -0.02532423473894596,
    0.007423077709972858,
    -0.016682930290699005,
    -0.00010181224206462502,
    -0.029447251930832863,
    -0.021977446973323822,
    0.0768364667892456,
    -0.03790048137307167,
    -0.04761110991239548,
    -0.014126968570053577,
    0.01514403522014618,
    0.01722663827240467,
    -0.07339142262935638,
    0.012984061613678932,
    -0.03463741019368172,
    0.014410572126507759,
    -0.042170941829681396,
    0.020560558885335922,
    -0.03997926414012909,
    -0.0715026929974556,
    -0.009644347243010998,
    -0.10589544475078583,
    -0.1293366551399231,
    -0.05573192983865738,
    0.023444069549441338,
    0.019720295444130898,
    0.11068058013916016,
    0.01186083909124136,
    0.08381219208240509,
    0.0619918592274189,
    0.03996916860342026,
    -0.09721966087818146,
    4.403958428156329e-06,
    0.05969105660915375,
    -0.024593984708189964,
    -0.013677372597157955,
    0.017982613295316696,
    -0.048118021339178085,
    0.04180501773953438,
    0.0550294890999794,
    -0.023568028584122658,
    0.023050082847476006,
    0.059611763805150986,
    0.03785844147205353,
    0.03486495092511177,
    -0.006161239463835955,
    -0.02723955363035202,
    0.016300037503242493,
    0.10539374500513077,
    -0.012016757391393185,
    0.11290518194437027,
    -0.01066956203430891,
    -0.03231052681803703,
    -0.12935306131839752,
    0.0014773879665881395,
    -0.01935470849275589,
    -0.005800211802124977,
    0.02335832081735134,
    0.041821643710136414,
    -0.05378396809101105,
    -0.031358782202005386,
    -0.00660675810649991,
    -0.017373912036418915,
    -0.0402064174413681,
    0.06184964254498482,
    0.021499479189515114,
    -0.00031475021387450397,
    0.08451082557439804,
    0.012669993564486504,
    -0.012361648492515087,
    -0.05519488826394081,
    0.004506464581936598,
    0.04912352189421654,
    -0.0009029499487951398,
    0.014857004396617413,
    -0.02171303518116474,
    -0.05804932117462158,
    -0.019399361684918404,
    0.01837237738072872,
    0.0007313216337934136,
    -0.02053113654255867,
    0.06596822291612625,
    0.05198962613940239,
    0.04919188469648361,
    0.020798157900571823,
    -0.021052824333310127,
    0.02401966042816639,
    0.0445035956799984,
    0.0016697453102096915,
    0.02804546058177948,
    -0.039770159870386124,
    0.08508256822824478,
    0.012155511416494846,
    -0.09906696528196335,
    -0.007221361622214317,
    -0.028912167996168137,
    -0.04601159319281578,
    -0.05230298638343811,
    -0.028795452788472176,
