{
  "embedding_files": [
    "gt_86.3s_f38.jpg",
    "gt_101.7s_f55.jpg",
    "gt_58.0s_f11.jpg",
    "gt_67.2s_f16.jpg",
    "gt_93.8s_f52.jpg",
    "gt_77.5s_f27.jpg"
  ],
  "backup_files": [
    "new_1776234519505_gt_412.9s_f12.jpg",
    "new_1776234519505_gt_589.5s_f60.jpg",
    "new_1776234519505_gt_597.5s_f40.jpg",
    "new_1776234519505_gt_850.2s_f97.jpg"
  ],
  "scores": {
    "gt_58.0s_f11.jpg": 63.7192,
    "gt_93.8s_f52.jpg": 62.7591,
    "gt_77.5s_f27.jpg": 55.9438,
    "new_1776234519505_gt_412.9s_f12.jpg": 25.9177,
    "new_1776234519505_gt_589.5s_f60.jpg": 23.8815,
    "new_1776234519505_gt_597.5s_f40.jpg": 24.9584,
    "new_1776234519505_gt_850.2s_f97.jpg": 26.3402,
    "gt_86.3s_f38.jpg": 82.0169,
    "gt_101.7s_f55.jpg": 78.967,
    "gt_67.2s_f16.jpg": 62.8016
  },
  "approved_files": [
    "new_1776234519505_gt_412.9s_f12.jpg",
    "new_1776234519505_gt_589.5s_f60.jpg",
    "new_1776234519505_gt_597.5s_f40.jpg",
    "new_1776234519505_gt_850.2s_f97.jpg",
    "gt_101.7s_f55.jpg",
    "gt_58.0s_f11.jpg",
    "gt_67.2s_f16.jpg",
    "gt_77.5s_f27.jpg",
    "gt_86.3s_f38.jpg",
    "gt_93.8s_f52.jpg"
  ],
  "mean_embedding": [
    0.06611231714487076,
    0.021786952391266823,
    -0.005171913653612137,
    -0.0716940239071846,
    -0.047162123024463654,
    0.0455004945397377,
    -0.0709339827299118,
    -0.03217092156410217,
    -0.02157677710056305,
    0.006101409904658794,
    0.026640892028808594,
    -0.0085039297118783,
    0.039537250995635986,
    -0.023851752281188965,
    0.07650363445281982,
    0.027071794494986534,
    -0.03997921571135521,
    0.03758365288376808,
    0.006446118466556072,
    -0.05400863662362099,
    0.017080038785934448,
    -0.0424436517059803,
    -0.06397747993469238,
    0.02219688706099987,
    -0.011787232011556625,
    -0.06668045371770859,
    -0.019647907465696335,
    -0.04144677892327309,
    -0.031062236055731773,
    0.01608751341700554,
    0.047696370631456375,
    -0.028929052874445915,
    -0.04388050734996796,
    0.00700771901756525,
    0.024117717519402504,
    -0.008672887459397316,
    0.022820770740509033,
    0.04513324797153473,
    -0.05934324860572815,
    0.00012609953409992158,
    -0.039139408618211746,
    0.006700597703456879,
    -0.05991217494010925,
    0.028862539678812027,
    0.02914704941213131,
    -0.01746579073369503,
    -0.012110368348658085,
    0.06450676918029785,
    -0.01172279566526413,
    0.03325183317065239,
    -0.00322560197673738,
    -0.05536618456244469,
    0.011550010181963444,
    0.01693558320403099,
    0.09759435057640076,
    0.05907564237713814,
    0.014902862720191479,
    -0.003434796119108796,
    0.07884199172258377,
    -0.016435397788882256,
    -0.01837637647986412,
    -0.008952055126428604,
    0.0056903003714978695,
    0.030169909819960594,
    0.01769592985510826,
    0.02677612379193306,
    -0.031081978231668472,
    -0.026717985048890114,
    0.036656200885772705,
    -0.0360744409263134,
    -0.05514788627624512,
    -0.035619668662548065,
    0.07444263249635696,
    -0.07433846592903137,
    0.039722658693790436,
    0.06302087754011154,
    0.01408294029533863,
    -0.03744933009147644,
    0.04412664473056793,
    0.0031531434506177902,
    0.02738736942410469,
    0.04310617968440056,
    -0.06367945671081543,
    -0.036717526614665985,
    0.0032581575214862823,
    0.021234503015875816,
    -0.017085308209061623,
    -0.017080772668123245,
    -0.03686370328068733,
    0.03420066460967064,
    0.0025978831108659506,
    0.015467574819922447,
    -0.001500530168414116,
    0.05868316814303398,
    -0.045988671481609344,
    -0.029428986832499504,
    -0.00789015181362629,
    -0.0025317692197859287,
    -0.01876221038401127,
    -0.07929497957229614,
    -0.033956922590732574,
    -0.026340940967202187,
    0.03209330886602402,
    0.04559582471847534,
    0.004908851347863674,
    0.02236335165798664,
    -0.043112289160490036,
    -0.08803047984838486,
    0.01343267410993576,
    0.034429725259542465,
    0.051800087094306946,
    -0.03948987275362015,
    -0.09300610423088074,
    0.040962088853120804,
    -0.028215261176228523,
    0.05849128216505051,
    -0.07908929884433746,
    -0.04358143359422684,
    -0.01873946376144886,
    0.02673725225031376,
    -0.035919878631830215,
    -0.000897199846804142,
    0.03744474798440933,
    0.05862594023346901,
    0.02777978405356407,
    -0.03970442712306976,
    -0.011812117882072926,
    -0.025486912578344345,
    -0.0164804644882679,
    0.003092228900641203,
    0.019554756581783295,
    -0.02849947102367878,
    -0.09195870906114578,
    -0.03178641200065613,
    -0.07497406005859375,
    -0.03668287768959999,
    -0.013484816998243332,
    0.034630950540304184,
    0.027655310928821564,
    -0.002849699929356575,
    0.07300371676683426,
    -0.004568040370941162,
    -0.01269456185400486,
    0.025366924703121185,
    0.007218522019684315,
    0.02870597504079342,
    -0.03195231035351753,
    0.01547352783381939,
    -0.001453678123652935,
    0.010983835905790329,
    -0.010349580086767673,
    -0.048225849866867065,
    0.024869343265891075,
    0.0065308320336043835,
    0.002770758233964443,
    0.06104892119765282,
    0.06007983535528183,
    -0.056986935436725616,
    0.03561212867498398,
    0.0732685774564743,
    0.0656433030962944,
    -0.05456557124853134,
    0.03723156452178955,
    0.03463311120867729,
    -0.03349519893527031,
    -0.02944941818714142,
    -0.048202380537986755,
    -0.027947643771767616,
    -0.0469011552631855,
    0.024892883375287056,
    -0.00362246111035347,
    0.025500645861029625,
    0.008063903078436852,
    0.03851894661784172,
    0.018155928701162338,
    -0.017569079995155334,
    -0.051663149148225784,
    0.024511441588401794,
    -0.0019823878537863493,
    0.06762794405221939,
    -0.0028768291231244802,
    0.04074234515428543,
    0.021924061700701714,
    0.035479262471199036,
    0.05458298325538635,
    0.0015120884636417031,
    0.018162807449698448,
    -0.12170865386724472,
    -0.051498375833034515,
    -0.0030369500163942575,
    -0.04452262073755264,
    0.06992362439632416,
    -0.062243133783340454,
    -0.010366655886173248,
    -0.05950124189257622,
    -0.0703078880906105,
    0.052070461213588715,
    0.01899309828877449,
    0.020177623257040977,
    -0.0579088069498539,
    0.042506877332925797,
    -0.021208543330430984,
    -0.00789989810436964,
    0.01610204204916954,
    -0.0457027368247509,
    -0.10216491669416428,
    0.011058226227760315,
    -0.010376730002462864,
    0.018732503056526184,
    -0.0180518701672554,
    -0.018281064927577972,
    0.031668588519096375,
    -0.08189034461975098,
    0.008904878050088882,
    -0.010692015290260315,
    0.0450470857322216,
    -0.07269414514303207,
    -0.005917143542319536,
    0.10185924172401428,
    0.02061319723725319,
    0.0030581457540392876,
    0.001656956854276359,
    0.0014573269290849566,
    0.03518280014395714,
    0.017222875729203224,
    0.04584629461169243,
    0.0009054646361619234,
    -0.0005569093045778573,
    0.0340743251144886,
    0.022520655766129494,
    0.07437543570995331,
    -0.018843820318579674,
    0.0012923467438668013,
    -0.08914007991552353,
    0.05581749975681305,
    -0.025779740884900093,
    0.01858256570994854,
    0.0028807364869862795,
    0.06104133650660515,
    0.0304248109459877,
    0.05467454344034195,
    -0.08271678537130356,
    -0.09051518887281418,
    0.006628470029681921,
    0.07815808057785034,
    0.1394256353378296,
    -0.08531942963600159,
    0.038041144609451294,
    -0.014621620066463947,
    0.009331933222711086,
    0.009380139410495758,
    -0.01209968514740467,
    0.019085917621850967,
    0.002507335040718317,
    -0.07419273257255554,
    0.010799676179885864,
    0.007297059055417776,
    -0.029623713344335556,
    -0.0005223102634772658,
    0.0206467118114233,
    -0.01671002246439457,
    -0.051429830491542816,
    0.027193522080779076,
