{
  "embedding_files": [
    "gt_211.2s_f0.jpg",
    "gt_217.1s_f59.jpg",
    "gt_324.5s_f106.jpg",
    "gt_117.2s_f6.jpg",
    "gt_579.2s_f85.jpg",
    "gt_300.2s_f32.jpg",
    "gt_399.0s_f53.jpg"
  ],
  "backup_files": [],
  "scores": {
    "gt_217.1s_f59.jpg": 23.1144,
    "gt_324.5s_f106.jpg": 17.7615,
    "gt_117.2s_f6.jpg": 14.4601,
    "gt_211.2s_f0.jpg": 29.053,
    "gt_399.0s_f53.jpg": 6.3957,
    "gt_300.2s_f32.jpg": 6.3606,
    "gt_579.2s_f85.jpg": 6.7553
  },
  "approved_files": [
    "gt_217.1s_f59.jpg",
    "gt_324.5s_f106.jpg",
    "gt_117.2s_f6.jpg",
    "gt_211.2s_f0.jpg",
    "gt_300.2s_f32.jpg",
    "gt_399.0s_f53.jpg",
    "gt_579.2s_f85.jpg"
  ],
  "mean_embedding": [
    -0.0023861757945269346,
    -0.05780111253261566,
    -0.06579162180423737,
    0.01246576476842165,
    -0.04119841754436493,
    -0.005020204000174999,
    0.04953724890947342,
    0.054076310247182846,
    0.009504303336143494,
    -0.04590626433491707,
    0.006278825458139181,
    -0.03538692742586136,
    -0.06347383558750153,
    -0.025306927040219307,
    -0.0061753434129059315,
    0.019853465259075165,
    -0.03851579129695892,
    -0.04368152469396591,
    -0.13277725875377655,
    -0.02905612252652645,
    -0.021162794902920723,
    0.02681479975581169,
    -0.011951585300266743,
    0.00939684733748436,
    -0.00657529616728425,
    -0.03297373652458191,
    -0.07097720354795456,
    -0.07374274730682373,
    0.03561374172568321,
    -0.06830127537250519,
    -0.07619069516658783,
    0.016135450452566147,
    -0.03333129733800888,
    0.030933251604437828,
    -0.04913177341222763,
    -0.040066156536340714,
    0.061490967869758606,
    0.03676621988415718,
    -0.09237784892320633,
    0.042787276208400726,
    -0.016279490664601326,
    -0.023837396875023842,
    -0.07278069853782654,
    -0.0780155211687088,
    0.014762070961296558,
    -0.03286372497677803,
    0.012353232130408287,
    0.04114071652293205,
    -0.03838479518890381,
    0.0037738254759460688,
    0.04724478721618652,
    0.0005245873471722007,
    -0.014654350467026234,
    0.0782679095864296,
    0.06615151464939117,
    0.05181487649679184,
    0.04028046876192093,
    -0.02491152100265026,
    0.036514762789011,
    -0.01897815801203251,
    0.009445146657526493,
    0.05810903385281563,
    -0.027903739362955093,
    -0.041641004383563995,
    0.02709357626736164,
    0.010045894421637058,
    -0.03340722620487213,
    0.05147143825888634,
    0.032045431435108185,
    -0.018284128978848457,
    0.03325962647795677,
    -0.028131620958447456,
    0.003866246435791254,
    0.010363202542066574,
    0.008187659084796906,
    -0.0010790133383125067,
    0.019685987383127213,
    0.044963955879211426,
    0.07242660224437714,
    0.0319259874522686,
    0.0020609505008906126,
    -0.03507493808865547,
    0.13122126460075378,
    -0.057977594435214996,
    -0.023104147985577583,
    0.007451019249856472,
    -0.03563617542386055,
    -0.04859985038638115,
    0.009060041047632694,
    0.025133084505796432,
    0.07225876301527023,
    0.03761190548539162,
    0.024439612403512,
    0.034259580075740814,
    -0.020087942481040955,
    -0.04849369823932648,
    -0.104192815721035,
    -0.07598059624433517,
    -0.1148419976234436,
    -0.003596734022721648,
    -0.052035413682460785,
    -0.030870700255036354,
    0.04540720582008362,
    0.08841688930988312,
    0.049127522855997086,
    0.026463257148861885,
    0.0026750504039227962,
    -0.056096937507390976,
    0.04209389165043831,
    0.056036993861198425,
    0.019108504056930542,
    -0.06809399276971817,
    0.009666978381574154,
    -0.056052833795547485,
    -0.062352512031793594,
    -0.04619942232966423,
    0.06693524122238159,
    0.00898889172822237,
    -0.02315785177052021,
    -0.008320262655615807,
    -0.0012489150976762176,
    0.028010422363877296,
    0.07036924362182617,
    -0.035973258316516876,
    0.03367037698626518,
    -0.05132013186812401,
    -0.014450629241764545,
    -0.024808166548609734,
    -0.022906580939888954,
    0.017562247812747955,
    0.01368740014731884,
    -0.047917548567056656,
    -0.02001124434173107,
    -0.044856905937194824,
    -0.02410314232110977,
    -0.007181867957115173,
    -0.06951941549777985,
    -0.03351647034287453,
    -0.08940713852643967,
    -0.03165847063064575,
    0.058256857097148895,
    0.042118724435567856,
    -0.0596824549138546,
    0.023762529715895653,
    0.005050813779234886,
    -0.004030678886920214,
    0.008358248509466648,
    0.006456826813519001,
    0.003654044819995761,
    0.034944042563438416,
    0.0483148954808712,
    -0.013153971172869205,
    0.012912359088659286,
    -0.09521129727363586,
    -0.027713697403669357,
    0.011215145699679852,
    0.05019650608301163,
    0.04643978923559189,
    -0.010010316967964172,
    0.05316832289099693,
    0.004150055348873138,
    -0.025744378566741943,
    0.0235361997038126,
    -0.042651042342185974,
    -0.09605494886636734,
    0.03710717707872391,
    0.002995084971189499,
    0.05723728612065315,
    -0.0058303698897361755,
    -0.047974906861782074,
    -0.05812261626124382,
    -0.007071780040860176,
    -0.021394165232777596,
    0.02044585905969143,
    0.048668649047613144,
    -0.062531016767025,
    -0.007026032544672489,
    -0.011209948919713497,
    -0.046137209981679916,
    0.03297415375709534,
    -0.06364887952804565,
    -0.05222272127866745,
    -0.014125087298452854,
    0.007002539932727814,
    0.04004340246319771,
    0.07272961735725403,
    0.033032748848199844,
    -0.06794650852680206,
    -0.0015219326596707106,
    -0.04260116443037987,
    -0.038513656705617905,
    0.007530404720455408,
    -0.07115355134010315,
    0.030774440616369247,
    0.005752201657742262,
    -0.05352075770497322,
    0.07921792566776276,
    -0.06022746488451958,
    0.07022590935230255,
    0.03241071477532387,
    0.056280702352523804,
    -0.04023271054029465,
    -0.06865502893924713,
    0.0061823539435863495,
    0.08174211531877518,
    0.004210114944726229,
    0.018909957259893417,
    0.008601437322795391,
    -0.08131144940853119,
    0.006045969668775797,
    0.024974023923277855,
    0.05492632836103439,
    0.008102702908217907,
    0.05889807268977165,
    -0.10865592211484909,
    0.017035802826285362,
    -0.027969835326075554,
    -0.027977604418992996,
    -0.026631901040673256,
    -0.00478367181494832,
    -0.11270054429769516,
    -0.10158941149711609,
    0.018081357702612877,
    -0.019073715433478355,
    0.05829682946205139,
    0.028275661170482635,
    -0.016584083437919617,
    0.06861288100481033,
    0.0020854619797319174,
    -0.002867666305974126,
    -0.07299209386110306,
    0.03399718925356865,
    0.17979365587234497,
    -0.006610358599573374,
    0.03416915237903595,
    -0.03367353230714798,
    -0.019092002883553505,
    -0.03477958217263222,
    -0.014642887748777866,
    0.025719359517097473,
    -0.06002192944288254,
    -0.01706269010901451,
    -0.028105705976486206,
    -0.055157944560050964,
    -0.0350305512547493,
    -0.027908584102988243,
    -0.013894732110202312,
    -0.006656090263277292,
    -0.006132455077022314,
    -0.04290390387177467,
    0.05738474056124687,
    0.0553579106926918,
    0.07939581573009491,
    0.051023367792367935,
    -0.04734596610069275,
    0.06214927136898041,
    0.02782052382826805,
    -0.013661916367709637,
    -0.0009979081805795431,
    0.02084374986588955,
    0.021281879395246506,
    -0.03880230709910393,
    -0.05966859310865402,
    -0.012818840332329273,
    -0.056013815104961395,
    0.03823338821530342,
    -0.06536582857370377,
    -0.00011911546607734635,
    0.016884682700037956,
    0.07748419791460037,
    -0.060443125665187836,
    0.013428199104964733,
    0.03265249729156494,
    -0.05374830216169357,
    -0.060275305062532425,
    0.03569856658577919,
    0.04041249305009842,
    0.02739531360566616,
    0.07202668488025665,
    0.027302948758006096,
