{
  "embedding_files": [
    "gt_211.2s_f0.jpg",
    "gt_217.1s_f59.jpg",
    "gt_324.5s_f106.jpg",
    "gt_117.2s_f6.jpg",
    "gt_579.2s_f85.jpg",
    "gt_300.2s_f32.jpg",
    "gt_399.0s_f53.jpg"
  ],
  "backup_files": [],
  "scores": {
    "gt_217.1s_f59.jpg": 23.1144,
    "gt_324.5s_f106.jpg": 17.7615,
    "gt_117.2s_f6.jpg": 14.4601,
    "gt_211.2s_f0.jpg": 29.053,
    "gt_399.0s_f53.jpg": 6.3957,
    "gt_300.2s_f32.jpg": 6.3606,
    "gt_579.2s_f85.jpg": 6.7553
  },
  "approved_files": [
    "gt_217.1s_f59.jpg",
    "gt_324.5s_f106.jpg",
    "gt_117.2s_f6.jpg",
    "gt_211.2s_f0.jpg",
    "gt_300.2s_f32.jpg",
    "gt_399.0s_f53.jpg",
    "gt_579.2s_f85.jpg"
  ],
  "mean_embedding": [
    -0.015243008732795715,
    -0.061881933361291885,
    -0.07037581503391266,
    0.022410472854971886,
    -0.040417201817035675,
    -0.003803557250648737,
    0.044283922761678696,
    0.05866391211748123,
    0.005417939741164446,
    -0.04937303811311722,
    0.02061467245221138,
    -0.020575186237692833,
    -0.060638684779405594,
    -0.0007663579890504479,
    -0.026433922350406647,
    0.014687768183648586,
    -0.04106545075774193,
    -0.04204776883125305,
    -0.1486165076494217,
    -0.04451166093349457,
    -0.01663319580256939,
    0.02658301591873169,
    -0.006543510593473911,
    0.006605110596865416,
    -0.0032529968302696943,
    -0.0024130777455866337,
    -0.07560873031616211,
    -0.07471851259469986,
    0.046857770532369614,
    -0.07700948417186737,
    -0.08426717668771744,
    0.023119742050766945,
    -0.01465564128011465,
    0.04674111306667328,
    -0.05502377822995186,
    -0.037579815834760666,
    0.04235601797699928,
    0.025647828355431557,
    -0.0790652334690094,
    0.028413014486432076,
    -0.038630370050668716,
    -0.012123246677219868,
    -0.07361767441034317,
    -0.07052066922187805,
    0.02209869772195816,
    -0.004298035986721516,
    0.0024568799417465925,
    0.05830412730574608,
    -0.039530955255031586,
    0.025176944211125374,
    0.04319547489285469,
    0.010364548303186893,
    -0.02288122847676277,
    0.06459858268499374,
    0.04525943845510483,
    0.047832097858190536,
    0.04151134192943573,
    -0.04073787480592728,
    0.028721122071146965,
    -0.025532372295856476,
    -0.015822064131498337,
    0.056647978723049164,
    -0.01262260228395462,
    -0.04244912043213844,
    0.025800736621022224,
    0.002130970126017928,
    -0.029649686068296432,
    0.040188077837228775,
    0.058343060314655304,
    -0.02160377986729145,
    0.03573412448167801,
    -0.021380053833127022,
    0.016156064346432686,
    -0.00020103347196709365,
    -0.0013909172266721725,
    -0.0034814407117664814,
    0.012927910313010216,
    0.04174520820379257,
    0.0751674547791481,
    0.015846343711018562,
    -0.0066844685934484005,
    -0.04086332768201828,
    0.13256125152111053,
    -0.0699734091758728,
    -0.015462200157344341,
    -0.011129658669233322,
    -0.04326958954334259,
    -0.048032891005277634,
    0.005874099209904671,
    0.017917580902576447,
    0.08672237396240234,
    0.047000620514154434,
    0.023858705535531044,
    0.0051008351147174835,
    -0.023898936808109283,
    -0.029033033177256584,
    -0.09911077469587326,
    -0.09366308152675629,
    -0.11326878517866135,
    0.011010210029780865,
    -0.05146048963069916,
    -0.029422197490930557,
    0.049623042345047,
    0.09192138910293579,
    0.05425644665956497,
    0.01384676992893219,
    0.005259921308606863,
    -0.07306020706892014,
    0.04649270698428154,
    0.06215054169297218,
    0.02158999629318714,
    -0.06347690522670746,
    -0.008249731734395027,
    -0.054370731115341187,
    -0.06022904813289642,
    -0.026293523609638214,
    0.05654759332537651,
    0.012756600975990295,
    -0.02358832210302353,
    -0.006923631299287081,
    -0.007520519196987152,
    0.023214608430862427,
    0.057206880301237106,
    -0.031733766198158264,
    0.03063019923865795,
    -0.03152935951948166,
    -0.004874913487583399,
    -0.01889006234705448,
    -0.03180292621254921,
    0.020321281626820564,
    0.009181814268231392,
    -0.042288441210985184,
    -0.01242756750434637,
    -0.031863585114479065,
    -0.029354143887758255,
    -0.003356495639309287,
    -0.0746571347117424,
    -0.02505311369895935,
    -0.09712734073400497,
    -0.033782389014959335,
    0.05840683728456497,
    0.03060225211083889,
    -0.0584959052503109,
    0.02801690623164177,
    -0.006306994240731001,
    -0.011677897535264492,
    -0.007114253006875515,
    0.03654053807258606,
    0.012789915315806866,
    0.026377681642770767,
    0.016016216948628426,
    -0.010793288238346577,
    0.013776279054582119,
    -0.08997289091348648,
    -0.017838330939412117,
    -0.014002726413309574,
    0.046869147568941116,
    0.07639559358358383,
    -0.009322546422481537,
    0.05950083211064339,
    0.008992699906229973,
    -0.023916542530059814,
    0.03893710672855377,
    -0.045414622873067856,
    -0.10189450532197952,
    0.046018969267606735,
    -0.004259072244167328,
    0.050515804439783096,
    0.012298928573727608,
    -0.06406448781490326,
    -0.06279009580612183,
    -0.008758540265262127,
    -0.045760128647089005,
    0.026858936995267868,
    0.05654529109597206,
    -0.06502273678779602,
    0.0010442661587148905,
    -0.007848544046282768,
    -0.030206020921468735,
    0.035936661064624786,
    -0.08483795076608658,
    -0.04990532621741295,
    -0.009842542000114918,
    0.022732730954885483,
    0.035403937101364136,
    0.07534117996692657,
    0.03743710741400719,
    -0.04329299181699753,
    0.008831733837723732,
    -0.03242430090904236,
    -0.06649117916822433,
    0.012833759188652039,
    -0.06414572894573212,
    0.034538403153419495,
    0.005917377304285765,
    -0.06484446674585342,
    0.06988278776407242,
    -0.03212341293692589,
    0.07966161519289017,
    0.03554553538560867,
    0.05676664039492607,
    -0.049850814044475555,
    -0.07226613163948059,
    -0.007998764514923096,
    0.08314495533704758,
    0.008493322879076004,
    0.006178960204124451,
    0.0023997966200113297,
    -0.08594518899917603,
    0.019750606268644333,
    0.015006662346422672,
    0.05065736919641495,
    0.0215214304625988,
    0.05209282785654068,
    -0.09487331658601761,
    0.018109923228621483,
    -0.039948657155036926,
    -0.01389464270323515,
    -0.028969330713152885,
    -0.005128678400069475,
    -0.10006590187549591,
    -0.09373395144939423,
    0.020978981629014015,
    0.0015956787392497063,
    0.04008735716342926,
    0.00913300272077322,
    -0.01800636574625969,
    0.08550328016281128,
    -0.004397084005177021,
    -0.015601600520312786,
    -0.09685740619897842,
    0.04709532856941223,
    0.1798189878463745,
    0.003468436887487769,
    0.03475448861718178,
    -0.038149699568748474,
    -0.011973492801189423,
    -0.03371075168251991,
    -0.018442608416080475,
    0.03342480957508087,
    -0.056337401270866394,
    -0.029692290350794792,
    -0.05489157885313034,
    -0.0391618087887764,
    -0.028656456619501114,
    -0.04498801752924919,
    -0.0075384643860161304,
    0.008817539550364017,
    -0.007493708748370409,
    -0.059408288449048996,
    0.050333086401224136,
    0.044304363429546356,
    0.08659526705741882,
    0.04759633168578148,
    -0.04544495791196823,
    0.049427539110183716,
    0.02365301176905632,
    -0.005652738269418478,
    -0.0014845834812149405,
    0.021396763622760773,
    0.010817884467542171,
    -0.04253971949219704,
    -0.05813899263739586,
    -0.029838625341653824,
    -0.06326770037412643,
    0.03203707933425903,
    -0.042019862681627274,
    -0.030429920181632042,
    0.012454275041818619,
    0.0721399188041687,
    -0.053085263818502426,
    -0.008978758007287979,
    0.03309159725904465,
    -0.053354647010564804,
    -0.04736265167593956,
    0.038185909390449524,
    0.037021782249212265,
    0.024225478991866112,
    0.080445796251297,
