{
  "embedding_files": [
    "gt_211.2s_f0.jpg",
    "gt_217.1s_f59.jpg",
    "gt_324.5s_f106.jpg",
    "gt_117.2s_f6.jpg",
    "gt_579.2s_f85.jpg",
    "gt_300.2s_f32.jpg",
    "gt_399.0s_f53.jpg"
  ],
  "backup_files": [],
  "scores": {
    "gt_217.1s_f59.jpg": 23.1144,
    "gt_324.5s_f106.jpg": 17.7615,
    "gt_117.2s_f6.jpg": 14.4601,
    "gt_211.2s_f0.jpg": 29.053,
    "gt_399.0s_f53.jpg": 6.3957,
    "gt_300.2s_f32.jpg": 6.3606,
    "gt_579.2s_f85.jpg": 6.7553
  },
  "approved_files": [
    "gt_217.1s_f59.jpg",
    "gt_324.5s_f106.jpg",
    "gt_117.2s_f6.jpg",
    "gt_211.2s_f0.jpg",
    "gt_300.2s_f32.jpg",
    "gt_399.0s_f53.jpg",
    "gt_579.2s_f85.jpg"
  ],
  "mean_embedding": [
    -0.002383145736530423,
    -0.0577978752553463,
    -0.06579430401325226,
    0.012460182420909405,
    -0.04119997099041939,
    -0.005018971860408783,
    0.049539849162101746,
    0.054072875529527664,
    0.009516650810837746,
    -0.045911699533462524,
    0.006282666232436895,
    -0.03538598120212555,
    -0.06347351521253586,
    -0.02531134895980358,
    -0.006164197344332933,
    0.019853362813591957,
    -0.0385231114923954,
    -0.04368234798312187,
    -0.13277731835842133,
    -0.029062658548355103,
    -0.021158913150429726,
    0.026823369786143303,
    -0.011955640278756618,
    0.009402805007994175,
    -0.0065764011815190315,
    -0.03297044709324837,
    -0.07098686695098877,
    -0.07374557852745056,
    0.03561203554272652,
    -0.06829056888818741,
    -0.07618176937103271,
    0.016134493052959442,
    -0.033330440521240234,
    0.03093208186328411,
    -0.049134235829114914,
    -0.04005861282348633,
    0.06147991865873337,
    0.036763746291399,
    -0.09238137304782867,
    0.04278264567255974,
    -0.01627172902226448,
    -0.02383492700755596,
    -0.07277970016002655,
    -0.07801731675863266,
    0.01476316899061203,
    -0.03286373242735863,
    0.012347826734185219,
    0.04113432392477989,
    -0.03838067874312401,
    0.0037803184241056442,
    0.04724515601992607,
    0.0005193182732909918,
    -0.014658203348517418,
    0.07826506346464157,
    0.0661645233631134,
    0.05180845409631729,
    0.04027710109949112,
    -0.02490285411477089,
    0.03650495782494545,
    -0.01897459663450718,
    0.009447448886930943,
    0.05811155587434769,
    -0.027900436893105507,
    -0.04163353517651558,
    0.027089877054095268,
    0.01004314050078392,
    -0.033407751470804214,
    0.0514732301235199,
    0.03204170614480972,
    -0.018285062164068222,
    0.03326336666941643,
    -0.0281328447163105,
    0.003864830359816551,
    0.010362083092331886,
    0.008192743174731731,
    -0.001077640219591558,
    0.019679848104715347,
    0.04496460035443306,
    0.07242057472467422,
    0.03191981464624405,
    0.0020598527044057846,
    -0.035078179091215134,
    0.13122688233852386,
    -0.05797775089740753,
    -0.02309715375304222,
    0.007445886265486479,
    -0.03563351556658745,
    -0.0485960952937603,
    0.0090569406747818,
    0.025130603462457657,
    0.07225760072469711,
    0.03761403262615204,
    0.0244451854377985,
    0.03426739573478699,
    -0.020080357789993286,
    -0.04849032312631607,
    -0.10419146716594696,
    -0.07597821950912476,
    -0.11484549939632416,
    -0.0036005638539791107,
    -0.052040062844753265,
    -0.030874384567141533,
    0.04539559781551361,
    0.088413305580616,
    0.04912390559911728,
    0.026463693007826805,
    0.002675605472177267,
    -0.05610096454620361,
    0.042083464562892914,
    0.056037209928035736,
    0.019106797873973846,
    -0.068092480301857,
    0.009669043123722076,
    -0.05605952814221382,
    -0.06234944611787796,
    -0.046198636293411255,
    0.06693562865257263,
    0.008982066065073013,
    -0.023159127682447433,
    -0.008321613073348999,
    -0.0012517102295532823,
    0.028011873364448547,
    0.07036694884300232,
    -0.03597164526581764,
    0.033672865480184555,
    -0.05131373554468155,
    -0.01445681694895029,
    -0.02481122873723507,
    -0.022911913692951202,
    0.01756049133837223,
    0.013680078089237213,
    -0.04792870581150055,
    -0.020011814311146736,
    -0.04485999792814255,
    -0.02409878745675087,
    -0.00717481505125761,
    -0.06952010095119476,
    -0.03350670263171196,
    -0.08941031992435455,
    -0.031655486673116684,
    0.05825633928179741,
    0.042112529277801514,
    -0.05967514216899872,
    0.02375861443579197,
    0.00504257483407855,
    -0.004034907557070255,
    0.008352410979568958,
    0.006462919991463423,
    0.0036590599920600653,
    0.03494332358241081,
    0.048310596495866776,
    -0.013154744170606136,
    0.012920944951474667,
    -0.09520822763442993,
    -0.027716437354683876,
    0.011221228167414665,
    0.05020130053162575,
    0.046431709080934525,
    -0.010011103004217148,
    0.053168345242738724,
    0.0041489554569125175,
    -0.025749143213033676,
    0.023534033447504044,
    -0.042651303112506866,
    -0.0960533395409584,
    0.03711630776524544,
    0.002999972552061081,
    0.05723409727215767,
    -0.005821106489747763,
    -0.04796653240919113,
    -0.058122821152210236,
    -0.007069726474583149,
    -0.021402837708592415,
    0.020439615473151207,
    0.0486675500869751,
    -0.06252860277891159,
    -0.0070261722430586815,
    -0.011212714947760105,
    -0.046138111501932144,
    0.03297615051269531,
    -0.06364436447620392,
    -0.052223604172468185,
    -0.01412130892276764,
    0.007006464060395956,
    0.040039531886577606,
    0.07273531705141068,
    0.033034566789865494,
    -0.0679558515548706,
    -0.0015230171848088503,
    -0.04260607808828354,
    -0.03851296007633209,
    0.007525130640715361,
    -0.07115885615348816,
    0.03077082894742489,
    0.005754413548856974,
    -0.05351802706718445,
    0.079215869307518,
    -0.06022082641720772,
    0.07021498680114746,
    0.03241400793194771,
    0.056282538920640945,
    -0.04023244231939316,
    -0.06865714490413666,
    0.006181131117045879,
    0.08174523711204529,
    0.004210592247545719,
    0.018916364759206772,
    0.008605603128671646,
    -0.0813152864575386,
    0.006051894277334213,
    0.02498560957610607,
    0.05492547154426575,
    0.008102941326797009,
    0.05889030918478966,
    -0.10865288227796555,
    0.017034132033586502,
    -0.027969934046268463,
    -0.027974864467978477,
    -0.026642847806215286,
    -0.00478504179045558,
    -0.1127014309167862,
    -0.10158248245716095,
    0.018084706738591194,
    -0.01907341554760933,
    0.0582861602306366,
    0.02828250080347061,
    -0.016583304852247238,
    0.06861454993486404,
    0.0020839376375079155,
    -0.002855012658983469,
    -0.07299472391605377,
    0.03400338068604469,
    0.17980127036571503,
    -0.006612099707126617,
    0.034169137477874756,
    -0.03367112949490547,
    -0.019094211980700493,
    -0.03478041663765907,
    -0.014637692831456661,
    0.02571696974337101,
    -0.0600154772400856,
    -0.017066577449440956,
    -0.028112806379795074,
    -0.05516551062464714,
    -0.035026002675294876,
    -0.027905061841011047,
    -0.013887633569538593,
    -0.006664521526545286,
    -0.006123852916061878,
    -0.042910050600767136,
    0.05738803371787071,
    0.05535650998353958,
    0.07938876748085022,
    0.0510239452123642,
    -0.04735122621059418,
    0.062148939818143845,
    0.02781703509390354,
    -0.013661464676260948,
    -0.0010003075003623962,
    0.020843181759119034,
    0.021273132413625717,
    -0.03880598768591881,
    -0.059671495109796524,
    -0.012824246659874916,
    -0.05600595474243164,
    0.03822696581482887,
    -0.0653679147362709,
    -0.0001116110070142895,
    0.01688338816165924,
    0.07748346030712128,
    -0.06044423580169678,
    0.013436790555715561,
    0.03265399485826492,
    -0.053750522434711456,
    -0.06027785316109657,
    0.03569668158888817,
    0.0404198132455349,
    0.027393462136387825,
    0.07203235477209091,
    0.027302008122205734,
    0.00916372425854206,
