{
  "embedding_files": [
    "gt_534.6s_f111.jpg",
    "gt_219.5s_f9.jpg",
    "gt_384.7s_f66.jpg"
  ],
  "backup_files": [],
  "scores": {
    "gt_534.6s_f111.jpg": 24.9466,
    "gt_219.5s_f9.jpg": 2.7186,
    "gt_384.7s_f66.jpg": 2.5115
  },
  "approved_files": [
    "gt_534.6s_f111.jpg",
    "gt_219.5s_f9.jpg",
    "gt_384.7s_f66.jpg"
  ],
  "mean_embedding": [
    0.019520610570907593,
    -0.09751680493354797,
    -0.04085659235715866,
    0.04256407916545868,
    -0.06574966758489609,
    0.01567697338759899,
    -0.002617016900330782,
    -0.03973578289151192,
    -0.06972481310367584,
    0.040161989629268646,
    0.08365759253501892,
    -0.02591039054095745,
    0.03840578719973564,
    -0.028306372463703156,
    0.013006716966629028,
    -0.028774265199899673,
    -0.09658949822187424,
    0.0141345439478755,
    -0.05535289645195007,
    -0.03291508927941322,
    0.01834481954574585,
    -0.05734354257583618,
    0.005721299909055233,
    -0.009715000167489052,
    0.02466766908764839,
    0.027413582429289818,
    0.05812958627939224,
    -0.08197344839572906,
    0.017227651551365852,
    -0.008697371929883957,
    0.035383183509111404,
    -0.06164339557290077,
    -0.02061191201210022,
    0.022922225296497345,
    -0.011327926069498062,
    -0.05585063621401787,
    -0.0645679384469986,
    -0.1053076907992363,
    -0.00940338708460331,
    -0.014470723457634449,
    -0.046780530363321304,
    0.04921476170420647,
    -0.008737617172300816,
    0.01579027995467186,
    0.0028644881676882505,
    0.003941143397241831,
    0.004954122006893158,
    0.004030435811728239,
    -0.06371849775314331,
    -0.04761788249015808,
    0.06582345813512802,
    0.04962051659822464,
    -0.03265289217233658,
    0.03321640193462372,
    -0.00741596007719636,
    -0.011040642857551575,
    -0.03660667687654495,
    -0.02892748825252056,
    0.03202064335346222,
    0.011146681383252144,
    0.029908031225204468,
    -0.02225681021809578,
    -0.11343773454427719,
    0.045382969081401825,
    -0.004151764325797558,
    0.017340602353215218,
    -0.010752093978226185,
    -0.06449542939662933,
    0.045770712196826935,
    -0.0022986375261098146,
    0.04923754185438156,
    -0.04922649264335632,
    -0.039707694202661514,
    -0.06422349065542221,
    0.011247742921113968,
    -0.08136770874261856,
    0.004545252770185471,
    -0.042986802756786346,
    0.0038377479650080204,
    0.03672860562801361,
    0.001564950798638165,
    -0.018291771411895752,
    -0.02799980528652668,
    -0.02609037049114704,
    0.06812164187431335,
    -0.014620495028793812,
    -0.0670827254652977,
    -0.01107174251228571,
    -0.005634956061840057,
    0.051709454506635666,
    -0.0023074187338352203,
    -0.00557204894721508,
    0.059438228607177734,
    0.027987558394670486,
    -0.025528177618980408,
    -0.023897211998701096,
    -0.12230286747217178,
    -0.017307618632912636,
    -0.006028170697391033,
    -0.04044991359114647,
    -0.007843808270990849,
    -0.04426301270723343,
    0.008203533478081226,
    0.06457184255123138,
    0.04178698733448982,
    0.05224400758743286,
    0.02475912682712078,
    -0.01392814889550209,
    0.06554189324378967,
    0.03270970284938812,
    -0.06603781878948212,
    -0.05286312848329544,
    0.06869004666805267,
    0.056033022701740265,
    0.12162216752767563,
    -0.12384914606809616,
    0.01678406447172165,
    -0.05468311533331871,
    -0.03801480308175087,
    -0.022734947502613068,
    0.045641012489795685,
    0.005280821118503809,
    0.07198840379714966,
    0.06061944365501404,
    -0.07154785096645355,
    -0.027109187096357346,
    0.016323106363415718,
    0.02009894698858261,
    0.07411200553178787,
    -0.007429804187268019,
    -0.06205396354198456,
    0.08039438724517822,
    -0.03666378930211067,
    -0.03172645717859268,
    -0.056592438369989395,
    -0.00737518398091197,
    -0.04533575102686882,
    -0.0557437539100647,
    0.06261195242404938,
    0.00592019222676754,
    0.009479748085141182,
    0.1175210028886795,
    0.009758548811078072,
    0.008472587913274765,
    -0.01351828221231699,
    0.03527754545211792,
    -0.03909026086330414,
    0.03237946704030037,
    -0.023454617708921432,
    0.05015340447425842,
    0.0019337435951456428,
    -0.03344538435339928,
    0.020442944020032883,
    0.005629421211779118,
    0.05461372807621956,
    -0.04992649331688881,
    -0.03196702525019646,
    -0.02417403645813465,
    -0.010574727319180965,
    -0.01803007163107395,
    0.03297403082251549,
    -0.07445657253265381,
    -0.018674585968255997,
    0.004667291417717934,
    0.014153692871332169,
    -0.01938961073756218,
    -0.022164296358823776,
    0.08324936032295227,
    -0.0018503378378227353,
    -0.0008781345095485449,
    0.03545070439577103,
    -0.05161700025200844,
    -0.07943184673786163,
    0.04767822474241257,
    0.010199850425124168,
    -0.040778208523988724,
    0.07187753915786743,
    1.5844565496081486e-05,
    0.03053865022957325,
    0.05196129530668259,
    0.03649771958589554,
    -0.06350371986627579,
    -0.03839497268199921,
    0.022393658757209778,
    0.043772369623184204,
    -0.056056030094623566,
    0.0006304213311523199,
    0.03927311301231384,
    -0.020938122645020485,
    0.006044619716703892,
    -0.016080528497695923,
    -0.02729937434196472,
    0.030532535165548325,
    0.0076504843309521675,
    -0.03764960914850235,
    0.048203904181718826,
    -0.0620030015707016,
    -0.04266469180583954,
    -0.060663457959890366,
    -0.025188250467181206,
    0.05056217312812805,
    -0.044114112854003906,
    -0.062299445271492004,
    -0.00937171746045351,
    -0.03994793817400932,
    -0.03817790001630783,
    0.01603003777563572,
    0.013566306792199612,
    0.04306086152791977,
    0.017745383083820343,
    -0.036528345197439194,
    0.02719082124531269,
    -0.00027689733542501926,
    -0.003828677348792553,
    -0.04083637520670891,
    0.09286614507436752,
    0.049281518906354904,
    -0.03296040743589401,
    -0.01895195245742798,
    -0.01152853574603796,
    -0.021040892228484154,
    -0.043722014874219894,
    0.024137411266565323,
    -0.08174487948417664,
    0.02060500718653202,
    -0.028884282335639,
    0.03422423452138901,
    0.04630240052938461,
    0.009388110600411892,
    -0.03506772965192795,
    0.043150682002305984,
    -0.024481352418661118,
    0.044725432991981506,
    -0.011903060600161552,
    -0.015098701231181622,
    0.0778360441327095,
    0.08224205672740936,
    -0.012788140214979649,
    0.01895260438323021,
    -0.03667207434773445,
    0.012518147937953472,
    -0.0732683464884758,
    -0.05234825983643532,
    0.007138239685446024,
    0.005525521002709866,
    -0.0018603960052132607,
    0.04061827063560486,
    -0.006546591874212027,
    0.0021544743794947863,
    -0.0029286073986440897,
    0.00394707964733243,
    0.0032734794076532125,
    -0.03775569796562195,
    -0.007793324068188667,
    -0.12079577147960663,
    -0.016896028071641922,
    0.033383410423994064,
    -0.019322825595736504,
    -0.06553950160741806,
    -0.004821042530238628,
    -0.008254527114331722,
    -0.08505900949239731,
    -0.03842046111822128,
    0.005393960513174534,
    0.042126450687646866,
    -0.03150355815887451,
    -0.08425743877887726,
    -0.02788904681801796,
    0.022100653499364853,
    -0.019064951688051224,
    0.0018781047547236085,
    0.02571486495435238,
    -0.07185720652341843,
    0.08733144402503967,
    -0.017866862937808037,
    -0.01054014265537262,
    -0.01919744536280632,
    0.023415878415107727,
    0.047898177057504654,
    -0.04310057312250137,
    -0.09625838696956635,
    0.004915769211947918,
    -0.03852139785885811,
    -0.0572817325592041,
    0.007258358411490917,
    -0.010030942969024181,
    -0.05745602399110794,
    -9.35270290938206e-05,
    -0.023714520037174225,
    -0.002129106316715479,
    0.022199049592018127,
    -0.009695015847682953,
    0.02165871299803257,
