{
  "embedding_files": [
    "gt_534.6s_f111.jpg",
    "gt_219.5s_f9.jpg",
    "gt_384.7s_f66.jpg"
  ],
  "backup_files": [],
  "scores": {
    "gt_534.6s_f111.jpg": 24.9466,
    "gt_219.5s_f9.jpg": 2.7186,
    "gt_384.7s_f66.jpg": 2.5115
  },
  "approved_files": [
    "gt_534.6s_f111.jpg",
    "gt_219.5s_f9.jpg",
    "gt_384.7s_f66.jpg"
  ],
  "mean_embedding": [
    0.019482171162962914,
    -0.09752208739519119,
    -0.04081080108880997,
    0.0425453744828701,
    -0.06577803194522858,
    0.01566723734140396,
    -0.0025997632183134556,
    -0.039751891046762466,
    -0.06970421969890594,
    0.04014663025736809,
    0.08363204449415207,
    -0.02591589465737343,
    0.03843977302312851,
    -0.02828618511557579,
    0.013040757738053799,
    -0.028776586055755615,
    -0.09656582027673721,
    0.014150479808449745,
    -0.055363915860652924,
    -0.03296308219432831,
    0.0183784831315279,
    -0.05734652280807495,
    0.005692097824066877,
    -0.009681438095867634,
    0.02470814809203148,
    0.027390997856855392,
    0.05811970680952072,
    -0.08196834474802017,
    0.01725439913570881,
    -0.008645235560834408,
    0.035421594977378845,
    -0.061636973172426224,
    -0.02059248462319374,
    0.0229202751070261,
    -0.011302540078759193,
    -0.0558810792863369,
    -0.06456311792135239,
    -0.10533255338668823,
    -0.009427239187061787,
    -0.014460823498666286,
    -0.04673931747674942,
    0.049202367663383484,
    -0.008766526356339455,
    0.015754103660583496,
    0.0028568673878908157,
    0.003940647933632135,
    0.004978998564183712,
    0.00402177544310689,
    -0.06373859941959381,
    -0.047652583569288254,
    0.06583093106746674,
    0.04962101951241493,
    -0.03266189247369766,
    0.03323041647672653,
    -0.007391307037323713,
    -0.010999830439686775,
    -0.03655722364783287,
    -0.028966402634978294,
    0.032019440084695816,
    0.01114171463996172,
    0.029919464141130447,
    -0.022274663671851158,
    -0.11345940083265305,
    0.04539577662944794,
    -0.004157238639891148,
    0.01734725944697857,
    -0.010744529776275158,
    -0.06451413035392761,
    0.04576192423701286,
    -0.002339731901884079,
    0.04922543838620186,
    -0.04921780526638031,
    -0.03970039635896683,
    -0.06427920609712601,
    0.011257203295826912,
    -0.08136430382728577,
    0.004501623101532459,
    -0.043013978749513626,
    0.0038224048912525177,
    0.03677014634013176,
    0.001580344047397375,
    -0.01827402040362358,
    -0.028041990473866463,
    -0.026033548638224602,
    0.06816696375608444,
    -0.014628116972744465,
    -0.06706058233976364,
    -0.011102893389761448,
    -0.005621648393571377,
    0.051735177636146545,
    -0.002281133783981204,
    -0.005589932203292847,
    0.059429582208395004,
    0.02796364016830921,
    -0.025575485080480576,
    -0.023891666904091835,
    -0.1222468838095665,
    -0.01726357452571392,
    -0.006013423670083284,
    -0.04045815393328667,
    -0.007837566547095776,
    -0.0442696139216423,
    0.008209596388041973,
    0.06454673409461975,
    0.041761383414268494,
    0.05222976207733154,
    0.02475515939295292,
    -0.013966956175863743,
    0.06554842740297318,
    0.032707761973142624,
    -0.06604286283254623,
    -0.05282311141490936,
    0.06867308169603348,
    0.05605577304959297,
    0.1216069906949997,
    -0.12384793162345886,
    0.016812719404697418,
    -0.05469634011387825,
    -0.038004882633686066,
    -0.022713420912623405,
    0.045623984187841415,
    0.005259279627352953,
    0.07194280624389648,
    0.06063702702522278,
    -0.0715472549200058,
    -0.027094487100839615,
    0.016359636560082436,
    0.02006380632519722,
    0.07414333522319794,
    -0.00739594642072916,
    -0.06203404814004898,
    0.08038224279880524,
    -0.036696698516607285,
    -0.03172361105680466,
    -0.05659637972712517,
    -0.007349088788032532,
    -0.04533224552869797,
    -0.05573510006070137,
    0.06258554756641388,
    0.005955768283456564,
    0.009494957514107227,
    0.11753945052623749,
    0.00978438463062048,
    0.008475578390061855,
    -0.013532078824937344,
    0.0352705717086792,
    -0.039062704890966415,
    0.03239889442920685,
    -0.023412641137838364,
    0.05011280998587608,
    0.001957701053470373,
    -0.03341937065124512,
    0.020436055958271027,
    0.005645743105560541,
    0.05459005758166313,
    -0.049931395798921585,
    -0.03194403275847435,
    -0.02416088432073593,
    -0.010564436204731464,
    -0.018051419407129288,
    0.03298415243625641,
    -0.07451441138982773,
    -0.01869295723736286,
    0.004651289898902178,
    0.01414431631565094,
    -0.019425252452492714,
    -0.022205017507076263,
    0.08323362469673157,
    -0.0018433938967064023,
    -0.0009200081694871187,
    0.03539348766207695,
    -0.0516243651509285,
    -0.07943791151046753,
    0.047687869518995285,
    0.01019877940416336,
    -0.0407833456993103,
    0.07184211164712906,
    2.702398205656209e-06,
    0.030545396730303764,
    0.05196608230471611,
    0.03653309866786003,
    -0.06350066512823105,
    -0.038424257189035416,
    0.022421490401029587,
    0.04376882314682007,
    -0.05603483319282532,
    0.0006132921553216875,
    0.039293013513088226,
    -0.02098497375845909,
    0.00601746654137969,
    -0.016023455187678337,
    -0.027309361845254898,
    0.030572596937417984,
    0.007663382217288017,
    -0.03769337758421898,
    0.04822343587875366,
    -0.061967767775058746,
    -0.042632538825273514,
    -0.06064154580235481,
    -0.02515862137079239,
    0.05053141713142395,
    -0.04410497099161148,
    -0.062273167073726654,
    -0.009401247836649418,
    -0.03994981572031975,
    -0.03815979138016701,
    0.016048403456807137,
    0.013567169196903706,
    0.0430215522646904,
    0.01772957295179367,
    -0.036525897681713104,
    0.02716914191842079,
    -0.0002786353579722345,
    -0.003872787579894066,
    -0.04078822210431099,
    0.09286921471357346,
    0.04930686950683594,
    -0.03295063227415085,
    -0.018976794555783272,
    -0.011541986837983131,
    -0.021047405898571014,
    -0.04370484873652458,
    0.024113774299621582,
    -0.08174625039100647,
    0.020586615428328514,
    -0.02883167937397957,
    0.03413999080657959,
    0.04635440185666084,
    0.009412160143256187,
    -0.03509339317679405,
    0.04314136877655983,
    -0.02448337897658348,
    0.044758204370737076,
    -0.011968057602643967,
    -0.015075860545039177,
    0.07783663272857666,
    0.08227257430553436,
    -0.012804255820810795,
    0.018912339583039284,
    -0.03670229762792587,
    0.012552103027701378,
    -0.07329972833395004,
    -0.05237679183483124,
    0.007142703980207443,
    0.005485835950821638,
    -0.0018127113580703735,
    0.04061718285083771,
    -0.006532771047204733,
    0.0021573228295892477,
    -0.0028871786780655384,
    0.00392914330586791,
    0.0032482806127518415,
    -0.0377713106572628,
    -0.007742628920823336,
    -0.12077908217906952,
    -0.016873426735401154,
    0.033397044986486435,
    -0.01935788244009018,
    -0.06555475294589996,
    -0.004816458560526371,
    -0.008229844272136688,
    -0.08507705479860306,
    -0.038449231535196304,
    0.005370521452277899,
    0.042135365307331085,
    -0.03150308504700661,
    -0.08428297191858292,
    -0.027882805094122887,
    0.022095104679465294,
    -0.019059496000409126,
    0.0019085127860307693,
    0.025718284770846367,
    -0.07183113694190979,
    0.08734971284866333,
    -0.017913248389959335,
    -0.010496021248400211,
    -0.01918938383460045,
    0.023413393646478653,
    0.047905873507261276,
    -0.04309535026550293,
    -0.09624098241329193,
    0.004958744626492262,
    -0.03849508985877037,
    -0.057272665202617645,
    0.007270836271345615,
    -0.0099776117131114,
    -0.057464275509119034,
    -6.57152704661712e-05,
    -0.023705150932073593,
    -0.0021400353871285915,
    0.022261179983615875,
    -0.00972865242511034,
    0.021680928766727448,
