{
  "embedding_files": [
    "gt_534.6s_f111.jpg",
    "gt_219.5s_f9.jpg",
    "gt_384.7s_f66.jpg"
  ],
  "backup_files": [],
  "scores": {
    "gt_534.6s_f111.jpg": 24.9466,
    "gt_219.5s_f9.jpg": 2.7186,
    "gt_384.7s_f66.jpg": 2.5115
  },
  "approved_files": [
    "gt_534.6s_f111.jpg",
    "gt_219.5s_f9.jpg",
    "gt_384.7s_f66.jpg"
  ],
  "mean_embedding": [
    0.051058072596788406,
    -0.05878341570496559,
    -0.04223470389842987,
    0.041909802705049515,
    -0.06664563715457916,
    0.03350769355893135,
    -0.0053294338285923,
    -0.024914342910051346,
    -0.06600121408700943,
    0.04528835415840149,
    0.10051802545785904,
    -0.037263430655002594,
    0.07821202278137207,
    -0.022874299436807632,
    0.04427669942378998,
    -0.014292718842625618,
    -0.07290282100439072,
    0.025436580181121826,
    -0.05837241932749748,
    -0.02544446289539337,
    0.04677366837859154,
    -0.075523242354393,
    0.005745244212448597,
    0.0023527508601546288,
    0.021923817694187164,
    0.03566722571849823,
    0.07073291391134262,
    -0.07490365207195282,
    -0.006041001994162798,
    0.007600685115903616,
    0.0594465397298336,
    -0.046810414642095566,
    -0.006513608619570732,
    0.01412087120115757,
    -0.02235577069222927,
    -0.049394454807043076,
    -0.06623765826225281,
    -0.09496735036373138,
    -0.005593691486865282,
    -0.0315367728471756,
    -0.031524598598480225,
    0.0557844415307045,
    -0.009001178666949272,
    0.010487724095582962,
    -0.008697295561432838,
    0.00010662514250725508,
    -0.017321903258562088,
    -0.00444419402629137,
    -0.06823699176311493,
    -0.05615720525383949,
    0.03138643503189087,
    0.037179552018642426,
    -0.02429324947297573,
    0.02167767658829689,
    0.005463137291371822,
    -0.0015447797486558557,
    -0.02783677726984024,
    -0.025152921676635742,
    0.022227874025702477,
    0.0243439432233572,
    0.029277123510837555,
    -0.01870892010629177,
    -0.11402000486850739,
    0.022266678512096405,
    -0.02960655465722084,
    0.028706606477499008,
    -0.02263348177075386,
    -0.07284755259752274,
    0.040275949984788895,
    -0.0035297702997922897,
    0.0819220021367073,
    -0.06502088904380798,
    -0.01348424144089222,
    -0.07165493071079254,
    0.012345434166491032,
    -0.06473062187433243,
    0.002239049645140767,
    -0.04959885776042938,
    -0.02762419730424881,
    0.011500592343509197,
    -0.0008400203078053892,
    -0.011780188418924809,
    -0.03276972472667694,
    -0.04105353727936745,
    0.05417713522911072,
    -0.022035889327526093,
    -0.057064373046159744,
    -0.026016809046268463,
    -0.038091253489255905,
    0.053828027099370956,
    -0.022702893242239952,
    0.003822994651272893,
    0.041648220270872116,
    0.027916520833969116,
    -0.028596721589565277,
    -0.007342874072492123,
    -0.12660638988018036,
    -0.03339097648859024,
    -0.0037459097802639008,
    -0.02752133645117283,
    -0.036650244146585464,
    -0.056832559406757355,
    0.024326106533408165,
    0.07836553454399109,
    0.014164107851684093,
    0.05598946288228035,
    0.020799335092306137,
    -0.017936307936906815,
    0.04903879389166832,
    0.027864553034305573,
    -0.061764396727085114,
    -0.056281816214323044,
    0.07844105362892151,
    0.07911311835050583,
    0.09519673883914948,
    -0.13984405994415283,
    -0.0019605259876698256,
    -0.017159340903162956,
    -0.03262840583920479,
    -0.0415484756231308,
    0.05036240071058273,
    0.025479432195425034,
    0.07450086623430252,
    0.06364167481660843,
    -0.05135257914662361,
    -0.017169153317809105,
    -0.008976696990430355,
    -0.02075349912047386,
    0.08851628005504608,
    -0.0031104981899261475,
    -0.02105623111128807,
    0.057657111436128616,
    -0.019799217581748962,
    -0.04040539264678955,
    -0.058885395526885986,
    0.002043281914666295,
    -0.03597583994269371,
    -0.05226610600948334,
    0.05349791795015335,
    -0.014271038584411144,
    0.0319947712123394,
    0.08967595547437668,
    0.0015943769831210375,
    0.01984928734600544,
    -0.005592047702521086,
    0.03810261934995651,
    -0.04030377045273781,
    0.02793140709400177,
    -0.006631862372159958,
    0.0656483843922615,
    0.023947125300765038,
    -0.03773082047700882,
    0.006387900561094284,
    -0.008500936441123486,
    0.04454650357365608,
    -0.04108763858675957,
    -0.036028601229190826,
    -0.02565695159137249,
    -0.05200663581490517,
    -9.455797408008948e-05,
    0.014742313884198666,
    -0.04527479410171509,
    -0.030240816995501518,
    -0.013305882923305035,
    0.0005482311244122684,
    -0.02229650691151619,
    -0.033415287733078,
    0.10092674940824509,
    -0.0020302990451455116,
    0.023492958396673203,
    0.019914912059903145,
    -0.053465262055397034,
    -0.07586676627397537,
    0.02949821949005127,
    0.01005015429109335,
    -0.028895016759634018,
    0.07862944900989532,
    -0.001859907410107553,
    0.02276037447154522,
    0.039299190044403076,
    0.03905855119228363,
    -0.06886804848909378,
    -0.019763212651014328,
    0.028154930099844933,
    0.04392917826771736,
    -0.07238538563251495,
    -0.001090402714908123,
    0.041739724576473236,
    -0.023246897384524345,
    0.02521844021975994,
    -0.01824229583144188,
    -0.0645887702703476,
    0.03314223140478134,
    -0.015440663322806358,
    -0.034152574837207794,
    0.03544138744473457,
    -0.03596732020378113,
    -0.01857679709792137,
    -0.051802944391965866,
    -0.035921793431043625,
    0.08355816453695297,
    -0.04067174717783928,
    -0.03568895161151886,
    -0.03271019458770752,
    -0.04904622212052345,
    -0.024716978892683983,
    0.0469379797577858,
    0.027307724580168724,
    0.05175437405705452,
    0.03376269340515137,
    -0.030140796676278114,
    0.021431827917695045,
    -0.010035114362835884,
    -0.025846727192401886,
    -0.061955273151397705,
    0.06227998808026314,
    0.03439502418041229,
    -0.04717201367020607,
    0.001661706599406898,
    -0.03066878579556942,
    -0.0127786323428154,
    -0.053499914705753326,
    0.01983068883419037,
    -0.06935683637857437,
    0.015734761953353882,
    -0.039282236248254776,
    0.030249327421188354,
    0.04195642098784447,
    -0.035329610109329224,
    -0.023720525205135345,
    0.04627922177314758,
    -0.03762722387909889,
    0.035369861871004105,
    0.0018607337260618806,
    -0.010187128558754921,
    0.08286261558532715,
    0.09140733629465103,
    0.015500209294259548,
    -0.003993993625044823,
    -0.043666258454322815,
    -0.0015044460305944085,
    -0.06274459511041641,
    -0.06643759459257126,
    0.0112509960308671,
    0.026046931743621826,
    -0.026320014148950577,
    0.04110100120306015,
    -0.019233807921409607,
    0.01051910500973463,
    0.00012533145491033792,
    -0.007078771945089102,
    -0.01829056441783905,
    -0.03971317782998085,
    -0.0177561417222023,
    -0.10323586314916611,
    -0.024042803794145584,
    0.031192071735858917,
    -0.018218984827399254,
    -0.046113546937704086,
    0.00015794159844517708,
    -0.012926544062793255,
    -0.09707386791706085,
    0.0006437734700739384,
    0.01773090288043022,
    0.0249638669192791,
    -0.04673924669623375,
    -0.043568190187215805,
    -0.029131222516298294,
    0.017553512006998062,
    -0.01125377044081688,
    4.4203839934198186e-05,
    0.024860113859176636,
    -0.049176983535289764,
    0.11480695754289627,
    -0.02926187589764595,
    -0.01844409480690956,
    -0.005689701531082392,
    0.03616440296173096,
    0.038594163954257965,
    -0.02292518876492977,
    -0.09623412042856216,
    0.021301481872797012,
    -0.02433617413043976,
    -0.0619722418487072,
    0.029300980269908905,
    -0.012008517049252987,
    -0.061130549758672714,
    -0.02475208044052124,
    -0.05335221067070961,
    -0.0014841747470200062,
    0.01977146416902542,
    -0.01810619607567787,
