{
  "embedding_files": [
    "gt_1051.3s_f128.jpg",
    "gt_310.5s_f0.jpg",
    "gt_890.5s_f106.jpg",
    "gt_742.8s_f85.jpg",
    "gt_431.4s_f30.jpg",
    "gt_101.1s_f22.jpg",
    "gt_112.1s_f29.jpg",
    "gt_123.1s_f38.jpg",
    "gt_134.7s_f46.jpg",
    "gt_75.3s_f4.jpg"
  ],
  "backup_files": [],
  "scores": {
    "gt_310.5s_f0.jpg": 10.99,
    "gt_742.8s_f85.jpg": 10.0035,
    "gt_431.4s_f30.jpg": 8.2402,
    "gt_890.5s_f106.jpg": 10.1231,
    "gt_1051.3s_f128.jpg": 33.426
  },
  "approved_files": [
    "gt_1051.3s_f128.jpg",
    "gt_310.5s_f0.jpg",
    "gt_890.5s_f106.jpg",
    "gt_742.8s_f85.jpg",
    "gt_431.4s_f30.jpg",
    "gt_101.1s_f22.jpg",
    "gt_112.1s_f29.jpg",
    "gt_123.1s_f38.jpg",
    "gt_134.7s_f46.jpg",
    "gt_75.3s_f4.jpg"
  ],
  "mean_embedding": [
    0.003254924202337861,
    0.045819081366062164,
    -0.031135421246290207,
    0.008619544096291065,
    -0.036393482238054276,
    0.02178017422556877,
    0.008256876841187477,
    -0.0022565333638340235,
    -0.007155976723879576,
    0.0070005012676119804,
    0.09635026007890701,
    -0.014932929538190365,
    -0.017558816820383072,
    0.012806354090571404,
    -0.09733648598194122,
    -0.013693161308765411,
    -0.08069494366645813,
    -0.06628313660621643,
    0.024861261248588562,
    -0.03559615835547447,
    -0.012899838387966156,
    0.02138044871389866,
    -0.036197729408741,
    -0.05611182749271393,
    -0.038175854831933975,
    -0.040081772953271866,
    -0.06384129077196121,
    -0.14094385504722595,
    -0.01588371768593788,
    -0.009613759815692902,
    0.038220711052417755,
    -0.03625759109854698,
    -0.04700488597154617,
    -0.030279748141765594,
    -0.01859058253467083,
    -0.034368474036455154,
    0.02161533758044243,
    -0.07703481614589691,
    0.018035145476460457,
    0.09194861352443695,
    -0.026481229811906815,
    -0.015559461899101734,
    -0.03603481128811836,
    -0.0008270317921414971,
    -0.013822657987475395,
    -0.008420493453741074,
    0.019403910264372826,
    0.022531475871801376,
    0.03534051775932312,
    0.032754652202129364,
    -0.0012683874228969216,
    0.0335187204182148,
    0.023820487782359123,
    0.02133829891681671,
    0.028141019865870476,
    -0.008114106953144073,
    0.018993835896253586,
    -0.035859573632478714,
    0.04282129183411598,
    -0.03513508662581444,
    -0.00029299804009497166,
    0.02281857281923294,
    0.056086067110300064,
    0.030085714533925056,
    0.08799851685762405,
    0.058125726878643036,
    -0.007095009088516235,
    -0.02914060838520527,
    -0.006836371496319771,
    0.01448959019035101,
    0.009828044101595879,
    0.02212996408343315,
    0.0364815928041935,
    -0.11937212198972702,
    -0.03155606612563133,
    0.020418912172317505,
    0.02227284014225006,
    0.0007345053018070757,
    0.0635753944516182,
    0.00045137290726415813,
    0.012044756673276424,
    -0.03470923379063606,
    0.014538727700710297,
    0.03278592601418495,
    -0.07547999918460846,
    0.04721866175532341,
    -0.03606763482093811,
    -0.006764312740415335,
    0.008407131768763065,
    -0.0038376925513148308,
    0.03556406870484352,
    -0.0017964848084375262,
    -0.03052600473165512,
    -0.03788090497255325,
    -0.057513024657964706,
    -0.057746510952711105,
    0.005118456203490496,
    0.002961071440950036,
    0.019540131092071533,
    -0.009114887565374374,
    -0.03174247965216637,
    0.04938969761133194,
    0.11109265685081482,
    0.023556476458907127,
    0.02994312345981598,
    -0.03787202388048172,
    0.059997525066137314,
    -0.09430328011512756,
    0.005460049491375685,
    0.019995620474219322,
    0.06458958983421326,
    0.012068374082446098,
    -0.04581567645072937,
    0.023877739906311035,
    0.05271685868501663,
    0.024181140586733818,
    0.008457579649984837,
    -0.05571538209915161,
    0.03531977906823158,
    0.03612235561013222,
    -0.042471032589673996,
    0.03864331170916557,
    0.09280182421207428,
    0.03461960703134537,
    -0.05196187272667885,
    -0.027463894337415695,
    0.012413212098181248,
    -0.02526567131280899,
    -0.04889873415231705,
    -0.012729162350296974,
    -0.038270801305770874,
    0.05892311409115791,
    -0.02367757447063923,
    -0.062202658504247665,
    -0.06560108065605164,
    -0.053362298756837845,
    0.0291379876434803,
    -0.059699252247810364,
    -0.018790146335959435,
    -0.07709905505180359,
    -0.00809631310403347,
    -0.02006082981824875,
    0.00784874428063631,
    0.08266046643257141,
    0.01796811632812023,
    -0.020263897255063057,
    -0.0035285470075905323,
    0.012442309409379959,
    0.04803414270281792,
    -0.04887412115931511,
    -0.04714649170637131,
    -0.04716912657022476,
    -0.05377328023314476,
    0.00274833757430315,
    0.07344535738229752,
    -0.07878316193819046,
    0.07968131452798843,
    0.07231076061725616,
    -0.02876308746635914,
    0.08799058198928833,
    0.018817445263266563,
    -0.05894334986805916,
    -0.022903887555003166,
    -0.01144650299102068,
    -0.008514060638844967,
    0.044372014701366425,
    0.03576652333140373,
    0.0481080487370491,
    -0.012080958113074303,
    -0.019473830237984657,
    0.027849780395627022,
    0.039874207228422165,
    -0.053055908530950546,
    0.05969853326678276,
    -0.012597010470926762,
    -0.05527719855308533,
    -0.0034984885714948177,
    0.002201453782618046,
    0.008158909156918526,
    0.0686914324760437,
    0.02433174103498459,
    0.0024433471262454987,
    -0.001760259736329317,
    -0.03963029012084007,
    0.029106521978974342,
    0.04061625152826309,
    0.06911652535200119,
    -0.0015774390194565058,
    0.0064085801132023335,
    -0.016003821045160294,
    -0.11394541710615158,
    -0.03343680873513222,
    -0.01693214476108551,
    0.0022183223627507687,
    -0.07139140367507935,
    -0.04521339014172554,
    0.03536557778716087,
    -0.06133056804537773,
    0.029316257685422897,
    -0.06410092860460281,
    0.027961770072579384,
    -0.08201993256807327,
    -0.062013231217861176,
    0.016638223081827164,
    0.02611568756401539,
    0.024863742291927338,
    -0.04598080366849899,
    0.027718041092157364,
    -0.03039906546473503,
    -0.05262238159775734,
    -0.006151334382593632,
    0.0618402473628521,
    0.018459653481841087,
    -0.0008404427790082991,
    -0.010434345342218876,
    0.06549397110939026,
    -0.013370676897466183,
    -0.0288542490452528,
    0.020052282139658928,
    -0.04656427726149559,
    -0.045162755995988846,
    0.053872011601924896,
    -0.005995904095470905,
    0.05550801381468773,
    0.0697983056306839,
    0.022762641310691833,
    0.0458548367023468,
    0.0600355789065361,
    -0.007998096756637096,
    -0.03609108179807663,
    -0.019192542880773544,
    0.02419454976916313,
    0.029649443924427032,
    0.03747935593128204,
    0.012575572356581688,
    -0.04030948132276535,
    0.016685782000422478,
    -0.021027950569987297,
    0.08080895245075226,
    -0.061587706208229065,
    -0.009416121989488602,
    -0.0760548785328865,
    -0.02495080605149269,
    0.04437250271439552,
    0.06851647794246674,
    0.03238341584801674,
    -0.051894497126340866,
    0.03785596042871475,
    0.06071871519088745,
    -0.03922027722001076,
    0.020674725994467735,
    -0.030939796939492226,
    0.10413990169763565,
    -0.047371987253427505,
    0.015525520779192448,
    -0.012746076099574566,
    -0.05815824866294861,
    -0.026339057832956314,
    -0.05624987185001373,
    0.004042900167405605,
    -0.04959492012858391,
    -0.09282045811414719,
    0.09455939382314682,
    -0.025478508323431015,
    -0.03613885119557381,
    -0.03570488840341568,
    -0.05595812574028969,
    -0.046621523797512054,
    -0.011571704410016537,
    -0.009710271842777729,
    0.015815090388059616,
    -0.05410469323396683,
    0.011261116713285446,
    0.0393730029463768,
    -0.05960816517472267,
    0.0526418536901474,
    -0.03855649381875992,
