{
  "embedding_files": [
    "gt_89.4s_f13.jpg",
    "gt_123.1s_f42.jpg",
    "gt_75.3s_f0.jpg",
    "gt_178.0s_f90.jpg",
    "gt_101.1s_f21.jpg"
  ],
  "backup_files": [
    "gt_134.7s_f53.jpg",
    "gt_112.1s_f35.jpg"
  ],
  "scores": {
    "gt_89.4s_f13.jpg": 25.6123,
    "gt_75.3s_f0.jpg": 24.8685,
    "gt_101.1s_f21.jpg": 20.3395,
    "gt_123.1s_f42.jpg": 25.5809,
    "gt_112.1s_f35.jpg": 15.8745,
    "gt_134.7s_f53.jpg": 7.0467,
    "gt_178.0s_f90.jpg": 23.924
  },
  "approved_files": [
    "gt_89.4s_f13.jpg",
    "gt_123.1s_f42.jpg",
    "gt_75.3s_f0.jpg",
    "gt_178.0s_f90.jpg",
    "gt_101.1s_f21.jpg",
    "gt_112.1s_f35.jpg",
    "gt_134.7s_f53.jpg"
  ],
  "mean_embedding": [
    0.05592455714941025,
    0.02663632296025753,
    0.05364234745502472,
    -0.02061961591243744,
    0.010415446944534779,
    0.022409286350011826,
    -0.08056849241256714,
    -0.013133522123098373,
    0.0027451044879853725,
    0.018012631684541702,
    -0.004958836827427149,
    -0.021414505317807198,
    0.050411634147167206,
    -0.05428135395050049,
    0.025085287168622017,
    -0.06684939563274384,
    0.08973395824432373,
    -0.015362173318862915,
    -0.0019649327732622623,
    -0.04802527651190758,
    -0.029087038710713387,
    -0.035473745316267014,
    -0.015614663250744343,
    -0.023588303476572037,
    0.010027056559920311,
    -0.038439229130744934,
    -0.05948460474610329,
    0.0038242510054260492,
    0.08777181804180145,
    0.057069770991802216,
    -0.016272645443677902,
    -0.07200762629508972,
    0.030163928866386414,
    -0.009979980066418648,
    0.05324649065732956,
    0.005642919801175594,
    -0.012048994190990925,
    0.07951413094997406,
    0.05107130855321884,
    0.024073341861367226,
    -0.01443088985979557,
    -0.09443260729312897,
    -0.032483186572790146,
    0.04281221702694893,
    0.03931831941008568,
    -0.010440506972372532,
    -0.02961783856153488,
    -0.0002050855109700933,
    0.0654069110751152,
    0.012305811047554016,
    -0.030074551701545715,
    0.03966858610510826,
    0.011565911583602428,
    -0.0021066286135464907,
    0.06707661598920822,
    0.037886373698711395,
    -0.08848639577627182,
    -0.04967837408185005,
    0.0536065399646759,
    0.052246518433094025,
    0.05157170817255974,
    -0.0070235528983175755,
    -0.06885933876037598,
    0.05204612761735916,
    0.05473407357931137,
    0.0031833325047045946,
    -0.027626585215330124,
    -0.051224566996097565,
    0.032625384628772736,
    -0.05727232247591019,
    -0.007553166709840298,
    -0.02330746129155159,
    0.01255312655121088,
    0.04545355215668678,
    0.025484176352620125,
    0.046525269746780396,
    -0.022288605570793152,
    -0.0009380434057675302,
    0.009271630086004734,
    0.05819602683186531,
    0.04953315109014511,
    -0.07670274376869202,
    -0.04183775559067726,
    -0.01992289163172245,
    0.013230728916823864,
    -0.022142481058835983,
    0.06946997344493866,
    0.0020203490275889635,
    -0.0335063636302948,
    -0.00023364805383607745,
    0.031939681619405746,
    0.011336239986121655,
    -0.055931445211172104,
    -0.0314113013446331,
    -0.01183277927339077,
    0.037571877241134644,
    0.007722051348537207,
    0.056783415377140045,
    0.09769301116466522,
    -0.0352453775703907,
    -0.0571727454662323,
    -0.023994002491235733,
    0.010402909480035305,
    0.02930818684399128,
    0.02184654399752617,
    0.08255386352539062,
    0.003136302810162306,
    -0.014183004386723042,
    0.11263511329889297,
    -0.02030242048203945,
    0.013047654181718826,
    0.05384009703993797,
    -0.05524541810154915,
    0.06601537019014359,
    -0.00875172857195139,
    -0.0071480111218988895,
    -0.01265257503837347,
    -0.02363031916320324,
    -0.12454511225223541,
    0.023761533200740814,
    -0.08039286732673645,
    -0.012103692628443241,
    -0.003675249870866537,
    -0.014653587713837624,
    0.038995396345853806,
    0.015758736059069633,
    -0.06825579702854156,
    0.024888837710022926,
    -0.03092118352651596,
    -0.013152132742106915,
    0.0180723387748003,
    -0.029054075479507446,
    0.028988376259803772,
    -0.0005719349137507379,
    -0.013736887834966183,
    -0.049342166632413864,
    -0.007483876775950193,
    -0.017565501853823662,
    0.03748907148838043,
    0.06897412240505219,
    0.04952889680862427,
    -0.004777013324201107,
    0.04336129501461983,
    -0.02282397449016571,
    -0.02024233713746071,
    0.0776330754160881,
    -0.024922506883740425,
    0.03257063403725624,
    -0.07123944908380508,
    0.07367101311683655,
    0.01575375348329544,
    0.0032206301111727953,
    -0.021992871537804604,
    -0.03920091316103935,
    0.0380687341094017,
    -0.04653376340866089,
    -0.02918996289372444,
    -0.028805015608668327,
    0.027699055150151253,
    0.022504879161715508,
    0.046559032052755356,
    -0.023539593443274498,
    0.014933254569768906,
    0.0643550232052803,
    -0.02123912051320076,
    0.007971100509166718,
    -0.06040394306182861,
    -0.022785477340221405,
    -0.11524474620819092,
    0.007231246680021286,
    0.013263287954032421,
    0.030269313603639603,
    0.02313685230910778,
    -0.020541511476039886,
    -0.024695750325918198,
    -0.03379632532596588,
    -0.017238086089491844,
    0.0434429794549942,
    0.06411745399236679,
    0.06551052629947662,
    -0.021936526522040367,
    0.032941993325948715,
    0.043520692735910416,
    -0.0287910308688879,
    0.027155958116054535,
    -0.05697811767458916,
    -0.0473296232521534,
    0.02391251176595688,
    0.0050513604655861855,
    -0.021153263747692108,
    0.013211583718657494,
    -0.030845437198877335,
    -0.060641080141067505,
    0.019534889608621597,
    -0.022812940180301666,
    -0.08841869980096817,
    0.056537926197052,
    0.013577932491898537,
    -0.02237788587808609,
    0.04051058739423752,
    -0.03385637328028679,
    -0.06496109068393707,
    0.03603965416550636,
    0.015473487786948681,
    -0.012026838958263397,
    0.01601208932697773,
    -0.007732435595244169,
    -0.06029703468084335,
    0.03751317784190178,
    0.05791027098894119,
    -0.058356866240501404,
    -0.0432664230465889,
    -0.1257837861776352,
    -0.060585085302591324,
    -0.10370084643363953,
    0.0547611303627491,
    -0.05000200867652893,
    -0.009679623879492283,
    0.00433809868991375,
    -0.04505816474556923,
    -0.04286802187561989,
    0.042594876140356064,
    -0.06047701835632324,
    0.07980481535196304,
    0.047521673142910004,
    -0.06547866016626358,
    -0.036630336195230484,
    0.0407174751162529,
    0.016328822821378708,
    0.0658254474401474,
    0.007936469279229641,
    -0.002822665963321924,
    -0.0187104232609272,
    -0.0692262277007103,
    0.037941768765449524,
    0.018049539998173714,
    -0.05350295826792717,
    0.02765212580561638,
    -0.04364316537976265,
    0.021695032715797424,
    0.027417251840233803,
    -0.12359950691461563,
    -0.08224580436944962,
    -0.04775243252515793,
    0.09287286549806595,
    0.0715409368276596,
    0.006999884266406298,
    0.11299930512905121,
    0.02341589704155922,
    0.048654574900865555,
    0.02622850425541401,
    -0.05835117772221565,
    -0.01343527715653181,
    0.0522548109292984,
    0.010713258758187294,
    -0.021461812779307365,
    0.020186666399240494,
    -0.03807928413152695,
    0.10572623461484909,
    -0.0002333283773623407,
    -0.016771579161286354,
    -0.040471628308296204,
    -0.0325358621776104,
    -0.058102697134017944,
    -0.06846954673528671,
    0.04941810294985771,
    -0.05162627622485161,
    0.027177367359399796,
    0.026774423196911812,
    -0.02383815497159958,
    0.004026588052511215,
    -0.05292341485619545,
    0.04188299924135208,
    0.03862656652927399,
    -0.009122712537646294,
    -0.01668701134622097,
    0.04847744107246399,
    0.049032267183065414,
    0.08956711739301682,
    -0.08676979690790176,
    -0.028106726706027985,
