{
  "embedding_files": [
    "gt_2.3s_f2.jpg",
    "gt_33.8s_f24.jpg",
    "gt_217.1s_f66.jpg",
    "gt_73.0s_f40.jpg",
    "gt_324.5s_f114.jpg",
    "gt_211.2s_f6.jpg",
    "gt_300.2s_f36.jpg",
    "gt_399.0s_f56.jpg",
    "gt_499.6s_f72.jpg"
  ],
  "backup_files": [
    "gt_117.2s_f25.jpg",
    "new_1776234304948_gt_1051.3s_f142.jpg",
    "new_1776234304948_gt_184.5s_f28.jpg",
    "new_1776234304948_gt_2.1s_f15.jpg",
    "new_1776234304948_gt_310.5s_f21.jpg",
    "new_1776234304948_gt_383.1s_f56.jpg",
    "new_1776234304948_gt_431.4s_f40.jpg",
    "new_1776234304948_gt_589.5s_f67.jpg"
  ],
  "scores": {
    "gt_2.3s_f2.jpg": 13.7992,
    "gt_33.8s_f24.jpg": 10.3375,
    "gt_73.0s_f40.jpg": 6.2255,
    "gt_217.1s_f66.jpg": 6.6701,
    "gt_324.5s_f114.jpg": 5.4855,
    "gt_117.2s_f25.jpg": 5.1806,
    "gt_300.2s_f36.jpg": 4.6072,
    "gt_399.0s_f56.jpg": 2.465,
    "gt_211.2s_f6.jpg": 2.2224,
    "gt_499.6s_f72.jpg": 2.1743
  },
  "approved_files": [
    "gt_2.3s_f2.jpg",
    "gt_33.8s_f24.jpg",
    "gt_217.1s_f66.jpg",
    "gt_73.0s_f40.jpg",
    "gt_324.5s_f114.jpg",
    "gt_117.2s_f25.jpg",
    "gt_211.2s_f6.jpg",
    "gt_300.2s_f36.jpg",
    "gt_399.0s_f56.jpg",
    "gt_499.6s_f72.jpg",
    "new_1776234304948_gt_1051.3s_f142.jpg",
    "new_1776234304948_gt_184.5s_f28.jpg",
    "new_1776234304948_gt_2.1s_f15.jpg",
    "new_1776234304948_gt_310.5s_f21.jpg",
    "new_1776234304948_gt_383.1s_f56.jpg",
    "new_1776234304948_gt_431.4s_f40.jpg",
    "new_1776234304948_gt_589.5s_f67.jpg"
  ],
  "mean_embedding": [
    -0.029413854703307152,
    -0.0028381452430039644,
    0.017962191253900528,
    -0.01603678986430168,
    -0.01136173214763403,
    0.0626373216509819,
    -0.015440837480127811,
    0.04466841369867325,
    -0.014759533107280731,
    0.07650893926620483,
    0.04485900700092316,
    0.007938285358250141,
    0.027828576043248177,
    -0.052165478467941284,
    -0.05672305077314377,
    -0.017362557351589203,
    0.02987409383058548,
    -0.07617515325546265,
    0.00253423023968935,
    -0.022155430167913437,
    0.040437791496515274,
    -0.01569693349301815,
    -0.0354965478181839,
    -0.03198261559009552,
    0.12217772752046585,
    0.0253194198012352,
    -0.08199481666088104,
    -0.01123831607401371,
    0.07246990501880646,
    -0.01976090483367443,
    -0.021190721541643143,
    -0.0690823569893837,
    0.02660759724676609,
    -0.012442070990800858,
    0.029985807836055756,
    0.009660298936069012,
    -0.034230224788188934,
    0.030829455703496933,
    0.03354089334607124,
    0.019061047583818436,
    -0.03980280086398125,
    0.046501513570547104,
    -0.0671277716755867,
    0.03829120099544525,
    0.03543926030397415,
    -0.0003250422887504101,
    0.006291692145168781,
    0.06424721330404282,
    0.023963667452335358,
    0.05299000069499016,
    -0.005450151395052671,
    0.06895070523023605,
    -0.02454008348286152,
    0.0047127059660851955,
    0.03796360641717911,
    0.10493671894073486,
    -0.022916153073310852,
    -0.0993330329656601,
    0.0010361591121181846,
    -0.021847272291779518,
    -0.015428412705659866,
    -0.011490627191960812,
    -0.0023440823424607515,
    0.041029348969459534,
    0.03807848319411278,
    0.0446011908352375,
    0.024596305564045906,
    -0.020810792222619057,
    0.04131884127855301,
    0.010351689532399178,
    -0.03950104862451553,
    0.02405320480465889,
    0.02611842378973961,
    -0.004255798179656267,
    -0.02592882513999939,
    0.020363079383969307,
    0.0044302488677203655,
    0.04657415673136711,
    0.05094872787594795,
    0.05651618167757988,
    0.030461475253105164,
    -0.11352303624153137,
    -0.01996920071542263,
    -0.06173117086291313,
    0.02356572449207306,
    -0.010486477054655552,
    0.003514518029987812,
    0.015169518999755383,
    0.030970526859164238,
    0.0003160654450766742,
    0.05931853502988815,
    0.07701472193002701,
    0.006738495547324419,
    -0.019842306151986122,
    -0.054455310106277466,
    -0.031200004741549492,
    -0.0844002291560173,
    -0.005729959346354008,
    -0.008969297632575035,
    0.029317298904061317,
    -0.007006506901234388,
    -0.03800475597381592,
    0.009039054624736309,
    0.026622500270605087,
    0.02423621527850628,
    0.03649326041340828,
    0.0586552731692791,
    -0.06656745821237564,
    0.030843963846564293,
    -0.041031308472156525,
    0.006645352113991976,
    0.019423045217990875,
    -0.027619482949376106,
    -0.03179244324564934,
    -0.03197062760591507,
    0.04297810420393944,
    0.019960248842835426,
    0.0021152307745069265,
    -0.04151330515742302,
    0.08333595097064972,
    -0.08497761934995651,
    0.027159685268998146,
    -0.04124557226896286,
    0.005837020929902792,
    -0.03283080831170082,
    0.07908059656620026,
    -0.043249357491731644,
    -0.057829394936561584,
    -0.011056727729737759,
    -0.02526659332215786,
    -0.03519396483898163,
    0.005933010950684547,
    -0.016750717535614967,
    -0.0016697169048711658,
    -0.15595147013664246,
    -0.05973564460873604,
    -0.012357802130281925,
    0.00135229027364403,
    -0.001138214603997767,
    0.0372900664806366,
    0.03412707895040512,
    -0.05168422311544418,
    -0.018608780577778816,
    0.06382226943969727,
    0.021035505458712578,
    -0.02342684008181095,
    -0.0005244539934210479,
    -0.03281502053141594,
    -0.007699030451476574,
    -0.06241728365421295,
    0.046065326780080795,
    -0.017301347106695175,
    -0.034902844578027725,
    -0.0704374760389328,
    0.04935647174715996,
    -0.021267537027597427,
    0.002223174786195159,
    0.015858061611652374,
    0.012155059725046158,
    0.08908700942993164,
    0.005717158317565918,
    -0.0050767213106155396,
    0.003026318969205022,
    0.10716234892606735,
    -0.03411249443888664,
    0.047067463397979736,
    -0.1330273449420929,
    0.027155430987477303,
    -0.0705861747264862,
    0.024183696135878563,
    -0.005591779015958309,
    -0.003939493093639612,
    0.044974103569984436,
    0.017215684056282043,
    0.0013779376167804003,
    -0.04383992403745651,
    -0.013802608475089073,
    0.05173325538635254,
    0.06747590005397797,
    0.016090523451566696,
    -0.06258676946163177,
    -0.021470075473189354,
    0.02349173277616501,
    -0.0481770820915699,
    0.01186854112893343,
    0.004299508407711983,
    0.011063526384532452,
    0.010588564909994602,
    0.048817720264196396,
    -0.020076734945178032,
    -0.01525836531072855,
    0.06506689637899399,
    0.012285616248846054,
    0.09284252673387527,
    -0.041482556611299515,
    -0.07908129692077637,
    0.08949581533670425,
    0.046764861792325974,
    0.002106996485963464,
    -0.05531378835439682,
    0.02634340524673462,
    -0.05336599051952362,
    0.01113151479512453,
    0.03245164453983307,
    0.06137600541114807,
    0.012967739254236221,
    0.0038618305698037148,
    0.019058892503380775,
    0.05671719089150429,
    -0.01482231542468071,
    0.041642770171165466,
    -0.05404519662261009,
    -0.009152725338935852,
    0.02549758553504944,
    -0.08771315217018127,
    0.06886843591928482,
    -0.03529644012451172,
    0.022997936233878136,
    -0.007180900312960148,
    0.020343109965324402,
    -0.038001514971256256,
    0.025023093447089195,
    -0.07340042293071747,
    0.02768220193684101,
    0.06686761230230331,
    -0.056621450930833817,
    -0.04712486267089844,
    0.09823103249073029,
    0.00891051720827818,
    0.020896272733807564,
    0.019423149526119232,
    0.056762292981147766,
    -0.008986035361886024,
    -0.058072853833436966,
    0.051043640822172165,
    0.06269645690917969,
    -0.013879467733204365,
    0.024343373253941536,
    -0.016722295433282852,
    0.06395155191421509,
    -0.005536029115319252,
    -0.08492311090230942,
    -0.005010275170207024,
    0.042429279536008835,
    0.09225039929151535,
    0.018333135172724724,
    0.06892876327037811,
    0.0019752171356230974,
