{
  "embedding_files": [
    "new_1776234304948_gt_2.1s_f15.jpg",
    "new_1776234304948_gt_383.1s_f56.jpg",
    "new_1776234304948_gt_184.5s_f28.jpg",
    "gt_87.6s_f30.jpg",
    "new_1776234304948_gt_310.5s_f21.jpg"
  ],
  "backup_files": [
    "new_1776234304948_gt_1051.3s_f142.jpg",
    "gt_137.3s_f99.jpg",
    "gt_2.3s_f2.jpg",
    "new_1776234304948_gt_431.4s_f40.jpg",
    "new_1776234304948_gt_589.5s_f67.jpg",
    "new_1777919210560_gt_101.7s_f60.jpg",
    "new_1777919210560_gt_111.1s_f87.jpg",
    "new_1777919210560_gt_128.3s_f105.jpg",
    "new_1777919210560_gt_145.3s_f133.jpg",
    "new_1777919210560_gt_154.9s_f102.jpg",
    "new_1777919210560_gt_67.2s_f14.jpg",
    "new_1777919210560_gt_77.5s_f33.jpg",
    "new_1777919210560_gt_86.3s_f37.jpg",
    "new_1777919210560_gt_93.8s_f62.jpg"
  ],
  "scores": {
    "gt_2.3s_f2.jpg": 13.7992,
    "new_1776234304948_gt_1051.3s_f142.jpg": 15.1748,
    "new_1776234304948_gt_184.5s_f28.jpg": 60.6026,
    "new_1776234304948_gt_2.1s_f15.jpg": 282.3996,
    "new_1776234304948_gt_310.5s_f21.jpg": 15.8792,
    "new_1776234304948_gt_383.1s_f56.jpg": 76.3452,
    "new_1776234304948_gt_431.4s_f40.jpg": 12.2233,
    "new_1776234304948_gt_589.5s_f67.jpg": 12.1893,
    "gt_87.6s_f30.jpg": 18.3221,
    "gt_137.3s_f99.jpg": 14.4564
  },
  "approved_files": [
    "gt_2.3s_f2.jpg",
    "gt_33.8s_f24.jpg",
    "gt_217.1s_f66.jpg",
    "gt_73.0s_f40.jpg",
    "gt_324.5s_f114.jpg",
    "gt_117.2s_f25.jpg",
    "gt_211.2s_f6.jpg",
    "gt_300.2s_f36.jpg",
    "gt_399.0s_f56.jpg",
    "gt_499.6s_f72.jpg",
    "new_1776234304948_gt_1051.3s_f142.jpg",
    "new_1776234304948_gt_184.5s_f28.jpg",
    "new_1776234304948_gt_2.1s_f15.jpg",
    "new_1776234304948_gt_310.5s_f21.jpg",
    "new_1776234304948_gt_383.1s_f56.jpg",
    "new_1776234304948_gt_431.4s_f40.jpg",
    "new_1776234304948_gt_589.5s_f67.jpg",
    "new_1777919210560_gt_101.7s_f60.jpg",
    "new_1777919210560_gt_111.1s_f87.jpg",
    "new_1777919210560_gt_128.3s_f105.jpg",
    "new_1777919210560_gt_145.3s_f133.jpg",
    "new_1777919210560_gt_154.9s_f102.jpg",
    "new_1777919210560_gt_67.2s_f14.jpg",
    "new_1777919210560_gt_77.5s_f33.jpg",
    "new_1777919210560_gt_86.3s_f37.jpg",
    "new_1777919210560_gt_93.8s_f62.jpg"
  ],
  "mean_embedding": [
    -0.03317038342356682,
    -0.013779166154563427,
    -0.005124916322529316,
    -0.04008160158991814,
    -0.010456043295562267,
    0.05876317620277405,
    -0.010958904400467873,
    0.035325631499290466,
    -0.005178146064281464,
    0.07569346576929092,
    0.0519007071852684,
    -0.012916035018861294,
    0.025295620784163475,
    -0.03729872405529022,
    -0.0763600617647171,
    -0.028570935130119324,
    0.04842310771346092,
    -0.04931356757879257,
    0.0016019279137253761,
    -0.021106118336319923,
    0.025105929002165794,
    -0.033648937940597534,
    -0.02353650890290737,
    -0.036098871380090714,
    0.11738814413547516,
    0.024343423545360565,
    -0.0841393768787384,
    0.015730125829577446,
    0.07144051790237427,
    -0.019038241356611252,
    -0.008716966956853867,
    -0.03132545202970505,
    0.019001681357622147,
    0.008042327128350735,
    0.03012075647711754,
    0.008205483667552471,
    -0.023309819400310516,
    0.025934888049960136,
    0.03611982613801956,
    0.032449573278427124,
    -0.05055806413292885,
    0.010513345710933208,
    -0.07492441684007645,
    0.041209544986486435,
    0.01837727427482605,
    -0.008607909083366394,
    0.024890797212719917,
    0.07857806235551834,
    0.033754486590623856,
    0.035560909658670425,
    0.0005076552042737603,
    0.0942373275756836,
    -0.03467702865600586,
    0.0023431882727891207,
    0.04642963409423828,
    0.09980396181344986,
    -0.01224271859973669,
    -0.09659970551729202,
    -0.005696096923202276,
    -0.014969171956181526,
    -0.01999817043542862,
    -0.02404877543449402,
    0.0018669964047148824,
    0.04421146586537361,
    0.060720138251781464,
    0.029282942414283752,
    0.006046240217983723,
    -0.02475130558013916,
    0.04800631105899811,
    0.011133069172501564,
    -0.02782193012535572,
    0.05199353024363518,
    0.00917147658765316,
    -0.017244789749383926,
    -0.02088239975273609,
    0.0048308041878044605,
    -0.005882491823285818,
    0.04856587573885918,
    0.05676340311765671,
    0.06729110330343246,
    0.021656230092048645,
    -0.0971391499042511,
    -0.014244181104004383,
    -0.03283082693815231,
    0.010551252402365208,
    0.013930030167102814,
    0.004346786066889763,
    0.02640814706683159,
    0.028927449136972427,
    0.0011964988661929965,
    0.04365324601531029,
    0.05583924800157547,
    -0.028144164010882378,
    -0.013813200406730175,
    -0.05693652480840683,
    -0.016030805185437202,
    -0.08161906898021698,
    -0.013178947381675243,
    -0.02697758562862873,
    0.0336923785507679,
    -0.027414411306381226,
    -0.0484355166554451,
    0.019948754459619522,
    0.05900228023529053,
    0.002152341417968273,
    0.03947462886571884,
    0.084487184882164,
    -0.08013663440942764,
    0.04485079273581505,
    -0.04119337722659111,
    -0.02185136266052723,
    -0.0028507921379059553,
    -0.011310160160064697,
    -0.010094494558870792,
    -0.013597957789897919,
    0.050280433148145676,
    0.012463458813726902,
    -0.007198125123977661,
    -0.06347354501485825,
    0.09194806963205338,
    -0.07454636693000793,
    0.03246074542403221,
    -0.040274158120155334,
    0.013774804770946503,
    -0.05207524076104164,
    0.06877042353153229,
    -0.05198857933282852,
    -0.054363224655389786,
    -0.02047543227672577,
    -0.016970990225672722,
    -0.052413154393434525,
    0.015117203816771507,
    0.0004303879104554653,
    0.0037720079999417067,
    -0.14013738930225372,
    -0.069867804646492,
    -0.01327420398592949,
    -0.011657783761620522,
    -0.013336483389139175,
    0.0392608717083931,
    0.04422822222113609,
    -0.04299280047416687,
    -0.0013582557439804077,
    0.06025867536664009,
    0.009612632915377617,
    -0.03314118832349777,
    0.00979445781558752,
    -0.01444137841463089,
    -0.04621894285082817,
    -0.05116068944334984,
    0.0556642971932888,
    -0.012040192261338234,
    -0.038842055946588516,
    -0.08132261782884598,
    0.05319071561098099,
    -0.015209775418043137,
    0.0044882334768772125,
    0.01693246327340603,
    0.009430457837879658,
    0.08715445548295975,
    0.0053619942627847195,
    -0.005314345471560955,
    0.008560278452932835,
    0.10836334526538849,
    -0.020467709749937057,
    0.05433334782719612,
    -0.14495742321014404,
    0.029209736734628677,
    -0.06710504740476608,
    0.03655565157532692,
    -0.0017213781829923391,
    -0.01169900968670845,
    0.03808235749602318,
    0.022374209016561508,
    -0.0033547068014740944,
    -0.046670205891132355,
    -0.020877521485090256,
    0.04708408564329147,
    0.0587344765663147,
    0.0317239947617054,
    -0.06353004276752472,
    -0.006480280309915543,
    0.00502332067117095,
    -0.04784834384918213,
    0.009971179999411106,
    0.0004195382061880082,
    0.00968769658356905,
    0.038145098835229874,
    0.022941676899790764,
    -0.016571400687098503,
    -0.011498382315039635,
    0.06280823051929474,
    0.005176495760679245,
    0.07307720929384232,
    -0.05810490995645523,
    -0.09822545200586319,
    0.08847305923700333,
    0.041071247309446335,
    0.0062297191470861435,
    -0.043671250343322754,
    0.028771447017788887,
    -0.05012219399213791,
    0.01089745294302702,
    0.04982250928878784,
    0.05345628783106804,
    0.0340864472091198,
    0.001718238228932023,
    0.031051049008965492,
    0.04705226421356201,
    -0.008832191117107868,
    0.04826897382736206,
    -0.038057807832956314,
    -0.02934662252664566,
    0.03128388896584511,
    -0.07430092245340347,
    0.07227056473493576,
    -0.040066588670015335,
    0.017729267477989197,
    0.0006093291449360549,
    0.007494686171412468,
