{
  "embedding_files": [
    "new_1776234253382_gt_2.1s_f4.jpg",
    "new_1776234253382_gt_383.1s_f64.jpg",
    "new_1776234253382_gt_589.1s_f96.jpg",
    "new_1776234253382_gt_184.5s_f24.jpg",
    "gt_247.5s_f284.jpg",
    "gt_101.7s_f62.jpg",
    "gt_194.9s_f215.jpg",
    "gt_266.2s_f307.jpg",
    "gt_67.2s_f21.jpg",
    "gt_86.3s_f42.jpg"
  ],
  "backup_files": [],
  "scores": {
    "new_1776234253382_gt_184.5s_f24.jpg": 105.0621,
    "new_1776234253382_gt_2.1s_f4.jpg": 313.6877,
    "new_1776234253382_gt_383.1s_f64.jpg": 163.961,
    "new_1776234253382_gt_589.1s_f96.jpg": 160.6381,
    "gt_247.5s_f284.jpg": 48.5645,
    "gt_266.2s_f307.jpg": 47.2662,
    "gt_194.9s_f215.jpg": 42.7632,
    "gt_101.7s_f62.jpg": 41.537,
    "gt_67.2s_f21.jpg": 41.2552,
    "gt_86.3s_f42.jpg": 37.2509
  },
  "approved_files": [
    "new_1776234253382_gt_184.5s_f24.jpg",
    "new_1776234253382_gt_2.1s_f4.jpg",
    "new_1776234253382_gt_383.1s_f64.jpg",
    "new_1776234253382_gt_589.1s_f96.jpg",
    "gt_101.7s_f62.jpg",
    "gt_194.9s_f215.jpg",
    "gt_247.5s_f284.jpg",
    "gt_266.2s_f307.jpg",
    "gt_67.2s_f21.jpg",
    "gt_86.3s_f42.jpg"
  ],
  "mean_embedding": [
    -0.0034105684608221054,
    0.10368836671113968,
    0.0217727180570364,
    -0.027771824970841408,
    0.04540649428963661,
    0.10391457378864288,
    -0.053899675607681274,
    -0.08034581691026688,
    -0.034029923379421234,
    0.03631254658102989,
    0.0632094293832779,
    -0.02838626317679882,
    0.03555145859718323,
    0.02564944513142109,
    0.08060575276613235,
    -0.04616136476397514,
    -0.032062213867902756,
    0.0789891853928566,
    0.06684686243534088,
    -0.05457167699933052,
    0.044710271060466766,
    -0.06387457251548767,
    0.022053010761737823,
    -0.048226792365312576,
    -0.0028020788449794054,
    -0.1140068992972374,
    -0.06259296089410782,
    -0.0631989911198616,
    -0.021759696304798126,
    0.06550738960504532,
    -1.3124737961334176e-05,
    -0.0034752199426293373,
    0.013647366315126419,
    -0.007976960390806198,
    0.01871185004711151,
    0.008307729847729206,
    -0.006723651196807623,
    -0.03308125585317612,
    0.027483832091093063,
    0.08980708569288254,
    0.01769799366593361,
    0.014274995774030685,
    0.08262030780315399,
    0.0694928914308548,
    0.00032542843837291,
    0.06167059391736984,
    0.05972146987915039,
    -0.039757922291755676,
    -0.008434689603745937,
    -0.08424483239650726,
    -0.027786651626229286,
    0.006230582483112812,
    -0.04965462163090706,
    -0.02638920769095421,
    -0.0014738801401108503,
    0.014488833956420422,
    -0.030415654182434082,
    0.03411775454878807,
    0.07135826349258423,
    0.0162793081253767,
    0.049826107919216156,
    0.029595036059617996,
    -0.016667472198605537,
    -0.014723334461450577,
    -0.001404807437211275,
    -0.02080758474767208,
    -0.042131099849939346,
    -0.047687675803899765,
    0.07585891336202621,
    -0.01596979796886444,
    -0.003652869025245309,
    -0.05118227377533913,
    0.05207530036568642,
    -0.03526727855205536,
    0.0341157540678978,
    -0.035014305263757706,
    0.04978875070810318,
    -0.09235061705112457,
    0.06646762043237686,
    0.01665351167321205,
    -0.004824778065085411,
    -0.046997666358947754,
    0.0033211768604815006,
    0.06784681230783463,
    0.026347538456320763,
    -0.04397285729646683,
    -0.009398228488862514,
    -0.021243968978524208,
    -0.05894623324275017,
    0.03576989099383354,
    -0.01241113618016243,
    0.12193315476179123,
    -0.03341115638613701,
    -0.07405165582895279,
    -0.025735970586538315,
    -0.014722186140716076,
    0.052564267069101334,
    0.024213271215558052,
    -0.05101383849978447,
    0.010901552625000477,
    -0.007929246872663498,
    0.04482461139559746,
    0.048771411180496216,
    0.04703541100025177,
    -0.018497219309210777,
    -0.011564869433641434,
    -0.0036427390296012163,
    -0.10114140063524246,
    -0.04109050706028938,
    -0.0028988090343773365,
    0.07482365518808365,
    0.038016777485609055,
    -0.029066301882267,
    0.011381984688341618,
    -0.02645028755068779,
    0.07421847432851791,
    -0.054438747465610504,
    0.05339527875185013,
    -0.10053626447916031,
    0.05026794597506523,
    -0.04129181429743767,
    0.012578039430081844,
    -0.023005979135632515,
    -0.025508657097816467,
    -0.05550296604633331,
    0.05828481540083885,
    0.007986950688064098,
    -0.02860688790678978,
    -0.04286675900220871,
    0.03376569226384163,
    -0.026063449680805206,
    0.01068973634392023,
    -0.04516419768333435,
    0.06030678004026413,
    -0.03518524020910263,
    -0.04296155646443367,
    -0.009397005662322044,
    0.01608920842409134,
    -0.014428549446165562,
    -0.03801051154732704,
    0.02490665763616562,
    0.05300075560808182,
    0.06404973566532135,
    -0.00902149174362421,
    0.00025304447626695037,
    -0.01539944764226675,
    0.004305883776396513,
    -0.032555948942899704,
    -0.005003615282475948,
    0.02386985532939434,
    -0.045559726655483246,
    -0.06857121735811234,
    -0.004966087639331818,
    -0.037488505244255066,
    -0.030010640621185303,
    -0.04678928852081299,
    0.05338806286454201,
    0.03968602418899536,
    -0.08416964113712311,
    0.013530584052205086,
    0.03983154147863388,
    0.06469393521547318,
    -0.049024999141693115,
    0.02018318511545658,
    -0.07810381054878235,
    0.02551521174609661,
    -0.0843549445271492,
    -0.00479890126734972,
    -0.006777248810976744,
    -0.02640658989548683,
    0.009393095970153809,
    0.017819389700889587,
    -0.08012092858552933,
    0.051650337874889374,
    -0.03435290977358818,
    -0.01279011182487011,
    -0.017465198412537575,
    -0.04728889465332031,
    0.0640934631228447,
    0.02330171689391136,
    0.0014273308916017413,
    0.00970723107457161,
    0.0023656447883695364,
    -0.07512139528989792,
    0.03152056783437729,
    -0.09973318874835968,
    0.0737682655453682,
    -0.03094564937055111,
    0.042950570583343506,
    0.06006142124533653,
    0.01614358462393284,
    0.015789305791258812,
    -0.013201575726270676,
    -0.06411373615264893,
    -0.006412842310965061,
    0.020805155858397484,
    -0.005974363069981337,
    -0.021704310551285744,
    0.015604320913553238,
    -0.018252646550536156,
    0.019190305843949318,
    -0.026837415993213654,
    -0.03083784133195877,
    0.0022060542833060026,
    0.0008344542002305388,
    0.0067778779193758965,
    -0.015013432130217552,
    -0.03766332194209099,
    -0.026174472644925117,
    0.046022530645132065,
    -0.054605208337306976,
    0.011598356999456882,
    0.018512610346078873,
    0.10738494247198105,
    -0.003168456256389618,
    -0.0351576954126358,
    -0.01665487140417099,
    0.02715626358985901,
    0.031608279794454575,
    -0.005281633231788874,
    0.0068450551480054855,
    0.022058572620153427,
    0.007648857310414314,
    -0.06937530636787415,
    0.006175380200147629,
    0.04274371266365051,
    0.055483873933553696,
    0.029985221102833748,
    0.010890990495681763,
    -0.09550850838422775,
    -0.03590593859553337,
    -0.025285787880420685,
    0.03328356891870499,
    0.023953760042786598,
    -0.03381223976612091,
    0.07213642448186874,
    0.028903409838676453,
    0.0063301813788712025,
    -0.0020671968813985586,
    0.029741590842604637,
    -0.02483692392706871,
    -0.010608353652060032,
    -0.03636229783296585,
    -0.00195387308485806,
    0.06443790346384048,
    -0.09309099614620209,
    0.004998216405510902,
    0.028016768395900726,
    -0.06124069541692734,
    0.011808998882770538,
    0.008330382406711578,
    0.004189976491034031,
    0.08720550686120987,
    -0.03620346635580063,
    9.80192344286479e-05,
    -0.03005925752222538,
    0.0012153034331277013,
    -0.032895199954509735,
    0.05267520993947983,
    0.016180234029889107,
    -0.08625173568725586,
    -0.08173338323831558,
