{
  "embedding_files": [
    "new_1776234253382_gt_2.1s_f4.jpg",
    "new_1776234253382_gt_383.1s_f64.jpg",
    "new_1776234253382_gt_589.1s_f96.jpg",
    "new_1776234253382_gt_184.5s_f24.jpg",
    "gt_247.5s_f284.jpg"
  ],
  "backup_files": [
    "gt_101.7s_f62.jpg",
    "gt_194.9s_f215.jpg",
    "gt_266.2s_f307.jpg",
    "gt_67.2s_f21.jpg",
    "gt_86.3s_f42.jpg"
  ],
  "scores": {
    "new_1776234253382_gt_184.5s_f24.jpg": 105.0621,
    "new_1776234253382_gt_2.1s_f4.jpg": 313.6877,
    "new_1776234253382_gt_383.1s_f64.jpg": 163.961,
    "new_1776234253382_gt_589.1s_f96.jpg": 160.6381,
    "gt_247.5s_f284.jpg": 48.5645,
    "gt_266.2s_f307.jpg": 47.2662,
    "gt_194.9s_f215.jpg": 42.7632,
    "gt_101.7s_f62.jpg": 41.537,
    "gt_67.2s_f21.jpg": 41.2552,
    "gt_86.3s_f42.jpg": 37.2509
  },
  "approved_files": [
    "new_1776234253382_gt_184.5s_f24.jpg",
    "new_1776234253382_gt_2.1s_f4.jpg",
    "new_1776234253382_gt_383.1s_f64.jpg",
    "new_1776234253382_gt_589.1s_f96.jpg",
    "gt_101.7s_f62.jpg",
    "gt_194.9s_f215.jpg",
    "gt_247.5s_f284.jpg",
    "gt_266.2s_f307.jpg",
    "gt_67.2s_f21.jpg",
    "gt_86.3s_f42.jpg"
  ],
  "mean_embedding": [
    -0.00811003427952528,
    0.0811457708477974,
    0.009624159894883633,
    -0.04300808906555176,
    0.02723447047173977,
    0.07636397331953049,
    -0.06326065957546234,
    -0.10948120802640915,
    -0.04960588365793228,
    0.04264839366078377,
    0.06486675143241882,
    -0.03406801074743271,
    0.05453040450811386,
    0.018557004630565643,
    0.0734325647354126,
    -0.035129956901073456,
    -0.015310421586036682,
    0.07255667448043823,
    0.06835119426250458,
    -0.03982812538743019,
    0.026910029351711273,
    -0.060769688338041306,
    0.005819160025566816,
    -0.035093728452920914,
    0.007473964709788561,
    -0.11688834428787231,
    -0.058688078075647354,
    -0.05887163057923317,
    -0.03346755728125572,
    0.07679454237222672,
    0.011556360870599747,
    -0.026336921378970146,
    -0.025782745331525803,
    0.0030075148679316044,
    0.011716039851307869,
    -0.013500736095011234,
    -0.0056650047190487385,
    -0.036234401166439056,
    0.02614181488752365,
    0.10273072123527527,
    0.011524294503033161,
    0.01408443320542574,
    0.09842886030673981,
    0.06051827222108841,
    0.009064898826181889,
    0.07221052795648575,
    0.04298582300543785,
    -0.011967405676841736,
    -0.00013839872553944588,
    -0.08013518154621124,
    -0.020727384835481644,
    -0.01636890135705471,
    -0.06979741901159286,
    -0.02639743871986866,
    0.0012250716099515557,
    0.014348804950714111,
    -0.008964987471699715,
    0.049637649208307266,
    0.06168891862034798,
    0.01164464745670557,
    0.05324343964457512,
    0.0476004034280777,
    -0.020392877981066704,
    -0.02464154176414013,
    -0.00279983039945364,
    -0.01682606153190136,
    -0.02311290055513382,
    -0.03035852313041687,
    0.04253095015883446,
    -0.003970073536038399,
    -0.013222703710198402,
    -0.05522400513291359,
    0.03948545083403587,
    -0.044682394713163376,
    0.03531560301780701,
    -0.04217642545700073,
    0.054853830486536026,
    -0.08192681521177292,
    0.05248275771737099,
    0.011107450351119041,
    0.0021960993763059378,
    -0.04885120689868927,
    -0.012126867659389973,
    0.06963393837213516,
    0.043437354266643524,
    -0.03780023008584976,
    0.012755763716995716,
    -0.026448577642440796,
    -0.05563519150018692,
    0.04369015246629715,
    -0.0185328908264637,
    0.10976245999336243,
    -0.011960872448980808,
    -0.06573550403118134,
    -0.024265140295028687,
    -0.014330434612929821,
    0.020424798130989075,
    0.0029277908615767956,
    -0.07666350901126862,
    0.014426148496568203,
    -0.004896995611488819,
    0.044030267745256424,
    0.04045763611793518,
    0.05724094808101654,
    -0.043259479105472565,
    -0.0013903736835345626,
    0.013211527839303017,
    -0.09863641858100891,
    -0.04716116562485695,
    -0.01431152131408453,
    0.08681262284517288,
    0.04546814039349556,
    -0.02939448319375515,
    0.015486463904380798,
    -0.025537999346852303,
    0.07382030040025711,
    -0.04280306026339531,
    0.05744403973221779,
    -0.11233717203140259,
    0.08346175402402878,
    -0.03965947777032852,
    0.01766682043671608,
    0.0025258096866309643,
    -0.04925397410988808,
    -0.03804277256131172,
    0.06634660810232162,
    0.004631232935935259,
    -0.01343674585223198,
    -0.04167666658759117,
    0.04501735046505928,
    -0.01581702008843422,
    0.016235556453466415,
    -0.03219772130250931,
    0.04638699069619179,
    -0.05326366424560547,
    -0.02978421561419964,
    -0.008888814598321915,
    0.01736539974808693,
    -0.0007587925647385418,
    -0.03624053671956062,
    0.015502151101827621,
    0.05419294908642769,
    0.05515778064727783,
    -0.007979589514434338,
    -0.027454378083348274,
    0.03272862732410431,
    0.005443175323307514,
    -0.048492178320884705,
    -0.01117541640996933,
    0.03341031074523926,
    -0.03230934217572212,
    -0.07709846645593643,
    0.00435496773570776,
    -0.04875294119119644,
    -0.0007956428453326225,
    -0.04298354312777519,
    0.06404008716344833,
    0.019963830709457397,
    -0.08012394607067108,
    -0.010532630607485771,
    0.018551742658019066,
    0.045711345970630646,
    -0.0571475587785244,
    0.03496108204126358,
    -0.060329973697662354,
    0.03595367446541786,
    -0.07265312969684601,
    -0.002398234559223056,
    -0.02373230643570423,
    -0.020391233265399933,
    -0.01088718418031931,
    0.008435345254838467,
    -0.05912451073527336,
    0.040369462221860886,
    -0.023339370265603065,
    0.0031566524412482977,
    -0.017129715532064438,
    -0.03689870238304138,
    0.061562810093164444,
    0.027888016775250435,
    0.007271039765328169,
    0.012757952325046062,
    0.005837657023221254,
    -0.07189369946718216,
    0.02427048236131668,
    -0.08010981231927872,
    0.04478602111339569,
    -0.045097917318344116,
    0.02694309502840042,
    0.055604707449674606,
    0.013668487779796124,
    0.0019782509189099073,
    -0.009226027876138687,
    -0.05545495077967644,
    0.0015024116728454828,
    0.029450368136167526,
    -0.0188846867531538,
    -0.01966545358300209,
    0.03315744176506996,
    0.0032488920260220766,
    0.01792149618268013,
    -0.020515872165560722,
    -0.020425621420145035,
    0.023460857570171356,
    -0.021730568259954453,
    0.007064477540552616,
    0.00600180821493268,
    -0.0229224544018507,
    0.003569937776774168,
    0.036555178463459015,
    -0.046423379331827164,
    -0.007902394980192184,
    -0.01037057489156723,
    0.11675190925598145,
    0.021088160574436188,
    -0.04895573481917381,
    -0.04358335956931114,
    0.008822010830044746,
    0.011859381571412086,
    0.0010381370084360242,
    0.019349392503499985,
    0.025058360770344734,
    0.05146343633532524,
    -0.06517458707094193,
    0.002041182015091181,
    0.047609828412532806,
    0.03348584845662117,
    -0.00007553734030807391,
    -0.008797453716397285,
    -0.10202722996473312,
    -0.03639001026749611,
    -0.02094520814716816,
    0.029565975069999695,
    0.0334189273416996,
    -0.006802549585700035,
    0.08741850405931473,
    0.04972058907151222,
    -0.0009408656042069197,
    -0.005362264811992645,
    0.05106871575117111,
    -0.028112459927797318,
    -0.008066451177001,
    -0.0437878742814064,
    0.02773527428507805,
    0.06249957159161568,
    -0.08975312113761902,
    -0.003316277638077736,
    0.016858575865626335,
    -0.07115703821182251,
    0.004274904262274504,
    0.009692802093923092,
    0.01229175552725792,
    0.10256482660770416,
    -0.04326237365603447,
    0.0045834132470190525,
    -0.014321133494377136,
    0.008537113666534424,
    -0.029963567852973938,
    0.05746087804436684,
    0.020646829158067703,
    -0.08434568345546722,
    -0.08794121444225311,
