{
  "embedding_files": [
    "new_1776234253382_gt_2.1s_f4.jpg",
    "new_1776234253382_gt_383.1s_f64.jpg",
    "new_1776234253382_gt_589.1s_f96.jpg",
    "new_1776234253382_gt_184.5s_f24.jpg",
    "gt_247.5s_f284.jpg",
    "gt_101.7s_f62.jpg",
    "gt_194.9s_f215.jpg",
    "gt_266.2s_f307.jpg",
    "gt_67.2s_f21.jpg",
    "gt_86.3s_f42.jpg"
  ],
  "backup_files": [],
  "scores": {
    "new_1776234253382_gt_184.5s_f24.jpg": 105.0621,
    "new_1776234253382_gt_2.1s_f4.jpg": 313.6877,
    "new_1776234253382_gt_383.1s_f64.jpg": 163.961,
    "new_1776234253382_gt_589.1s_f96.jpg": 160.6381,
    "gt_247.5s_f284.jpg": 48.5645,
    "gt_266.2s_f307.jpg": 47.2662,
    "gt_194.9s_f215.jpg": 42.7632,
    "gt_101.7s_f62.jpg": 41.537,
    "gt_67.2s_f21.jpg": 41.2552,
    "gt_86.3s_f42.jpg": 37.2509
  },
  "approved_files": [
    "new_1776234253382_gt_184.5s_f24.jpg",
    "new_1776234253382_gt_2.1s_f4.jpg",
    "new_1776234253382_gt_383.1s_f64.jpg",
    "new_1776234253382_gt_589.1s_f96.jpg",
    "gt_101.7s_f62.jpg",
    "gt_194.9s_f215.jpg",
    "gt_247.5s_f284.jpg",
    "gt_266.2s_f307.jpg",
    "gt_67.2s_f21.jpg",
    "gt_86.3s_f42.jpg"
  ],
  "mean_embedding": [
    -0.0034105528611689806,
    0.10369624197483063,
    0.0217710193246603,
    -0.027774950489401817,
    0.045412927865982056,
    0.10391110181808472,
    -0.05390744283795357,
    -0.08034516125917435,
    -0.03403158858418465,
    0.03630896657705307,
    0.06320516020059586,
    -0.028386613354086876,
    0.03555096313357353,
    0.025648370385169983,
    0.08060602843761444,
    -0.04615883156657219,
    -0.03207172453403473,
    0.0789785161614418,
    0.06684765219688416,
    -0.054567545652389526,
    0.04471580311655998,
    -0.0638706386089325,
    0.022055163979530334,
    -0.048221610486507416,
    -0.002796534914523363,
    -0.11400611698627472,
    -0.06259937584400177,
    -0.06319279968738556,
    -0.021756859496235847,
    0.06551703065633774,
    -1.8336475477553904e-05,
    -0.0034700881224125624,
    0.013642658479511738,
    -0.007979283109307289,
    0.018714988604187965,
    0.008311640471220016,
    -0.006732701323926449,
    -0.03308560699224472,
    0.0274797473102808,
    0.08980493992567062,
    0.017692942172288895,
    0.014272096566855907,
    0.08262012153863907,
    0.06948927789926529,
    0.0003323350683785975,
    0.061655569821596146,
    0.0597166009247303,
    -0.03975650295615196,
    -0.008428612723946571,
    -0.08424583077430725,
    -0.027791092172265053,
    0.006225657183676958,
    -0.04965783655643463,
    -0.02638796903192997,
    -0.0014710499672219157,
    0.014481640420854092,
    -0.03041817992925644,
    0.03412140533328056,
    0.07136201113462448,
    0.01627558469772339,
    0.049832914024591446,
    0.029610592871904373,
    -0.016667049378156662,
    -0.014725442044436932,
    -0.0014045253628864884,
    -0.02081400528550148,
    -0.042139481753110886,
    -0.047685571014881134,
    0.07585472613573074,
    -0.015973052009940147,
    -0.003639282425865531,
    -0.05118812620639801,
    0.05207126960158348,
    -0.035258278250694275,
    0.03412151709198952,
    -0.03501718118786812,
    0.04979737848043442,
    -0.09235407412052155,
    0.06647062301635742,
    0.01664762943983078,
    -0.0048312959261238575,
    -0.047003667801618576,
    0.0033194932620972395,
    0.06784627586603165,
    0.02634313330054283,
    -0.04398656263947487,
    -0.009400087408721447,
    -0.02124761790037155,
    -0.05894748866558075,
    0.03576326742768288,
    -0.01240531075745821,
    0.1219249814748764,
    -0.03342313691973686,
    -0.07404746860265732,
    -0.025721848011016846,
    -0.014728482812643051,
    0.05256465822458267,
    0.024213766679167747,
    -0.051013026386499405,
    0.010891938582062721,
    -0.007930472493171692,
    0.0448220819234848,
    0.048771582543849945,
    0.04704078286886215,
    -0.018493376672267914,
    -0.011560157872736454,
    -0.0036431176122277975,
    -0.10114294290542603,
    -0.04108672961592674,
    -0.0028964015655219555,
    0.07482793927192688,
    0.03801734000444412,
    -0.029070738703012466,
    0.011370375752449036,
    -0.026445478200912476,
    0.07421644032001495,
    -0.054425954818725586,
    0.053393781185150146,
    -0.10053158551454544,
    0.05027250573039055,
    -0.0412890799343586,
    0.012566225603222847,
    -0.02298835664987564,
    -0.025508344173431396,
    -0.05550069734454155,
    0.05829763785004616,
    0.007995215244591236,
    -0.028610019013285637,
    -0.042863279581069946,
    0.03375384956598282,
    -0.026061110198497772,
    0.010685386136174202,
    -0.04516196250915527,
    0.060310568660497665,
    -0.03519482538104057,
    -0.042957451194524765,
    -0.009398186579346657,
    0.016097454354166985,
    -0.014432367868721485,
    -0.03800683096051216,
    0.024907059967517853,
    0.052996981889009476,
    0.06404242664575577,
    -0.00901828147470951,
    0.00026173755759373307,
    -0.015397606417536736,
    0.004302624147385359,
    -0.03255968913435936,
    -0.005005985964089632,
    0.02388126775622368,
    -0.0455576553940773,
    -0.06856308877468109,
    -0.004968589637428522,
    -0.03749021887779236,
    -0.030016286298632622,
    -0.046782784163951874,
    0.053391993045806885,
    0.03968352824449539,
    -0.08416591584682465,
    0.013530549593269825,
    0.039825569838285446,
    0.0646943747997284,
    -0.04903063178062439,
    0.020176785066723824,
    -0.07810436934232712,
    0.025515304878354073,
    -0.08436328917741776,
    -0.00479557691141963,
    -0.00677370373159647,
    -0.026413243263959885,
    0.009392946027219296,
    0.01782507635653019,
    -0.08011800050735474,
    0.051660630851984024,
    -0.034355681389570236,
    -0.012789670377969742,
    -0.017449313774704933,
    -0.04728799685835838,
    0.06410402804613113,
    0.023297391831874847,
    0.0014294865541160107,
    0.00970909558236599,
    0.0023653279058635235,
    -0.07511945068836212,
    0.0315108448266983,
    -0.09973061084747314,
    0.07377541065216064,
    -0.03094208799302578,
    0.04294271394610405,
    0.06006327271461487,
    0.016146307811141014,
    0.01578596979379654,
    -0.013214349746704102,
    -0.06411265581846237,
    -0.006413975730538368,
    0.020807629451155663,
    -0.005978599190711975,
    -0.02170219086110592,
    0.015615112148225307,
    -0.018246211111545563,
    0.019205497577786446,
    -0.026833174750208855,
    -0.03084675967693329,
    0.002223862800747156,
    0.0008338406914845109,
    0.006771547719836235,
    -0.015013330616056919,
    -0.03766682371497154,
    -0.026173196732997894,
    0.04602615907788277,
    -0.05460295453667641,
    0.011607303284108639,
    0.0185159370303154,
    0.10738132894039154,
    -0.0031579616479575634,
    -0.03515688329935074,
    -0.016654884442687035,
    0.027160733938217163,
    0.03160654008388519,
    -0.005280813667923212,
    0.0068425871431827545,
    0.022053232416510582,
    0.007652651984244585,
    -0.06937269866466522,
    0.006170560140162706,
    0.04274220019578934,
    0.055480632930994034,
    0.029978083446621895,
    0.010888628661632538,
    -0.09551149606704712,
    -0.03590603917837143,
    -0.025289488956332207,
    0.033286117017269135,
    0.02394690550863743,
    -0.03380203992128372,
    0.07213269174098969,
    0.028898578137159348,
    0.00633678212761879,
    -0.002066366607323289,
    0.0297374464571476,
    -0.024844704195857048,
    -0.01059696450829506,
    -0.036358222365379333,
    -0.001953816507011652,
    0.06444843858480453,
    -0.09309004992246628,
    0.004995850846171379,
    0.028023611754179,
    -0.061245448887348175,
    0.011805208399891853,
    0.008321995846927166,
    0.004192781168967485,
    0.08720476925373077,
    -0.03621462732553482,
    9.356942609883845e-05,
    -0.030061759054660797,
    0.0012162541970610619,
    -0.03290199115872383,
    0.0526762492954731,
    0.016187621280550957,
    -0.08624003827571869,
    -0.08173270523548126,
