{
  "embedding_files": [
    "gt_890.5s_f113.jpg",
    "gt_589.5s_f62.jpg",
    "gt_431.4s_f37.jpg",
    "gt_1051.3s_f138.jpg",
    "gt_742.8s_f89.jpg"
  ],
  "backup_files": [],
  "scores": {
    "gt_589.5s_f62.jpg": 11.7051,
    "gt_431.4s_f37.jpg": 4.6044,
    "gt_742.8s_f89.jpg": 3.5582,
    "gt_890.5s_f113.jpg": 12.8347,
    "gt_1051.3s_f138.jpg": 4.3216
  },
  "approved_files": [
    "gt_890.5s_f113.jpg",
    "gt_589.5s_f62.jpg",
    "gt_431.4s_f37.jpg",
    "gt_1051.3s_f138.jpg",
    "gt_742.8s_f89.jpg"
  ],
  "mean_embedding": [
    0.020963681861758232,
    0.0371430478990078,
    -0.010556474328041077,
    0.03240421414375305,
    0.0005793850868940353,
    0.014589056372642517,
    -0.06697705388069153,
    0.06973422318696976,
    0.015051121823489666,
    0.016418103128671646,
    0.010279286652803421,
    -0.02610991708934307,
    -0.013776429928839207,
    0.02124733477830887,
    -0.03904573991894722,
    -0.03308456018567085,
    0.02793711982667446,
    0.02498723194003105,
    -0.022822702303528786,
    -0.016464941203594208,
    -0.03605470061302185,
    -0.07401782274246216,
    -0.052387598901987076,
    0.03850026801228523,
    0.0768374353647232,
    0.001635624677874148,
    -0.04566851258277893,
    0.005233031697571278,
    0.006673651281744242,
    0.05250795930624008,
    -0.019611231982707977,
    -0.04433901980519295,
    0.038766611367464066,
    -0.07842304557561874,
    -0.06211397424340248,
    -0.06437163800001144,
    -0.0389266200363636,
    -0.054113131016492844,
    0.08710487931966782,
    0.014602558687329292,
    0.008223644457757473,
    0.022389313206076622,
    -0.02187887206673622,
    -0.00787785928696394,
    -0.04170325770974159,
    0.04690342769026756,
    -0.03231893479824066,
    0.0481252521276474,
    0.09224458783864975,
    -0.06684061884880066,
    -0.03123486414551735,
    -0.02170517109334469,
    -0.035335589200258255,
    0.07072195410728455,
    0.018745865672826767,
    -0.012344278395175934,
    0.03404848650097847,
    -0.02583341673016548,
    -0.03495755046606064,
    0.08523808419704437,
    0.010563217103481293,
    0.06709449738264084,
    0.009788044728338718,
    -0.019971955567598343,
    0.0730123519897461,
    0.0626714900135994,
    -0.07106603682041168,
    0.01327795535326004,
    -0.002275531180202961,
    0.0432606115937233,
    0.02473079413175583,
    -0.027794508263468742,
    -0.008030884899199009,
    -0.08822447061538696,
    -0.07841277122497559,
    -0.007293654605746269,
    0.027552802115678787,
    -0.0418885163962841,
    0.06176012009382248,
    -0.028379986062645912,
    -0.026768380776047707,
    -0.021652832627296448,
    -0.055417656898498535,
    0.06809572875499725,
    0.010695948265492916,
    0.019800323992967606,
    0.0734565407037735,
    -0.039546892046928406,
    0.004959021229296923,
    0.0204559788107872,
    -0.014530821703374386,
    0.06166217103600502,
    0.03744638338685036,
    -0.014360724948346615,
    0.003778238780796528,
    -0.005503587890416384,
    -0.0769295021891594,
    -0.056040748953819275,
    -0.01244764868170023,
    -0.052730951458215714,
    0.012457511387765408,
    0.042498163878917694,
    -0.004420198034495115,
    0.0021196615416556597,
    -0.039906956255435944,
    0.01574118621647358,
    0.03192710876464844,
    -0.07578808069229126,
    -0.021748680621385574,
    0.020903760567307472,
    -0.0014701650943607092,
    -0.00667465990409255,
    -0.060587670654058456,
    -0.029016058892011642,
    0.019823098555207253,
    0.04033248871564865,
    -0.021796660497784615,
    0.01658349670469761,
    -0.06278538703918457,
    0.07201241701841354,
    0.015242844820022583,
    0.006941052153706551,
    0.010491264052689075,
    -0.0008720553596504033,
    -0.008386723697185516,
    0.02378811314702034,
    0.0649949386715889,
    0.017469273880124092,
    -0.019657840952277184,
    -0.03198276087641716,
    -0.014698869548738003,
    0.07979898154735565,
    0.04309079051017761,
    0.03330313414335251,
    0.02425314113497734,
    -0.008825782686471939,
    -0.001172129763290286,
    -0.015513721853494644,
    0.05339399352669716,
    0.06778584420681,
    0.1206962838768959,
    0.026126446202397346,
    -0.1293838620185852,
    -0.02554960921406746,
    -0.02747880294919014,
    -0.05213429778814316,
    0.025920415297150612,
    0.09958093613386154,
    0.0002560343127697706,
    0.017486102879047394,
    -0.0031069524120539427,
    0.006682927720248699,
    0.001953655853867531,
    -0.02044582925736904,
    -0.012739376164972782,
    -0.021458150818943977,
    0.025112207978963852,
    0.08613008260726929,
    0.009110283106565475,
    0.025258975103497505,
    0.09447673708200455,
    0.021595178171992302,
    -0.002279658569023013,
    0.038141995668411255,
    -0.0931638553738594,
    -0.005007622763514519,
    -0.067200668156147,
    0.02854924276471138,
    -0.047137171030044556,
    -0.02812943607568741,
    0.02985364943742752,
    0.01557073649019003,
    0.04664434865117073,
    0.060128290206193924,
    -0.02636040560901165,
    0.06150585785508156,
    -0.0528743714094162,
    -0.00024913603556342423,
    -0.05220096930861473,
    -0.004818414803594351,
    0.01637849025428295,
    -0.10961645841598511,
    -0.05208759754896164,
    -0.008996209129691124,
    -0.017359931021928787,
    0.09070957452058792,
    -0.04475118964910507,
    -0.07866928726434708,
    0.022979801520705223,
    -0.042051829397678375,
    -0.04542258381843567,
    -0.004126716870814562,
    0.015481394715607166,
    0.022706694900989532,
    -0.039516381919384,
    -0.00612205546349287,
    0.003715038998052478,
    -0.09032703936100006,
    0.014591497369110584,
    -0.038532428443431854,
    -0.022051911801099777,
    0.044766616076231,
    0.026189180091023445,
    0.03502768278121948,
    0.015315433032810688,
    0.06379549950361252,
    0.012791801244020462,
    -0.03173753619194031,
    0.07940058410167694,
    -0.06341815739870071,
    -0.09183008968830109,
    0.0793384462594986,
    0.07388626039028168,
    -0.024282997474074364,
    -0.005358248483389616,
    -0.02348642237484455,
    -0.11481641978025436,
    0.02649306319653988,
    -0.023442769423127174,
    -0.05173499509692192,
    0.016266757622361183,
    0.04395786672830582,
    0.05678732320666313,
    -0.01716483198106289,
    0.013761335052549839,
    -0.06933645904064178,
    -0.027999231591820717,
    0.03379020094871521,
    -0.015531742945313454,
    -0.12560974061489105,
    -0.006613444536924362,
    0.006911788135766983,
    0.027551954612135887,
    -0.00839499942958355,
    0.04136265069246292,
    0.015092252753674984,
    0.03051409125328064,
    -0.05412515997886658,
    0.06153203919529915,
    0.028767606243491173,
    -0.033183325082063675,
    -0.0694405809044838,
    -0.013550723902881145,
    -0.004789381753653288,
    0.04844016581773758,
    0.04211897403001785,
    0.022547533735632896,
    0.013044889084994793,
    -0.02930811606347561,
    0.05579715967178345,
    0.027281535789370537,
    0.020036771893501282,
    0.0007038548937998712,
    0.0649419054389,
    -0.038414351642131805,
    -0.02428332157433033,
    0.006769334897398949,
    -0.025613877922296524,
    -0.05685540661215782,
    -0.03764785826206207,
    -0.0918523371219635,
    -0.11044996231794357,
    0.021555684506893158,
    0.017237240448594093,
    0.00957503356039524,
    -0.008233287371695042,
    0.053240176290273666,
    -0.040284689515829086,
    -0.06322602182626724,
    -0.022511756047606468,
    0.057019080966711044,
    0.011610306799411774,
    -0.002552655292674899,
    0.07987063378095627,
    -0.004563076887279749,
    -0.004244859796017408,
    0.020313989371061325,
    0.006211568135768175,
    0.001390076125971973,
    -0.08181510865688324,
    0.04940197989344597,
    0.025926142930984497,
    -0.05207505449652672,
    0.05292252078652382,
    0.02014121040701866,
    0.07667938619852066,
    -0.005017498508095741,
