{
  "embedding_files": [
    "new_1776234387711_gt_184.5s_f31.jpg",
    "new_1776234387711_gt_2.1s_f9.jpg",
    "new_1776234387711_gt_933.4s_f134.jpg",
    "new_1776234387711_gt_729.5s_f123.jpg",
    "gt_54.7s_f10.jpg",
    "gt_104.1s_f45.jpg",
    "gt_122.6s_f67.jpg",
    "gt_126.9s_f6.jpg",
    "gt_144.4s_f16.jpg",
    "gt_147.6s_f51.jpg",
    "gt_160.5s_f24.jpg",
    "gt_176.7s_f68.jpg",
    "gt_215.4s_f1.jpg",
    "gt_275.0s_f48.jpg",
    "gt_73.5s_f33.jpg",
    "gt_87.6s_f29.jpg"
  ],
  "backup_files": [
    "new_1777919601599_gt_101.7s_f67.jpg",
    "new_1777919601599_gt_162.7s_f161.jpg",
    "new_1777919601599_gt_179.4s_f189.jpg",
    "new_1777919601599_gt_194.9s_f216.jpg",
    "new_1777919601599_gt_241.4s_f192.jpg"
  ],
  "scores": {
    "gt_54.7s_f10.jpg": 27.8738,
    "gt_73.5s_f33.jpg": 24.8653,
    "new_1776234387711_gt_184.5s_f31.jpg": 133.4356,
    "new_1776234387711_gt_2.1s_f9.jpg": 127.0862,
    "new_1776234387711_gt_729.5s_f123.jpg": 75.6648,
    "new_1776234387711_gt_933.4s_f134.jpg": 82.6967,
    "gt_104.1s_f45.jpg": 23.6227,
    "gt_87.6s_f29.jpg": 21.3503,
    "gt_176.7s_f68.jpg": 22.9379,
    "gt_147.6s_f51.jpg": 21.1666
  },
  "approved_files": [
    "new_1776234387711_gt_184.5s_f31.jpg",
    "new_1776234387711_gt_2.1s_f9.jpg",
    "new_1776234387711_gt_729.5s_f123.jpg",
    "new_1776234387711_gt_933.4s_f134.jpg",
    "new_1777919601599_gt_101.7s_f67.jpg",
    "new_1777919601599_gt_162.7s_f161.jpg",
    "new_1777919601599_gt_179.4s_f189.jpg",
    "new_1777919601599_gt_194.9s_f216.jpg",
    "new_1777919601599_gt_241.4s_f192.jpg",
    "new_1777919601599_gt_266.2s_f308.jpg",
    "new_1777919601599_gt_284.3s_f330.jpg",
    "new_1777919601599_gt_371.3s_f442.jpg",
    "new_1777919601599_gt_86.3s_f43.jpg",
    "gt_104.1s_f45.jpg",
    "gt_122.6s_f67.jpg",
    "gt_126.9s_f6.jpg",
    "gt_144.4s_f16.jpg",
    "gt_147.6s_f51.jpg",
    "gt_160.5s_f24.jpg",
    "gt_176.7s_f68.jpg",
    "gt_215.4s_f1.jpg",
    "gt_275.0s_f48.jpg",
    "gt_54.7s_f10.jpg",
    "gt_73.5s_f33.jpg",
    "gt_87.6s_f29.jpg"
  ],
  "mean_embedding": [
    -0.002131801098585129,
    0.01840217225253582,
    0.002751861698925495,
    0.03748662397265434,
    -0.0112905977293849,
    -0.061491046100854874,
    0.08250284940004349,
    0.049615807831287384,
    0.014127538539469242,
    0.009412966668605804,
    0.046751391142606735,
    0.013146069832146168,
    0.009655448608100414,
    0.019160179421305656,
    0.014009946025907993,
    -0.032714542001485825,
    -0.031817276030778885,
    0.026498854160308838,
    -0.0164717398583889,
    -0.027694525197148323,
    -0.11329752206802368,
    -0.12183818221092224,
    0.09738507121801376,
    -0.008906945586204529,
    0.06642446666955948,
    0.050097785890102386,
    -0.04085453599691391,
    -0.05363471433520317,
    0.041729267686605453,
    0.022045953199267387,
    -0.05350964143872261,
    0.0420454703271389,
    0.017531055957078934,
    -0.01887061446905136,
    -0.0020770730916410685,
    -0.028783556073904037,
    -0.1059412807226181,
    0.07504902780056,
    0.022511040791869164,
    -0.03757023438811302,
    -0.00903293490409851,
    -0.011709578335285187,
    0.034310657531023026,
    -0.10124823451042175,
    0.04901678487658501,
    -0.027236081659793854,
    0.085470050573349,
    0.06958619505167007,
    0.0034583734814077616,
    -0.019662311300635338,
    -0.027725236490368843,
    -0.01674126647412777,
    0.05479270964860916,
    0.021200282499194145,
    -0.03241889178752899,
    0.03716527670621872,
    0.009858930483460426,
    -0.10964489728212357,
    -0.005027799867093563,
    -0.027923090383410454,
    0.09608877450227737,
    0.038037415593862534,
    -0.008525901474058628,
    -0.015201817266643047,
    0.008987360633909702,
    -0.07732280343770981,
    -0.08973891288042068,
    -0.00017960970581043512,
    0.08425289392471313,
    0.0026710908859968185,
    -0.008482549339532852,
    0.049656447023153305,
    -0.01671411469578743,
    0.012162252329289913,
    -0.001050790073350072,
    -0.015773996710777283,
    -0.022544361650943756,
    0.06834099441766739,
    -0.0036481483839452267,
    0.05590616911649704,
    -0.005496634170413017,
    -0.0562477670609951,
    0.06782975047826767,
    -0.03143713250756264,
    -0.012893998995423317,
    -0.010279911570250988,
    -0.0641355961561203,
    0.0006901773158460855,
    0.03321897238492966,
    0.0002761743380688131,
    -0.004192294552922249,
    -0.01853179559111595,
    -0.011318397708237171,
    -0.04934464022517204,
    0.07250843942165375,
    -0.08810130506753922,
    -0.03664791211485863,
    -0.0007544137770310044,
    0.043803662061691284,
    -0.10207831859588623,
    0.009589442983269691,
    0.011609366163611412,
    0.05055168643593788,
    -0.001258954405784607,
    0.013915599323809147,
    0.012592781335115433,
    -0.051334645599126816,
    -0.03668087720870972,
    0.09102876484394073,
    0.03562398627400398,
    -0.02954733557999134,
    0.026140835136175156,
    -0.020584868267178535,
    0.02918754331767559,
    -0.01118321530520916,
    0.015480189584195614,
    0.04067317023873329,
    0.049699775874614716,
    0.006955296732485294,
    0.06604326516389847,
    -0.032806023955345154,
    0.026800893247127533,
    0.04051361605525017,
    -0.03631390631198883,
    -0.12171297520399094,
    -0.018346525728702545,
    -0.006649479735642672,
    0.02045215107500553,
    -0.012740736827254295,
    0.029934052377939224,
    -0.021206874400377274,
    0.03383769094944,
    -0.045719437301158905,
    -0.03393043205142021,
    0.008867538534104824,
    -0.09247414022684097,
    -0.06322453171014786,
    0.04706280305981636,
    0.030731862410902977,
    0.060326896607875824,
    -0.027307726442813873,
    0.015985816717147827,
    -0.0013736236141994596,
    0.007714732550084591,
    0.013096311129629612,
    -0.07175888866186142,
    -0.01129690371453762,
    0.01679602637887001,
    -0.06332221627235413,
    0.017579538747668266,
    0.00767953135073185,
    -0.040360014885663986,
    -0.04123324155807495,
    -0.09778986126184464,
    -0.029621073976159096,
    0.020038360729813576,
    0.01105356216430664,
    -0.07394600659608841,
    -0.00813597347587347,
    0.110592320561409,
    -8.88271169969812e-05,
    -0.01052707526832819,
    0.01957412250339985,
    -0.035273242741823196,
    0.007320709992200136,
    -0.025978976860642433,
    0.04571518674492836,
    -0.04413342475891113,
    0.026563340798020363,
    -0.1017025038599968,
    0.023052403703331947,
    0.018117453902959824,
    0.02500929869711399,
    -0.04849370941519737,
    -0.052405282855033875,
    -0.0255875326693058,
    0.004537214059382677,
    -0.08298980444669724,
    0.036036890000104904,
    0.06389854103326797,
    -0.11870215833187103,
    0.0015675077447667718,
    -0.050336796790361404,
    -0.053549449890851974,
    -0.06263134628534317,
    -0.05453003942966461,
    -0.040403034538030624,
    0.0136179244145751,
    0.04579702392220497,
    -0.009767924435436726,
    -0.015767792239785194,
    0.04501187801361084,
    -0.01021304540336132,
    -0.028588008135557175,
    -0.007668030448257923,
    -0.036254726350307465,
    -0.031635843217372894,
    0.010675712488591671,
    -0.030678361654281616,
    -0.03382192552089691,
    0.0332995243370533,
    -0.01168667059391737,
    -0.04671097919344902,
    0.053120121359825134,
    0.08991840481758118,
    0.04036899656057358,
    0.015549498610198498,
    0.023403558880090714,
    -0.001735077821649611,
    0.05165882781147957,
    0.012412059120833874,
    0.06256691366434097,
    0.01713009923696518,
    0.04729393497109413,
    0.0026220984291285276,
    0.054024435579776764,
    -0.017368044704198837,
    0.025201601907610893,
    -0.09647297114133835,
    0.018518764525651932,
    0.015368537977337837,
    -0.022007711231708527,
    -0.009789500385522842,
    -0.0015692004235461354,
    -0.016759581863880157,
    0.04122305288910866,
    0.06799876689910889,
