{
  "embedding_files": [
    "gt_534.6s_f87.jpg",
    "gt_219.5s_f0.jpg",
    "gt_384.7s_f53.jpg",
    "new_1776234549444_gt_412.9s_f16.jpg",
    "new_1776234549444_gt_597.5s_f35.jpg"
  ],
  "backup_files": [
    "new_1776234549444_gt_850.2s_f100.jpg"
  ],
  "scores": {
    "gt_534.6s_f87.jpg": 40.3274,
    "gt_219.5s_f0.jpg": 12.3184,
    "gt_384.7s_f53.jpg": 5.4345
  },
  "approved_files": [
    "gt_534.6s_f87.jpg",
    "gt_219.5s_f0.jpg",
    "gt_384.7s_f53.jpg",
    "new_1776234549444_gt_412.9s_f16.jpg",
    "new_1776234549444_gt_597.5s_f35.jpg",
    "new_1776234549444_gt_850.2s_f100.jpg"
  ],
  "mean_embedding": [
    -0.025947246700525284,
    0.01463745441287756,
    -0.006440978031605482,
    0.08426713943481445,
    0.047097980976104736,
    0.06180444732308388,
    0.004248490557074547,
    -0.044272053986787796,
    0.04687638580799103,
    -0.013086461462080479,
    0.03586532920598984,
    0.05889194458723068,
    0.0057237716391682625,
    -0.003776532830670476,
    0.10519981384277344,
    0.0024918410927057266,
    0.007735323626548052,
    -0.001911127008497715,
    -0.028226060792803764,
    -0.0035659282002598047,
    -0.020096750929951668,
    0.0029465968254953623,
    -0.02866874821484089,
    0.0660916119813919,
    -0.07204027473926544,
    -0.020599883049726486,
    -0.06775634735822678,
    -0.015300752595067024,
    0.014200189150869846,
    -0.05535539612174034,
    0.07324808090925217,
    0.0014929658500477672,
    0.06429395079612732,
    0.00741650490090251,
    -0.0017445642733946443,
    -0.026008442044258118,
    -0.054869186133146286,
    0.10220351070165634,
    0.03783981129527092,
    -0.04259999096393585,
    0.04796281084418297,
    0.04513994976878166,
    0.0551566556096077,
    0.04308326914906502,
    -0.007867474108934402,
    0.0028191565070301294,
    -0.02456292323768139,
    0.06188587844371796,
    -0.006013594102114439,
    -0.023545710369944572,
    -0.024996181949973106,
    0.002944687381386757,
    0.026609838008880615,
    0.05691753700375557,
    -0.03131574019789696,
    0.06701816618442535,
    -0.05317733809351921,
    -0.09621046483516693,
    -0.027195503935217857,
    -0.05578085780143738,
    -0.017382588237524033,
    0.03904671594500542,
    -0.0128032136708498,
    0.004755556117743254,
    0.0799148753285408,
    0.08295375853776932,
    0.06715504080057144,
    0.0058625987730920315,
    -0.04567822068929672,
    0.0472106859087944,
    0.061542708426713943,
    0.032526493072509766,
    0.0024735666811466217,
    -0.0437743179500103,
    0.054134245961904526,
    0.09651782363653183,
    0.02600545808672905,
    -0.0007320826407521963,
    0.08064495027065277,
    0.031382206827402115,
    0.06154494360089302,
    -0.02926735207438469,
    0.003842318197712302,
    -0.00782906636595726,
    -0.0519484281539917,
    0.05475104600191116,
    0.0349658764898777,
    -0.004290691576898098,
    -0.039354532957077026,
    -0.034802328795194626,
    0.013724761083722115,
    0.05160525441169739,
    -0.04783223569393158,
    0.06383290886878967,
    -0.027301399037241936,
    0.02066342532634735,
    0.05017288029193878,
    -0.0263984315097332,
    -0.006253768689930439,
    -0.08292940258979797,
    -0.03043859638273716,
    -0.017474157735705376,
    -0.01801617071032524,
    -0.004159244708716869,
    0.0447244793176651,
    0.0005475534708239138,
    0.05140046402812004,
    -0.018253780901432037,
    0.004037368576973677,
    0.025250988081097603,
    -0.0018094669794663787,
    0.048979178071022034,
    -0.025613674893975258,
    -0.06990581005811691,
    -0.0007978077628649771,
    0.041825491935014725,
    -0.01626024954020977,
    0.07093081623315811,
    -0.056889161467552185,
    0.05327295884490013,
    -0.024857712909579277,
    0.04903068765997887,
    0.030760586261749268,
    0.07509427517652512,
    -0.06621380895376205,
    -0.007613505702465773,
    0.020472029224038124,
    -0.003210641909390688,
    -0.045905813574790955,
    0.02883751317858696,
    0.043181274086236954,
    0.014920216053724289,
    -0.10140558332204819,
    0.03155231103301048,
    -0.03623073548078537,
    -0.07852910459041595,
    0.0212006326764822,
    -0.014634739607572556,
    -0.014482133090496063,
    0.016122186556458473,
    -0.03488017991185188,
    0.007428909186273813,
    0.028146712109446526,
    0.006388844922184944,
    -0.03079981915652752,
    0.0019843876361846924,
    -0.045968957245349884,
    0.051203638315200806,
    -0.05052743852138519,
    0.014170759357511997,
    -0.01923767663538456,
    0.01587579771876335,
    -0.02691294066607952,
    -0.003041311400011182,
    0.03217780217528343,
    0.005329434294253588,
    -0.04672662913799286,
    -0.04687056690454483,
    0.005733380559831858,
    0.06345319002866745,
    0.025216983631253242,
    0.011738351546227932,
    -0.1239643543958664,
    0.031043097376823425,
    0.03341120108962059,
    0.029755717143416405,
    0.0103091299533844,
    0.02571457251906395,
    -0.009527196176350117,
    0.020728109404444695,
    0.0709998682141304,
    0.04444553330540657,
    0.07719936221837997,
    0.03847416862845421,
    0.01839413307607174,
    -0.02065393514931202,
    -0.0382525809109211,
    -0.044223103672266006,
    0.06790078431367874,
    0.04858631268143654,
    0.011903980746865273,
    -0.026912029832601547,
    0.04501165822148323,
    -0.01319367066025734,
    -0.10842610150575638,
    -0.08594197034835815,
    0.03648485615849495,
    -0.012217417359352112,
    0.10307551920413971,
    -0.023890923708677292,
    -0.04486194998025894,
    -0.004324085079133511,
    -0.04163651913404465,
    0.06630254536867142,
    -0.02744431048631668,
    -0.021382611244916916,
    0.06337052583694458,
    0.012321836315095425,
    -0.003607497550547123,
    -0.03204302117228508,
    0.0014311824925243855,
    -0.005307997111231089,
    -0.048871029168367386,
    0.012587729841470718,
    0.04584990069270134,
    0.013356813229620457,
    0.01600717380642891,
    0.09224138408899307,
    -0.05578402057290077,
    -0.07043793797492981,
    0.02047106623649597,
    0.07487811893224716,
    -0.0028496410232037306,
    0.05506178364157677,
    0.04052460566163063,
    -0.026588348671793938,
    -0.049053505063056946,
    -0.026587335392832756,
    0.07671269029378891,
    -0.03200215473771095,
    0.04186137765645981,
    -0.09733302891254425,
    -0.03866800665855408,
    0.003843358252197504,
    0.009724150411784649,
    -0.049184512346982956,
    0.031929124146699905,
    -0.01310946885496378,
    -0.05922412872314453,
    0.03663552552461624,
    0.02795092761516571,
    -0.11339070647954941,
    0.08271623402833939,
    -0.10891759395599365,
    -0.00014370173448696733,
    -0.019044673070311546,
    -0.00507922051474452,
    -0.04401296377182007,
    -0.00781809352338314,
    3.661122536868788e-05,
    -0.04117594286799431,
    -0.0026281080208718777,
    0.015556026250123978,
    -0.03308656066656113,
    -0.000735953391995281,
    -0.031891830265522,
    0.034539490938186646,
    0.065839022397995,
    0.0847746804356575,
    0.032078906893730164,
    0.052205536514520645,
    -0.04322128742933273,
    0.09818963706493378,
    0.08514466136693954,
    0.07726211845874786,
    0.04989981651306152,
    -0.00952070765197277,
    0.032437849789857864,
    -0.04592237249016762,
    -0.004760006908327341,
    0.04706936702132225,
    -0.051353819668293,
    0.02999907359480858,
    -0.024491487070918083,
    0.02048524282872677,
    0.003857614006847143,
    -0.0177424568682909,
    -0.044870611280202866,
    -0.051308419555425644,
    0.0038427661638706923,
    -0.05048217624425888,
    0.05895734950900078,
    0.0039868163876235485,
    -0.0027373810298740864,
    0.02286425419151783,
    0.07872316986322403,
    0.007366952020674944,
    0.001068450277671218,
    0.020037231966853142,
    -0.024500200524926186,
    0.025918349623680115,
    0.07268383353948593,
    0.015065421350300312,
    0.07837395370006561,
