{
  "embedding_files": [
    "gt_534.6s_f87.jpg",
    "gt_219.5s_f0.jpg",
    "gt_384.7s_f53.jpg",
    "new_1776234549444_gt_412.9s_f16.jpg",
    "new_1776234549444_gt_597.5s_f35.jpg"
  ],
  "backup_files": [
    "new_1776234549444_gt_850.2s_f100.jpg"
  ],
  "scores": {
    "gt_534.6s_f87.jpg": 40.3274,
    "gt_219.5s_f0.jpg": 12.3184,
    "gt_384.7s_f53.jpg": 5.4345
  },
  "approved_files": [
    "gt_534.6s_f87.jpg",
    "gt_219.5s_f0.jpg",
    "gt_384.7s_f53.jpg",
    "new_1776234549444_gt_412.9s_f16.jpg",
    "new_1776234549444_gt_597.5s_f35.jpg",
    "new_1776234549444_gt_850.2s_f100.jpg"
  ],
  "mean_embedding": [
    -0.025947997346520424,
    0.01463891752064228,
    -0.006432828959077597,
    0.08426360040903091,
    0.047094449400901794,
    0.06181207671761513,
    0.004246194381266832,
    -0.044275298714637756,
    0.04687618836760521,
    -0.013084383681416512,
    0.03585562855005264,
    0.058884602040052414,
    0.005728851538151503,
    -0.0037786532193422318,
    0.10519823431968689,
    0.0024953631218522787,
    0.007731265854090452,
    -0.0019120228243991733,
    -0.028226129710674286,
    -0.0035644571762531996,
    -0.02010095678269863,
    0.002940427977591753,
    -0.02867121249437332,
    0.06608708202838898,
    -0.0720418393611908,
    -0.020603040233254433,
    -0.06775699555873871,
    -0.015299639664590359,
    0.014202399179339409,
    -0.055359721183776855,
    0.07324865460395813,
    0.0014798201154917479,
    0.06430709362030029,
    0.0074043781496584415,
    -0.0017547754105180502,
    -0.0259996484965086,
    -0.05488095432519913,
    0.10220538824796677,
    0.03782736510038376,
    -0.04260130599141121,
    0.047967322170734406,
    0.04513997957110405,
    0.05515860393643379,
    0.04306890070438385,
    -0.007863366976380348,
    0.0028175394982099533,
    -0.024560745805501938,
    0.06188364699482918,
    -0.006007423158735037,
    -0.023531151935458183,
    -0.02499024011194706,
    0.0029424789827317,
    0.026606975123286247,
    0.056910134851932526,
    -0.031324323266744614,
    0.06701570004224777,
    -0.053181301802396774,
    -0.09620923548936844,
    -0.02720230259001255,
    -0.055781058967113495,
    -0.01738758012652397,
    0.03904685378074646,
    -0.01280858926475048,
    0.004754120949655771,
    0.0799078717827797,
    0.08293801546096802,
    0.06714164465665817,
    0.005854826420545578,
    -0.045672789216041565,
    0.04719891771674156,
    0.06153005361557007,
    0.03254278376698494,
    0.002460434567183256,
    -0.04377569630742073,
    0.05412617698311806,
    0.09652145951986313,
    0.026010392233729362,
    -0.000725066231098026,
    0.08065332472324371,
    0.03138257935643196,
    0.06154632940888405,
    -0.0292630847543478,
    0.0038397980388253927,
    -0.007829718291759491,
    -0.05195573717355728,
    0.054756030440330505,
    0.034966956824064255,
    -0.004297295585274696,
    -0.039352525025606155,
    -0.034804943948984146,
    0.013739152811467648,
    0.05159875750541687,
    -0.04781915247440338,
    0.06383346021175385,
    -0.027308855205774307,
    0.02066717855632305,
    0.05017007142305374,
    -0.026407156139612198,
    -0.006262398790568113,
    -0.08293242752552032,
    -0.03044053353369236,
    -0.01746782846748829,
    -0.018018871545791626,
    -0.004156363662332296,
    0.04472639411687851,
    0.0005477815284393728,
    0.05139835178852081,
    -0.018250958994030952,
    0.0040436009876430035,
    0.02524777501821518,
    -0.0018030592473223805,
    0.04898315668106079,
    -0.025616375729441643,
    -0.06990684568881989,
    -0.0008053239434957504,
    0.04184117540717125,
    -0.01625821366906166,
    0.07093460112810135,
    -0.05689333751797676,
    0.05326991155743599,
    -0.024863293394446373,
    0.04902489855885506,
    0.03076913394033909,
    0.07509789615869522,
    -0.06621105968952179,
    -0.007613964378833771,
    0.020475678145885468,
    -0.0032099641393870115,
    -0.045904532074928284,
    0.028837114572525024,
    0.043176788836717606,
    0.014926372095942497,
    -0.10139207541942596,
    0.03154830262064934,
    -0.036230482161045074,
    -0.07853859663009644,
    0.021195676177740097,
    -0.014639372937381268,
    -0.014479114674031734,
    0.016113054007291794,
    -0.034894909709692,
    0.0074324230663478374,
    0.02814926952123642,
    0.0063820816576480865,
    -0.030803903937339783,
    0.0019788951613008976,
    -0.04597333073616028,
    0.051197897642850876,
    -0.050533078610897064,
    0.014168055728077888,
    -0.01924051158130169,
    0.01588444598019123,
    -0.026918284595012665,
    -0.00304141896776855,
    0.032176222652196884,
    0.005329634994268417,
    -0.046727508306503296,
    -0.04687010124325752,
    0.005733954254537821,
    0.06345030665397644,
    0.025201281532645226,
    0.011742048896849155,
    -0.12395930290222168,
    0.03103664331138134,
    0.033417124301195145,
    0.02976279892027378,
    0.010306279174983501,
    0.025715462863445282,
    -0.009529647417366505,
    0.020721033215522766,
    0.07099951803684235,
    0.04443890228867531,
    0.07718617469072342,
    0.0384766086935997,
    0.01840107887983322,
    -0.020653296262025833,
    -0.03824920207262039,
    -0.044221408665180206,
    0.0679108202457428,
    0.04858539253473282,
    0.011910868808627129,
    -0.026917725801467896,
    0.045013464987277985,
    -0.013194182887673378,
    -0.10842923820018768,
    -0.08594387024641037,
    0.03649463877081871,
    -0.012219185940921307,
    0.10307568311691284,
    -0.02388598769903183,
    -0.044862184673547745,
    -0.004322987049818039,
    -0.04163878411054611,
    0.06630922853946686,
    -0.027438106015324593,
    -0.021390708163380623,
    0.0633653923869133,
    0.01232186984270811,
    -0.0035961391404271126,
    -0.03202953189611435,
    0.0014455437194555998,
    -0.005302067380398512,
    -0.048874229192733765,
    0.012587720528244972,
    0.0458424873650074,
    0.013352600857615471,
    0.01601223461329937,
    0.0922466441988945,
    -0.05578923597931862,
    -0.07044240832328796,
    0.020472729578614235,
    0.07487064599990845,
    -0.0028538801707327366,
    0.05506113916635513,
    0.04053559899330139,
    -0.026577714830636978,
    -0.04905762895941734,
    -0.02659020386636257,
    0.07670861482620239,
    -0.03199581056833267,
    0.041867949068546295,
    -0.09731224924325943,
    -0.038663625717163086,
    0.003834313480183482,
    0.00971123669296503,
    -0.04917988181114197,
    0.03192759305238724,
    -0.013118215836584568,
    -0.05923087149858475,
    0.03664003685116768,
    0.027951303869485855,
    -0.11338766664266586,
    0.08271684497594833,
    -0.10891880840063095,
    -0.00014513099449686706,
    -0.019054003059864044,
    -0.005083341617137194,
    -0.04401392862200737,
    -0.007810808252543211,
    3.789069160120562e-05,
    -0.04117366299033165,
    -0.002627244684845209,
    0.01555428747087717,
    -0.03309708461165428,
    -0.0007391748949885368,
    -0.03188502788543701,
    0.03453294560313225,
    0.06583089381456375,
    0.08477245271205902,
    0.03206538036465645,
    0.052215561270713806,
    -0.04322069510817528,
    0.09818963706493378,
    0.08514761179685593,
    0.07727328687906265,
    0.049906499683856964,
    -0.009507525712251663,
    0.03243592754006386,
    -0.04590451717376709,
    -0.004761519841849804,
    0.04707667976617813,
    -0.051363907754421234,
    0.030000774189829826,
    -0.02449074387550354,
    0.020497599616646767,
    0.003858840325847268,
    -0.017755813896656036,
    -0.04487328976392746,
    -0.0512959286570549,
    0.003826129250228405,
    -0.05048643425107002,
    0.05896105244755745,
    0.003987567499279976,
    -0.0027418953832238913,
    0.02286395989358425,
    0.07872454822063446,
    0.007357522379606962,
    0.0010645408183336258,
    0.020038196817040443,
    -0.024498920887708664,
    0.025912102311849594,
    0.07267165929079056,
    0.015064564533531666,
