{
  "embedding_files": [
    "gt_534.6s_f87.jpg",
    "gt_219.5s_f0.jpg",
    "gt_384.7s_f53.jpg",
    "new_1776234549444_gt_412.9s_f16.jpg",
    "new_1776234549444_gt_597.5s_f35.jpg"
  ],
  "backup_files": [
    "new_1776234549444_gt_850.2s_f100.jpg"
  ],
  "scores": {
    "gt_534.6s_f87.jpg": 40.3274,
    "gt_219.5s_f0.jpg": 12.3184,
    "gt_384.7s_f53.jpg": 5.4345
  },
  "approved_files": [
    "gt_534.6s_f87.jpg",
    "gt_219.5s_f0.jpg",
    "gt_384.7s_f53.jpg",
    "new_1776234549444_gt_412.9s_f16.jpg",
    "new_1776234549444_gt_597.5s_f35.jpg",
    "new_1776234549444_gt_850.2s_f100.jpg"
  ],
  "mean_embedding": [
    -0.025823064148426056,
    0.012047643773257732,
    0.0016706316964700818,
    0.08545972406864166,
    0.04951274394989014,
    0.06672331690788269,
    0.005006902851164341,
    -0.03528933599591255,
    0.049327101558446884,
    -0.007428400218486786,
    0.03500882536172867,
    0.05984709411859512,
    0.009340374730527401,
    -0.007783242501318455,
    0.09685803204774857,
    0.008356288075447083,
    -0.0028194463811814785,
    0.006791755091398954,
    -0.014055831357836723,
    0.0007896765018813312,
    -0.024971652776002884,
    0.0044601052068173885,
    -0.04278215393424034,
    0.06588999927043915,
    -0.06917067617177963,
    -0.02149377018213272,
    -0.06070922315120697,
    -0.014346926473081112,
    0.01587079092860222,
    -0.06173527613282204,
    0.07091977447271347,
    -0.002026003086939454,
    0.06389699876308441,
    -0.011061550118029118,
    -0.01007373072206974,
    -0.025275573134422302,
    -0.05654680356383324,
    0.09480762481689453,
    0.04267825931310654,
    -0.042883943766355515,
    0.03867389261722565,
    0.04189426824450493,
    0.04826359450817108,
    0.03256310895085335,
    -0.003318177070468664,
    0.0034200195223093033,
    -0.022049257531762123,
    0.06239650025963783,
    0.006503451149910688,
    -0.029375754296779633,
    -0.004696797579526901,
    -0.0021154661662876606,
    0.01998342201113701,
    0.05710729956626892,
    -0.029567979276180267,
    0.08780184388160706,
    -0.059057772159576416,
    -0.11660466343164444,
    -0.0290328711271286,
    -0.055215369910001755,
    -0.022225748747587204,
    0.03638855367898941,
    -0.013698902912437916,
    0.007917358539998531,
    0.0788712352514267,
    0.06473478674888611,
    0.06117211654782295,
    0.01389865018427372,
    -0.05109470710158348,
    0.0429413840174675,
    0.051602452993392944,
    0.026376772671937943,
    -0.004651416093111038,
    -0.050346583127975464,
    0.04369494318962097,
    0.09780628979206085,
    0.02368159033358097,
    0.005689854267984629,
    0.08530113846063614,
    0.036793146282434464,
    0.061007604002952576,
    -0.027721868827939034,
    -0.003961683716624975,
    -0.009875208139419556,
    -0.043688736855983734,
    0.04299990087747574,
    0.039176974445581436,
    -0.010850975289940834,
    -0.034588366746902466,
    -0.027010994032025337,
    0.029940154403448105,
    0.053007736802101135,
    -0.05621327459812164,
    0.06195579469203949,
    -0.03202975168824196,
    0.009865475818514824,
    0.04723595455288887,
    -0.027014682069420815,
    -0.011332797817885876,
    -0.07864635437726974,
    -0.02837943471968174,
    -0.018077963963150978,
    -0.02515757828950882,
    -0.015852466225624084,
    0.05696392431855202,
    0.01123254094272852,
    0.046960119158029556,
    -0.006441586650907993,
    0.007677286863327026,
    0.017481880262494087,
    -0.006707389838993549,
    0.05050848796963692,
    -0.02326507866382599,
    -0.06618721783161163,
    -0.01021578535437584,
    0.04632795229554176,
    -0.006311743054538965,
    0.0535002276301384,
    -0.045162446796894073,
    0.05332177132368088,
    -0.02054339274764061,
    0.06281975656747818,
    0.029418040066957474,
    0.0665135383605957,
    -0.06789994239807129,
    -0.011120517738163471,
    0.028333600610494614,
    -0.0016957854386419058,
    -0.05003546550869942,
    0.02234499901533127,
    0.04043492674827576,
    0.015226966701447964,
    -0.09747172892093658,
    0.0251340139657259,
    -0.0424615852534771,
    -0.07867147028446198,
    0.027045171707868576,
    -0.03636271134018898,
    -0.0062075466848909855,
    0.01712406985461712,
    -0.043890319764614105,
    0.0034622030798345804,
    0.012422339990735054,
    -0.0008662366890348494,
    -0.025964457541704178,
    -0.005451661068946123,
    -0.04977655038237572,
    0.056693267077207565,
    -0.04004902392625809,
    0.01104937307536602,
    -0.025689365342259407,
    0.014857057482004166,
    -0.024277564138174057,
    0.002411141060292721,
    0.03375156968832016,
    0.012560357339680195,
    -0.037499893456697464,
    -0.031142642721533775,
    0.007958677597343922,
    0.06738542765378952,
    0.017020180821418762,
    0.009969332255423069,
    -0.12550266087055206,
    0.015617741271853447,
    0.03274958208203316,
    0.04333869740366936,
    0.012022608891129494,
    0.03211187943816185,
    -0.015520086511969566,
    0.014174734242260456,
    0.069730743765831,
    0.033748287707567215,
    0.07381749153137207,
    0.04259815067052841,
    0.016879651695489883,
    -0.021232597529888153,
    -0.034036170691251755,
    -0.04808375611901283,
    0.06807167828083038,
    0.037630267441272736,
    0.017318416386842728,
    -0.02728079818189144,
    0.04522343724966049,
    -0.021534353494644165,
    -0.11405597627162933,
    -0.10037855803966522,
    0.037212129682302475,
    -0.029844313859939575,
    0.10695609450340271,
    -0.02371147833764553,
    -0.06040839105844498,
    -0.006514943670481443,
    -0.031275972723960876,
    0.07328949868679047,
    -0.02350931242108345,
    -0.031928759068250656,
    0.06365255266427994,
    0.019450847059488297,
    -0.004009481053799391,
    -0.024219226092100143,
    0.0011764072114601731,
    -0.014630064368247986,
    -0.04795907437801361,
    0.007117889355868101,
    0.043609876185655594,
    0.016172003000974655,
    0.0027044927701354027,
    0.0901264175772667,
    -0.06395529210567474,
    -0.06252513080835342,
    0.01711137220263481,
    0.07257901132106781,
    0.0031132393050938845,
    0.06583549827337265,
    0.03648406267166138,
    -0.034615255892276764,
    -0.05474230274558067,
    -0.032735176384449005,
    0.06832177937030792,
    -0.02828746847808361,
    0.02909228764474392,
    -0.09089312702417374,
    -0.044651634991168976,
    -0.011650233529508114,
    0.013563302345573902,
    -0.036940764635801315,
    0.017490636557340622,
    -0.017446599900722504,
    -0.059030681848526,
    0.03315092995762825,
    0.021420301869511604,
    -0.10510177165269852,
    0.0839686468243599,
    -0.10088951140642166,
    -0.007362233009189367,
    -0.02713264711201191,
    -0.014758528210222721,
    -0.04433310404419899,
    -0.002072703093290329,
    0.002602442167699337,
    -0.0422658808529377,
    0.00848324690014124,
    0.01399499736726284,
    -0.038123276084661484,
    0.0014049966121092439,
    -0.025628311559557915,
    0.04087597131729126,
    0.06395174562931061,
    0.07677185535430908,
    0.03789617866277695,
    0.058628857135772705,
    -0.05386819317936897,
    0.09858961403369904,
    0.09114186465740204,
    0.08774998784065247,
    0.04726777225732803,
    -0.01801929622888565,
    0.03290393948554993,
    -0.03385451063513756,
    -0.01659579947590828,
    0.0383048914372921,
    -0.0471302829682827,
    0.027461115270853043,
    -0.03805043175816536,
    0.030750710517168045,
    0.010254168882966042,
    -0.016042914241552353,
    -0.03993014618754387,
    -0.04789579287171364,
    0.012681077234447002,
    -0.05039782449603081,
    0.06098372861742973,
    0.006027768831700087,
    -0.016041303053498268,
    0.02003071829676628,
    0.09518811851739883,
    0.01770268753170967,
    -0.00045845992281101644,
    0.01923017017543316,
    -0.022838743403553963,
    0.03245113790035248,
    0.07592161744832993,
    0.015477712266147137,
    0.07740513235330582,
