{
  "embedding_files": [
    "gt_117.2s_f16.jpg",
    "gt_217.1s_f55.jpg",
    "gt_324.5s_f105.jpg",
    "new_1776234342587_gt_184.5s_f40.jpg",
    "new_1776234342587_gt_2.1s_f12.jpg"
  ],
  "backup_files": [
    "new_1776234342587_gt_589.1s_f101.jpg",
    "new_1776234342587_gt_383.1s_f57.jpg"
  ],
  "scores": {
    "gt_117.2s_f16.jpg": 5.9357,
    "gt_217.1s_f55.jpg": 5.6231,
    "gt_324.5s_f105.jpg": 1.1475
  },
  "approved_files": [
    "gt_117.2s_f16.jpg",
    "gt_217.1s_f55.jpg",
    "gt_324.5s_f105.jpg",
    "new_1776234342587_gt_184.5s_f40.jpg",
    "new_1776234342587_gt_2.1s_f12.jpg",
    "new_1776234342587_gt_383.1s_f57.jpg",
    "new_1776234342587_gt_589.1s_f101.jpg"
  ],
  "mean_embedding": [
    0.07075861096382141,
    -0.01249444205313921,
    -0.07088688760995865,
    -0.044779401272535324,
    0.02699739672243595,
    -0.026542408391833305,
    0.0016816442366689444,
    0.016666142269968987,
    0.01698153279721737,
    0.0388796329498291,
    -0.0071349735371768475,
    -0.02927723154425621,
    -0.011664625257253647,
    0.027135873213410378,
    -0.026076197624206543,
    -0.0022801533341407776,
    0.0443146713078022,
    -0.007871527224779129,
    -0.014347488060593605,
    -0.020159544423222542,
    0.013157660141587257,
    0.019531942903995514,
    -0.06445875763893127,
    0.026360606774687767,
    0.04650081694126129,
    -0.006372528150677681,
    -0.04483756050467491,
    -0.0698302835226059,
    -0.012462628073990345,
    -0.054886169731616974,
    0.016400065273046494,
    -0.0051615238189697266,
    -0.013958628289401531,
    -0.014301063492894173,
    0.04194096103310585,
    -0.019925488159060478,
    0.007775657344609499,
    -0.0914839431643486,
    0.03776966780424118,
    0.07020397484302521,
    0.06209132820367813,
    0.011248520575463772,
    -0.04193601384758949,
    0.05226100981235504,
    -0.006396270357072353,
    0.03510234132409096,
    0.03423433378338814,
    0.005632978398352861,
    0.05649090185761452,
    0.07830703258514404,
    -0.017905348911881447,
    -0.016411971300840378,
    0.008112742565572262,
    -0.028597986325621605,
    0.06952232122421265,
    0.04116830974817276,
    -0.03236690163612366,
    -0.008478157222270966,
    0.028949061408638954,
    -0.023534223437309265,
    -0.021112067624926567,
    -0.007343146484345198,
    -0.040427375584840775,
    0.034848690032958984,
    0.11960885673761368,
    -0.04716901108622551,
    -0.006433654576539993,
    0.003383056027814746,
    0.0021582390181720257,
    -0.05015958845615387,
    0.05095136538147926,
    0.040103986859321594,
    -0.008693329058587551,
    -0.10109470784664154,
    -0.0008873889455571771,
    0.015167225152254105,
    0.042388446629047394,
    0.03445703908801079,
    0.07688546925783157,
    -0.02198977954685688,
    0.034837428480386734,
    -0.11886759102344513,
    -0.049268078058958054,
    -0.0014266578946262598,
    0.00403547752648592,
    0.03725733235478401,
    0.04110628366470337,
    -0.0898117944598198,
    0.01589481718838215,
    0.08532670885324478,
    0.007818266749382019,
    0.03255211561918259,
    -0.04128966107964516,
    -0.0030467957258224487,
    -0.03960998356342316,
    -0.02835061587393284,
    -0.019913606345653534,
    -0.016323618590831757,
    0.009309716522693634,
    -0.04500985145568848,
    0.03494243696331978,
    0.009640167467296124,
    0.021911386400461197,
    -0.016451893374323845,
    0.03938942775130272,
    -0.03506724536418915,
    0.07846935838460922,
    -0.031365737318992615,
    0.08695435523986816,
    0.0026134720537811518,
    0.11725050210952759,
    0.047334134578704834,
    0.022209974005818367,
    -0.024740101769566536,
    0.07641909271478653,
    -0.002951491391286254,
    0.03277755528688431,
    -0.03476475551724434,
    -0.0020298846065998077,
    0.08698141574859619,
    -0.015755077823996544,
    0.025542769581079483,
    -0.005808343179523945,
    0.026536408811807632,
    -0.049244463443756104,
    -0.000707145023625344,
    0.030949663370847702,
    0.030048729851841927,
    -0.060637813061475754,
    -0.0017813718877732754,
    -0.08172442764043808,
    0.04013402387499809,
    0.019379600882530212,
    0.0032971915788948536,
    -0.11030065268278122,
    -0.05650962516665459,
    0.0545494519174099,
    -0.006184618920087814,
    0.004183842334896326,
    -0.028105104342103004,
    0.0050561698153615,
    0.04201219603419304,
    0.02005157247185707,
    0.07303252071142197,
    -0.01834440417587757,
    -0.0012907576747238636,
    0.025470994412899017,
    0.05644841864705086,
    -0.02180720679461956,
    0.025576088577508926,
    0.052056122571229935,
    0.01675078459084034,
    0.013731603510677814,
    -0.03715435415506363,
    -0.05280066654086113,
    -0.011750559322535992,
    0.03376581892371178,
    -0.016258634626865387,
    0.09540191292762756,
    0.04995323345065117,
    0.034203123301267624,
    -0.0399092361330986,
    -0.023227665573358536,
    0.02090032584965229,
    -0.016698315739631653,
    0.04156451299786568,
    0.001995233353227377,
    0.024228062480688095,
    -0.04272853210568428,
    -0.03080817498266697,
    -0.003046803642064333,
    0.04428351670503616,
    0.03288350999355316,
    0.04377640783786774,
    -0.002168536651879549,
    -0.04430963471531868,
    0.018747009336948395,
    -0.01642511785030365,
    -0.02609359286725521,
    -0.07500627636909485,
    -0.060912009328603745,
    0.039944764226675034,
    -0.05355236306786537,
    0.030652273446321487,
    0.04897783696651459,
    -0.0180727057158947,
    0.01352276373654604,
    0.03386162966489792,
    -0.0010178836528211832,
    -0.014048978686332703,
    -0.03483268991112709,
    0.07417967170476913,
    0.016764553263783455,
    0.0558755099773407,
    -0.058562684804201126,
    -0.05365040525794029,
    -0.006980055943131447,
    -0.03995763882994652,
    -0.02428039163351059,
    0.0452154278755188,
    -0.009856331162154675,
    0.038295451551675797,
    -0.043287359178066254,
    0.07493843138217926,
    -0.019563693553209305,
    -0.00806332379579544,
    -0.018429845571517944,
    -0.07456398010253906,
    0.04798714071512222,
    -0.057210810482501984,
    -0.04087427258491516,
    0.031192105263471603,
    -0.025720354169607162,
    0.056933604180812836,
    -0.06186538562178612,
    -0.06167491897940636,
    -0.05833408236503601,
    -0.03221850097179413,
    -0.02891329862177372,
    0.06370728462934494,
    0.04457579925656319,
    0.055810846388339996,
    -0.024837996810674667,
    0.02400827221572399,
    0.011577938683331013,
    0.03649795427918434,
    0.0009848796762526035,
    0.05053200200200081,
    0.03635804355144501,
    -0.09481555968523026,
    0.11619754880666733,
    -0.0238602664321661,
    -0.006230740807950497,
    0.012684235349297523,
    -0.02604135312139988,
    0.0067632985301315784,
    0.015474691055715084,
    0.03904790058732033,
    -0.04390601068735123,
    0.025478502735495567,
    0.04890494421124458,
    -0.035371288657188416,
    -0.045266442000865936,
    -0.0018838822143152356,
    0.08756610751152039,
    0.04241012781858444,
    -0.03993130847811699,
    -0.012840911746025085,
    -0.022413693368434906,
    -0.01520170085132122,
    -0.026725180447101593,
    0.027758106589317322,
    0.04559251293540001,
    -0.0025158128701150417,
    -0.02379005402326584,
    0.04051515460014343,
    -0.02160787396132946,
    0.05834246054291725,
    0.013748977333307266,
    -0.08551209419965744,
    -0.07908692955970764,
    -0.02025723084807396,
    -0.012366525828838348,
    0.0452846921980381,
    0.03157491236925125,
    -0.019575517624616623,
    -0.09291321784257889,
    -0.03800581023097038,
    -0.03884345293045044,
    -0.005402055568993092,
    0.011556469835340977,
    -0.002899779472500086,
    0.03249780088663101,
    -0.02266712859272957,
    -0.04203177988529205,
    -0.09173458069562912,
    -0.07733657211065292,
    -0.05155259743332863,
    -0.028136426582932472,
    -0.02096368744969368,
