{
  "embedding_files": [
    "gt_134.7s_f45.jpg",
    "gt_295.9s_f187.jpg",
    "gt_224.0s_f123.jpg",
    "gt_75.3s_f7.jpg",
    "gt_155.8s_f63.jpg"
  ],
  "backup_files": [
    "gt_123.1s_f40.jpg",
    "gt_189.2s_f95.jpg",
    "gt_112.1s_f27.jpg",
    "gt_89.4s_f9.jpg"
  ],
  "scores": {
    "gt_134.7s_f45.jpg": 44.072,
    "gt_75.3s_f7.jpg": 39.6669,
    "gt_89.4s_f9.jpg": 26.2489,
    "gt_112.1s_f27.jpg": 23.9639,
    "gt_123.1s_f40.jpg": 15.925,
    "gt_155.8s_f63.jpg": 36.8281,
    "gt_189.2s_f95.jpg": 26.8981,
    "gt_224.0s_f123.jpg": 40.5712,
    "gt_295.9s_f187.jpg": 43.1017
  },
  "approved_files": [
    "gt_134.7s_f45.jpg",
    "gt_295.9s_f187.jpg",
    "gt_224.0s_f123.jpg",
    "gt_75.3s_f7.jpg",
    "gt_155.8s_f63.jpg",
    "gt_189.2s_f95.jpg",
    "gt_89.4s_f9.jpg",
    "gt_112.1s_f27.jpg",
    "gt_123.1s_f40.jpg"
  ],
  "mean_embedding": [
    0.02325141616165638,
    0.008576898835599422,
    0.011733802035450935,
    0.047831933945417404,
    -0.023548563942313194,
    0.005587039049714804,
    -0.04469190537929535,
    -0.06482008099555969,
    0.02502545528113842,
    -0.032748185098171234,
    -0.02492852322757244,
    -0.014972091652452946,
    0.026726284995675087,
    -0.032197777181863785,
    0.026040855795145035,
    0.031275954097509384,
    0.0019167738500982523,
    0.05801745876669884,
    -0.08225603401660919,
    -0.05050981044769287,
    0.06698604673147202,
    0.05817614123225212,
    0.0025611957535147667,
    -0.13441413640975952,
    -0.03359236568212509,
    -0.030696557834744453,
    -0.03887359797954559,
    -0.07932925224304199,
    0.034064922481775284,
    -0.06551065295934677,
    -0.042765796184539795,
    -0.08189916610717773,
    -0.027192052453756332,
    -0.05359416455030441,
    -0.012183350510895252,
    0.01891004480421543,
    -0.0348159596323967,
    -0.04318157583475113,
    -0.011460069566965103,
    0.018593866378068924,
    0.040151771157979965,
    -0.049583110958337784,
    -0.02049357444047928,
    0.01214879471808672,
    -0.025802696123719215,
    0.02386833168566227,
    0.04486452043056488,
    -0.007276622112840414,
    -0.018865345045924187,
    0.025355493649840355,
    -0.0193204116076231,
    0.01810046099126339,
    -0.013749318197369576,
    0.01754419505596161,
    0.056265175342559814,
    0.07743086665868759,
    -0.05282578989863396,
    0.019259504973888397,
    -0.024913407862186432,
    -0.01828780770301819,
    -0.09498042613267899,
    0.0011835942277684808,
    -0.040493082255125046,
    -0.003801235230639577,
    0.06283099204301834,
    0.022962301969528198,
    0.05971245840191841,
    0.03733205795288086,
    0.065494105219841,
    0.05257995054125786,
    0.0018278612988069654,
    -0.0705779492855072,
    0.06476660817861557,
    0.018345095217227936,
    -0.0602886825799942,
    0.0035708830691874027,
    0.0028232811018824577,
    -0.09262287616729736,
    -0.016773467883467674,
    -0.06303336471319199,
    0.0465686060488224,
    -0.046801939606666565,
    -0.00916619598865509,
    0.039442602545022964,
    -0.046431008726358414,
    0.01978394202888012,
    -0.06960674375295639,
    -0.0018014051020145416,
    0.027395591139793396,
    0.012259667739272118,
    0.01989840716123581,
    -0.02784215658903122,
    -0.05816645920276642,
    0.05324719846248627,
    -0.017986293882131577,
    0.00241342862136662,
    -0.06689099222421646,
    -0.01163019984960556,
    -0.029240552335977554,
    -0.0037508339155465364,
    0.0322362557053566,
    -0.0067201838828623295,
    0.15008363127708435,
    0.06275436282157898,
    -0.021895507350564003,
    0.02061670832335949,
    -0.06328349560499191,
    -0.10842852294445038,
    0.030536716803908348,
    -0.03896335884928703,
    -0.005806043278425932,
    0.02398376725614071,
    1.7662838217802346e-05,
    0.01032427791506052,
    0.04421590268611908,
    -0.027300214394927025,
    0.04988493397831917,
    0.03129437565803528,
    -0.0048937490209937096,
    -0.004635668359696865,
    0.052395980805158615,
    -0.0671524852514267,
    0.059898827224969864,
    0.0551881417632103,
    -0.018519671633839607,
    0.007658740971237421,
    0.06254119426012039,
    0.004151180386543274,
    -0.008616354316473007,
    -0.018940789625048637,
    -0.09525468945503235,
    -0.00497794384136796,
    -0.07370513677597046,
    -0.1230991780757904,
    -0.02884620986878872,
    -0.05633796006441116,
    -0.039655812084674835,
    0.028413698077201843,
    -0.05549140274524689,
    -0.026532812044024467,
    0.09352387487888336,
    0.0015115435235202312,
    -0.023529501631855965,
    -0.014420662075281143,
    0.006103388965129852,
    0.05771264806389809,
    -0.00019780558068305254,
    0.026992708444595337,
    0.0850747674703598,
    0.03660714626312256,
    -0.03343822434544563,
    0.002998454961925745,
    -0.03628959879279137,
    -0.09907251596450806,
    -0.04128945991396904,
    -0.08606401085853577,
    -0.05012322589755058,
    -0.006857220083475113,
    -0.011574373580515385,
    0.12366935610771179,
    -0.02339060790836811,
    -0.016529563814401627,
    -0.017405148595571518,
    0.05036619305610657,
    -0.05820837989449501,
    -0.006439678370952606,
    -0.005789945367723703,
    0.05827277526259422,
    -0.07852837443351746,
    -0.03757601976394653,
    0.03188852593302727,
    0.01362331211566925,
    -0.03700055927038193,
    -0.00672208471223712,
    0.02888810820877552,
    -0.05729790776968002,
    0.03582695871591568,
    0.03950122371315956,
    0.050333522260189056,
    0.04027038812637329,
    -0.025359198451042175,
    -0.06267325580120087,
    -0.07306934148073196,
    0.05684354156255722,
    0.045275721698999405,
    0.011422188952565193,
    0.013288745656609535,
    -0.002276806626468897,
    -0.030569734051823616,
    0.04582517594099045,
    0.07324948161840439,
    0.11170614510774612,
    -0.005732208024710417,
    -0.013479156419634819,
    -0.03160084784030914,
    -0.0261638555675745,
    0.05888877809047699,
    -0.05551940202713013,
    -0.027811722829937935,
    -0.06152715906500816,
    0.009474620223045349,
    -0.06157103553414345,
    -0.10645226389169693,
    0.032536767423152924,
    0.024770092219114304,
    -0.0013712485088035464,
    -0.017270280048251152,
    0.08920665085315704,
    0.0016640268731862307,
    0.05987221375107765,
    0.009930024854838848,
    0.022116586565971375,
    -0.016901344060897827,
    0.05869663506746292,
    -0.05587822571396828,
    0.07312548905611038,
    -0.05288233235478401,
    0.04815498739480972,
    0.09485442191362381,
    0.0281391404569149,
    -0.001449698000214994,
    -0.07794506847858429,
    -0.010318865068256855,
    -0.04291008412837982,
    0.08692467957735062,
    0.0418061688542366,
    0.05428009852766991,
    0.051201608031988144,
    0.0032493500038981438,
    -0.05578545108437538,
    -0.005220616236329079,
    -0.07261208444833755,
    0.057579707354307175,
    -0.06701332330703735,
    -0.04014487937092781,
    0.0663524940609932,
    0.012328186072409153,
    0.030395135283470154,
    0.0015774922212585807,
    0.026175444945693016,
    -0.029577435925602913,
    0.013199747540056705,
    0.03529806807637215,
    -0.05022672191262245,
    -0.029530180618166924,
    -0.02710859104990959,
    0.0001019160554278642,
    0.04604820907115936,
    0.07342209666967392,
    0.048486094921827316,
    0.04369672015309334,
    0.0060600521974265575,
    0.022554777562618256,
    0.007169749122112989,
    0.01891944371163845,
    0.002547443611547351,
    0.06251373887062073,
    0.05413953959941864,
    0.04882815107703209,
    -0.014935221523046494,
    -0.04349790886044502,
    -0.01112349797040224,
    -0.02219570055603981,
    0.007833071053028107,
    -0.036616694182157516,
    -0.050936777144670486,
    -0.04984933137893677,
    -0.07516239583492279,
    0.06816432625055313,
    0.0996222123503685,
    -0.025615978986024857,
    0.006168356630951166,
    -0.03747141733765602,
    -0.011812041513621807,
