{
  "embedding_files": [
    "gt_201.4s_f208.jpg",
    "gt_137.6s_f116.jpg",
    "gt_119.7s_f34.jpg",
    "gt_54.7s_f19.jpg",
    "gt_90.6s_f11.jpg"
  ],
  "backup_files": [
    "gt_121.3s_f105.jpg",
    "gt_68.7s_f8.jpg",
    "gt_89.2s_f53.jpg",
    "gt_147.6s_f56.jpg",
    "gt_73.5s_f40.jpg"
  ],
  "scores": {
    "gt_54.7s_f19.jpg": 41.0067,
    "gt_89.2s_f53.jpg": 39.8383,
    "gt_73.5s_f40.jpg": 39.5145,
    "gt_121.3s_f105.jpg": 34.8329,
    "gt_137.6s_f116.jpg": 44.9859,
    "gt_201.4s_f208.jpg": 47.4055,
    "gt_68.7s_f8.jpg": 35.6606,
    "gt_119.7s_f34.jpg": 43.6527,
    "gt_90.6s_f11.jpg": 40.8761,
    "gt_147.6s_f56.jpg": 34.2177
  },
  "approved_files": [
    "gt_1141.5s_f160.jpg",
    "gt_933.4s_f140.jpg",
    "gt_1271.1s_f172.jpg"
  ],
  "mean_embedding": [
    0.03866554796695709,
    -0.0031302536372095346,
    0.05335577204823494,
    -0.02925536222755909,
    -0.032160576432943344,
    0.07427588105201721,
    -0.04432224854826927,
    0.041362516582012177,
    0.04766744002699852,
    0.01673842780292034,
    -0.05100375786423683,
    -0.05218905955553055,
    0.019837014377117157,
    -0.025198331102728844,
    -0.03266130015254021,
    -0.04798717051744461,
    0.03633876517415047,
    0.08362124115228653,
    0.02000443823635578,
    -0.03129849210381508,
    0.013132153078913689,
    0.029674656689167023,
    -0.03992782160639763,
    -0.07017365843057632,
    0.06079210340976715,
    -0.054384034126996994,
    -0.058214906603097916,
    -0.006587902083992958,
    0.08229336887598038,
    0.025483200326561928,
    -0.02890799008309841,
    -0.06152581423521042,
    0.023485345765948296,
    -0.048939306288957596,
    0.008970289491117,
    -0.005913331173360348,
    -0.066755510866642,
    -0.05682070553302765,
    0.011685377918183804,
    0.055486008524894714,
    0.01239111740142107,
    -0.06727428734302521,
    0.03907865658402443,
    0.013453786261379719,
    0.02024666592478752,
    0.058929674327373505,
    0.007989132776856422,
    -0.032790109515190125,
    0.005536932963877916,
    0.03433120995759964,
    0.009028580971062183,
    0.04310687631368637,
    0.001345646451227367,
    -0.05376257002353668,
    0.08085576444864273,
    0.029237527400255203,
    0.01451638899743557,
    -0.0015016566030681133,
    0.008360426872968674,
    -0.045742377638816833,
    0.038423072546720505,
    -0.02809499204158783,
    0.015481360256671906,
    -0.0064353481866419315,
    0.055383291095495224,
    -0.0066276537254452705,
    0.03330220654606819,
    0.01200465951114893,
    0.08384062349796295,
    0.0022893287241458893,
    -0.03641963750123978,
    -0.0682937428355217,
    -0.034603364765644073,
    -0.06412279605865479,
    -0.08241498470306396,
    -0.004526834469288588,
    0.02184940129518509,
    -0.07331640273332596,
    0.010583785362541676,
    0.004432992078363895,
    0.017209148034453392,
    -0.008546826429665089,
    -0.0036293896846473217,
    -0.02096734754741192,
    0.06939977407455444,
    -0.046516429632902145,
    0.007307515479624271,
    0.018272874876856804,
    -0.005627952050417662,
    -0.024814767763018608,
    -0.04871879890561104,
    0.03870587423443794,
    -0.02708440087735653,
    0.04071122407913208,
    0.004642816260457039,
    0.04920969903469086,
    -0.034745194017887115,
    0.05101818963885307,
    -0.01327903289347887,
    -0.049441784620285034,
    -0.014269418083131313,
    0.06283745914697647,
    0.04537815600633621,
    0.0646263062953949,
    -0.009529294446110725,
    0.026711678132414818,
    0.026326274499297142,
    -0.13689538836479187,
    0.0182524174451828,
    -0.036912284791469574,
    0.033565547317266464,
    0.01094546727836132,
    -0.0673140287399292,
    -0.09173646569252014,
    0.0022577429190278053,
    -0.03696652501821518,
    0.0007463177898898721,
    -0.07095477730035782,
    -0.020066238939762115,
    0.0895315408706665,
    -0.09052293002605438,
    -0.017063632607460022,
    -0.031116919592022896,
    0.016344944015145302,
    -0.029556257650256157,
    0.06076900288462639,
    -0.016905171796679497,
    -0.11498349159955978,
    0.011631486006081104,
    -0.021110914647579193,
    0.006226938683539629,
    -0.0134312454611063,
    -0.029757913202047348,
    -0.028174586594104767,
    -0.07123688608407974,
    -0.008525002747774124,
    -0.011551936157047749,
    0.08916004747152328,
    -0.027761396020650864,
    -0.026812974363565445,
    0.042594827711582184,
    -0.021586302667856216,
    -0.014339274726808071,
    0.012691885232925415,
    -0.0885176956653595,
    0.056380752474069595,
    0.040246639400720596,
    -0.00605005444958806,
    -0.04510201886296272,
    0.020672649145126343,
    0.0533435232937336,
    -0.015686241909861565,
    0.03079305961728096,
    -0.010072262026369572,
    0.01659875363111496,
    -0.0023809049744158983,
    -0.04044969752430916,
    -0.03842056915163994,
    -0.05808526277542114,
    -0.026408018544316292,
    0.043442171066999435,
    0.03836650028824806,
    0.08141763508319855,
    0.041102513670921326,
    -0.07637112587690353,
    0.04014182835817337,
    -0.022913644090294838,
    0.08172833174467087,
    -0.06341248750686646,
    0.054849330335855484,
    -0.009206741116940975,
    0.0005034917849116027,
    0.06823495030403137,
    0.03329909220337868,
    -0.026620764285326004,
    -0.05296947434544563,
    0.032166894525289536,
    -0.021473828703165054,
    0.0012581527698785067,
    0.016499480232596397,
    0.049885813146829605,
    -0.03654814511537552,
    0.06545651704072952,
    -0.07255854457616806,
    -0.03507642820477486,
    0.03224058449268341,
    -0.017461903393268585,
    -0.03207824006676674,
    0.05904119834303856,
    -0.03941011801362038,
    -0.005471820943057537,
    0.002074828837066889,
    0.012543274089694023,
    0.09096924215555191,
    -0.002585040172562003,
    -0.061216600239276886,
    0.046226222068071365,
    -0.06805769354104996,
    0.028490964323282242,
    -0.02848370373249054,
    -0.05720263347029686,
    -0.08168987184762955,
    -0.06141803786158562,
    0.036018114537000656,
    0.04389102756977081,
    0.014289689250290394,
    0.013625570572912693,
    -0.0382290817797184,
    0.03859119117259979,
    0.04328573867678642,
    -0.059221912175416946,
    0.015090053901076317,
    -0.012296382337808609,
    -0.018881183117628098,
    -0.03531332686543465,
    0.0738007128238678,
    -0.09018523246049881,
    0.013675871305167675,
    0.03495936840772629,
    -0.012211554683744907,
    -0.06594665348529816,
    0.049227770417928696,
    0.013778790831565857,
    0.029873741790652275,
    0.014171319082379341,
    -0.010407419875264168,
    -0.043580062687397,
    0.02942480705678463,
    0.07724399119615555,
    -0.02616010047495365,
    0.019174229353666306,
    -0.0018783898558467627,
    0.02646573632955551,
    0.013020630925893784,
    0.08476459980010986,
    0.07755057513713837,
    -0.01670379377901554,
    -0.042376887053251266,
    -0.012029819190502167,
    0.059737417846918106,
    0.017099350690841675,
    -0.06800688803195953,
    0.0021514915861189365,
    -0.04050035402178764,
    -0.0036119853612035513,
    0.039154235273599625,
    0.008510539308190346,
    -0.0020844810642302036,
    0.04542767256498337,
    0.03006742149591446,
    0.06967601925134659,
    0.011632031761109829,
    0.06337328255176544,
    0.055045101791620255,
    0.017000125721096992,
    -0.03924617916345596,
    0.047608550637960434,
    0.02070510946214199,
    0.08327129483222961,
    0.054430410265922546,
    0.0021916045807302,
    -0.10768971592187881,
    0.051067888736724854,
    -0.09490891546010971,
    -0.04452790319919586,
    -0.03459072485566139,
    -0.01909037120640278,
    0.058337580412626266,
    0.0960240587592125,
    0.004511791747063398,
    -0.014501490630209446,
    -0.004619639366865158,
    0.03617241978645325,
    -0.03212204948067665,
    -0.04553207755088806,
    -0.04130518063902855,
    -0.018288342282176018,
