{
  "embedding_files": [
    "gt_579.2s_f96.jpg",
    "gt_300.2s_f40.jpg",
    "gt_211.2s_f18.jpg",
    "gt_499.6s_f84.jpg"
  ],
  "backup_files": [],
  "scores": {
    "gt_300.2s_f40.jpg": 92.8737,
    "gt_211.2s_f18.jpg": 92.7173,
    "gt_499.6s_f84.jpg": 81.9856,
    "gt_579.2s_f96.jpg": 98.5031
  },
  "approved_files": [
    "gt_579.2s_f96.jpg",
    "gt_300.2s_f40.jpg",
    "gt_211.2s_f18.jpg",
    "gt_499.6s_f84.jpg"
  ],
  "mean_embedding": [
    -0.020220931619405746,
    0.02429063618183136,
    0.01634707860648632,
    -0.05519373342394829,
    -0.05096602067351341,
    -0.03755500540137291,
    -0.025091197341680527,
    0.0008425737032666802,
    -0.050440285354852676,
    0.018159033730626106,
    0.0015301668317988515,
    -0.0522177591919899,
    0.03221255540847778,
    0.0655498281121254,
    0.05065179988741875,
    -0.04249760881066322,
    0.023948287591338158,
    -0.04919903352856636,
    -0.08877189457416534,
    0.03361441567540169,
    0.08500226587057114,
    0.03983861953020096,
    -0.0007981286034919322,
    -0.044344235211610794,
    0.022384831681847572,
    -0.03980022296309471,
    -0.005533491261303425,
    0.030883559957146645,
    -0.04030494764447212,
    -0.032226644456386566,
    -0.015137077309191227,
    -0.05534058436751366,
    -0.05640921741724014,
    -0.020066602155566216,
    -0.06010619178414345,
    0.010227622464299202,
    -0.05942905694246292,
    -0.028917646035552025,
    0.004867071285843849,
    -0.017531361430883408,
    -0.01574735902249813,
    -0.06307495385408401,
    0.012023336254060268,
    0.045648422092199326,
    0.09219163656234741,
    0.023869019001722336,
    0.08992081135511398,
    -0.007637055590748787,
    0.007737267762422562,
    0.026912864297628403,
    0.0002012044278671965,
    0.08726011216640472,
    0.0007659585098735988,
    0.014016867615282536,
    -0.005844705272465944,
    0.0658847987651825,
    0.06632548570632935,
    -0.008095198310911655,
    0.05397048220038414,
    -0.07597999274730682,
    0.05793822184205055,
    0.06910671293735504,
    -0.016913631930947304,
    -0.02547692134976387,
    -0.00627047847956419,
    0.014993633143603802,
    -0.023265482857823372,
    0.0008876965730451047,
    0.04141126945614815,
    -0.09042244404554367,
    -0.01104836817830801,
    -0.12759579718112946,
    -0.02029583789408207,
    0.0597076378762722,
    0.03205649554729462,
    -0.04797501862049103,
    0.1147184818983078,
    -0.05141865834593773,
    -0.042021606117486954,
    -0.012413757853209972,
    0.024567725136876106,
    -0.03224874660372734,
    0.027077294886112213,
    -0.055649884045124054,
    0.016875168308615685,
    0.05224233120679855,
    -0.03221163526177406,
    0.018863126635551453,
    0.033744849264621735,
    -0.045680973678827286,
    -0.02305387519299984,
    0.023625977337360382,
    -0.02433054894208908,
    -0.000451067608082667,
    -0.06805038452148438,
    0.0335710383951664,
    -0.055304352194070816,
    -0.08344224840402603,
    0.016260532662272453,
    0.023264262825250626,
    -0.023790966719388962,
    -0.03288937732577324,
    0.014419128187000751,
    -0.01568767800927162,
    0.06871743500232697,
    0.010732075199484825,
    -0.08640635758638382,
    -0.04635530337691307,
    0.02651372179389,
    0.01249681320041418,
    0.0003839162818621844,
    -0.04085233435034752,
    0.06084414944052696,
    0.018519334495067596,
    -0.021640609949827194,
    -0.11681286245584488,
    -0.020713429898023605,
    -0.0037020391318947077,
    -0.016896793618798256,
    -0.024195155128836632,
    -0.05273060500621796,
    0.005960289854556322,
    0.00881890393793583,
    0.032444000244140625,
    -0.0520416684448719,
    0.02442301996052265,
    -0.05537531524896622,
    -0.02527480013668537,
    0.021974319592118263,
    0.0032731173560023308,
    -0.02666039951145649,
    -0.04254234954714775,
    -0.054882459342479706,
    0.043202321976423264,
    -0.11417122185230255,
    -0.02177846059203148,
    0.007231113966554403,
    -0.01698267087340355,
    -0.020550448447465897,
    0.012961789965629578,
    0.016934258863329887,
    -0.04397217184305191,
    0.014215749688446522,
    -0.014585207216441631,
    -0.00683016749098897,
    0.00891829002648592,
    -0.01522108819335699,
    0.054753419011831284,
    0.052787888795137405,
    0.019325027242302895,
    -0.03126266598701477,
    0.01503576897084713,
    -0.038450539112091064,
    0.017063433304429054,
    0.022249460220336914,
    0.03205978125333786,
    -0.08356232941150665,
    0.018177296966314316,
    -0.029394587501883507,
    0.02078772522509098,
    0.051340751349925995,
    0.003924682270735502,
    -0.03782384842634201,
    0.11382203549146652,
    -0.0009219038765877485,
    -0.0471278615295887,
    -0.07000156491994858,
    0.03879939764738083,
    -0.039339642971754074,
    0.02460194006562233,
    0.038559690117836,
    -0.045449670404195786,
    0.019347557798027992,
    -0.11746815592050552,
    0.01182605791836977,
    -0.034862957894802094,
    0.05714968964457512,
    0.0781245157122612,
    0.1032712534070015,
    0.009453004226088524,
    -0.0907469317317009,
    0.08969489485025406,
    0.03320655599236488,
    -0.006302079185843468,
    -0.008627594448626041,
    -0.0007334870169870555,
    0.03487195819616318,
    0.003117005107924342,
    -0.011236067861318588,
    0.0009237118647433817,
    -0.03479393944144249,
    -0.01682981289923191,
    0.005184587091207504,
    0.06265570968389511,
    -0.003979803528636694,
    -0.015853531658649445,
    0.02610328048467636,
    0.02086968906223774,
    -0.009282375685870647,
    0.009220456704497337,
    -0.037313949316740036,
    -0.03145134449005127,
    -0.04915385693311691,
    0.02656473219394684,
    0.03724405914545059,
    0.007139931432902813,
    0.0410175547003746,
    -0.0322880744934082,
    -0.0013561223167926073,
    0.03366764634847641,
    6.795391527703032e-05,
    -0.03035949170589447,
    0.0005423969705589116,
    -0.017807552590966225,
    -0.010558698326349258,
    0.05168658867478371,
    -0.010095936246216297,
    -0.002441191812977195,
    0.022665422409772873,
    -0.03825058043003082,
    0.03207418695092201,
    0.04127964377403259,
    0.005792862735688686,
    0.023826735094189644,
    0.054367147386074066,
    0.030677570030093193,
    0.03736702352762222,
    0.0168220866471529,
    -0.06517522782087326,
    0.09194859862327576,
    -0.007141314912587404,
    0.012504525482654572,
    -0.017855562269687653,
    0.021916339173913002,
    0.032634176313877106,
    0.0214388407766819,
    -0.02428705245256424,
    0.05119438096880913,
    0.043249860405921936,
    0.02136833593249321,
    -0.035012051463127136,
    0.012038790620863438,
    0.021453330293297768,
    -0.014379499480128288,
    -0.001973583362996578,
    -0.04851718991994858,
    -0.0014007450081408024,
    -0.09351076185703278,
    0.0327245257794857,
    -0.031140286475419998,
    0.0902065709233284,
    0.011423331685364246,
    -7.154323975555599e-05,
    -0.00032906216802075505,
    -0.0058110496029257774,
    0.08930043876171112,
    0.057096853852272034,
    -0.002462526084855199,
    0.050496120005846024,
    0.0004903546650893986,
    0.0020204265601933002,
    -0.14944414794445038,
    -0.03733876347541809,
    0.01334971934556961,
    0.032804541289806366,
    -0.07992206513881683,
    0.011959807947278023,
    -0.048774976283311844,
    0.006446490529924631,
    0.07813834398984909,
    0.04588646441698074,
    -0.03943968564271927,
    0.0013629298191517591,
    -0.012316479347646236,
    0.022028574720025063,
    -0.025606272742152214,
    0.02450849860906601,
    0.07742922753095627,
    0.09886784106492996,
    0.020049087703227997,
    -0.03294607251882553,
    0.019461289048194885,
    0.025356760248541832,
    0.026932578533887863,
    -0.04310135543346405,
    0.013574095442891121,
    -0.005271431058645248,
    -0.01191401481628418,
    0.010112286545336246,
    -0.13304850459098816,
