{
  "embedding_files": [
    "new_1776234391574_gt_1141.5s_f167.jpg",
    "gt_750.2s_f134.jpg",
    "new_1776234391574_gt_2.1s_f18.jpg",
    "new_1776234391574_gt_184.5s_f39.jpg",
    "new_1776234391574_gt_383.1s_f62.jpg"
  ],
  "backup_files": [
    "new_1776234391574_gt_729.5s_f122.jpg",
    "gt_499.6s_f68.jpg",
    "gt_300.2s_f24.jpg",
    "gt_399.0s_f48.jpg",
    "gt_58.0s_f0.jpg",
    "new_1777919635008_gt_101.7s_f49.jpg",
    "new_1777919635008_gt_104.1s_f66.jpg",
    "new_1777919635008_gt_137.3s_f111.jpg",
    "new_1777919635008_gt_154.9s_f96.jpg",
    "new_1777919635008_gt_169.6s_f156.jpg",
    "new_1777919635008_gt_67.2s_f5.jpg",
    "new_1777919635008_gt_68.7s_f21.jpg",
    "new_1777919635008_gt_86.3s_f34.jpg",
    "new_1777919635008_gt_87.6s_f43.jpg"
  ],
  "scores": {
    "gt_499.6s_f68.jpg": 31.1733,
    "gt_300.2s_f24.jpg": 25.2217,
    "gt_399.0s_f48.jpg": 20.3455,
    "gt_750.2s_f134.jpg": 73.3804,
    "gt_58.0s_f0.jpg": 10.067,
    "new_1776234391574_gt_1141.5s_f167.jpg": 131.5882,
    "new_1776234391574_gt_184.5s_f39.jpg": 45.2424,
    "new_1776234391574_gt_2.1s_f18.jpg": 63.8163,
    "new_1776234391574_gt_383.1s_f62.jpg": 42.9466,
    "new_1776234391574_gt_729.5s_f122.jpg": 39.5614
  },
  "approved_files": [
    "gt_384.7s_f72.jpg",
    "gt_534.6s_f112.jpg",
    "gt_219.5s_f26.jpg",
    "gt_300.2s_f24.jpg",
    "gt_399.0s_f48.jpg",
    "gt_499.6s_f68.jpg",
    "gt_750.2s_f134.jpg",
    "new_1776234391574_gt_1141.5s_f167.jpg",
    "new_1776234391574_gt_184.5s_f39.jpg",
    "new_1776234391574_gt_2.1s_f18.jpg",
    "new_1776234391574_gt_383.1s_f62.jpg",
    "new_1776234391574_gt_729.5s_f122.jpg",
    "new_1777919635008_gt_101.7s_f49.jpg",
    "new_1777919635008_gt_104.1s_f66.jpg",
    "new_1777919635008_gt_137.3s_f111.jpg",
    "new_1777919635008_gt_154.9s_f96.jpg",
    "new_1777919635008_gt_169.6s_f156.jpg",
    "new_1777919635008_gt_67.2s_f5.jpg",
    "new_1777919635008_gt_68.7s_f21.jpg",
    "new_1777919635008_gt_86.3s_f34.jpg",
    "new_1777919635008_gt_87.6s_f43.jpg"
  ],
  "mean_embedding": [
    -0.010093744844198227,
    0.001740029314532876,
    -0.03454933315515518,
    0.002502868650481105,
    0.004312608856707811,
    0.031253449618816376,
    0.05991988629102707,
    -0.017435185611248016,
    -0.015971867367625237,
    -0.025286778807640076,
    -0.03434009477496147,
    -0.01549505814909935,
    0.08288228511810303,
    -0.05564484745264053,
    0.054427798837423325,
    -0.07956130057573318,
    -0.020531129091978073,
    -0.05874847248196602,
    0.11830168962478638,
    0.011143380776047707,
    0.019081376492977142,
    0.013065684586763382,
    0.005971644073724747,
    -0.020533688366413116,
    0.03919728100299835,
    -0.01821160316467285,
    -0.0610685721039772,
    -0.10060912370681763,
    0.029635481536388397,
    0.04021649435162544,
    -0.030847512185573578,
    0.03070504032075405,
    0.06823182851076126,
    -0.05128846690058708,
    -0.023385396227240562,
    -0.034477610141038895,
    0.016181662678718567,
    -0.04980191960930824,
    0.016018129885196686,
    -0.010973678901791573,
    0.0024073401000350714,
    -0.017110498622059822,
    -0.017202340066432953,
    0.03971945494413376,
    -0.001270623761229217,
    -0.03374296426773071,
    0.020493417978286743,
    -0.01838846132159233,
    0.013025211170315742,
    -0.03450712934136391,
    0.10140636563301086,
    0.07073630392551422,
    0.015483029186725616,
    -0.02317703701555729,
    0.052712466567754745,
    0.10878195613622665,
    0.012518716044723988,
    -0.009431877173483372,
    0.03080015815794468,
    0.03972834721207619,
    -0.053596287965774536,
    -0.05524512007832527,
    -0.08187922835350037,
    -0.03366066887974739,
    -0.03341572731733322,
    -0.034156352281570435,
    0.033686332404613495,
    0.03693924844264984,
    0.026824183762073517,
    0.012293903157114983,
    0.04223529249429703,
    -0.02020053192973137,
    0.0650571808218956,
    0.014668459072709084,
    0.04550763964653015,
    -0.013672364875674248,
    -0.05485737696290016,
    0.05440300703048706,
    -0.005911860149353743,
    -0.01202258188277483,
    0.05919698253273964,
    -0.030117860063910484,
    -0.09271789342164993,
    -0.05575546249747276,
    -0.03888646140694618,
    0.03576647490262985,
    0.05682634189724922,
    -0.0884057804942131,
    -0.06795676052570343,
    -0.033607855439186096,
    0.05406196042895317,
    -0.026878586038947105,
    0.06729308515787125,
    0.08693695813417435,
    -0.002561438363045454,
    0.015596398152410984,
    0.009607790037989616,
    0.05257093906402588,
    -0.001764098065905273,
    -0.018629947677254677,
    -0.00473284674808383,
    0.02239813841879368,
    -0.0026585725136101246,
    -0.016500182449817657,
    -0.016687726601958275,
    0.03606744855642319,
    0.06822525709867477,
    -0.013875285163521767,
    -0.052695076912641525,
    -0.019149770960211754,
    0.014756029471755028,
    0.02429790236055851,
    0.03219064697623253,
    -0.024090610444545746,
    -0.09187451750040054,
    -0.05734894052147865,
    0.007166263181716204,
    0.012160221114754677,
    -0.0244484543800354,
    -0.055316485464572906,
    0.0447186678647995,
    0.011978852562606335,
    0.006325470749288797,
    0.029982170090079308,
    -0.04498128965497017,
    0.03226938843727112,
    -0.050157465040683746,
    -0.00817254651337862,
    -0.03376089036464691,
    -0.035721249878406525,
    -0.056685272604227066,
    0.03056195005774498,
    -0.02876805141568184,
    0.05885873734951019,
    -0.009247258305549622,
    -0.07540230453014374,
    -0.025934820994734764,
    0.07769852876663208,
    0.02328578196465969,
    0.030038751661777496,
    0.034135736525058746,
    0.08430381119251251,
    0.02554980479180813,
    -0.0022621112875640392,
    0.0374077633023262,
    -0.0168286319822073,
    -0.008197200484573841,
    0.050275471061468124,
    0.004867986775934696,
    0.10108790546655655,
    -0.02075219713151455,
    -0.067134328186512,
    0.00814052950590849,
    -0.10324688255786896,
    -0.06692285090684891,
    -0.024742193520069122,
    -0.012513643130660057,
    0.006921674124896526,
    -0.04190351068973541,
    0.03649209067225456,
    -0.016347911208868027,
    0.03299663960933685,
    0.06853419542312622,
    -0.025774793699383736,
    -0.028324581682682037,
    -0.013018229976296425,
    0.05313071236014366,
    -0.015129145234823227,
    -0.03185874968767166,
    0.03784012049436569,
    0.029410947114229202,
    -0.09720123559236526,
    -0.03733367845416069,
    0.029050471261143684,
    0.003357496578246355,
    -0.044481776654720306,
    0.02132919803261757,
    -0.000962616759352386,
    -0.0020619980059564114,
    -0.06358230859041214,
    0.028923988342285156,
    -0.012872345745563507,
    -0.04261608421802521,
    0.017033860087394714,
    -0.0623222291469574,
    0.019004730507731438,
    0.06790491938591003,
    -0.021662883460521698,
    -0.029686590656638145,
    0.03328173980116844,
    0.009213794954121113,
    0.010816339403390884,
    0.03635510429739952,
    -0.008092902600765228,
    -0.012352317571640015,
    0.024010660126805305,
    0.09547846019268036,
    0.018176259472966194,
    -0.08820158243179321,
    0.04571397602558136,
    0.07646945863962173,
    -0.028168724849820137,
    -0.01845206692814827,
    -0.02685682661831379,
    0.01639035902917385,
    0.01055353693664074,
    0.010908317752182484,
    -0.002925399923697114,
    -0.010467804968357086,
    -0.06522606313228607,
    -0.021239858120679855,
    0.007230629678815603,
    -0.05647410452365875,
    0.06155100464820862,
    -0.08667606860399246,
    0.015383794903755188,
    0.03897840529680252,
    0.036202073097229004,
    -0.03739321604371071,
    0.017682310193777084,
    0.027667846530675888,
    -0.036445435136556625,
    0.038658201694488525,
    -0.050352778285741806,
    0.028797682374715805,
    0.001266799750737846,
    0.00677091907709837,
    -0.006152964662760496,
