{
  "embedding_files": [
    "gt_750.2s_f134.jpg",
    "gt_499.6s_f68.jpg",
    "gt_300.2s_f24.jpg",
    "gt_399.0s_f48.jpg",
    "gt_384.7s_f72.jpg"
  ],
  "backup_files": [
    "gt_219.5s_f26.jpg",
    "gt_534.6s_f112.jpg",
    "new_1776234391574_gt_1141.5s_f167.jpg",
    "new_1776234391574_gt_184.5s_f39.jpg",
    "new_1776234391574_gt_2.1s_f18.jpg",
    "new_1776234391574_gt_383.1s_f62.jpg",
    "new_1776234391574_gt_729.5s_f122.jpg"
  ],
  "scores": {
    "gt_384.7s_f72.jpg": 2.1736,
    "gt_534.6s_f112.jpg": 1.9413,
    "gt_219.5s_f26.jpg": 1.8821,
    "gt_499.6s_f68.jpg": 31.1733,
    "gt_300.2s_f24.jpg": 25.2217,
    "gt_399.0s_f48.jpg": 20.3455,
    "gt_750.2s_f134.jpg": 73.3804
  },
  "approved_files": [
    "gt_384.7s_f72.jpg",
    "gt_534.6s_f112.jpg",
    "gt_219.5s_f26.jpg",
    "gt_300.2s_f24.jpg",
    "gt_399.0s_f48.jpg",
    "gt_499.6s_f68.jpg",
    "gt_750.2s_f134.jpg",
    "new_1776234391574_gt_1141.5s_f167.jpg",
    "new_1776234391574_gt_184.5s_f39.jpg",
    "new_1776234391574_gt_2.1s_f18.jpg",
    "new_1776234391574_gt_383.1s_f62.jpg",
    "new_1776234391574_gt_729.5s_f122.jpg"
  ],
  "mean_embedding": [
    -0.0019465555669739842,
    0.00874253734946251,
    -0.03840196877717972,
    0.0010255638044327497,
    0.017413156107068062,
    0.027857709676027298,
    0.07785629481077194,
    -0.03825921565294266,
    -0.004623953718692064,
    -0.009471621364355087,
    -0.03454878553748131,
    0.00597473606467247,
    0.10459158569574356,
    -0.05097561702132225,
    0.04068504273891449,
    -0.08396643400192261,
    -0.019720133394002914,
    -0.045753151178359985,
    0.12292689085006714,
    0.024120567366480827,
    0.04242327809333801,
    0.019387243315577507,
    0.008202502503991127,
    -0.039383478462696075,
    0.032790880650281906,
    -0.014676600694656372,
    -0.07187655568122864,
    -0.08344105631113052,
    0.031443316489458084,
    0.032140377908945084,
    -0.048774026334285736,
    0.026606285944581032,
    0.06271930783987045,
    -0.04836730659008026,
    -0.038637109100818634,
    -0.04373210296034813,
    0.005121846217662096,
    -0.0505531020462513,
    0.01682407222688198,
    -0.021119097247719765,
    -0.004483360797166824,
    -0.03362366557121277,
    -0.024441801011562347,
    0.051298756152391434,
    -0.02335457317531109,
    -0.01686178147792816,
    0.03939741477370262,
    -0.018883557990193367,
    -0.015219165943562984,
    -0.04837005212903023,
    0.0802149847149849,
    0.08610756695270538,
    0.012781028635799885,
    -0.025703418999910355,
    0.06051831692457199,
    0.08809010684490204,
    0.01904321275651455,
    -0.00531353335827589,
    0.028019582852721214,
    0.023391960188746452,
    -0.04342742636799812,
    -0.06267563998699188,
    -0.08043341338634491,
    -0.04038366302847862,
    -0.06745527684688568,
    -0.02803354524075985,
    0.019792040809988976,
    0.04493521898984909,
    0.047234442085027695,
    0.00886873621493578,
    0.047225888818502426,
    -0.022759580984711647,
    0.06631539016962051,
    0.026476407423615456,
    0.03691083565354347,
    -0.030176810920238495,
    -0.060856327414512634,
    0.0427972674369812,
    0.00934592168778181,
    -0.01941913366317749,
    0.06061864271759987,
    -0.07077821344137192,
    -0.11118748039007187,
    -0.04388362169265747,
    -0.034510742872953415,
    0.0046656508930027485,
    0.07404478639364243,
    -0.0722937360405922,
    -0.0759090781211853,
    -0.038312748074531555,
    0.04517032951116562,
    -0.050562478601932526,
    0.04978401958942413,
    0.06430298835039139,
    -0.015311231836676598,
    -0.00351613643579185,
    -0.011514752171933651,
    0.07368046045303345,
    -0.006197111215442419,
    -0.005182687658816576,
    0.00517610739916563,
    0.020974285900592804,
    0.005371281877160072,
    -0.024295717477798462,
    -0.02745794877409935,
    0.0042727114632725716,
    0.07114987820386887,
    -0.036612387746572495,
    -0.04880707710981369,
    -0.028564920648932457,
    0.0012960061430931091,
    0.012098022736608982,
    0.03555837646126747,
    -0.021982641890645027,
    -0.08893224596977234,
    -0.06837549805641174,
    0.005498234648257494,
    0.009470882825553417,
    -0.02811293490231037,
    -0.06878635287284851,
    0.050405703485012054,
    0.02021344192326069,
    -1.217861699842615e-05,
    0.015929412096738815,
    -0.05854908004403114,
    0.05873773619532585,
    -0.0628243237733841,
    -0.01913161389529705,
    -0.03759044036269188,
    -0.03807166591286659,
    -0.045504529029130936,
    0.009072830900549889,
    -0.028951339423656464,
    0.031760528683662415,
    -5.2014791435794905e-05,
    -0.07517104595899582,
    -0.018265467137098312,
    0.0892132967710495,
    0.03214969113469124,
    0.03295224532485008,
    0.053802698850631714,
    0.051484543830156326,
    0.037514977157115936,
    0.0026809214614331722,
    0.05045582354068756,
    -0.007699356880038977,
    -0.004168872721493244,
    0.03404949977993965,
    0.02446932904422283,
    0.10730160027742386,
    0.003301341086626053,
    -0.05642898380756378,
    -0.0012634469894692302,
    -0.09091916680335999,
    -0.08993349969387054,
    -0.03178165853023529,
    -0.0046570785343647,
    0.015765022486448288,
    -0.05679304152727127,
    0.02305063046514988,
    -0.023820988833904266,
    0.03634856641292572,
    0.07307726889848709,
    -0.024740971624851227,
    -0.01995604671537876,
    -0.017672428861260414,
    0.05432648956775665,
    -0.03102262131869793,
    -0.021691495552659035,
    0.03458276018500328,
    0.04051538556814194,
    -0.08121784031391144,
    -0.03507431969046593,
    0.016805820167064667,
    0.011291149072349072,
    -0.0576355867087841,
    0.020699242129921913,
    -0.01884084939956665,
    -0.010596736334264278,
    -0.0494292713701725,
    0.05516946688294411,
    -0.01789774000644684,
    -0.0517263263463974,
    -0.004400961101055145,
    -0.05073913559317589,
    0.02863544598221779,
    0.0429338775575161,
    -0.020122995600104332,
    -0.02968231588602066,
    0.04909864068031311,
    -0.006088943686336279,
    0.009572857990860939,
    0.039129167795181274,
    -0.0029871033038944006,
    0.004000104498118162,
    0.0279612448066473,
    0.08977039903402328,
    0.0181860513985157,
    -0.09331914782524109,
    0.05344744771718979,
    0.06326386332511902,
    -0.035344406962394714,
    -0.03260035067796707,
    -0.0008757100440561771,
    0.02795918472111225,
    0.004547670483589172,
    0.029781026765704155,
    -0.016247667372226715,
    -0.024438466876745224,
    -0.029890308156609535,
    -0.01978193037211895,
    0.0030661707278341055,
    -0.05993096902966499,
    0.050337087363004684,
    -0.07809343189001083,
    0.03344220668077469,
    0.0387292243540287,
    0.029170027002692223,
    -0.028643852099776268,
    -0.0025379229336977005,
    0.032787978649139404,
    -0.03320195898413658,
    0.026951320469379425,
    -0.06110306829214096,
    0.01975560560822487,
    -0.004477133508771658,
    0.004019238520413637,
    -0.008309557102620602,
    -0.009091285988688469,
    -0.059435393661260605,
    -0.015785804018378258,
    -0.025480257347226143,
    -0.043474551290273666,
    0.050044331699609756,
    0.04392434284090996,
    0.038094423711299896,
    0.009420767426490784,
    0.038024429231882095,
    0.08828625828027725,
    0.0023226032499223948,
    0.033620044589042664,
    -0.06750702112913132,
    0.01583099365234375,
    -0.06811103224754333,
    -0.002728857332840562,
    -0.045980099588632584,
    -0.04948227480053902,
    -0.0190578680485487,
    -0.002914074342697859,
    0.013974455185234547,
    0.00541669549420476,
    -0.0598766915500164,
    0.015432104468345642,
    0.051395878195762634,
    0.009883587248623371,
    0.06903734803199768,
    0.03506913036108017,
    0.022527147084474564,
    0.10769324004650116,
    -0.012127046473324299,
    0.003600479569286108,
    0.022904876619577408,
    0.04151301085948944,
