{
  "embedding_files": [
    "gt_750.2s_f134.jpg",
    "gt_499.6s_f68.jpg",
    "gt_300.2s_f24.jpg",
    "gt_399.0s_f48.jpg",
    "gt_384.7s_f72.jpg"
  ],
  "backup_files": [
    "gt_219.5s_f26.jpg",
    "gt_534.6s_f112.jpg",
    "new_1776234391574_gt_1141.5s_f167.jpg",
    "new_1776234391574_gt_184.5s_f39.jpg",
    "new_1776234391574_gt_2.1s_f18.jpg"
  ],
  "scores": {
    "gt_384.7s_f72.jpg": 2.1736,
    "gt_534.6s_f112.jpg": 1.9413,
    "gt_219.5s_f26.jpg": 1.8821,
    "gt_499.6s_f68.jpg": 31.1733,
    "gt_300.2s_f24.jpg": 25.2217,
    "gt_399.0s_f48.jpg": 20.3455,
    "gt_750.2s_f134.jpg": 73.3804
  },
  "approved_files": [
    "gt_384.7s_f72.jpg",
    "gt_534.6s_f112.jpg",
    "gt_219.5s_f26.jpg",
    "gt_300.2s_f24.jpg",
    "gt_399.0s_f48.jpg",
    "gt_499.6s_f68.jpg",
    "gt_750.2s_f134.jpg",
    "new_1776234391574_gt_1141.5s_f167.jpg",
    "new_1776234391574_gt_184.5s_f39.jpg",
    "new_1776234391574_gt_2.1s_f18.jpg",
    "new_1776234391574_gt_383.1s_f62.jpg",
    "new_1776234391574_gt_729.5s_f122.jpg"
  ],
  "mean_embedding": [
    -0.010095127858221531,
    0.001738246763125062,
    -0.03454948589205742,
    0.002503946190699935,
    0.0043128738179802895,
    0.03125219792127609,
    0.05991935729980469,
    -0.017435066401958466,
    -0.01597222313284874,
    -0.025286290794610977,
    -0.03434096276760101,
    -0.015495505183935165,
    0.0828825905919075,
    -0.05564487352967262,
    0.05442819744348526,
    -0.07956242561340332,
    -0.020531749352812767,
    -0.058750495314598083,
    0.11830142885446548,
    0.011144233867526054,
    0.01908150687813759,
    0.01306544803082943,
    0.005972508806735277,
    -0.0205342136323452,
    0.039197299629449844,
    -0.01821282133460045,
    -0.06106957793235779,
    -0.10060909390449524,
    0.029637541621923447,
    0.040216170251369476,
    -0.03084668144583702,
    0.030705759301781654,
    0.06823170930147171,
    -0.05128947272896767,
    -0.02338540181517601,
    -0.03447740152478218,
    0.016181349754333496,
    -0.04980260133743286,
    0.01601751521229744,
    -0.010974201373755932,
    0.002407191088423133,
    -0.017110459506511688,
    -0.01720244809985161,
    0.039720095694065094,
    -0.0012709820875898004,
    -0.03374335169792175,
    0.020493950694799423,
    -0.018388433381915092,
    0.01302424632012844,
    -0.03450625389814377,
    0.10140786319971085,
    0.07073739916086197,
    0.015483853407204151,
    -0.023177331313490868,
    0.05271119996905327,
    0.10878057032823563,
    0.012518251314759254,
    -0.009430931881070137,
    0.030799945816397667,
    0.03972834348678589,
    -0.053596679121255875,
    -0.055245187133550644,
    -0.08188048750162125,
    -0.033658649772405624,
    -0.03341462090611458,
    -0.03415641188621521,
    0.03368420898914337,
    0.03693894296884537,
    0.026822153478860855,
    0.012293321080505848,
    0.04223575443029404,
    -0.02019873447716236,
    0.0650571882724762,
    0.014668173156678677,
    0.04550768807530403,
    -0.01367165520787239,
    -0.054857004433870316,
    0.05440285801887512,
    -0.00591222895309329,
    -0.012022501789033413,
    0.05919657647609711,
    -0.030117832124233246,
    -0.09271835535764694,
    -0.05575612932443619,
    -0.03888553008437157,
    0.03576662391424179,
    0.05682595074176788,
    -0.08840427547693253,
    -0.06795749068260193,
    -0.03360702097415924,
    0.054062243551015854,
    -0.026879029348492622,
    0.06729266047477722,
    0.08693764358758926,
    -0.002560084220021963,
    0.015597366727888584,
    0.009607709012925625,
    0.052570026367902756,
    -0.0017639819998294115,
    -0.018629731610417366,
    -0.004732441157102585,
    0.022398123517632484,
    -0.002658309182152152,
    -0.016499565914273262,
    -0.016686951741576195,
    0.03606818616390228,
    0.06822653114795685,
    -0.013874869793653488,
    -0.05269575119018555,
    -0.019149070605635643,
    0.014754701405763626,
    0.02429812401533127,
    0.03219043090939522,
    -0.024090588092803955,
    -0.09187408536672592,
    -0.057347409427165985,
    0.00716613233089447,
    0.012160425074398518,
    -0.024449195712804794,
    -0.05531654134392738,
    0.044718243181705475,
    0.011980235576629639,
    0.006325083319097757,
    0.029983196407556534,
    -0.04498236998915672,
    0.0322701595723629,
    -0.050156719982624054,
    -0.008172031491994858,
    -0.03376135975122452,
    -0.03572209179401398,
    -0.05668209120631218,
    0.030562417581677437,
    -0.028768198564648628,
    0.05885842442512512,
    -0.009246979840099812,
    -0.07540208101272583,
    -0.02593453973531723,
    0.07769884914159775,
    0.023286228999495506,
    0.03003842756152153,
    0.034136682748794556,
    0.08430495113134384,
    0.02554979734122753,
    -0.0022622323594987392,
    0.037408340722322464,
    -0.016828661784529686,
    -0.008195435628294945,
    0.050274576991796494,
    0.0048684729263186455,
    0.10108759999275208,
    -0.020751958712935448,
    -0.06713465601205826,
    0.008140087127685547,
    -0.1032470241189003,
    -0.06692333519458771,
    -0.024740923196077347,
    -0.012515975162386894,
    0.006922353059053421,
    -0.041903574019670486,
    0.03649098798632622,
    -0.016347993165254593,
    0.03299792483448982,
    0.06853310763835907,
    -0.025775441899895668,
    -0.02832563780248165,
    -0.013018022291362286,
    0.053130585700273514,
    -0.015129835344851017,
    -0.03186191990971565,
    0.03784063458442688,
    0.029410673305392265,
    -0.09720152616500854,
    -0.03733264282345772,
    0.029051024466753006,
    0.0033577170688658953,
    -0.044480111449956894,
    0.021329784765839577,
    -0.0009630112908780575,
    -0.002061888575553894,
    -0.06358341127634048,
    0.02892528846859932,
    -0.012871798127889633,
    -0.042615074664354324,
    0.017033226788043976,
    -0.06232258304953575,
    0.019002756103873253,
    0.06790652871131897,
    -0.02166222222149372,
    -0.029684944078326225,
    0.03328189253807068,
    0.009214538149535656,
    0.010816538706421852,
    0.03635559603571892,
    -0.008092140778899193,
    -0.01235165260732174,
    0.024010522291064262,
    0.09547868371009827,
    0.01817476563155651,
    -0.08820068836212158,
    0.04571283608675003,
    0.07647041976451874,
    -0.02816818840801716,
    -0.018451105803251266,
    -0.026856044307351112,
    0.016392236575484276,
    0.010552896186709404,
    0.010908534750342369,
    -0.0029261645395308733,
    -0.010467377491295338,
    -0.06522614508867264,
    -0.021239696070551872,
    0.007231914438307285,
    -0.05647377297282219,
    0.0615510530769825,
    -0.08667585253715515,
    0.015383373945951462,
    0.03897751495242119,
    0.03620303049683571,
    -0.03739224374294281,
    0.017683574929833412,
    0.027668222784996033,
    -0.03644642233848572,
    0.03865800052881241,
    -0.05035218968987465,
    0.028796039521694183,
    0.001267754938453436,
    0.006770540028810501,
    -0.0061538550071418285,
    -0.03335670381784439,
    -0.058594558387994766,
    -0.01847628690302372,
    -0.020527618005871773,
    -0.043412525206804276,
    0.03433258831501007,
    0.04808135703206062,
    0.01664714887738228,
    0.023173309862613678,
    0.06110835447907448,
    0.10678499937057495,
    -0.02405187301337719,
    0.009304961189627647,
    -0.07970582693815231,
    0.018685346469283104,
    -0.0899873748421669,
    0.019841091707348824,
    -0.04893279820680618,
    -0.04013744369149208,
    -0.024685658514499664,
    0.014379318803548813,
    0.019349820911884308,
    0.002690472872927785,
    -0.05320936441421509,
    0.023675767704844475,
    0.03776660934090614,
    0.011182412505149841,
    0.08548656851053238,
    0.03176533803343773,
    0.030497752130031586,
    0.09603304415941238,
    -0.02130216173827648,
    -0.008805006742477417,
    0.0009665102697908878,
    0.042353466153144836,
    0.05123140662908554,
    -0.006994936615228653,
    0.04558524116873741,
    0.1313537061214447,
