{
  "embedding_files": [
    "gt_35.4s_f34.jpg",
    "gt_2.0s_f8.jpg",
    "gt_179.3s_f150.jpg",
    "gt_69.1s_f70.jpg"
  ],
  "backup_files": [
    "gt_140.2s_f129.jpg"
  ],
  "scores": {
    "gt_35.4s_f34.jpg": 6.0617,
    "gt_2.0s_f8.jpg": 3.3285,
    "gt_69.1s_f70.jpg": 2.9455,
    "gt_140.2s_f129.jpg": 2.6839,
    "gt_179.3s_f150.jpg": 3.1964
  },
  "approved_files": [
    "gt_35.4s_f34.jpg",
    "gt_2.0s_f8.jpg",
    "gt_179.3s_f150.jpg",
    "gt_69.1s_f70.jpg",
    "gt_140.2s_f129.jpg"
  ],
  "mean_embedding": [
    -0.02516775205731392,
    0.017961420118808746,
    -0.008171754889190197,
    0.007695105858147144,
    -0.012846671976149082,
    0.02148164063692093,
    0.00964036863297224,
    -0.04686649888753891,
    0.0950947105884552,
    0.033768825232982635,
    -0.02350791171193123,
    -0.059326041489839554,
    -0.008353292010724545,
    -0.03226827457547188,
    0.03617577627301216,
    -0.044699251651763916,
    0.06551797688007355,
    0.06507321447134018,
    -0.038333360105752945,
    0.008884556591510773,
    0.05031593143939972,
    0.09798993170261383,
    -0.06598170846700668,
    -0.055484384298324585,
    -0.008503618650138378,
    0.030700724571943283,
    0.002747143618762493,
    -0.01612120307981968,
    0.06024712324142456,
    -0.0630677342414856,
    -0.05927048623561859,
    -0.038032639771699905,
    -0.020786114037036896,
    -0.01382280420511961,
    -0.015428746119141579,
    0.04659349098801613,
    -0.019233830273151398,
    -0.06288999319076538,
    0.024994730949401855,
    0.042600445449352264,
    0.03573033958673477,
    0.04434667527675629,
    0.027107583358883858,
    0.04230770841240883,
    -0.03695273399353027,
    -0.05477144569158554,
    0.03419479727745056,
    -0.01631409116089344,
    0.008523665368556976,
    -0.09867288172245026,
    -0.025271743535995483,
    0.008412731811404228,
    -0.06892290711402893,
    -0.04118077829480171,
    0.05668959394097328,
    0.036788273602724075,
    0.03235386684536934,
    -0.05669783800840378,
    -0.005835910327732563,
    -0.04821683466434479,
    -0.046628519892692566,
    0.0143988486379385,
    -0.08624719828367233,
    0.007208818569779396,
    -0.025989649817347527,
    -0.016644854098558426,
    -0.03975384682416916,
    0.010793069377541542,
    0.012474652379751205,
    -0.021960938349366188,
    0.012186413630843163,
    -0.05656728520989418,
    -0.045964278280735016,
    -0.06630323827266693,
    -0.0320853590965271,
    -0.025499245151877403,
    0.055739860981702805,
    -0.015745867043733597,
    -0.024741454049944878,
    0.001589096151292324,
    0.05565106123685837,
    0.06102395057678223,
    -0.0031075768638402224,
    -0.029327044263482094,
    0.09492545574903488,
    -0.011277941055595875,
    -0.03971656784415245,
    -0.029506664723157883,
    -0.022564133629202843,
    -0.0480644628405571,
    0.01395447924733162,
    0.02415640465915203,
    -0.0323660671710968,
    -0.0067628961987793446,
    -0.05202500894665718,
    0.055139072239398956,
    0.01806657947599888,
    -0.013348647393286228,
    0.054542120546102524,
    -0.026434991508722305,
    0.00900407787412405,
    -0.004915239755064249,
    0.07024965435266495,
    0.046529628336429596,
    0.051985159516334534,
    -0.014363528229296207,
    0.024301346391439438,
    0.026455827057361603,
    0.0664963349699974,
    0.01045682281255722,
    0.03209371119737625,
    -0.08306486904621124,
    0.1126062273979187,
    -0.016941573470830917,
    0.017645083367824554,
    0.03168608993291855,
    0.07111988961696625,
    -0.06326941400766373,
    0.02102990634739399,
    0.04000274837017059,
    0.027130957692861557,
    0.07580428570508957,
    0.06329891830682755,
    0.01901777647435665,
    -0.0327693410217762,
    0.013309938833117485,
    0.03992016613483429,
    0.01448658388108015,
    -0.034850116819143295,
    -0.0025420666206628084,
    0.019996769726276398,
    0.06145232170820236,
    -0.0011635131668299437,
    0.07692451775074005,
    0.01863863691687584,
    -0.002659661928191781,
    -0.05001218244433403,
    0.08981813490390778,
    -0.05002152547240257,
    -0.04396923631429672,
    -0.027884995564818382,
    0.007943078875541687,
    0.07196199893951416,
    -0.00621328130364418,
    -0.0806567519903183,
    -0.014801263809204102,
    0.019674118608236313,
    0.04893253743648529,
    -0.02826782315969467,
    0.02684227004647255,
    -0.006821662653237581,
    -0.028282789513468742,
    -0.027080127969384193,
    -0.013069545850157738,
    0.020965296775102615,
    0.011359275318682194,
    0.012023826129734516,
    0.012430990114808083,
    0.0469633974134922,
    0.013241084292531013,
    0.07588181644678116,
    0.0339844673871994,
    -0.0333021841943264,
    0.04020616412162781,
    -0.03064572438597679,
    0.02258317731320858,
    -0.008478358387947083,
    0.04648703336715698,
    -0.06526278704404831,
    -0.007911533117294312,
    0.10520724207162857,
    -0.005062711890786886,
    0.0027813108172267675,
    -0.014692801050841808,
    0.017977647483348846,
    0.011577657423913479,
    -0.023595549166202545,
    -0.019799768924713135,
    -0.03578818961977959,
    0.01439475268125534,
    0.04458257928490639,
    -0.055307429283857346,
    -0.05696220323443413,
    -0.0007361341849900782,
    -0.003953235689550638,
    -0.013387846760451794,
    -0.044684626162052155,
    -0.00006122275226516649,
    0.007468336261808872,
    -0.04635261371731758,
    -0.0034912757109850645,
    -0.0010724763851612806,
    -0.047764621675014496,
    0.05017676204442978,
    -0.022195853292942047,
    0.04523841664195061,
    0.006775876972824335,
    -0.03305244445800781,
    -0.044655703008174896,
    -0.057105712592601776,
    -0.030707553029060364,
    0.04294312745332718,
    -0.06632403284311295,
    0.00816316157579422,
    0.033766426146030426,
    0.09710810333490372,
    0.011271383613348007,
    -0.013343997299671173,
    -0.05085068196058273,
    0.019676314666867256,
    0.0025406572967767715,
    0.044413499534130096,
    0.021076850593090057,
    0.09060436487197876,
    -0.0008420732337981462,
    0.003978767432272434,
    -0.07919315993785858,
    -0.022200776264071465,
    -0.004200853407382965,
    -0.019045451655983925,
    -0.020026858896017075,
    -0.0213948842138052,
    0.04050280153751373,
    -0.018613601103425026,
    0.06554950773715973,
    0.017282549291849136,
    0.014275516383349895,
    0.0753672644495964,
    0.048808272927999496,
    -0.03830604627728462,
    -0.03202047199010849,
    -0.021837405860424042,
    0.04214153811335564,
    0.033339180052280426,
    0.05554039776325226,
    0.05693748965859413,
    0.09234103560447693,
    -0.03278465196490288,
    -0.009683853946626186,
    -0.03193115442991257,
    0.027636896818876266,
    -0.08983651548624039,
    0.03072110377252102,
    -0.06006857752799988,
    0.08357331156730652,
    -0.06268173456192017,
    0.038343243300914764,
    0.010816927999258041,
    -0.04617469757795334,
    -0.009631538763642311,
    0.0810907706618309,
    -0.0013989509316161275,
    -0.05631151422858238,
    0.017633497714996338,
    0.015589559450745583,
    0.042378123849630356,
    0.003978737164288759,
    0.03743454068899155,
    -0.02055068500339985,
    -0.06246833875775337,
    -0.035912126302719116,
    -0.02022056095302105,
    -0.06466709822416306,
    0.057429470121860504,
    0.045929037034511566,
    -0.031949374824762344,
    -0.01776210404932499,
    -0.038142431527376175,
    -0.0004599155217874795,
    0.05085166543722153,
    -0.06964804977178574,
    -0.01939917728304863,
    0.051189716905355453,
    0.0027010689955204725,
    0.006215865723788738,
    -0.04604875668883324,
    -0.048008840531110764,
    0.04174697771668434,
    0.014708203263580799,
    0.016483690589666367,
    -0.07949753850698471,
    -0.06409472227096558,
    0.08152599632740021,
    -0.0585409440100193,
    0.002223255578428507,
    -0.0068366797640919685,
    0.0435447059571743,
