{
  "embedding_files": [
    "gt_179.4s_f174.jpg",
    "gt_162.7s_f146.jpg",
    "gt_58.0s_f1.jpg",
    "gt_67.2s_f4.jpg",
    "gt_128.3s_f95.jpg",
    "gt_101.7s_f47.jpg",
    "gt_111.1s_f78.jpg",
    "gt_77.5s_f24.jpg",
    "gt_93.8s_f51.jpg"
  ],
  "backup_files": [
    "gt_384.7s_f43.jpg"
  ],
  "scores": {
    "gt_384.7s_f43.jpg": 16.5995,
    "gt_58.0s_f1.jpg": 31.5512,
    "gt_93.8s_f51.jpg": 16.0698,
    "gt_77.5s_f24.jpg": 15.1395,
    "gt_111.1s_f78.jpg": 23.1676,
    "gt_128.3s_f95.jpg": 25.0296,
    "gt_162.7s_f146.jpg": 46.075,
    "gt_179.4s_f174.jpg": 52.8524,
    "gt_67.2s_f4.jpg": 26.915,
    "gt_101.7s_f47.jpg": 8.8576
  },
  "approved_files": [
    "gt_384.7s_f43.jpg",
    "gt_101.7s_f47.jpg",
    "gt_111.1s_f78.jpg",
    "gt_128.3s_f95.jpg",
    "gt_162.7s_f146.jpg",
    "gt_179.4s_f174.jpg",
    "gt_58.0s_f1.jpg",
    "gt_67.2s_f4.jpg",
    "gt_77.5s_f24.jpg",
    "gt_93.8s_f51.jpg"
  ],
  "mean_embedding": [
    0.03139375522732735,
    -0.05290956795215607,
    0.07440441101789474,
    -0.03433746472001076,
    0.0007506810943596065,
    0.0936369001865387,
    -0.09808238595724106,
    -0.012469977140426636,
    -0.061876434832811356,
    0.026234563440084457,
    0.049758270382881165,
    0.018640873953700066,
    0.0048143030144274235,
    -0.053976062685251236,
    0.07247604429721832,
    0.0059143598191440105,
    0.014677293598651886,
    -0.0013613981427624822,
    0.036579228937625885,
    -0.001548198750242591,
    0.06817876547574997,
    0.014472835697233677,
    0.004575724713504314,
    -0.04001762717962265,
    0.01081598550081253,
    -0.05441289022564888,
    -0.0016836925642564893,
    -0.07713519781827927,
    -0.04497786611318588,
    0.03857335448265076,
    -0.0036609359085559845,
    -0.06838488578796387,
    0.006949879229068756,
    0.07777313143014908,
    0.02830449678003788,
    0.019815683364868164,
    0.011359003372490406,
    0.04302555322647095,
    -0.013726936653256416,
    0.016427336260676384,
    0.04004259780049324,
    -0.03367670252919197,
    0.016084792092442513,
    0.010696334764361382,
    0.049968279898166656,
    0.03876396641135216,
    -0.07589804381132126,
    -0.013614206574857235,
    -0.05051514133810997,
    0.012731662020087242,
    0.03837387636303902,
    -0.011808345094323158,
    0.02037421427667141,
    0.029684053733944893,
    0.023974396288394928,
    0.010264524258673191,
    0.04372865706682205,
    0.012778963893651962,
    -0.015313012525439262,
    -0.05479184910655022,
    0.02272826060652733,
    -0.049968793988227844,
    0.005424760282039642,
    0.03942034766077995,
    0.02345113269984722,
    -0.06126296892762184,
    0.024128301069140434,
    -0.08348073810338974,
    0.01500554196536541,
    -0.00725017674267292,
    0.051160939037799835,
    -0.10814844071865082,
    0.008444193750619888,
    -0.006390934344381094,
    0.08412278443574905,
    -0.034799907356500626,
    0.018379701301455498,
    0.04916435480117798,
    0.000892398355063051,
    0.01634278893470764,
    -0.04997485131025314,
    0.007770665921270847,
    -0.10112743824720383,
    0.03352447971701622,
    -0.0252595953643322,
    0.0075169759802520275,
    -0.058683983981609344,
    -0.034546270966529846,
    -0.05509497597813606,
    -0.04749661311507225,
    -0.011850164271891117,
    -0.0029609710909426212,
    0.02444058656692505,
    0.030514806509017944,
    -0.01153273694217205,
    -0.048663247376680374,
    -0.03310917690396309,
    -0.0850491002202034,
    0.01688031479716301,
    -0.010769914835691452,
    0.01712520234286785,
    -0.05162287503480911,
    0.02583242580294609,
    0.014914288185536861,
    0.07581634819507599,
    0.007434309460222721,
    -0.0369141548871994,
    -0.07864890992641449,
    -0.03873209282755852,
    -0.048830825835466385,
    -0.01522101927548647,
    -0.05729496106505394,
    0.02083827368915081,
    0.06162954121828079,
    -0.04181250184774399,
    -0.04234935715794563,
    0.005372644867748022,
    0.04067949205636978,
    0.03920567035675049,
    -0.04216036573052406,
    -0.0498984269797802,
    -0.042824383825063705,
    0.06561291962862015,
    0.019286343827843666,
    -0.04495527595281601,
    0.014331627637147903,
    -0.016959449276328087,
    0.0020722229965031147,
    -0.01545675564557314,
    0.04746721312403679,
    -0.018349196761846542,
    0.018510404974222183,
    -0.05750523880124092,
    -0.04883295297622681,
    -0.003979693632572889,
    -0.048626940697431564,
    0.008915822021663189,
    -0.02149198204278946,
    -0.015586677938699722,
    0.04150008782744408,
    0.04261190444231033,
    0.04482311010360718,
    -0.035001710057258606,
    -0.015478339046239853,
    -0.043111953884363174,
    0.032304853200912476,
    -0.06477909535169601,
    -0.0005891525652259588,
    0.004996439442038536,
    0.021419014781713486,
    0.006215204950422049,
    0.021340472623705864,
    0.0028402800671756268,
    -0.020182142034173012,
    -0.02848859690129757,
    -0.04113277420401573,
    0.024248911067843437,
    -0.05403793603181839,
    0.001515698153525591,
    0.06949619948863983,
    0.030388243496418,
    0.015193498693406582,
    -0.011186882853507996,
    0.056402258574962616,
    -0.013196662999689579,
    -0.042952824383974075,
    -0.04558337852358818,
    -0.02266276441514492,
    -0.030796131119132042,
    0.023510515689849854,
    0.00871351920068264,
    0.024423867464065552,
    0.036302804946899414,
    0.023404844105243683,
    0.044933732599020004,
    -0.08857034146785736,
    -0.0036245700903236866,
    0.021507466211915016,
    0.07540363818407059,
    0.05771790072321892,
    -0.006569213699549437,
    -0.08264458924531937,
    0.005326802842319012,
    0.007111706770956516,
    0.013222985900938511,
    0.00757193798199296,
    0.06472577154636383,
    -0.025759046897292137,
    -0.07604850828647614,
    -0.01366962306201458,
    -0.026317661628127098,
    -0.03028746321797371,
    -0.000924434803891927,
    -0.00676973070949316,
    -0.03851839527487755,
    0.026120711117982864,
    0.13703612983226776,
    -0.011955338530242443,
    -0.03920138254761696,
    -0.0008355279569514096,
    0.016547301784157753,
    -0.04105256497859955,
    -0.013561978004872799,
    0.02599085494875908,
    -0.002444026293233037,
    -0.07418698817491531,
    0.014982287771999836,
    -0.01080754678696394,
    0.0541037879884243,
    0.0018054929096251726,
    0.045182015746831894,
    0.03818558529019356,
    -0.06276790797710419,
    -0.015429176390171051,
    -0.11646553874015808,
    0.027868958190083504,
    0.03783369064331055,
    0.029335567727684975,
    0.03892969340085983,
    -0.042050816118717194,
    -0.02864648588001728,
    -0.01126392837613821,
    0.002347946632653475,
    -0.024152744561433792,
    0.007381828501820564,
    0.036850813776254654,
    -0.050460465252399445,
    0.1100156307220459,
    -0.0006687467102892697,
    0.0701291486620903,
    0.008536548353731632,
    -0.027307430282235146,
    0.07527901977300644,
    0.05560050532221794,
    0.010701633989810944,
    0.020574521273374557,
    -0.0427594892680645,
    0.00843136664479971,
    -0.027732448652386665,
    -0.010192482732236385,
    -0.06103474646806717,
    -0.04004824161529541,
    -0.02299160696566105,
    -0.05199119448661804,
    0.0442662388086319,
    0.09510478377342224,
    0.0024712267331779003,
    -0.002931575058028102,
    -0.04973093792796135,
    0.018735246732831,
    0.02191791869699955,
    -0.01669391430914402,
    0.07027824968099594,
    -0.0102768549695611,
    -0.039886683225631714,
    -0.00847043376415968,
    0.04136805236339569,
    -0.05560712143778801,
    -0.035529863089323044,
    -0.007024307735264301,
    -0.026433434337377548,
    -0.08066940307617188,
    0.0009261858067475259,
    0.09424851834774017,
    -0.044021569192409515,
    0.044988006353378296,
    -0.03303523734211922,
    -0.0024162838235497475,
    -0.03636014088988304,
    0.021735213696956635,
    0.02335165999829769,
