{
  "embedding_files": [
    "gt_179.4s_f174.jpg",
    "gt_162.7s_f146.jpg",
    "gt_58.0s_f1.jpg",
    "gt_67.2s_f4.jpg",
    "gt_128.3s_f95.jpg"
  ],
  "backup_files": [
    "gt_101.7s_f47.jpg",
    "gt_111.1s_f78.jpg",
    "gt_384.7s_f43.jpg",
    "gt_77.5s_f24.jpg",
    "gt_93.8s_f51.jpg"
  ],
  "scores": {
    "gt_384.7s_f43.jpg": 16.5995,
    "gt_58.0s_f1.jpg": 31.5512,
    "gt_93.8s_f51.jpg": 16.0698,
    "gt_77.5s_f24.jpg": 15.1395,
    "gt_111.1s_f78.jpg": 23.1676,
    "gt_128.3s_f95.jpg": 25.0296,
    "gt_162.7s_f146.jpg": 46.075,
    "gt_179.4s_f174.jpg": 52.8524,
    "gt_67.2s_f4.jpg": 26.915,
    "gt_101.7s_f47.jpg": 8.8576
  },
  "approved_files": [
    "gt_384.7s_f43.jpg",
    "gt_101.7s_f47.jpg",
    "gt_111.1s_f78.jpg",
    "gt_128.3s_f95.jpg",
    "gt_162.7s_f146.jpg",
    "gt_179.4s_f174.jpg",
    "gt_58.0s_f1.jpg",
    "gt_67.2s_f4.jpg",
    "gt_77.5s_f24.jpg",
    "gt_93.8s_f51.jpg"
  ],
  "mean_embedding": [
    0.03138888254761696,
    -0.057669952511787415,
    0.07692676782608032,
    -0.035691067576408386,
    0.005718869157135487,
    0.09808611869812012,
    -0.09461226314306259,
    -0.01006233785301447,
    -0.0584605410695076,
    0.02973255328834057,
    0.04414046183228493,
    0.02648395486176014,
    0.0010079643689095974,
    -0.0550086535513401,
    0.072440505027771,
    0.009478611871600151,
    0.006751388311386108,
    0.0022453495766967535,
    0.03972794488072395,
    -0.006271795369684696,
    0.06817130744457245,
    0.020383711904287338,
    0.015224282629787922,
    -0.03968548774719238,
    0.010889861732721329,
    -0.05602261796593666,
    -0.002087290631607175,
    -0.07563932240009308,
    -0.0469982847571373,
    0.047670554369688034,
    -0.006257347762584686,
    -0.06864534318447113,
    0.005198839120566845,
    0.07540637999773026,
    0.026285184547305107,
    0.023308852687478065,
    0.01003576721996069,
    0.04258647933602333,
    -0.014291304163634777,
    0.014494585804641247,
    0.03825627639889717,
    -0.03277305141091347,
    0.021409597247838974,
    0.009315581060945988,
    0.049437426030635834,
    0.049057815223932266,
    -0.06789731234312057,
    -0.021064190194010735,
    -0.050262700766325,
    0.01609794795513153,
    0.03903830796480179,
    -0.014186445623636246,
    0.015531479381024837,
    0.028331786394119263,
    0.018860498443245888,
    0.001589235500432551,
    0.04713042452931404,
    0.010642490349709988,
    -0.024739956483244896,
    -0.05694221332669258,
    0.019721591845154762,
    -0.04796787351369858,
    0.009718040935695171,
    0.043613459914922714,
    0.0251767598092556,
    -0.06027470529079437,
    0.020822660997509956,
    -0.08514376729726791,
    0.009254545904695988,
    0.00029311180696822703,
    0.04138423502445221,
    -0.11158257722854614,
    0.0026769109535962343,
    -0.006786220706999302,
    0.08139989525079727,
    -0.03445781022310257,
    0.020650111138820648,
    0.044380269944667816,
    -0.007498675025999546,
    0.022029908373951912,
    -0.046435121446847916,
    0.01588485762476921,
    -0.09944088011980057,
    0.04288399964570999,
    -0.021946460008621216,
    0.01275988295674324,
    -0.06014183163642883,
    -0.03909346088767052,
    -0.051241327077150345,
    -0.047102656215429306,
    -0.014413378201425076,
    -0.00395515002310276,
    0.031562793999910355,
    0.02518959529697895,
    -0.010429386980831623,
    -0.05051105096936226,
    -0.02832845412194729,
    -0.0866633877158165,
    0.008937524631619453,
    -0.008177102543413639,
    0.01821315474808216,
    -0.05119159445166588,
    0.02278570458292961,
    0.011912619695067406,
    0.0759611502289772,
    0.00849937368184328,
    -0.04034239426255226,
    -0.07171473652124405,
    -0.04427003115415573,
    -0.044934749603271484,
    -0.024182723835110664,
    -0.059017106890678406,
    0.01874755136668682,
    0.055089257657527924,
    -0.04205181077122688,
    -0.04105345532298088,
    0.002675579162314534,
    0.038616444915533066,
    0.035724811255931854,
    -0.04104256629943848,
    -0.050805725157260895,
    -0.044513411819934845,
    0.06153407692909241,
    0.012933540157973766,
    -0.043248310685157776,
    0.013260039500892162,
    -0.01701631397008896,
    0.004056953825056553,
    -0.009554511867463589,
    0.04822663217782974,
    -0.01848410815000534,
    0.0218866728246212,
    -0.058707237243652344,
    -0.044630080461502075,
    0.005704820621758699,
    -0.04974643141031265,
    0.002728489926084876,
    -0.017578693106770515,
    -0.008315367624163628,
    0.04070866480469704,
    0.03688506782054901,
    0.04363159462809563,
    -0.03662961721420288,
    -0.007994224317371845,
    -0.04281257838010788,
    0.03328458219766617,
    -0.0675208792090416,
    -0.00048311494174413383,
    0.007170958910137415,
    0.01890602894127369,
    0.006500275805592537,
    0.018589917570352554,
    0.005028856918215752,
    -0.0186160821467638,
    -0.031503744423389435,
    -0.04177875444293022,
    0.026227828115224838,
    -0.05071383714675903,
    0.003962051123380661,
    0.06837355345487595,
    0.03020607866346836,
    0.020915765315294266,
    -0.014356764033436775,
    0.05388496816158295,
    -0.015727173537015915,
    -0.04184603691101074,
    -0.04189762845635414,
    -0.02549157105386257,
    -0.03538760542869568,
    0.02912398800253868,
    0.006164870224893093,
    0.019956786185503006,
    0.03178727999329567,
    0.029445448890328407,
    0.0403774194419384,
    -0.08609963208436966,
    -0.010139796882867813,
    0.020376194268465042,
    0.07748930156230927,
    0.06051578000187874,
    -0.007720980327576399,
    -0.08684634417295456,
    0.00949427392333746,
    0.012320024892687798,
    0.009624840691685677,
    0.009436202235519886,
    0.0624612458050251,
    -0.02807626500725746,
    -0.07950891554355621,
    -0.01724831573665142,
    -0.02364926040172577,
    -0.02818351425230503,
    0.003262509126216173,
    -0.00581631064414978,
    -0.04250224307179451,
    0.034049443900585175,
    0.13299591839313507,
    -0.014283865690231323,
    -0.044354211539030075,
    -0.004335109610110521,
    0.01890513300895691,
    -0.04214560240507126,
    -0.007829111069440842,
    0.027503130957484245,
    -0.005899898242205381,
    -0.07887367904186249,
    0.01310372818261385,
    -0.009910587221384048,
    0.0560079962015152,
    0.0007775466656312346,
    0.044297654181718826,
    0.034039244055747986,
    -0.0554790161550045,
    -0.01802349090576172,
    -0.11345482617616653,
    0.0265913475304842,
    0.040683310478925705,
    0.027627931907773018,
    0.041005462408065796,
    -0.04724003002047539,
    -0.02072635106742382,
    -0.01116250455379486,
    0.005529908929020166,
    -0.02636144869029522,
    0.004857670981436968,
    0.03245706856250763,
    -0.043650656938552856,
    0.10869111120700836,
    -0.0008539523114450276,
    0.06795752048492432,
    0.008708241395652294,
    -0.0351068377494812,
    0.08441566675901413,
    0.06497931480407715,
    0.01220464427024126,
    0.016610508784651756,
    -0.041604701429605484,
    0.0030225489754229784,
    -0.03534691408276558,
    -0.01869102194905281,
    -0.06322863698005676,
    -0.034059446305036545,
    -0.019702449440956116,
    -0.04846383258700371,
    0.04188317060470581,
    0.09478344768285751,
    -0.0007755544502288103,
    -0.004537668544799089,
    -0.043111588805913925,
    0.01642763987183571,
    0.025355249643325806,
    -0.011384240351617336,
    0.07295786589384079,
    -0.013441072776913643,
    -0.04134475812315941,
    -0.00857393629848957,
    0.04312219098210335,
    -0.05322492495179176,
    -0.041289664804935455,
    -0.004526493605226278,
    -0.026789547875523567,
    -0.07635784149169922,
    0.005156472325325012,
    0.09173069149255753,
    -0.042322926223278046,
    0.04363231733441353,
    -0.03539733588695526,
    -0.005602553486824036,
    -0.036275714635849,
    0.017634635791182518,
    0.024219302460551262,
    -0.02284858003258705,
