{
  "embedding_files": [
    "gt_179.4s_f174.jpg",
    "gt_162.7s_f146.jpg",
    "gt_58.0s_f1.jpg",
    "gt_67.2s_f4.jpg",
    "gt_128.3s_f95.jpg",
    "gt_101.7s_f47.jpg",
    "gt_111.1s_f78.jpg",
    "gt_77.5s_f24.jpg",
    "gt_93.8s_f51.jpg"
  ],
  "backup_files": [
    "gt_384.7s_f43.jpg"
  ],
  "scores": {
    "gt_384.7s_f43.jpg": 16.5995,
    "gt_58.0s_f1.jpg": 31.5512,
    "gt_93.8s_f51.jpg": 16.0698,
    "gt_77.5s_f24.jpg": 15.1395,
    "gt_111.1s_f78.jpg": 23.1676,
    "gt_128.3s_f95.jpg": 25.0296,
    "gt_162.7s_f146.jpg": 46.075,
    "gt_179.4s_f174.jpg": 52.8524,
    "gt_67.2s_f4.jpg": 26.915,
    "gt_101.7s_f47.jpg": 8.8576
  },
  "approved_files": [
    "gt_384.7s_f43.jpg",
    "gt_101.7s_f47.jpg",
    "gt_111.1s_f78.jpg",
    "gt_128.3s_f95.jpg",
    "gt_162.7s_f146.jpg",
    "gt_179.4s_f174.jpg",
    "gt_58.0s_f1.jpg",
    "gt_67.2s_f4.jpg",
    "gt_77.5s_f24.jpg",
    "gt_93.8s_f51.jpg"
  ],
  "mean_embedding": [
    0.031394749879837036,
    -0.05290936306118965,
    0.07440593838691711,
    -0.03433497995138168,
    0.0007429799297824502,
    0.09363244473934174,
    -0.09808503836393356,
    -0.012464400380849838,
    -0.061870452016592026,
    0.026230111718177795,
    0.049757618457078934,
    0.01864536851644516,
    0.004817451816052198,
    -0.053980033844709396,
    0.07248394936323166,
    0.005908409599214792,
    0.01467603538185358,
    -0.001356573891825974,
    0.03657912835478783,
    -0.001549790846183896,
    0.06818065047264099,
    0.014474604278802872,
    0.004577971529215574,
    -0.040015462785959244,
    0.010809340514242649,
    -0.05441032350063324,
    -0.001685457769781351,
    -0.0771346315741539,
    -0.04497620835900307,
    0.03857651352882385,
    -0.0036606339272111654,
    -0.06838365644216537,
    0.006949556525796652,
    0.07777439802885056,
    0.028311023488640785,
    0.019822880625724792,
    0.011357934214174747,
    0.04303400218486786,
    -0.013719763606786728,
    0.016426803544163704,
    0.04003794491291046,
    -0.03367580473423004,
    0.016087479889392853,
    0.01069405023008585,
    0.04996728152036667,
    0.03875799849629402,
    -0.07590502500534058,
    -0.013614735566079617,
    -0.050518766045570374,
    0.012728038243949413,
    0.038372743874788284,
    -0.011809871532022953,
    0.020376795902848244,
    0.029679877683520317,
    0.023973796516656876,
    0.010262841358780861,
    0.04372831806540489,
    0.012788493186235428,
    -0.015312493778765202,
    -0.05479930341243744,
    0.022735193371772766,
    -0.049969740211963654,
    0.005420458037406206,
    0.03942670300602913,
    0.02344917505979538,
    -0.06125250458717346,
    0.024123743176460266,
    -0.08348055928945541,
    0.015009278431534767,
    -0.007249000016599894,
    0.051161035895347595,
    -0.10814940184354782,
    0.00844663567841053,
    -0.0063795666210353374,
    0.08411985635757446,
    -0.034797437489032745,
    0.018389614298939705,
    0.04916194826364517,
    0.0008890070021152496,
    0.016338787972927094,
    -0.04997462406754494,
    0.007772941142320633,
    -0.10113058239221573,
    0.03352302685379982,
    -0.025256315246224403,
    0.007519454695284367,
    -0.058681901544332504,
    -0.0345417819917202,
    -0.05509389936923981,
    -0.04749177023768425,
    -0.011855523101985455,
    -0.0029637308325618505,
    0.02444193698465824,
    0.030509233474731445,
    -0.01153417769819498,
    -0.048669155687093735,
    -0.0331108383834362,
    -0.08504828810691833,
    0.0168796107172966,
    -0.010775156319141388,
    0.017126699909567833,
    -0.05162535980343819,
    0.025830134749412537,
    0.01490914635360241,
    0.07581395655870438,
    0.007445174735039473,
    -0.036913543939590454,
    -0.07865339517593384,
    -0.03872941806912422,
    -0.04882016032934189,
    -0.015223802998661995,
    -0.05729251727461815,
    0.020841842517256737,
    0.061634309589862823,
    -0.04181673005223274,
    -0.04235365241765976,
    0.00537107465788722,
    0.0406893752515316,
    0.039201319217681885,
    -0.042163997888565063,
    -0.049891822040081024,
    -0.04282337427139282,
    0.06562234461307526,
    0.019291477277874947,
    -0.04494974762201309,
    0.014330386184155941,
    -0.01696639321744442,
    0.0020634057000279427,
    -0.015456375665962696,
    0.04746687039732933,
    -0.018356315791606903,
    0.018508149310946465,
    -0.057502035051584244,
    -0.048830509185791016,
    -0.003979292698204517,
    -0.04862409830093384,
    0.008924482390284538,
    -0.021489229053258896,
    -0.015586933121085167,
    0.04150091111660004,
    0.04261314868927002,
    0.04481866955757141,
    -0.034998152405023575,
    -0.015481888316571712,
    -0.043110769242048264,
    0.03230646625161171,
    -0.06478139758110046,
    -0.0005852757021784782,
    0.00499496515840292,
    0.02141997031867504,
    0.006221761927008629,
    0.02134403958916664,
    0.0028353414963930845,
    -0.020184634253382683,
    -0.02849164605140686,
    -0.04113674536347389,
    0.02425095997750759,
    -0.05404214933514595,
    0.0015194319421425462,
    0.06949353218078613,
    0.03038748912513256,
    0.015200349502265453,
    -0.011185848154127598,
    0.05639474093914032,
    -0.013193437829613686,
    -0.0429522730410099,
    -0.04558371752500534,
    -0.022670360282063484,
    -0.030793072655797005,
    0.02351301535964012,
    0.008717808872461319,
    0.02442382648587227,
    0.036293789744377136,
    0.023399440571665764,
    0.04493916407227516,
    -0.08856036514043808,
    -0.0036271780263632536,
    0.021500006318092346,
    0.07540679723024368,
    0.057711195200681686,
    -0.006572371814399958,
    -0.08264432102441788,
    0.005327957216650248,
    0.007108984515070915,
    0.013221372850239277,
    0.007575495634227991,
    0.06472587585449219,
    -0.02575567737221718,
    -0.07605184614658356,
    -0.01366686075925827,
    -0.026314858347177505,
    -0.030288929119706154,
    -0.0009144498035311699,
    -0.006773240398615599,
    -0.03851345181465149,
    0.026119161397218704,
    0.1370367854833603,
    -0.011956804431974888,
    -0.039201170206069946,
    -0.0008421415113843977,
    0.016544930636882782,
    -0.04104702174663544,
    -0.013559321872889996,
    0.025992807000875473,
    -0.0024501830339431763,
    -0.07419208437204361,
    0.014988815411925316,
    -0.010806778445839882,
    0.05410955846309662,
    0.0018104021437466145,
    0.045184146612882614,
    0.038176506757736206,
    -0.06276819854974747,
    -0.015434030443429947,
    -0.11646364629268646,
    0.027868710458278656,
    0.037838876247406006,
    0.02933228574693203,
    0.038930583745241165,
    -0.04205210879445076,
    -0.028646161779761314,
    -0.011262928135693073,
    0.002352435840293765,
    -0.024159254506230354,
    0.007382045965641737,
    0.03685177117586136,
    -0.0504528172314167,
    0.110014908015728,
    -0.000668562192004174,
    0.07012666761875153,
    0.008550365455448627,
    -0.02730465494096279,
    0.07528091967105865,
    0.05560028553009033,
    0.010695121251046658,
    0.020581789314746857,
    -0.042758163064718246,
    0.008430861867964268,
    -0.02773628942668438,
    -0.010192636400461197,
    -0.0610327310860157,
    -0.0400463305413723,
    -0.022989662364125252,
    -0.051986709237098694,
    0.04426705464720726,
    0.09510365128517151,
    0.0024779264349490404,
    -0.002932316157966852,
    -0.04972977563738823,
    0.018732227385044098,
    0.02191675826907158,
    -0.01669870689511299,
    0.07027876377105713,
    -0.010283625684678555,
    -0.03988037258386612,
    -0.00847255066037178,
    0.041369497776031494,
    -0.055601127445697784,
    -0.03553067892789841,
    -0.007028886582702398,
    -0.026427334174513817,
    -0.08067343384027481,
    0.000928612076677382,
    0.09424883127212524,
    -0.044017743319272995,
    0.04498561471700668,
    -0.033032432198524475,
    -0.0024142868351191282,
    -0.036361049860715866,
    0.021740160882472992,
