{
  "embedding_files": [
    "gt_384.7s_f65.jpg",
    "gt_534.6s_f109.jpg",
    "gt_219.5s_f23.jpg"
  ],
  "backup_files": [],
  "scores": {
    "gt_384.7s_f65.jpg": 3.4361,
    "gt_534.6s_f109.jpg": 1.7582,
    "gt_219.5s_f23.jpg": 0.8057
  },
  "approved_files": [
    "gt_384.7s_f65.jpg",
    "gt_534.6s_f109.jpg",
    "gt_219.5s_f23.jpg"
  ],
  "mean_embedding": [
    -0.015581180341541767,
    0.04680190607905388,
    0.0480007529258728,
    -0.02729720249772072,
    -0.08860424906015396,
    -0.01312460657209158,
    -0.09296395629644394,
    -0.017837442457675934,
    -0.02475695312023163,
    0.04275178909301758,
    -0.008155380375683308,
    -0.05377195402979851,
    -0.007163423113524914,
    -0.014567472971975803,
    -0.019138284027576447,
    -0.004728369880467653,
    -0.008752531372010708,
    -0.09823120385408401,
    0.047387249767780304,
    -0.050489071756601334,
    0.05374705046415329,
    0.0018138163723051548,
    -0.02505216747522354,
    -0.06327388435602188,
    -0.005834884941577911,
    -0.029196348041296005,
    -0.02493203990161419,
    -0.0874396339058876,
    0.013352597132325172,
    -0.055542584508657455,
    -0.052111659198999405,
    -0.017771560698747635,
    0.040539033710956573,
    -0.013561180792748928,
    -0.004424591548740864,
    0.031765762716531754,
    -0.0055669331923127174,
    0.013420561328530312,
    0.004966335836797953,
    0.008260563015937805,
    0.03931624814867973,
    0.0031153939198702574,
    0.005711121950298548,
    0.0659141093492508,
    0.01029224693775177,
    -0.003659038105979562,
    0.07341109216213226,
    0.09623397886753082,
    0.05989382043480873,
    0.02160285785794258,
    -0.012728742323815823,
    -0.019877614453434944,
    -0.021008538082242012,
    -0.016080660745501518,
    -0.0009934308473020792,
    0.026517601683735847,
    -0.013878652825951576,
    -0.046019863337278366,
    0.042162127792835236,
    -0.03049382194876671,
    0.06242978945374489,
    0.007177902385592461,
    0.024235935881733894,
    0.05362945795059204,
    0.07613889873027802,
    0.0032628001645207405,
    -0.02556481957435608,
    -0.12769253551959991,
    -0.03919845446944237,
    -0.04910155013203621,
    -0.015284845605492592,
    -0.06027666851878166,
    0.016770604997873306,
    -0.016712144017219543,
    0.04178936779499054,
    0.00427874643355608,
    0.06394799053668976,
    0.00028078933246433735,
    0.07832878828048706,
    -0.021290790289640427,
    0.008863982744514942,
    -0.06420090049505234,
    -0.017207155004143715,
    -0.026838738471269608,
    -0.050118423998355865,
    0.017725704237818718,
    0.009243537671864033,
    0.019861450418829918,
    -0.0082871587947011,
    -0.03695456683635712,
    -0.018149567767977715,
    0.026386938989162445,
    0.009892023168504238,
    -0.05347217991948128,
    -0.0444168820977211,
    0.02431434765458107,
    -0.06781984865665436,
    -0.14317519962787628,
    0.07139039784669876,
    -0.012774634175002575,
    0.06460750102996826,
    -0.06919834017753601,
    0.043602555990219116,
    -0.032628219574689865,
    0.11510996520519257,
    -0.02614392712712288,
    0.034270744770765305,
    -0.08099263161420822,
    -0.009671639651060104,
    -0.03183600306510925,
    0.022992966696619987,
    -0.010088088922202587,
    -0.02610517106950283,
    -0.016236871480941772,
    -0.018292725086212158,
    -0.004680593963712454,
    0.006443035788834095,
    -0.06436850875616074,
    -0.05951494723558426,
    0.008179091848433018,
    -0.007597035728394985,
    0.036343179643154144,
    0.031398531049489975,
    0.06604256480932236,
    -0.08280052989721298,
    -0.017363708466291428,
    -0.0029130021575838327,
    -0.008745061233639717,
    -0.04123644530773163,
    -0.02681964449584484,
    -0.02272062934935093,
    0.03549192100763321,
    -0.0026413952000439167,
    0.007622877601534128,
    -0.11035968363285065,
    0.0015331231988966465,
    0.0464811697602272,
    -0.003131696954369545,
    0.044952407479286194,
    -0.06160159036517143,
    -0.007700015790760517,
    0.0003723289992194623,
    0.04244920611381531,
    0.015437030233442783,
    0.008723240345716476,
    0.030793797224760056,
    -0.0007218808168545365,
    0.05437387526035309,
    0.054256416857242584,
    0.07145936787128448,
    0.03360458090901375,
    -0.03824374079704285,
    -0.09002898633480072,
    0.03906631097197533,
    -0.01949494704604149,
    -0.04291215166449547,
    0.0447392612695694,
    -0.038272835314273834,
    -0.00783593486994505,
    0.04294271022081375,
    -0.001576678128913045,
    0.015347881242632866,
    -0.07599962502717972,
    0.043216291815042496,
    0.035108380019664764,
    -0.021971944719552994,
    -0.007154752034693956,
    -0.03343016654253006,
    -0.04033266007900238,
    0.057636622339487076,
    0.04237045347690582,
    -0.019094247370958328,
    0.0701771154999733,
    0.06488410383462906,
    -0.012782723642885685,
    -0.01118367351591587,
    0.00482581602409482,
    0.014890693128108978,
    0.09079932421445847,
    0.031202109530568123,
    0.04899894818663597,
    0.01050602551549673,
    -0.01406304445117712,
    -0.027122819796204567,
    -0.017848975956439972,
    -0.007025321014225483,
    -0.016419468447566032,
    -0.005675314459949732,
    0.01037795189768076,
    -0.05568956956267357,
    -0.039948660880327225,
    0.027541104704141617,
    0.013126052916049957,
    0.0248411875218153,
    0.01430059876292944,
    -0.01772250048816204,
    0.06132587417960167,
    0.02353016659617424,
    -0.03450601175427437,
    0.011079879477620125,
    0.0496772862970829,
    -0.07497554272413254,
    -0.037026312202215195,
    0.03981629014015198,
    -0.009703569114208221,
    0.018185194581747055,
    0.03885582461953163,
    -0.07382435351610184,
    -0.0008741304045543075,
    0.0062212469056248665,
    -0.06672384589910507,
    -0.013441800139844418,
    -0.06658472865819931,
    -0.05293121933937073,
    -0.0002702108467929065,
    0.03499150648713112,
    0.024493686854839325,
    -0.04281479865312576,
    -0.020061848685145378,
    0.008367082104086876,
    0.05345170944929123,
    0.005198153201490641,
    -0.01065330021083355,
    -0.030735939741134644,
    0.011047032661736012,
    -0.012022769078612328,
    -0.04604979604482651,
    0.033061496913433075,
    0.015012013725936413,
    -0.008234047330915928,
    0.016581237316131592,
    0.004010743927210569,
    0.019230611622333527,
    0.04347691312432289,
    0.05807384476065636,
    -0.031351279467344284,
    -0.027124134823679924,
    0.01804814673960209,
    -0.010885106399655342,
    -0.0691298097372055,
    -0.02835223451256752,
    -0.018180200830101967,
    0.00094761629588902,
    -0.022254308685660362,
    0.061253756284713745,
    -9.930973465088755e-05,
    -0.03247979283332825,
    0.04368142411112785,
    -0.040879081934690475,
    0.03382125124335289,
    0.04409855604171753,
    -0.02904753014445305,
    0.017306804656982422,
    0.008841149508953094,
    0.036876823753118515,
    0.008166542276740074,
    0.008304068818688393,
    -0.02579796127974987,
    0.04868825152516365,
    -0.05336233228445053,
    0.043002594262361526,
    -0.1317291408777237,
    -0.05709318816661835,
    0.0442146360874176,
    -0.05004767328500748,
    0.020168865099549294,
    -0.05319521203637123,
    -0.0029160012491047382,
    -0.01617761142551899,
    0.0582754947245121,
    0.07565522193908691,
    -0.002147204941138625,
    -0.020413361489772797,
    -0.004643875174224377,
    -0.01260367315262556,
    -0.042528558522462845,
    -0.05599866434931755,
    0.03277149423956871,
    0.0064318543300032616,
    -0.06775452196598053,
    -0.10433951020240784,
    -0.029948940500617027,
    -0.007461118046194315,
    -0.025593971833586693,
    -0.005515456665307283,
    -0.07922568172216415,
    0.018187692388892174,
    -0.037361521273851395,
    0.06349736452102661,
    -0.061504483222961426,
    0.06973996758460999,
    0.04117095470428467,
