{
  "embedding_files": [
    "gt_384.7s_f65.jpg",
    "gt_534.6s_f109.jpg",
    "gt_219.5s_f23.jpg"
  ],
  "backup_files": [],
  "scores": {
    "gt_384.7s_f65.jpg": 3.4361,
    "gt_534.6s_f109.jpg": 1.7582,
    "gt_219.5s_f23.jpg": 0.8057
  },
  "approved_files": [
    "gt_384.7s_f65.jpg",
    "gt_534.6s_f109.jpg",
    "gt_219.5s_f23.jpg"
  ],
  "mean_embedding": [
    0.002094991970807314,
    0.07588623464107513,
    0.047635506838560104,
    -0.01402138452976942,
    -0.10920728743076324,
    -0.03620400279760361,
    -0.10295987874269485,
    -0.0119940135627985,
    -0.022521724924445152,
    0.028722411021590233,
    0.007815868593752384,
    -0.058450132608413696,
    -0.00438267458230257,
    -0.02901357226073742,
    -0.023806177079677582,
    -0.014488941058516502,
    -0.01328132301568985,
    -0.11066225916147232,
    0.05385330319404602,
    -0.04478990659117699,
    0.03730902075767517,
    0.01404148805886507,
    -0.042066093534231186,
    -0.04383255913853645,
    7.327272442125832e-07,
    -0.02440951019525528,
    -0.02999092824757099,
    -0.07690674811601639,
    0.014129015617072582,
    -0.03029337152838707,
    -0.0349544994533062,
    -0.02406512387096882,
    0.020682796835899353,
    -0.0033239510376006365,
    -0.005263839848339558,
    0.03881022334098816,
    -6.794897490181029e-05,
    0.011740460991859436,
    0.005039697978645563,
    0.0012475905241444707,
    0.040198784321546555,
    0.017539074644446373,
    -0.012422249652445316,
    0.04753386229276657,
    0.018309222534298897,
    0.008577174507081509,
    0.05080851912498474,
    0.0801481381058693,
    0.058681074529886246,
    0.020409490913152695,
    -0.026964429765939713,
    -0.01418738067150116,
    -0.016554702073335648,
    -0.022895121946930885,
    0.0011300130281597376,
    0.022590190172195435,
    -0.013601829297840595,
    -0.037789322435855865,
    0.06763303279876709,
    -0.014639145694673061,
    0.0670321136713028,
    0.015041409991681576,
    0.021201444789767265,
    0.028268273919820786,
    0.09439632296562195,
    0.008656364865601063,
    -0.012182128615677357,
    -0.11592050641775131,
    -0.03675184026360512,
    -0.05978918820619583,
    -0.007454508915543556,
    -0.04328072816133499,
    0.03261840343475342,
    -0.0218596663326025,
    0.05898971110582352,
    0.015689833089709282,
    0.059662654995918274,
    0.017265841364860535,
    0.08533850312232971,
    -0.028774231672286987,
    0.022324271500110626,
    -0.05328689143061638,
    -0.032063376158475876,
    -0.03397412225604057,
    -0.05014670267701149,
    0.03034447692334652,
    -4.214356158627197e-05,
    0.014981238171458244,
    -0.0001711220684228465,
    -0.018263669684529305,
    -0.012380307540297508,
    0.00935348030179739,
    0.009790845215320587,
    -0.02724873647093773,
    -0.03320426866412163,
    0.005313429981470108,
    -0.06306622177362442,
    -0.1422875076532364,
    0.05227600038051605,
    -0.022489318624138832,
    0.06219714507460594,
    -0.07756917178630829,
    0.059495266526937485,
    -0.052047550678253174,
    0.1225200816988945,
    -0.029519496485590935,
    0.05940460041165352,
    -0.1026495173573494,
    -0.018153933808207512,
    -0.015437917783856392,
    0.02762136235833168,
    -0.0008812075830064714,
    -0.014327727258205414,
    -0.025131769478321075,
    -0.010594293475151062,
    -0.004605799447745085,
    0.008470422588288784,
    -0.04669279605150223,
    -0.06742368638515472,
    0.00998570118099451,
    -0.0041049327701330185,
    0.03285137936472893,
    0.023417029529809952,
    0.05703164264559746,
    -0.08470351248979568,
    -0.011423688381910324,
    0.0024505690671503544,
    -0.011042952537536621,
    -0.026982175186276436,
    -0.03070911206305027,
    -0.01745137944817543,
    0.028061920776963234,
    0.007944732904434204,
    0.00846262276172638,
    -0.13300542533397675,
    -0.0019989742431789637,
    0.04277360811829567,
    0.004147699568420649,
    0.02363593503832817,
    -0.07225258648395538,
    0.004140456207096577,
    -0.002290187170729041,
    0.040670666843652725,
    0.019115451723337173,
    0.008835182525217533,
    0.0006012836238369346,
    -0.02133769355714321,
    0.05472300574183464,
    0.050509244203567505,
    0.05875451862812042,
    0.03557489812374115,
    -0.06180408596992493,
    -0.08526866883039474,
    0.06031560152769089,
    -0.019754784181714058,
    -0.031288858503103256,
    0.057589005678892136,
    -0.05149637162685394,
    -0.02124836854636669,
    0.05643285810947418,
    0.018830103799700737,
    0.0006078307051211596,
    -0.07555101811885834,
    0.04283653572201729,
    0.022861983627080917,
    -0.02467445842921734,
    -0.016057796776294708,
    -0.0387209914624691,
    -0.03419594094157219,
    0.0487096905708313,
    0.05683838948607445,
    -0.0007045099046081305,
    0.06258264183998108,
    0.07333280146121979,
    -0.0014764043735340238,
    -0.014276816509664059,
    0.01547976303845644,
    0.004979523830115795,
    0.07682541757822037,
    0.031053518876433372,
    0.053462546318769455,
    0.012995006516575813,
    -0.017724161967635155,
    -0.02707875706255436,
    -0.00031857480644248426,
    -0.019610125571489334,
    -0.010641627013683319,
    -0.0008794747991487384,
    0.029642658308148384,
    -0.06230269372463226,
    -0.04298443719744682,
    0.03534018620848656,
    0.020456938073039055,
    0.02169833704829216,
    0.019090596586465836,
    0.004798560403287411,
    0.057778287678956985,
    0.011660566553473473,
    -0.036749206483364105,
    -0.005912852939218283,
    0.06013729050755501,
    -0.0701138973236084,
    -0.025097256526350975,
    0.0413917638361454,
    -0.015046891756355762,
    0.022390631958842278,
    0.05473702773451805,
    -0.0584140345454216,
    -0.007936556823551655,
    0.0014620821457356215,
    -0.0811808705329895,
    -0.018516717478632927,
    -0.060872651636600494,
    -0.06349281966686249,
    0.010743072256445885,
    0.005454311612993479,
    -0.005125069059431553,
    -0.03663899004459381,
    -0.017314106225967407,
    0.009270314127206802,
    0.03061515837907791,
    -0.014484427869319916,
    -0.01737055368721485,
    -0.028208037838339806,
    0.0031624760013073683,
    -0.001022864948026836,
    -0.05641960725188255,
    0.036156635731458664,
    0.020736416801810265,
    -0.013992361724376678,
    0.03784646838903427,
    0.006495385896414518,
    0.01023797132074833,
    0.03375096246600151,
    0.04750143736600876,
    -0.03437848761677742,
    -0.01125909574329853,
    0.03392535820603371,
    -0.015887588262557983,
    -0.055581558495759964,
    -0.02421669289469719,
    -0.024316705763339996,
    -0.002397120464593172,
    -0.011974587105214596,
    0.07195872068405151,
    -0.004172137007117271,
    -0.02930079959332943,
    0.05973136052489281,
    -0.032237425446510315,
    0.03349586948752403,
    0.03902055695652962,
    -0.02412433922290802,
    0.05091500282287598,
    0.0018311974126845598,
    0.023900235071778297,
    -0.0070262630470097065,
    0.011130722239613533,
    -0.025283994153141975,
    0.04167744889855385,
    -0.059057172387838364,
    0.05030730366706848,
    -0.13826631009578705,
    -0.022064445540308952,
    0.04530717059969902,
    -0.056271154433488846,
    0.017098354175686836,
    -0.04160849750041962,
    0.0021326353307813406,
    -0.03054816834628582,
    0.07143843173980713,
    0.06941564381122589,
    -0.013116883113980293,
    -0.02328658476471901,
    -0.0032455609180033207,
    -0.020171809941530228,
    -0.052150726318359375,
    -0.04200657084584236,
    0.0286770798265934,
    0.01680680178105831,
    -0.05955265834927559,
    -0.0899566113948822,
    -0.014817621558904648,
    -0.009784108959138393,
    -0.01540447399020195,
    0.007032440043985844,
    -0.09091214835643768,
    0.011282645165920258,
    -0.024871107190847397,
    0.05930880829691887,
    -0.06376363337039948,
    0.06082907319068909,
    0.030692530795931816,
