{
  "embedding_files": [
    "gt_384.7s_f65.jpg",
    "gt_534.6s_f109.jpg",
    "gt_219.5s_f23.jpg"
  ],
  "backup_files": [],
  "scores": {
    "gt_384.7s_f65.jpg": 3.4361,
    "gt_534.6s_f109.jpg": 1.7582,
    "gt_219.5s_f23.jpg": 0.8057
  },
  "approved_files": [
    "gt_384.7s_f65.jpg",
    "gt_534.6s_f109.jpg",
    "gt_219.5s_f23.jpg"
  ],
  "mean_embedding": [
    -0.015580061823129654,
    0.046833328902721405,
    0.04784146323800087,
    -0.02743145450949669,
    -0.08844584971666336,
    -0.013156774453818798,
    -0.0929754376411438,
    -0.01785348169505596,
    -0.024676207453012466,
    0.04280080273747444,
    -0.00827101618051529,
    -0.05369890481233597,
    -0.0071345167234539986,
    -0.014601347967982292,
    -0.01922352984547615,
    -0.004760107025504112,
    -0.008715792559087276,
    -0.09818490594625473,
    0.04749158024787903,
    -0.05054327845573425,
    0.053727805614471436,
    0.0018239407800137997,
    -0.025027157738804817,
    -0.06311529129743576,
    -0.005734771490097046,
    -0.029382338747382164,
    -0.0249574426561594,
    -0.08748102188110352,
    0.013257380574941635,
    -0.05561738833785057,
    -0.05218124762177467,
    -0.017744436860084534,
    0.04061554744839668,
    -0.013572090305387974,
    -0.00447144266217947,
    0.03175757825374603,
    -0.005534799303859472,
    0.013389361090958118,
    0.005075179040431976,
    0.008301557041704655,
    0.03927792236208916,
    0.0029293668922036886,
    0.005646704230457544,
    0.0659596249461174,
    0.010302065871655941,
    -0.0035694376565515995,
    0.07341192662715912,
    0.09623498469591141,
    0.06000965088605881,
    0.021727625280618668,
    -0.012673011980950832,
    -0.01991010271012783,
    -0.02087816409766674,
    -0.016139984130859375,
    -0.0010890660341829062,
    0.0264151468873024,
    -0.013851485215127468,
    -0.046076495200395584,
    0.042090173810720444,
    -0.030449278652668,
    0.06232265383005142,
    0.00717551726847887,
    0.02420809119939804,
    0.0535556823015213,
    0.07607640326023102,
    0.0033272472210228443,
    -0.025661911815404892,
    -0.12765778601169586,
    -0.039292462170124054,
    -0.048988647758960724,
    -0.015288994647562504,
    -0.06045422703027725,
    0.016837462782859802,
    -0.016648167744278908,
    0.04186401143670082,
    0.004275363404303789,
    0.06399457156658173,
    0.0002979731361847371,
    0.0782628282904625,
    -0.021251244470477104,
    0.008957521989941597,
    -0.0641980692744255,
    -0.017119150608778,
    -0.026722241193056107,
    -0.05007044970989227,
    0.017763059586286545,
    0.009106462821364403,
    0.019794248044490814,
    -0.008330109529197216,
    -0.03704475983977318,
    -0.01820565015077591,
    0.02621307782828808,
    0.009802727028727531,
    -0.05343510955572128,
    -0.04445945471525192,
    0.02433156780898571,
    -0.06770206242799759,
    -0.14325931668281555,
    0.07140316814184189,
    -0.012690408155322075,
    0.06458564847707748,
    -0.06921198219060898,
    0.04361972585320473,
    -0.03258106857538223,
    0.11505566537380219,
    -0.026310410350561142,
    0.03429512679576874,
    -0.08103475719690323,
    -0.00963892787694931,
    -0.031754251569509506,
    0.022918330505490303,
    -0.01017895620316267,
    -0.02607022225856781,
    -0.016279052942991257,
    -0.018201442435383797,
    -0.00463062571361661,
    0.006564684212207794,
    -0.06430410593748093,
    -0.059491295367479324,
    0.008213815279304981,
    -0.0075227548368275166,
    0.03654707223176956,
    0.03147948905825615,
    0.06603025645017624,
    -0.08288039267063141,
    -0.0173818189650774,
    -0.0029085720889270306,
    -0.008738505654036999,
    -0.04126059636473656,
    -0.02691343054175377,
    -0.022812597453594208,
    0.035442616790533066,
    -0.0026114059146493673,
    0.007654832676053047,
    -0.11045689135789871,
    0.0015002313302829862,
    0.04649223014712334,
    -0.003077393164858222,
    0.044993139803409576,
    -0.06163669377565384,
    -0.0077046556398272514,
    0.0003053591353818774,
    0.042330317199230194,
    0.015565277077257633,
    0.0087512182071805,
    0.03086412511765957,
    -0.0006283504772000015,
    0.0543898269534111,
    0.05438936874270439,
    0.07159418612718582,
    0.033500880002975464,
    -0.03825885057449341,
    -0.0899515226483345,
    0.03903912380337715,
    -0.01960666850209236,
    -0.04282495751976967,
    0.044790707528591156,
    -0.038220249116420746,
    -0.007857193239033222,
    0.04295333847403526,
    -0.0015745168784633279,
    0.01532667875289917,
    -0.0760486051440239,
    0.043345700949430466,
    0.03501814976334572,
    -0.022061053663492203,
    -0.007150821853429079,
    -0.03339853882789612,
    -0.0402975007891655,
    0.05764152109622955,
    0.04238231107592583,
    -0.01912892796099186,
    0.07020550966262817,
    0.06478626281023026,
    -0.012805844657123089,
    -0.011236638762056828,
    0.004721912555396557,
    0.014860582537949085,
    0.09079524129629135,
    0.031156864017248154,
    0.048925161361694336,
    0.010474730283021927,
    -0.01397017017006874,
    -0.027009757235646248,
    -0.017703097313642502,
    -0.006970000918954611,
    -0.016448866575956345,
    -0.00569175835698843,
    0.010385544039309025,
    -0.05584635213017464,
    -0.04005986452102661,
    0.027390753850340843,
    0.01289882231503725,
    0.024848606437444687,
    0.014326628297567368,
    -0.01768120750784874,
    0.06128956377506256,
    0.023608500137925148,
    -0.03464848920702934,
    0.011121419258415699,
    0.0495758019387722,
    -0.07502392679452896,
    -0.037094466388225555,
    0.03985116630792618,
    -0.009878239594399929,
    0.018225280568003654,
    0.038938406854867935,
    -0.07370341569185257,
    -0.0008665257482789457,
    0.006294773425906897,
    -0.06668654084205627,
    -0.01325927022844553,
    -0.06659062951803207,
    -0.052824608981609344,
    -0.00024003491853363812,
    0.034972596913576126,
    0.02442021481692791,
    -0.042806245386600494,
    -0.020108256489038467,
    0.008254707790911198,
    0.053391724824905396,
    0.005238217767328024,
    -0.010615606792271137,
    -0.03071749396622181,
    0.011139515787363052,
    -0.01205073669552803,
    -0.04592262580990791,
    0.0330413319170475,
    0.014919701032340527,
    -0.008265075273811817,
    0.016559526324272156,
    0.004022709093987942,
    0.019332991912961006,
    0.043304555118083954,
    0.058098725974559784,
    -0.03135155513882637,
    -0.027149412781000137,
    0.01806253008544445,
    -0.010867433622479439,
    -0.06924405694007874,
    -0.028330551460385323,
    -0.018200911581516266,
    0.0009299790835939348,
    -0.022225361317396164,
    0.06128183379769325,
    -0.00010623439447954297,
    -0.0325692743062973,
    0.043632183223962784,
    -0.04090619087219238,
    0.03370602801442146,
    0.044142913073301315,
    -0.028950288891792297,
    0.017137687653303146,
    0.008910223841667175,
    0.03689069673418999,
    0.008217969909310341,
    0.008310798555612564,
    -0.025836562737822533,
    0.04864197224378586,
    -0.053306128829717636,
    0.0430467315018177,
    -0.13169421255588531,
    -0.05701017752289772,
    0.044328898191452026,
    -0.049959708005189896,
    0.02018521912395954,
    -0.05332401022315025,
    -0.003001062199473381,
    -0.016199668869376183,
    0.05819235369563103,
    0.07567957043647766,
    -0.002230721991509199,
    -0.02063143253326416,
    -0.004628229886293411,
    -0.012654844671487808,
    -0.042528633028268814,
    -0.05596928298473358,
    0.03270362317562103,
    0.006435564253479242,
    -0.06773831695318222,
    -0.10434781014919281,
    -0.02994522638618946,
    -0.0073881749995052814,
    -0.025573743507266045,
    -0.005486701615154743,
    -0.07930821180343628,
    0.018193867057561874,
    -0.037283673882484436,
    0.06369351595640182,
    -0.061522532254457474,
    0.06980426609516144,
    0.04113024100661278,
