{
  "embedding_files": [
    "gt_26.2s_f9.jpg",
    "gt_80.2s_f34.jpg",
    "gt_132.1s_f61.jpg",
    "new_1776234387711_gt_184.5s_f31.jpg",
    "new_1776234387711_gt_2.1s_f9.jpg"
  ],
  "backup_files": [
    "new_1776234387711_gt_729.5s_f123.jpg",
    "new_1776234387711_gt_933.4s_f134.jpg"
  ],
  "scores": {
    "gt_26.2s_f9.jpg": 13.9041,
    "gt_80.2s_f34.jpg": 7.3502,
    "gt_132.1s_f61.jpg": 4.5748
  },
  "approved_files": [
    "gt_26.2s_f9.jpg",
    "gt_80.2s_f34.jpg",
    "gt_132.1s_f61.jpg",
    "new_1776234387711_gt_184.5s_f31.jpg",
    "new_1776234387711_gt_2.1s_f9.jpg",
    "new_1776234387711_gt_729.5s_f123.jpg",
    "new_1776234387711_gt_933.4s_f134.jpg"
  ],
  "mean_embedding": [
    -0.01752793975174427,
    -0.010166955180466175,
    0.030643338337540627,
    0.044153641909360886,
    -0.0004229727783240378,
    -0.05767661705613136,
    0.042787376791238785,
    0.041017621755599976,
    0.028602493926882744,
    -0.00803138967603445,
    0.036254674196243286,
    0.008428609929978848,
    0.01952102966606617,
    0.02972920797765255,
    0.004349443595856428,
    -0.05148216336965561,
    -0.028191696852445602,
    0.027324076741933823,
    -0.024499664083123207,
    -0.039242543280124664,
    -0.06747768074274063,
    -0.11893763393163681,
    0.06505249440670013,
    -0.0055974624119699,
    0.03904702886939049,
    0.015700889751315117,
    -0.041408244520425797,
    -0.047876205295324326,
    0.07367882877588272,
    0.00551944924518466,
    -0.05377954989671707,
    0.0013346641790121794,
    -0.021228313446044922,
    -0.015926973894238472,
    0.0016864091157913208,
    -0.028079265728592873,
    -0.08457379043102264,
    0.0700497031211853,
    0.012542875483632088,
    -0.047238968312740326,
    0.01269344612956047,
    -0.007954955101013184,
    0.006356996018439531,
    -0.08204798400402069,
    -0.012491154484450817,
    -0.040136147290468216,
    0.00922307837754488,
    0.07562166452407837,
    -0.012096145190298557,
    -0.017451642081141472,
    -0.005990384612232447,
    -0.0320805087685585,
    0.03566481173038483,
    0.026103518903255463,
    0.0002227559598395601,
    0.03720307722687721,
    0.0032288646325469017,
    -0.11868902295827866,
    -0.004506925120949745,
    -0.021731307730078697,
    0.07705025374889374,
    0.04873336851596832,
    -0.02212175726890564,
    -0.06778978556394577,
    0.04820830747485161,
    -0.10500406473875046,
    -0.08110541850328445,
    0.05916975066065788,
    0.08207514882087708,
    0.02658754400908947,
    0.0032362935598939657,
    0.043548841029405594,
    0.03242172673344612,
    0.012784192338585854,
    -0.013433843851089478,
    -0.036516521126031876,
    0.011312726885080338,
    0.07161357998847961,
    0.0238179974257946,
    0.04547536373138428,
    -0.004745569080114365,
    -0.06790241599082947,
    0.04351690039038658,
    -0.04775834456086159,
    0.014819354750216007,
    -0.03445868194103241,
    -0.07604589313268661,
    0.014859731309115887,
    0.07177723199129105,
    0.009577746503055096,
    -0.019775671884417534,
    -0.009149747900664806,
    -0.032013144344091415,
    -0.04559473320841789,
    0.01843956671655178,
    -0.11650636792182922,
    -0.038271836936473846,
    0.01995277963578701,
    -0.0015497278654947877,
    -0.09022519737482071,
    0.021590454503893852,
    0.02157944068312645,
    0.0728721171617508,
    -0.019123706966638565,
    0.02030675671994686,
    0.00704772537574172,
    -0.04814855009317398,
    -0.03319423645734787,
    0.11063229292631149,
    0.05832353234291077,
    -0.0483524352312088,
    0.005651738494634628,
    -0.010827192105352879,
    0.032262202352285385,
    -0.011644309386610985,
    0.0014037522487342358,
    0.04622800648212433,
    0.05211902782320976,
    0.008547093719244003,
    0.06547661125659943,
    -0.01555543765425682,
    0.059020739048719406,
    0.04496884346008301,
    -0.025119638070464134,
    -0.06885652989149094,
    -0.01851908303797245,
    -0.005541073624044657,
    0.012630858458578587,
    -0.010674160905182362,
    0.022981999441981316,
    -0.027447516098618507,
    0.007720193825662136,
    -0.03696081042289734,
    -0.031109388917684555,
    0.004064309876412153,
    -0.13023641705513,
    -0.03486780449748039,
    0.06524960696697235,
    0.0005131239886395633,
    0.042760659009218216,
    -0.018277980387210846,
    0.03565170243382454,
    -0.026392407715320587,
    0.031832896173000336,
    -0.0009739648085087538,
    -0.04371606558561325,
    0.01321502961218357,
    0.011760860681533813,
    -0.08424507081508636,
    0.034928660839796066,
    0.04434225708246231,
    -0.059848155826330185,
    -0.06772064417600632,
    -0.08687347918748856,
    -0.02413714863359928,
    0.02357611060142517,
    0.012432212941348553,
    -0.0513036884367466,
    0.0026017650961875916,
    0.12034039199352264,
    -0.002085476415231824,
    -0.014976645819842815,
    0.027498701587319374,
    -0.06172480061650276,
    0.021279487758874893,
    -0.00418485514819622,
    0.017894411459565163,
    -0.0572885237634182,
    -0.0017273355042561889,
    -0.09191156178712845,
    0.001326932804659009,
    -0.01990511640906334,
    0.027501774951815605,
    -0.03165853023529053,
    -0.0616273507475853,
    -0.0028852871619164944,
    0.004202110227197409,
    -0.1206963062286377,
    0.015118474140763283,
    0.018554987385869026,
    -0.11095710098743439,
    -0.009274173527956009,
    -0.054400838911533356,
    -0.01931907795369625,
    -0.048799023032188416,
    -0.07323730736970901,
    -0.030267128720879555,
    -0.003068147227168083,
    0.04466569423675537,
    0.023529019206762314,
    -0.005860981065779924,
    0.03892778977751732,
    -0.021874064579606056,
    -0.015097240917384624,
    0.01963275671005249,
    -0.034367311745882034,
    -0.021491197869181633,
    0.011368743143975735,
    -0.02246786281466484,
    -0.010174848139286041,
    0.05742070451378822,
    0.033323511481285095,
    -0.0271815937012434,
    0.06310845166444778,
    0.097932368516922,
    0.0018068444915115833,
    0.057751722633838654,
    0.021877450868487358,
    -0.008341973647475243,
    0.07900699228048325,
    0.07221214473247528,
    0.04765081778168678,
    0.027615226805210114,
    -0.012988978065550327,
    0.014210852794349194,
    0.024711674079298973,
    -0.03689596429467201,
    0.0026107642333954573,
    -0.10414384305477142,
    -4.404987339512445e-05,
    0.049746930599212646,
    -0.07522106170654297,
    0.025109032168984413,
    0.0070854127407073975,
    -0.04380183666944504,
    0.024426473304629326,
    0.011890485882759094,
    0.04280923306941986,
    0.005225007422268391,
    -0.004321013577282429,
    -0.04911823198199272,
    -0.0695335641503334,
    -0.005475950427353382,
    0.00020337475871201605,
    -0.09254303574562073,
    0.036442920565605164,
    -0.03276337683200836,
    -0.0743817538022995,
    -0.025077715516090393,
    0.03983651101589203,
    -0.007667286787182093,
    -0.07439373433589935,
    -0.02794930711388588,
    -0.02574622817337513,
    -0.0057094101794064045,
    -0.01927693374454975,
    0.020757922902703285,
    0.02730567753314972,
    0.07559718191623688,
    0.028012964874505997,
    0.02197369374334812,
    -0.023838916793465614,
    0.013643084093928337,
    0.07913567125797272,
    -0.001095336745493114,
    0.0387188121676445,
    0.05289613455533981,
    0.0795297622680664,
    -0.019137047231197357,
    -0.0003666584088932723,
    0.0702902227640152,
    -0.01712486892938614,
    -0.011130495928227901,
    0.025384582579135895,
    0.07642136514186859,
    -0.011693333275616169,
    0.05980146676301956,
    0.016185179352760315,
    -0.016272349283099174,
    -0.008223578333854675,
    -0.03508039936423302,
    -0.0611838698387146,
    -0.01187113020569086,
    -0.07778246700763702,
    -0.04374242201447487,
    -0.02270750142633915,
    -0.02205396071076393,
    -0.025229886174201965,
    0.054490696638822556,
    -0.030419664457440376,
