{
  "embedding_files": [
    "gt_26.2s_f9.jpg",
    "gt_80.2s_f34.jpg",
    "gt_132.1s_f61.jpg",
    "new_1776234387711_gt_184.5s_f31.jpg",
    "new_1776234387711_gt_2.1s_f9.jpg"
  ],
  "backup_files": [
    "new_1776234387711_gt_729.5s_f123.jpg",
    "new_1776234387711_gt_933.4s_f134.jpg"
  ],
  "scores": {
    "gt_26.2s_f9.jpg": 13.9041,
    "gt_80.2s_f34.jpg": 7.3502,
    "gt_132.1s_f61.jpg": 4.5748
  },
  "approved_files": [
    "gt_26.2s_f9.jpg",
    "gt_80.2s_f34.jpg",
    "gt_132.1s_f61.jpg",
    "new_1776234387711_gt_184.5s_f31.jpg",
    "new_1776234387711_gt_2.1s_f9.jpg",
    "new_1776234387711_gt_729.5s_f123.jpg",
    "new_1776234387711_gt_933.4s_f134.jpg"
  ],
  "mean_embedding": [
    -0.020220832899212837,
    -0.017540784552693367,
    0.03821812942624092,
    0.0416279137134552,
    -0.0013191916514188051,
    -0.053711310029029846,
    0.04610011726617813,
    0.04043992981314659,
    0.03477535769343376,
    -0.007274222560226917,
    0.034529075026512146,
    0.011436876840889454,
    0.014592036604881287,
    0.035183344036340714,
    -0.002610781928524375,
    -0.04544040933251381,
    -0.03521183505654335,
    0.0342685803771019,
    -0.023789089173078537,
    -0.03976859152317047,
    -0.057701874524354935,
    -0.11588738113641739,
    0.0723516121506691,
    -0.00618003960698843,
    0.04832031577825546,
    0.005895466078072786,
    -0.04618963599205017,
    -0.055885955691337585,
    0.06610097736120224,
    0.003812897950410843,
    -0.06537632644176483,
    0.004621231462806463,
    -0.02213367447257042,
    -0.023347776383161545,
    -0.0017505483701825142,
    -0.03703045845031738,
    -0.08527825027704239,
    0.05714546516537666,
    0.01984601840376854,
    -0.04683173447847366,
    0.009746571071445942,
    -0.006664329208433628,
    0.010116848163306713,
    -0.06948273628950119,
    -0.015996530652046204,
    -0.04114724323153496,
    0.006753365509212017,
    0.06306115537881851,
    -0.009738016873598099,
    -0.02249005064368248,
    -0.0008135942043736577,
    -0.03410433605313301,
    0.03516630828380585,
    0.024049317464232445,
    -0.014469019137322903,
    0.0531899631023407,
    0.012473834678530693,
    -0.10964131355285645,
    -0.0012057763524353504,
    -0.021250542253255844,
    0.06913725286722183,
    0.049079496413469315,
    -0.01308989617973566,
    -0.08050969988107681,
    0.04556525498628616,
    -0.10561922937631607,
    -0.08081112802028656,
    0.056111324578523636,
    0.07503990828990936,
    0.02907651849091053,
    0.010901452973484993,
    0.03373042121529579,
    0.03976186364889145,
    0.015384995378553867,
    -0.0014844604302197695,
    -0.03246567025780678,
    0.009671174921095371,
    0.07280578464269638,
    0.02074044570326805,
    0.0517478808760643,
    -0.0062821125611662865,
    -0.06600579619407654,
    0.04413524642586708,
    -0.054136380553245544,
    0.021557705476880074,
    -0.027355970814824104,
    -0.080100879073143,
    0.024188261479139328,
    0.07282321155071259,
    0.007652491331100464,
    -0.019239241257309914,
    -0.0072016119956970215,
    -0.03342851996421814,
    -0.042965117841959,
    0.017144227400422096,
    -0.118285171687603,
    -0.03520103916525841,
    0.02891756035387516,
    -0.0038374317809939384,
    -0.08851135522127151,
    0.018284332007169724,
    0.0309859961271286,
    0.0685836598277092,
    -0.012840128503739834,
    0.019753089174628258,
    0.0037094985600560904,
    -0.05525774136185646,
    -0.03477218374609947,
    0.11244110018014908,
    0.05281909555196762,
    -0.048056710511446,
    0.007324333302676678,
    -0.013161311857402325,
    0.026053572073578835,
    -0.012700021266937256,
    0.010541930794715881,
    0.050072018057107925,
    0.05298040807247162,
    0.0034630040172487497,
    0.06642019003629684,
    -0.011368414387106895,
    0.06840579956769943,
    0.03941214829683304,
    -0.019944051280617714,
    -0.06800941377878189,
    -0.02962912991642952,
    -0.0016066348180174828,
    0.014318794943392277,
    -0.012824945151805878,
    0.0217987522482872,
    -0.027161601930856705,
    0.016061145812273026,
    -0.0341290719807148,
    -0.024210551753640175,
    0.007291016634553671,
    -0.13241876661777496,
    -0.03352074325084686,
    0.06511107832193375,
    0.005722555797547102,
    0.046954166144132614,
    -0.022227952256798744,
    0.036254409700632095,
    -0.02686106041073799,
    0.025247234851121902,
    0.00677838921546936,
    -0.03913145884871483,
    0.013112696819007397,
    0.018050191923975945,
    -0.08444631844758987,
    0.03681793808937073,
    0.048607952892780304,
    -0.060101233422756195,
    -0.0703192725777626,
    -0.09265684336423874,
    -0.028174646198749542,
    0.0181379746645689,
    0.003359082154929638,
    -0.056501902639865875,
    -0.004103776067495346,
    0.12341588735580444,
    -0.0017706818180158734,
    -0.017740625888109207,
    0.023549707606434822,
    -0.06431633234024048,
    0.01990889012813568,
    -0.0008381966035813093,
    0.016887923702597618,
    -0.06336407363414764,
    -0.010899720713496208,
    -0.09468342363834381,
    -0.00168763124383986,
    -0.018624182790517807,
    0.021759212017059326,
    -0.021565303206443787,
    -0.05813053995370865,
    -0.01092581544071436,
    0.012640849687159061,
    -0.1182827576994896,
    0.02293129824101925,
    0.034883949905633926,
    -0.10237594693899155,
    0.001159906736575067,
    -0.04731826111674309,
    -0.020530162379145622,
    -0.051009539514780045,
    -0.06799237430095673,
    -0.036969952285289764,
    -0.0024384537246078253,
    0.038332343101501465,
    0.02892988920211792,
    -0.007536043878644705,
    0.033913541585206985,
    -0.027363169938325882,
    -0.009250249713659286,
    0.0191010981798172,
    -0.027970319613814354,
    -0.017200684174895287,
    0.007532247342169285,
    -0.029716184362769127,
    -0.009297744370996952,
    0.06244746595621109,
    0.03752685338258743,
    -0.02837243862450123,
    0.061017245054244995,
    0.09428886324167252,
    0.005920357070863247,
    0.059844326227903366,
    0.022622300311923027,
    -0.008734744042158127,
    0.07596369832754135,
    0.07192327827215195,
    0.04589350149035454,
    0.021305689588189125,
    -0.014567256905138493,
    0.007385595235973597,
    0.0293866079300642,
    -0.03517625480890274,
    -0.00016277868417091668,
    -0.10053325444459915,
    0.0011253705015406013,
    0.05044965445995331,
    -0.0672987699508667,
    0.018963683396577835,
    0.011796656996011734,
    -0.04642602801322937,
    0.0215191300958395,
    0.014273338951170444,
    0.036642611026763916,
    0.008550174534320831,
    -0.007247922010719776,
    -0.04503306373953819,
    -0.06747229397296906,
    -0.0015256982296705246,
    -0.004916500300168991,
    -0.09283892065286636,
    0.038855940103530884,
    -0.03674609959125519,
    -0.0722394660115242,
    -0.023619558662176132,
    0.05191028118133545,
    -0.020670052617788315,
    -0.07199062407016754,
    -0.031657006591558456,
    -0.018241284415125847,
    -0.007726146373897791,
    -0.02142507955431938,
    0.012281166389584541,
    0.02624654211103916,
    0.07064572721719742,
    0.03424772992730141,
    0.028430288657546043,
    -0.029948581010103226,
    -0.0004834322025999427,
    0.07738140225410461,
    -0.0038597737438976765,
    0.03684959188103676,
    0.04764294996857643,
    0.07277478277683258,
    -0.023032991215586662,
    0.002645188244059682,
    0.07304273545742035,
    -0.017088767141103745,
    -0.004713478963822126,
    0.02440255507826805,
    0.07521121203899384,
    -0.015758736059069633,
    0.06414256989955902,
    0.02084214612841606,
    -0.018705807626247406,
    -0.01736406609416008,
    -0.03965697064995766,
    -0.06351736932992935,
    -0.01580396294593811,
    -0.06985518336296082,
    -0.04543118551373482,
    -0.023664945736527443,
    -0.013762271963059902,
    -0.010575227439403534,
    0.055763497948646545,
    -0.021938014775514603,
