{
  "embedding_files": [
    "new_1776234387711_gt_184.5s_f31.jpg",
    "new_1776234387711_gt_2.1s_f9.jpg",
    "new_1776234387711_gt_933.4s_f134.jpg",
    "new_1776234387711_gt_729.5s_f123.jpg",
    "gt_54.7s_f10.jpg"
  ],
  "backup_files": [
    "gt_73.5s_f33.jpg",
    "gt_104.1s_f45.jpg",
    "gt_176.7s_f68.jpg",
    "gt_87.6s_f29.jpg",
    "gt_147.6s_f51.jpg"
  ],
  "scores": {
    "gt_54.7s_f10.jpg": 27.8738,
    "gt_73.5s_f33.jpg": 24.8653,
    "new_1776234387711_gt_184.5s_f31.jpg": 133.4356,
    "new_1776234387711_gt_2.1s_f9.jpg": 127.0862,
    "new_1776234387711_gt_729.5s_f123.jpg": 75.6648,
    "new_1776234387711_gt_933.4s_f134.jpg": 82.6967,
    "gt_104.1s_f45.jpg": 23.6227,
    "gt_87.6s_f29.jpg": 21.3503,
    "gt_176.7s_f68.jpg": 22.9379,
    "gt_147.6s_f51.jpg": 21.1666
  },
  "approved_files": [
    "gt_26.2s_f9.jpg",
    "gt_80.2s_f34.jpg",
    "gt_132.1s_f61.jpg",
    "new_1776234387711_gt_184.5s_f31.jpg",
    "new_1776234387711_gt_2.1s_f9.jpg",
    "new_1776234387711_gt_729.5s_f123.jpg",
    "new_1776234387711_gt_933.4s_f134.jpg"
  ],
  "mean_embedding": [
    -0.020215895026922226,
    -0.01757751777768135,
    0.03820870444178581,
    0.04160957783460617,
    -0.0013100800570100546,
    -0.05372544005513191,
    0.04611067473888397,
    0.04046967625617981,
    0.034756988286972046,
    -0.007309176493436098,
    0.03450385481119156,
    0.011420863680541515,
    0.014608296565711498,
    0.03519882634282112,
    -0.0026331881526857615,
    -0.045434821397066116,
    -0.03520213067531586,
    0.03427638113498688,
    -0.023785829544067383,
    -0.03975030034780502,
    -0.057672739028930664,
    -0.11593149602413177,
    0.07237932831048965,
    -0.006153068505227566,
    0.04835386946797371,
    0.005908820312470198,
    -0.0461893267929554,
    -0.055878594517707825,
    0.06610385328531265,
    0.0038120923563838005,
    -0.0653408020734787,
    0.00461825355887413,
    -0.022105777636170387,
    -0.02335381880402565,
    -0.0017483789706602693,
    -0.03702285885810852,
    -0.08526622503995895,
    0.05713273957371712,
    0.0198598001152277,
    -0.04685620591044426,
    0.00973482895642519,
    -0.00667691370472312,
    0.010146995075047016,
    -0.06948284804821014,
    -0.016019850969314575,
    -0.04112497344613075,
    0.0067458488047122955,
    0.06307296454906464,
    -0.009764526039361954,
    -0.022487374022603035,
    -0.0007962061208672822,
    -0.034109827131032944,
    0.03516373410820961,
    0.02402828447520733,
    -0.014468918554484844,
    0.0532035194337368,
    0.012450535781681538,
    -0.1096709668636322,
    -0.0012090698583051562,
    -0.021247824653983116,
    0.0691186860203743,
    0.049083370715379715,
    -0.013079781085252762,
    -0.08048103749752045,
    0.04561377689242363,
    -0.10560615360736847,
    -0.08081518113613129,
    0.05611009523272514,
    0.07504331320524216,
    0.029100414365530014,
    0.010932154022157192,
    0.03373410552740097,
    0.03975238651037216,
    0.015380177646875381,
    -0.0014957912499085069,
    -0.0324629507958889,
    0.009713483043015003,
    0.07279817759990692,
    0.020779157057404518,
    0.05175789073109627,
    -0.006290215998888016,
    -0.06600305438041687,
    0.04414709284901619,
    -0.05413568392395973,
    0.02157214842736721,
    -0.027373861521482468,
    -0.08011351525783539,
    0.024194980040192604,
    0.07283565402030945,
    0.007684748154133558,
    -0.01924281194806099,
    -0.0072044976986944675,
    -0.033427752554416656,
    -0.04295190051198006,
    0.017137723043560982,
    -0.11826673150062561,
    -0.03519759699702263,
    0.028922811150550842,
    -0.003837625030428171,
    -0.08850444853305817,
    0.018282633274793625,
    0.03095807135105133,
    0.06860365718603134,
    -0.012827770784497261,
    0.01974523812532425,
    0.003672279417514801,
    -0.055248189717531204,
    -0.03480678051710129,
    0.11241628229618073,
    0.05280414596199989,
    -0.04803722724318504,
    0.007281662430614233,
    -0.013133414089679718,
    0.026073267683386803,
    -0.01268774550408125,
    0.010551473125815392,
    0.05009239912033081,
    0.05297823250293732,
    0.0034951737616211176,
    0.06642421334981918,
    -0.011367264203727245,
    0.0684230625629425,
    0.039415523409843445,
    -0.019972218200564384,
    -0.06801720708608627,
    -0.02962321788072586,
    -0.0016104776877909899,
    0.014304819516837597,
    -0.012789690867066383,
    0.021828949451446533,
    -0.0271822027862072,
    0.016042957082390785,
    -0.03410869464278221,
    -0.024226302281022072,
    0.0073173469863832,
    -0.13241291046142578,
    -0.03349670395255089,
    0.06513407081365585,
    0.0057236673310399055,
    0.046984340995550156,
    -0.022234203293919563,
    0.03626123443245888,
    -0.026849739253520966,
    0.02526353858411312,
    0.006748171057552099,
    -0.03914382681250572,
    0.013129053637385368,
    0.018048500642180443,
    -0.0844329223036766,
    0.03680305555462837,
    0.04863889887928963,
    -0.06008877977728844,
    -0.07034406065940857,
    -0.09265559911727905,
    -0.028186410665512085,
    0.018128713592886925,
    0.0033426382578909397,
    -0.0564744658768177,
    -0.004110680893063545,
    0.12340930104255676,
    -0.0017836204497143626,
    -0.017749927937984467,
    0.02353842742741108,
    -0.06433625519275665,
    0.01988617330789566,
    -0.0008152226801030338,
    0.016882872208952904,
    -0.06335875391960144,
    -0.010906113311648369,
    -0.09466338157653809,
    -0.0017021243693307042,
    -0.018614614382386208,
    0.021742461249232292,
    -0.021565398201346397,
    -0.05810463801026344,
    -0.010917961597442627,
    0.012625309638679028,
    -0.11829575896263123,
    0.022909928113222122,
    0.03486509993672371,
    -0.10236870497465134,
    0.0011974305380135775,
    -0.047343868762254715,
    -0.020508455112576485,
    -0.05097148194909096,
    -0.06802363693714142,
    -0.036990951746702194,
    -0.0024383345153182745,
    0.03834890201687813,
    0.028956010937690735,
    -0.007546167820692062,
    0.033912159502506256,
    -0.027376363053917885,
    -0.00925030093640089,
    0.01909211464226246,
    -0.027978742495179176,
    -0.01723015494644642,
    0.007550274487584829,
    -0.029707415029406548,
    -0.009301116690039635,
    0.06241843104362488,
    0.037503741681575775,
    -0.028416510671377182,
    0.06105237826704979,
    0.0942680761218071,
    0.005948195233941078,
    0.05986534804105759,
    0.022678419947624207,
    -0.008736592717468739,
    0.07594458758831024,
    0.0719340369105339,
    0.045906372368335724,
    0.021310798823833466,
    -0.01452950295060873,
    0.007394537795335054,
    0.02937130257487297,
    -0.03519052639603615,
    -0.00017806033429224044,
    -0.10055385529994965,
    0.0011470901081338525,
    0.050460755825042725,
    -0.06730816513299942,
    0.01898317225277424,
    0.011778644286096096,
    -0.04643099009990692,
    0.021514998748898506,
    0.014283058233559132,
    0.03662307932972908,
    0.00852031446993351,
    -0.00724454503506422,
    -0.04502974823117256,
    -0.06748805940151215,
    -0.0015405111480504274,
    -0.004907574504613876,
    -0.09284815192222595,
    0.03885277733206749,
    -0.03676659241318703,
    -0.07223458588123322,
    -0.023625187575817108,
    0.05190490558743477,
    -0.020685561001300812,
    -0.07198434323072433,
    -0.03167958930134773,
    -0.01823342591524124,
    -0.007704498711973429,
    -0.02142828144133091,
    0.012289423495531082,
    0.02620285376906395,
    0.0706520602107048,
    0.034239452332258224,
    0.02845764346420765,
    -0.029945386573672295,
    -0.00047882701619528234,
    0.07739312201738358,
    -0.00386467925272882,
    0.036841411143541336,
    0.04764149338006973,
    0.07276943325996399,
    -0.023057838901877403,
    0.0026226695626974106,
    0.07306422293186188,
    -0.01707197166979313,
    -0.004688937216997147,
    0.024398550391197205,
    0.07520820945501328,
