{
  "embedding_files": [
    "gt_310.5s_f4.jpg",
    "gt_742.8s_f82.jpg",
    "gt_890.5s_f109.jpg",
    "new_1776234590735_gt_211.2s_f13.jpg",
    "new_1776234590735_gt_300.2s_f34.jpg"
  ],
  "backup_files": [
    "new_1776234590735_gt_399.0s_f47.jpg",
    "new_1776234590735_gt_499.6s_f69.jpg"
  ],
  "scores": {
    "gt_310.5s_f4.jpg": 29.9423,
    "gt_742.8s_f82.jpg": 9.6407,
    "gt_890.5s_f109.jpg": 6.474
  },
  "approved_files": [
    "gt_310.5s_f4.jpg",
    "gt_742.8s_f82.jpg",
    "gt_890.5s_f109.jpg",
    "new_1776234590735_gt_211.2s_f13.jpg",
    "new_1776234590735_gt_300.2s_f34.jpg",
    "new_1776234590735_gt_399.0s_f47.jpg",
    "new_1776234590735_gt_499.6s_f69.jpg"
  ],
  "mean_embedding": [
    -0.010884449817240238,
    -0.038303568959236145,
    0.019600022584199905,
    0.10000082105398178,
    -0.02596534788608551,
    0.0009966895449906588,
    -0.011124249547719955,
    -0.047060828655958176,
    0.0011955872178077698,
    -0.025268692523241043,
    -0.0031157932244241238,
    -0.052600812166929245,
    0.14174784719944,
    0.039381109178066254,
    0.035835932940244675,
    -0.05423763394355774,
    -0.030239256098866463,
    -0.05380918085575104,
    0.02335624024271965,
    0.026497310027480125,
    -0.03631991893053055,
    -0.06028757989406586,
    -0.00024033979570958763,
    -0.04482831060886383,
    0.054300565272569656,
    0.0007531610899604857,
    -0.010529767721891403,
    -0.05077177658677101,
    0.1061878502368927,
    0.05460291728377342,
    -0.07327955961227417,
    -0.03614867478609085,
    -0.05042296648025513,
    0.00237229629419744,
    0.0812753215432167,
    0.035497598350048065,
    -0.06945538520812988,
    0.00150301365647465,
    -0.009152928367257118,
    -0.02599855698645115,
    -0.014038430526852608,
    -0.02388860285282135,
    -0.011078783310949802,
    0.01681309938430786,
    -0.04649435356259346,
    -0.06792623549699783,
    0.053567852824926376,
    0.014132106676697731,
    -0.03878593072295189,
    -0.013642958365380764,
    -0.028177959844470024,
    0.05256876349449158,
    -0.021172907203435898,
    -0.07090799510478973,
    0.02126375585794449,
    -0.02770555578172207,
    0.006919273640960455,
    -0.03997286036610603,
    -0.04574625939130783,
    0.014888126403093338,
    0.006985947024077177,
    0.06875147670507431,
    -0.09170236438512802,
    0.10758443921804428,
    -0.019643278792500496,
    0.036470793187618256,
    -0.06908737123012543,
    -0.0069348434917628765,
    0.02509705163538456,
    -0.038372691720724106,
    0.053375244140625,
    0.0023506004363298416,
    -0.03008011355996132,
    -0.01112694013863802,
    -0.05160394310951233,
    -0.04417504742741585,
    0.07451730221509933,
    0.011918698437511921,
    0.06411490589380264,
    0.017068393528461456,
    0.0963335931301117,
    0.056234437972307205,
    0.050088655203580856,
    0.005807887297123671,
    0.0022270914632827044,
    -0.07416746020317078,
    0.02653765119612217,
    -0.09433436393737793,
    -0.08450708538293839,
    -0.021718237549066544,
    0.04450453445315361,
    -0.041746970266103745,
    -0.0005189699586480856,
    0.01400984451174736,
    0.021903634071350098,
    -0.0308506079018116,
    -0.008199823088943958,
    0.024310728535056114,
    0.046968378126621246,
    0.00366816483438015,
    -0.05495845526456833,
    -0.017637256532907486,
    0.04287584125995636,
    0.07302412390708923,
    0.009971733205020428,
    0.023421484977006912,
    -0.0322796031832695,
    -0.028036074712872505,
    0.026233764365315437,
    0.03627448529005051,
    -0.05626869946718216,
    -0.006344433408230543,
    0.0006175680318847299,
    0.11004479229450226,
    0.09378347545862198,
    0.005974068772047758,
    0.036635011434555054,
    -0.026388289406895638,
    -0.10668742656707764,
    0.020533809438347816,
    -0.006632847711443901,
    -0.019828448072075844,
    0.05125711113214493,
    0.03261065483093262,
    -0.07933226972818375,
    0.022723594680428505,
    0.017424369230866432,
    0.03527282550930977,
    0.07501790672540665,
    0.022037288174033165,
    -0.03352208808064461,
    0.05417313799262047,
    -0.0261287409812212,
    0.0017769570695236325,
    0.03200565651059151,
    -0.030840713530778885,
    0.01542513258755207,
    0.030913664028048515,
    -0.033628199249506,
    0.05453108623623848,
    0.016383055597543716,
    0.004125282634049654,
    0.03620041161775589,
    -0.02904646471142769,
    -0.045326270163059235,
    0.018674315884709358,
    -0.024418970569968224,
    -0.0031530563719570637,
    -0.043854840099811554,
    0.06700269132852554,
    0.0018972355173900723,
    0.026549149304628372,
    -0.02662411518394947,
    0.014111215248703957,
    0.04743374511599541,
    -0.03034079633653164,
    -0.006449720356613398,
    0.06796053797006607,
    -0.01695096492767334,
    0.07633813470602036,
    -0.05100204423069954,
    0.008394010365009308,
    0.0628831684589386,
    -0.022096052765846252,
    -0.012979777529835701,
    0.009833494201302528,
    -0.03626508265733719,
    -0.1219484731554985,
    -0.051468923687934875,
    0.034734465181827545,
    0.10871412605047226,
    0.041071198880672455,
    -0.043109651654958725,
    0.021209828555583954,
    -0.001002184464596212,
    0.0005566572654061019,
    0.03418737277388573,
    0.001467392430640757,
    0.008089893497526646,
    0.02334647811949253,
    -0.016899235546588898,
    -0.010980023071169853,
    -0.019959455356001854,
    -0.05202434957027435,
    -0.01396707072854042,
    -0.03341035172343254,
    0.018520332872867584,
    0.011589701287448406,
    -0.022557977586984634,
    -0.02344270795583725,
    -0.0256949570029974,
    -0.012104474939405918,
    -0.0493057481944561,
    -0.016817882657051086,
    0.03249295428395271,
    0.014166721142828465,
    0.07272293418645859,
    0.0035632122308015823,
    -0.02078167162835598,
    0.06470120698213577,
    0.02063099481165409,
    -0.09753052145242691,
    -0.06362956017255783,
    0.04207615554332733,
    -0.06774256378412247,
    -0.031259648501873016,
    -0.039683997631073,
    -0.04143742471933365,
    0.05398213118314743,
    -0.020846445113420486,
    0.027365872636437416,
    0.0729432925581932,
    0.019110526889562607,
    -0.030072936788201332,
    -0.028927015140652657,
    -0.04563852399587631,
    0.07030951231718063,
    0.043974198400974274,
    -0.05213337764143944,
    -0.003227484878152609,
    0.03758605569601059,
    0.02637149952352047,
    -0.02275903895497322,
    0.003071851097047329,
    0.024739304557442665,
    0.024404454976320267,
    -0.00032507418654859066,
    0.062275610864162445,
    0.02042696438729763,
    -0.03215388208627701,
    -0.0197919849306345,
    -0.03587200865149498,
    0.019914880394935608,
    -0.020170414820313454,
    -0.12861962616443634,
    0.05794023722410202,
    0.07672243565320969,
    -0.03563777357339859,
    0.038908950984478,
    -0.030292555689811707,
    0.06184714287519455,
    0.053842682391405106,
    -0.052644383162260056,
    0.030302168801426888,
    0.05179648473858833,
    -0.08180258423089981,
    -0.04110599309206009,
    0.11243504285812378,
    0.0033934051170945168,
    0.01810811273753643,
    0.0630682110786438,
    -0.05310182645916939,
    -0.01529918983578682,
    0.007870957255363464,
    -0.06973810493946075,
    -0.008069286122918129,
    0.03641403838992119,
    -0.01223031710833311,
    -0.002443657722324133,
    -0.06491968780755997,
    -0.005887102335691452,
    -0.0007805567584000528,
    -0.019002389162778854,
    -0.014674649573862553,
    -0.004801579751074314,
    0.024659333750605583,
    -0.004086928442120552,
    -0.009291501715779305,
    0.059503015130758286,
    -0.0599806122481823,
    -0.0178306195884943,
    -0.0979134738445282,
    -0.0030379865784198046,
    -0.025359023362398148,
    0.014790220186114311,
    -0.0021150014363229275,
    0.06513567268848419,
    0.005732887424528599,
    0.07012522220611572,
    -0.035708289593458176,
