{
  "embedding_files": [
    "gt_310.5s_f4.jpg",
    "gt_742.8s_f82.jpg",
    "gt_890.5s_f109.jpg",
    "new_1776234590735_gt_211.2s_f13.jpg",
    "new_1776234590735_gt_300.2s_f34.jpg"
  ],
  "backup_files": [
    "new_1776234590735_gt_399.0s_f47.jpg",
    "new_1776234590735_gt_499.6s_f69.jpg"
  ],
  "scores": {
    "gt_310.5s_f4.jpg": 29.9423,
    "gt_742.8s_f82.jpg": 9.6407,
    "gt_890.5s_f109.jpg": 6.474
  },
  "approved_files": [
    "gt_310.5s_f4.jpg",
    "gt_742.8s_f82.jpg",
    "gt_890.5s_f109.jpg",
    "new_1776234590735_gt_211.2s_f13.jpg",
    "new_1776234590735_gt_300.2s_f34.jpg",
    "new_1776234590735_gt_399.0s_f47.jpg",
    "new_1776234590735_gt_499.6s_f69.jpg"
  ],
  "mean_embedding": [
    -0.025824368000030518,
    -0.03573484718799591,
    0.03942788392305374,
    0.0978706106543541,
    -0.0415501706302166,
    -0.005656118039041758,
    -0.0398462638258934,
    -0.04907214641571045,
    -0.006296203006058931,
    -0.02658330649137497,
    -0.00968268234282732,
    -0.021931923925876617,
    0.11565347760915756,
    0.038549862802028656,
    0.0586099699139595,
    -0.033713772892951965,
    -0.016270825639367104,
    -0.041401930153369904,
    0.05132288113236427,
    0.004744090139865875,
    -0.04355090111494064,
    -0.06154857575893402,
    0.00972757488489151,
    -0.02433832921087742,
    0.05823922157287598,
    -0.018803616985678673,
    -0.013510972261428833,
    -0.010046230629086494,
    0.09042341262102127,
    0.034898389130830765,
    -0.08510368317365646,
    -0.053432855755090714,
    -0.055760376155376434,
    0.007466657552868128,
    0.09039360284805298,
    0.03417903557419777,
    -0.09055868536233902,
    -0.0006585606606677175,
    -0.02565944939851761,
    -0.023986099287867546,
    -0.009467667900025845,
    -0.05008265748620033,
    -0.0007967551937326789,
    0.015508126467466354,
    -0.02188814803957939,
    -0.04234235733747482,
    0.03692950680851936,
    0.04512578621506691,
    -0.010974498465657234,
    0.013688500039279461,
    -0.0029415027238428593,
    0.047655023634433746,
    -0.030827216804027557,
    -0.07733159512281418,
    -0.003372306004166603,
    -0.046060122549533844,
    0.0010247575119137764,
    -0.014497021213173866,
    -0.057764530181884766,
    -0.012154901400208473,
    0.009399070404469967,
    0.04769856110215187,
    -0.06899165362119675,
    0.09457825124263763,
    0.012873991392552853,
    0.023147299885749817,
    -0.09506946057081223,
    -0.021128112450242043,
    0.018782533705234528,
    -0.07412592321634293,
    0.052290044724941254,
    0.009361827746033669,
    -0.05396261066198349,
    0.023030312731862068,
    -0.05970076471567154,
    -0.026286255568265915,
    0.0757828950881958,
    0.054731786251068115,
    0.05233930051326752,
    0.01648353971540928,
    0.09146765619516373,
    0.03465352952480316,
    0.05213848501443863,
    0.00037437371793203056,
    0.0019312150543555617,
    -0.054257459938526154,
    0.020295921713113785,
    -0.0832788273692131,
    -0.030979562550783157,
    0.004072877578437328,
    0.0491393618285656,
    -0.02133527211844921,
    -0.013392475433647633,
    -0.004294781945645809,
    0.029964543879032135,
    -0.02745707333087921,
    0.0003991717239841819,
    -0.026052294299006462,
    0.045448459684848785,
    0.00020633311942219734,
    -0.07446414232254028,
    -0.018663104623556137,
    0.043456874787807465,
    0.08205089718103409,
    0.010429712943732738,
    0.02961147017776966,
    -0.004423167090862989,
    -0.03669231757521629,
    0.04540437087416649,
    0.05277879536151886,
    -0.04752715677022934,
    -0.011794754303991795,
    -0.002506291726604104,
    0.09332997351884842,
    0.06990695744752884,
    -0.04243702068924904,
    0.04152362048625946,
    0.007716382388025522,
    -0.10460502654314041,
    -0.031033435836434364,
    -0.02576439455151558,
    -0.02069438248872757,
    0.06814710795879364,
    0.020478326827287674,
    -0.051721684634685516,
    0.03783908486366272,
    0.019370559602975845,
    0.03180331736803055,
    0.0828898698091507,
    0.028851870447397232,
    -0.014252600260078907,
    0.04494122415781021,
    -0.03541027754545212,
    -0.001349309692159295,
    0.02388003282248974,
    -0.028181664645671844,
    0.013044670224189758,
    0.02476261556148529,
    -0.031687650829553604,
    0.06945868581533432,
    0.01188246626406908,
    0.0020628490019589663,
    0.02511199377477169,
    -0.03007451631128788,
    -0.07197651267051697,
    0.040099818259477615,
    -0.028207968920469284,
    0.011259266175329685,
    -0.039811573922634125,
    0.058653153479099274,
    -0.0033151295501738787,
    0.018696747720241547,
    -0.030325021594762802,
    0.02677748166024685,
    0.03780510276556015,
    -0.037089016288518906,
    -0.012737512588500977,
    0.05463656783103943,
    0.0017532012425363064,
    0.05984681099653244,
    -0.06600459665060043,
    0.021775318309664726,
    0.06912808865308762,
    -0.013745853677392006,
    0.006685546133667231,
    0.015453404746949673,
    -0.036118485033512115,
    -0.126991868019104,
    -0.03359363600611687,
    0.028229640796780586,
    0.08720118552446365,
    0.048784125596284866,
    -0.04389297962188721,
    0.01996009424328804,
    -0.008223649114370346,
    -0.004074332769960165,
    0.04125786945223808,
    0.007882175035774708,
    0.026015209034085274,
    0.011013925075531006,
    -0.05953448265790939,
    0.0014963872963562608,
    0.008080733008682728,
    -0.016906477510929108,
    -0.053406983613967896,
    -0.06378164887428284,
    0.04297364130616188,
    -0.009222283028066158,
    -0.036275122314691544,
    -0.03649630397558212,
    -0.038434065878391266,
    -0.006929019466042519,
    -0.03576928749680519,
    0.002063848776742816,
    0.016469938680529594,
    0.005726198200136423,
    0.11276918649673462,
    -0.023521700873970985,
    -0.00010284192831022665,
    0.061366286128759384,
    0.024421079084277153,
    -0.09880134463310242,
    -0.04436858743429184,
    0.06575053930282593,
    -0.08158586174249649,
    -0.027955425903201103,
    -0.04038212448358536,
    -0.02646828070282936,
    0.047815535217523575,
    -0.01490512304008007,
    0.04674115777015686,
    0.05757579207420349,
    -0.00394562678411603,
    -0.0482436940073967,
    -0.0397658608853817,
    -0.048665158450603485,
    0.08885706961154938,
    0.04659849777817726,
    -0.05254310742020607,
    -0.010026165284216404,
    0.043271973729133606,
    -0.008965903893113136,
    -0.00412959698587656,
    0.01408261340111494,
    0.019808541983366013,
    0.007809809409081936,
    -0.0035859104245901108,
    0.051848288625478745,
    -0.0036876320373266935,
    -0.005505396984517574,
    0.004645415116101503,
    -0.04126019775867462,
    0.015206847339868546,
    -0.026039758697152138,
    -0.0947781577706337,
    0.05949458107352257,
    0.05689166858792305,
    -0.04021945968270302,
    0.020293766632676125,
    -0.057154569774866104,
    0.04322635009884834,
    0.059076059609651566,
    -0.047739434987306595,
    0.028210218995809555,
    0.03208564221858978,
    -0.049546871334314346,
    -0.07267554849386215,
    0.1024501696228981,
    0.011114906519651413,
    0.024854276329278946,
    0.04449855536222458,
    -0.03133540228009224,
    0.0026447181589901447,
    -0.00014272576663643122,
    -0.057142991572618484,
    -0.013152088969945908,
    0.02231002226471901,
    -0.009743517264723778,
    0.025703944265842438,
    -0.0716853067278862,
    0.0001285985199501738,
    -0.010868875309824944,
    -0.0048316228203475475,
    -0.03078811801970005,
    -0.003493580501526594,
    0.06344779580831528,
    0.02708888240158558,
    -0.0014071983750909567,
    0.05819912999868393,
    -0.06331519782543182,
    0.022088630124926567,
    -0.059575311839580536,
    -0.01047064084559679,
    -0.05365508049726486,
    0.017028970643877983,
    0.00341204646974802,
    0.061439286917448044,
    -0.013835296966135502,
    0.05615586042404175,
