{
  "embedding_files": [
    "gt_310.5s_f4.jpg",
    "gt_742.8s_f82.jpg",
    "gt_890.5s_f109.jpg",
    "new_1776234590735_gt_211.2s_f13.jpg",
    "new_1776234590735_gt_300.2s_f34.jpg"
  ],
  "backup_files": [
    "new_1776234590735_gt_499.6s_f69.jpg",
    "new_1776234590735_gt_399.0s_f47.jpg",
    "new_1777919051422_gt_101.7s_f46.jpg",
    "new_1777919051422_gt_111.1s_f71.jpg",
    "new_1777919051422_gt_145.3s_f117.jpg",
    "new_1777919051422_gt_162.7s_f142.jpg",
    "new_1777919051422_gt_179.4s_f172.jpg",
    "new_1777919051422_gt_266.2s_f289.jpg",
    "new_1777919051422_gt_284.3s_f310.jpg",
    "new_1777919051422_gt_67.2s_f1.jpg",
    "new_1777919051422_gt_86.3s_f24.jpg",
    "new_1777919051422_gt_93.8s_f49.jpg"
  ],
  "scores": {
    "gt_310.5s_f4.jpg": 29.9423,
    "gt_742.8s_f82.jpg": 9.6407,
    "gt_890.5s_f109.jpg": 6.474
  },
  "approved_files": [
    "gt_310.5s_f4.jpg",
    "gt_742.8s_f82.jpg",
    "gt_890.5s_f109.jpg",
    "new_1776234590735_gt_211.2s_f13.jpg",
    "new_1776234590735_gt_300.2s_f34.jpg",
    "new_1776234590735_gt_399.0s_f47.jpg",
    "new_1776234590735_gt_499.6s_f69.jpg",
    "new_1777919051422_gt_101.7s_f46.jpg",
    "new_1777919051422_gt_111.1s_f71.jpg",
    "new_1777919051422_gt_145.3s_f117.jpg",
    "new_1777919051422_gt_162.7s_f142.jpg",
    "new_1777919051422_gt_179.4s_f172.jpg",
    "new_1777919051422_gt_266.2s_f289.jpg",
    "new_1777919051422_gt_284.3s_f310.jpg",
    "new_1777919051422_gt_67.2s_f1.jpg",
    "new_1777919051422_gt_86.3s_f24.jpg",
    "new_1777919051422_gt_93.8s_f49.jpg"
  ],
  "mean_embedding": [
    -0.025821592658758163,
    -0.035738855600357056,
    0.03942904248833656,
    0.0978633314371109,
    -0.04154505953192711,
    -0.005655715242028236,
    -0.039844464510679245,
    -0.049070268869400024,
    -0.006303413771092892,
    -0.02658005803823471,
    -0.009674441069364548,
    -0.02193489670753479,
    0.11566271632909775,
    0.038551099598407745,
    0.05860099196434021,
    -0.03371914103627205,
    -0.016265718266367912,
    -0.041404254734516144,
    0.05132095888257027,
    0.0047478689812123775,
    -0.04356318712234497,
    -0.06154763326048851,
    0.009721518494188786,
    -0.02434084378182888,
    0.05824059247970581,
    -0.018810544162988663,
    -0.013509969227015972,
    -0.010054688900709152,
    0.09041692316532135,
    0.034899160265922546,
    -0.08510269224643707,
    -0.053435299545526505,
    -0.0557691790163517,
    0.007464379072189331,
    0.09038576483726501,
    0.034185316413640976,
    -0.0905587375164032,
    -0.0006514025735668838,
    -0.025651967152953148,
    -0.023985549807548523,
    -0.009469101205468178,
    -0.05009065195918083,
    -0.0007950249710120261,
    0.015506254509091377,
    -0.02189360372722149,
    -0.04234514385461807,
    0.036926962435245514,
    0.04511846974492073,
    -0.010973761789500713,
    0.013684087432920933,
    -0.0029382063075900078,
    0.0476636104285717,
    -0.030825819820165634,
    -0.07733365893363953,
    -0.0033686701208353043,
    -0.046059347689151764,
    0.0010212835622951388,
    -0.014489754103124142,
    -0.05776088684797287,
    -0.012157785706222057,
    0.009398423135280609,
    0.04769404977560043,
    -0.0689883604645729,
    0.09458748996257782,
    0.012884888797998428,
    0.02314678393304348,
    -0.09506439417600632,
    -0.021127434447407722,
    0.018779214471578598,
    -0.07413198053836823,
    0.05229021608829498,
    0.00937194935977459,
    -0.05396280810236931,
    0.023034432902932167,
    -0.0597081258893013,
    -0.026283955201506615,
    0.07578732818365097,
    0.054735638201236725,
    0.05234399065375328,
    0.016479136422276497,
    0.09146773815155029,
    0.0346602126955986,
    0.052136827260255814,
    0.00037025511846877635,
    0.0019301200518384576,
    -0.054252203553915024,
    0.020287949591875076,
    -0.08327498286962509,
    -0.03097761794924736,
    0.004081220366060734,
    0.049149688333272934,
    -0.02133812941610813,
    -0.013391301035881042,
    -0.004289364442229271,
    0.02996000647544861,
    -0.027470247820019722,
    0.000388275453587994,
    -0.02605101652443409,
    0.04545412212610245,
    0.00020873179892078042,
    -0.07445577532052994,
    -0.018661268055438995,
    0.04345390945672989,
    0.08205247670412064,
    0.010424037463963032,
    0.02961963228881359,
    -0.004422429949045181,
    -0.036695536226034164,
    0.045398861169815063,
    0.052778951823711395,
    -0.04751840606331825,
    -0.011795569211244583,
    -0.002498163841664791,
    0.09333021938800812,
    0.06990088522434235,
    -0.042443618178367615,
    0.041525814682245255,
    0.007716498803347349,
    -0.10459679365158081,
    -0.03103513829410076,
    -0.025771407410502434,
    -0.020700952038168907,
    0.0681481659412384,
    0.020483791828155518,
    -0.05172283574938774,
    0.0378299243748188,
    0.019355347380042076,
    0.03179502114653587,
    0.08288741856813431,
    0.028856294229626656,
    -0.014257020317018032,
    0.04493250325322151,
    -0.03541310504078865,
    -0.001347269513644278,
    0.023868953809142113,
    -0.028177453204989433,
    0.013050340116024017,
    0.024755457416176796,
    -0.031682297587394714,
    0.06945368647575378,
    0.011883256025612354,
    0.0020576452370733023,
    0.025116849690675735,
    -0.030072281137108803,
    -0.07198459655046463,
    0.040098708122968674,
    -0.028203384950757027,
    0.011261654086411,
    -0.039813246577978134,
    0.05866151675581932,
    -0.003323859302327037,
    0.018696963787078857,
    -0.03032086230814457,
    0.0267704576253891,
    0.03780762851238251,
    -0.03708772361278534,
    -0.012748103588819504,
    0.05464121699333191,
    0.001764653716236353,
    0.05984410643577576,
    -0.06600011885166168,
    0.021769031882286072,
    0.06913836300373077,
    -0.013743866235017776,
    0.006682187784463167,
    0.015460300259292126,
    -0.036118034273386,
    -0.12699072062969208,
    -0.033593401312828064,
    0.02822452411055565,
    0.08720963448286057,
    0.04878446087241173,
    -0.04389043524861336,
    0.019951673224568367,
    -0.008214594796299934,
    -0.0040789335034787655,
    0.041259463876485825,
    0.007884493097662926,
    0.026018133386969566,
    0.011013230308890343,
    -0.05953729897737503,
    0.0014989252667874098,
    0.008081848733127117,
    -0.016912098973989487,
    -0.053397223353385925,
    -0.06377976387739182,
    0.04297950491309166,
    -0.009225649759173393,
    -0.03627868369221687,
    -0.03649657219648361,
    -0.038437217473983765,
    -0.006921408697962761,
    -0.03577577695250511,
    0.0020648117642849684,
    0.01646498218178749,
    0.005721773486584425,
    0.11276352405548096,
    -0.02351941540837288,
    -0.00010075081081595272,
    0.06136380508542061,
    0.024417607113718987,
    -0.09879802167415619,
    -0.044370654970407486,
    0.06574630737304688,
    -0.0815839171409607,
    -0.027951866388320923,
    -0.04039215296506882,
    -0.026468614116311073,
    0.047816403210163116,
    -0.014907456934452057,
    0.04673799127340317,
    0.05758616328239441,
    -0.00394735112786293,
    -0.048239775002002716,
    -0.039765842258930206,
    -0.048673953860998154,
    0.08885683119297028,
    0.046593762934207916,
    -0.05253902077674866,
    -0.010022943839430809,
    0.04327627271413803,
    -0.008969686925411224,
    -0.00412948802113533,
    0.014086169190704823,
    0.01980562135577202,
    0.007813261821866035,
    -0.0035699571017175913,
    0.05184411630034447,
    -0.0036872124765068293,
    -0.005509913899004459,
    0.00464286096394062,
    -0.04125527665019035,
    0.015202411450445652,
    -0.02604544721543789,
    -0.09477727115154266,
    0.059493761509656906,
    0.05688880383968353,
    -0.0402182973921299,
    0.020293088629841805,
    -0.05715615674853325,
    0.04323483631014824,
    0.059073448181152344,
    -0.04773251339793205,
    0.02820265293121338,
    0.03210007771849632,
    -0.04953596368432045,
