{
  "embedding_files": [
    "gt_213.3s_f183.jpg",
    "gt_2.0s_f17.jpg",
    "gt_179.3s_f146.jpg",
    "gt_140.2s_f122.jpg",
    "gt_69.1s_f60.jpg"
  ],
  "backup_files": [
    "gt_35.4s_f43.jpg",
    "gt_102.8s_f96.jpg"
  ],
  "scores": {
    "gt_2.0s_f17.jpg": 28.8898,
    "gt_69.1s_f60.jpg": 20.1879,
    "gt_35.4s_f43.jpg": 19.8853,
    "gt_102.8s_f96.jpg": 12.2563,
    "gt_140.2s_f122.jpg": 26.3704,
    "gt_179.3s_f146.jpg": 28.6122,
    "gt_213.3s_f183.jpg": 29.7341
  },
  "approved_files": [
    "gt_213.3s_f183.jpg",
    "gt_2.0s_f17.jpg",
    "gt_179.3s_f146.jpg",
    "gt_140.2s_f122.jpg",
    "gt_69.1s_f60.jpg",
    "gt_35.4s_f43.jpg",
    "gt_102.8s_f96.jpg"
  ],
  "mean_embedding": [
    0.03366616368293762,
    -0.025414494797587395,
    -0.014797767624258995,
    0.05765824764966965,
    0.0019514657324180007,
    0.019789839163422585,
    0.030184265226125717,
    0.0007891023415140808,
    -0.0476125106215477,
    -0.0032666611950844526,
    -0.019809413701295853,
    -0.03914760425686836,
    -0.022371884435415268,
    -0.024302680045366287,
    0.011629176326096058,
    -0.03023170866072178,
    -0.08181042224168777,
    0.003742778208106756,
    -0.07102341204881668,
    -0.08325394243001938,
    0.04144182801246643,
    0.032195962965488434,
    -0.07618466019630432,
    -0.009100880473852158,
    0.0451037771999836,
    -0.05156754329800606,
    -0.09728744626045227,
    -0.059994928538799286,
    -0.007080966606736183,
    -0.05223940685391426,
    -0.11984296888113022,
    -0.059960197657346725,
    0.02059190720319748,
    0.04179337993264198,
    -0.00538973743095994,
    -0.00949075073003769,
    -0.09183899313211441,
    0.03986148163676262,
    0.022506682202219963,
    -0.009846634231507778,
    0.038132619112730026,
    0.048259858042001724,
    0.045409370213747025,
    0.07722295820713043,
    0.00098027428612113,
    -0.08562233299016953,
    -0.043546244502067566,
    -0.02684401348233223,
    0.038980480283498764,
    0.06523183733224869,
    0.0628589317202568,
    -0.01971161551773548,
    0.0073922183364629745,
    -0.014847935177385807,
    -0.03556470200419426,
    0.06436467915773392,
    -0.016336441040039062,
    0.0182941947132349,
    -0.004336243961006403,
    0.004218817222863436,
    0.02871808037161827,
    -0.0027790567837655544,
    0.01605292223393917,
    0.04626079276204109,
    -0.015322493389248848,
    0.010513320565223694,
    0.009431307204067707,
    0.005613059736788273,
    0.12689563632011414,
    -0.05784400925040245,
    0.061049580574035645,
    -0.051822479814291,
    -0.04948701336979866,
    0.05725499615073204,
    -0.035479266196489334,
    0.12584900856018066,
    0.05623368173837662,
    -0.012215673923492432,
    0.05370591953396797,
    -0.010399188846349716,
    0.09861373901367188,
    -0.038762230426073074,
    -0.018387315794825554,
    -0.08922214061021805,
    0.028325220569968224,
    -0.0013438190799206495,
    -0.04406355693936348,
    -0.05307699739933014,
    0.022665590047836304,
    -0.0399002805352211,
    0.027749566361308098,
    0.035084664821624756,
    -0.019645556807518005,
    0.10119287669658661,
    -0.05502695590257645,
    -0.014017701148986816,
    -0.09200476855039597,
    0.03410038724541664,
    0.037557341158390045,
    -0.029993806034326553,
    0.03172534331679344,
    -0.01048782467842102,
    0.0722622275352478,
    0.05116283893585205,
    0.03801961615681648,
    0.058946702629327774,
    -0.0028654264751821756,
    0.004937463440001011,
    0.01157437451183796,
    -0.0005871895118616521,
    0.016554273664951324,
    0.052778780460357666,
    0.02167464978992939,
    -0.020915420725941658,
    0.011457856744527817,
    -0.02822580188512802,
    0.06388422101736069,
    -0.013547034934163094,
    0.02596077136695385,
    0.00910499319434166,
    0.010770385153591633,
    0.03828171268105507,
    -0.0024030322674661875,
    0.004508696962147951,
    -0.006558339111506939,
    0.03302762284874916,
    0.0402790829539299,
    0.045608457177877426,
    -0.04126188904047012,
    -0.008760863915085793,
    -0.06168501079082489,
    0.011030789464712143,
    -0.020362015813589096,
    0.00910097360610962,
    -0.07236449420452118,
    -0.07148884981870651,
    -0.02994004264473915,
    0.029390811920166016,
    -0.042721785604953766,
    -0.05119045078754425,
    -0.03258701413869858,
    0.02448231354355812,
    0.010847216472029686,
    0.01700747199356556,
    -0.024081343784928322,
    0.015498321503400803,
    0.027467643842101097,
    0.027193153277039528,
    0.030941851437091827,
    0.021019889041781425,
    -0.015557695180177689,
    -0.004196695517748594,
    -0.04493360221385956,
    -0.010393653064966202,
    -0.06678824871778488,
    0.01104334183037281,
    0.04046979546546936,
    -0.026440193876624107,
    -0.03096327930688858,
    0.10005275905132294,
    0.0014639502624049783,
    -0.015052427537739277,
    0.06049826741218567,
    0.01774657517671585,
    0.0033334719482809305,
    0.04515312612056732,
    -0.04320152848958969,
    -0.05069310590624809,
    -0.05330491065979004,
    -0.02686639316380024,
    0.07418190687894821,
    0.052548766136169434,
    0.06054820865392685,
    0.017031513154506683,
    0.008544080890715122,
    0.007947800680994987,
    0.06444159150123596,
    -0.04150354862213135,
    0.022686097770929337,
    -0.021699292585253716,
    -0.06722307205200195,
    0.022633232176303864,
    0.029351703822612762,
    -0.01764189451932907,
    -0.009287442080676556,
    0.02482745237648487,
    -0.035202205181121826,
    -0.004783960059285164,
    0.03156069293618202,
    -0.020762741565704346,
    0.03629034012556076,
    0.07000977545976639,
    0.027139080688357353,
    0.14360317587852478,
    -0.042574815452098846,
    -0.04313629865646362,
    0.13923496007919312,
    0.024914832785725594,
    -0.04744355380535126,
    0.021357981488108635,
    0.050235334783792496,
    0.027796141803264618,
    0.005961025599390268,
    -0.036199234426021576,
    -0.026012102141976357,
    0.03784061595797539,
    -0.050605762749910355,
    0.06116288900375366,
    0.016574252396821976,
    0.009109699167311192,
    0.09818358719348907,
    0.06922341883182526,
    -0.08175700902938843,
    0.010090828873217106,
    -0.020411603152751923,
    -0.02354596182703972,
    -0.09470564872026443,
    0.03176471218466759,
    0.029958674684166908,
    0.021436406299471855,
    -0.064946748316288,
    -0.08844192326068878,
    -0.019891958683729172,
    -0.00796456728130579,
    -0.04372848942875862,
    0.017883677035570145,
    0.01121124904602766,
    0.1309003382921219,
    0.02671963721513748,
    0.017123648896813393,
    -0.001895830617286265,
    0.020760811865329742,
    0.02893110364675522,
    0.01919087953865528,
    -0.00750757846981287,
    0.07016663253307343,
    -0.08547262847423553,
    0.009316700510680676,
    0.09357182681560516,
    0.07536055147647858,
    -0.06622620671987534,
    -0.016002003103494644,
    -0.048112016171216965,
    -0.015996258705854416,
    0.03518126532435417,
    -0.01530214212834835,
    0.0009987540543079376,
    -0.02936743199825287,
    -0.02083745226264,
    0.050082478672266006,
    0.05792734771966934,
    0.0017857832135632634,
    0.037224747240543365,
    0.0382731556892395,
    -0.018886467441916466,
    0.05466463789343834,
    0.016499808058142662,
    0.07506023347377777,
    0.010264006443321705,
    -0.024623718112707138,
    -0.06360350549221039,
    -0.029498383402824402,
    -0.03353958576917648,
    0.0510663278400898,
    0.04912490025162697,
    -0.002034235280007124,
    0.0011243969202041626,
    0.011162959039211273,
    -0.061139676719903946,
    -0.03884238004684448,
    -0.041548654437065125,
    0.0029965832363814116,
    -0.007531140930950642,
    -0.009017976000905037,
    0.0043489970266819,
    0.018109560012817383,
    0.0035764039494097233,
    0.01964809186756611,
    0.04260760545730591,
    -0.04867184907197952,
    -0.013102265074849129,
