{
  "embedding_files": [
    "gt_2.0s_f15.jpg",
    "gt_213.3s_f186.jpg",
    "gt_179.3s_f163.jpg",
    "gt_35.4s_f47.jpg",
    "gt_102.8s_f92.jpg"
  ],
  "backup_files": [
    "gt_69.1s_f81.jpg"
  ],
  "scores": {
    "gt_2.0s_f15.jpg": 19.0964,
    "gt_179.3s_f163.jpg": 3.9167,
    "gt_69.1s_f81.jpg": 2.8596,
    "gt_213.3s_f186.jpg": 7.6424,
    "gt_35.4s_f47.jpg": 3.0485,
    "gt_102.8s_f92.jpg": 2.9083
  },
  "approved_files": [
    "gt_2.0s_f15.jpg",
    "gt_213.3s_f186.jpg",
    "gt_179.3s_f163.jpg",
    "gt_35.4s_f47.jpg",
    "gt_102.8s_f92.jpg",
    "gt_69.1s_f81.jpg"
  ],
  "mean_embedding": [
    0.010509626008570194,
    -0.020052623003721237,
    -0.018553724512457848,
    -0.004955080337822437,
    -0.030873222276568413,
    -0.015102838166058064,
    -0.08710426837205887,
    0.04039156436920166,
    0.01038622111082077,
    -0.00460260221734643,
    0.03312082216143608,
    -0.017669206485152245,
    0.012683294713497162,
    -0.03345969691872597,
    0.04641571268439293,
    -0.07545386999845505,
    -0.0046461280435323715,
    -0.011046187952160835,
    -0.0017560332780703902,
    -0.08387874066829681,
    0.027031371369957924,
    0.0041746702045202255,
    -0.027287375181913376,
    -0.05554691329598427,
    0.041717324405908585,
    -0.0396701954305172,
    -0.13115721940994263,
    -0.033107977360486984,
    0.0042928848415613174,
    -0.015928996726870537,
    -0.009102396667003632,
    -0.035376306623220444,
    0.02067849040031433,
    -0.02507208101451397,
    0.07890501618385315,
    0.0117166293784976,
    -0.055055856704711914,
    -0.0621538944542408,
    0.05330348387360573,
    -0.05111832544207573,
    -4.079875725437887e-05,
    -0.055059995502233505,
    -0.027476442977786064,
    0.07862774282693863,
    -0.013371451757848263,
    0.0039620003663003445,
    -0.03372211754322052,
    -0.006313515827059746,
    -0.025495018810033798,
    -0.07029282301664352,
    0.001012236811220646,
    0.027435196563601494,
    -0.04503210633993149,
    -0.0110683748498559,
    0.04555348679423332,
    0.06526930630207062,
    -0.0019935527816414833,
    -0.0855516865849495,
    -0.05365578085184097,
    0.028475768864154816,
    0.0762948989868164,
    -0.023304061964154243,
    0.02630838379263878,
    0.023378146812319756,
    0.11727818846702576,
    0.06963446736335754,
    0.08355702459812164,
    -0.0372878722846508,
    -0.007579727564007044,
    -0.06358069181442261,
    0.058543093502521515,
    -0.0696212649345398,
    0.024084236472845078,
    -0.020455464720726013,
    0.00922969076782465,
    0.03151647374033928,
    0.025112833827733994,
    -0.000979966251179576,
    0.02322359010577202,
    0.0008841017843224108,
    -0.06705815345048904,
    -0.10529045015573502,
    -0.0768122524023056,
    -0.0032156584784388542,
    -0.06600029021501541,
    -0.0076012336649000645,
    0.08267851173877716,
    -0.05371779575943947,
    -0.049986787140369415,
    -0.02798357605934143,
    -0.060772377997636795,
    0.06657656282186508,
    -0.039615046232938766,
    -0.007848129607737064,
    0.015661658719182014,
    0.04715484753251076,
    -0.0065349130891263485,
    -0.04710373654961586,
    0.03585945442318916,
    -0.013932547532022,
    -0.04518047720193863,
    -0.0007388506783172488,
    0.018650295212864876,
    0.05070701614022255,
    0.023862440139055252,
    -0.022840948775410652,
    0.013845839537680149,
    -0.1279992163181305,
    0.027622133493423462,
    0.06845240294933319,
    -0.03781845048069954,
    0.029128314927220345,
    -0.09669853746891022,
    0.029780734330415726,
    0.016626758500933647,
    -0.04670320078730583,
    0.06683862209320068,
    -0.0008417346980422735,
    -0.019930340349674225,
    0.02754390798509121,
    -0.04478122293949127,
    0.01576181687414646,
    -0.0506308488547802,
    0.09261754155158997,
    0.009272865019738674,
    0.04985511302947998,
    0.04731292650103569,
    -0.036982640624046326,
    0.09224620461463928,
    -0.008765210397541523,
    -0.052221547812223434,
    -0.03865822032094002,
    -0.035910043865442276,
    -0.04304582625627518,
    -0.05827529728412628,
    -0.08151861280202866,
    0.037541791796684265,
    -0.0235601756721735,
    0.04355936497449875,
    0.02689461223781109,
    0.03788326680660248,
    0.002201249124482274,
    -0.020832691341638565,
    -0.03182293474674225,
    -0.05091902241110802,
    -0.02280152402818203,
    0.03994759917259216,
    -0.062110044062137604,
    -0.003104609902948141,
    0.01798599772155285,
    0.026814376935362816,
    0.017003536224365234,
    0.013582505285739899,
    -0.0804925188422203,
    0.034521352499723434,
    -0.02150535210967064,
    -0.0051556238904595375,
    -0.041701097041368484,
    0.008785799145698547,
    0.07197772711515427,
    0.02600904554128647,
    0.040304459631443024,
    0.0012559201568365097,
    -0.018527928739786148,
    -0.05662333220243454,
    0.05495565012097359,
    -0.10679793357849121,
    0.04244609177112579,
    -0.05971929803490639,
    0.023166313767433167,
    0.01300982665270567,
    0.029661159962415695,
    0.02734190970659256,
    0.03698445111513138,
    -0.026747265830636024,
    0.0317496657371521,
    0.006164107006043196,
    -0.02334483340382576,
    0.0891578420996666,
    -0.011591984890401363,
    0.07976105809211731,
    -0.04861392080783844,
    0.0041256071999669075,
    -0.043082091957330704,
    0.01746111549437046,
    0.016930140554904938,
    -0.002138617681339383,
    -0.029207725077867508,
    0.04550021141767502,
    0.02108580805361271,
    -0.031237861141562462,
    0.009940434247255325,
    0.005243327468633652,
    0.015754040330648422,
    -0.04436301812529564,
    0.03142306208610535,
    0.09524310380220413,
    -0.05008765310049057,
    -0.07971027493476868,
    0.003219772595912218,
    0.009783129207789898,
    -0.027798322960734367,
    -0.012412033043801785,
    0.06907318532466888,
    0.005013973452150822,
    -0.005571643356233835,
    0.04046490788459778,
    -0.07824459671974182,
    0.06854056566953659,
    -0.032112039625644684,
    -0.008320430293679237,
    0.0063062733970582485,
    0.018313415348529816,
    -0.10174819827079773,
    -0.06927141547203064,
    0.014279725961387157,
    -0.023093299940228462,
    0.023551760241389275,
    0.04042626917362213,
    -0.06920062750577927,
    0.0055122678168118,
    0.008684083819389343,
    -0.055003292858600616,
    -0.01715606451034546,
    0.0026668927166610956,
    -0.0716899037361145,
    -0.022356761619448662,
    0.09271786361932755,
    -0.014955843798816204,
    0.0005866446881555021,
    0.05403837189078331,
    -0.07053840905427933,
    0.06014474853873253,
    -0.004428878426551819,
    0.04299159720540047,
    0.044886425137519836,
    0.009447391144931316,
    -0.04231632128357887,
    0.039228521287441254,
    0.015729455277323723,
    -0.05020931363105774,
    -0.05167713016271591,
    0.016793472692370415,
    -0.01376254390925169,
    0.07351787388324738,
    0.06373800337314606,
    0.033227432519197464,
    -0.0018556134309619665,
    0.090932697057724,
    0.05809742584824562,
    0.044866450130939484,
    0.010521055199205875,
    0.05363417789340019,
    0.048389241099357605,
    0.0241860281676054,
    0.026187622919678688,
    0.005132394842803478,
    0.03206697106361389,
    0.04260208457708359,
    -0.02279588021337986,
    -0.0341663584113121,
    -0.02343115583062172,
    -0.0035382171627134085,
    -0.01912778988480568,
    0.032464880496263504,
    0.060913510620594025,
    -0.007483558729290962,
    0.01165623590350151,
    -0.0036428782623261213,
    -0.02207138203084469,
    -0.00909402035176754,
    -0.034262388944625854,
    0.022995183244347572,
    0.020687401294708252,
    -0.019776418805122375,
    0.004114723298698664,
    -0.019949639216065407,
    -0.025308627635240555,
    0.08861585706472397,
    0.016737518832087517,
    -0.0076031493954360485,
    0.04744643718004227,
    -0.06117662042379379,
    0.04648042470216751,
