{
  "embedding_files": [
    "gt_219.5s_f8.jpg",
    "gt_534.6s_f113.jpg",
    "gt_26.2s_f17.jpg",
    "gt_384.7s_f71.jpg",
    "gt_80.2s_f44.jpg"
  ],
  "backup_files": [
    "gt_132.1s_f63.jpg",
    "new_1776234524291_gt_1051.3s_f135.jpg",
    "new_1776234524291_gt_310.5s_f18.jpg",
    "new_1776234524291_gt_589.5s_f66.jpg"
  ],
  "scores": {
    "gt_26.2s_f17.jpg": 6.8604,
    "gt_80.2s_f44.jpg": 4.7609,
    "gt_132.1s_f63.jpg": 2.9344,
    "gt_219.5s_f8.jpg": 96.7829,
    "gt_534.6s_f113.jpg": 11.0433,
    "gt_384.7s_f71.jpg": 6.7088
  },
  "approved_files": [
    "gt_219.5s_f8.jpg",
    "gt_534.6s_f113.jpg",
    "gt_26.2s_f17.jpg",
    "gt_384.7s_f71.jpg",
    "gt_80.2s_f44.jpg",
    "gt_132.1s_f63.jpg",
    "new_1776234524291_gt_1051.3s_f135.jpg",
    "new_1776234524291_gt_310.5s_f18.jpg",
    "new_1776234524291_gt_589.5s_f66.jpg"
  ],
  "mean_embedding": [
    -0.0007121986709535122,
    -0.04362281411886215,
    0.03768571838736534,
    0.008795651607215405,
    -0.013384945690631866,
    0.014673405326902866,
    -0.009318314492702484,
    0.025824084877967834,
    0.07888621091842651,
    0.034384407103061676,
    0.05745933949947357,
    -0.058053240180015564,
    -0.07973609864711761,
    0.032503556460142136,
    -0.032122980803251266,
    -0.0010062549263238907,
    -0.07293757796287537,
    -0.05318726226687431,
    -0.02468080259859562,
    -0.009747061878442764,
    0.04578626528382301,
    -0.005310987588018179,
    -0.0297495536506176,
    0.023765696212649345,
    0.018386080861091614,
    0.02896585874259472,
    -0.04874073341488838,
    -0.10737165808677673,
    0.026857081800699234,
    0.0024626513477414846,
    -0.0229113157838583,
    -0.016341015696525574,
    -0.012947853654623032,
    0.0521869957447052,
    0.02341463975608349,
    0.031684618443250656,
    -0.02041676640510559,
    -0.02474847249686718,
    -0.013653596863150597,
    0.01631428487598896,
    -0.002447916893288493,
    0.04180442914366722,
    -0.05515402927994728,
    -0.0011789998970925808,
    0.004868812393397093,
    0.054239656776189804,
    -0.06065770983695984,
    -0.04998824745416641,
    -0.06383634358644485,
    -0.09380828589200974,
    -0.05414660647511482,
    -0.007915866561233997,
    -0.019131962209939957,
    0.01766660436987877,
    0.04242689535021782,
    0.009282801300287247,
    0.0812857374548912,
    -0.01605001837015152,
    0.03185809403657913,
    -0.05647369474172592,
    0.01341895293444395,
    0.04409932717680931,
    0.0358743779361248,
    0.09501037746667862,
    0.03645841032266617,
    0.0037756934762001038,
    -0.014017101377248764,
    -0.04893667250871658,
    0.1174464002251625,
    -0.02561069279909134,
    0.030648065730929375,
    -0.03065437264740467,
    -0.01048786100000143,
    -0.06870930641889572,
    -0.09081671386957169,
    0.02006966434419155,
    0.05433397740125656,
    0.019158190116286278,
    0.02594606950879097,
    -0.015810305252671242,
    -0.021199427545070648,
    -0.08155470341444016,
    0.013275431469082832,
    -0.029780352488160133,
    0.027661340311169624,
    0.03238785266876221,
    0.05479370430111885,
    0.025872396305203438,
    0.014137879014015198,
    -0.041328735649585724,
    0.005979415960609913,
    0.015032419934868813,
    0.021057529374957085,
    -0.041874583810567856,
    -0.03587597608566284,
    0.060861986130476,
    -0.030202919617295265,
    0.045333102345466614,
    -0.07135768234729767,
    -0.005439059808850288,
    -0.013167133554816246,
    -0.002613284857943654,
    0.00849580205976963,
    0.08110280334949493,
    0.06765089929103851,
    0.00482783792540431,
    -0.020980896428227425,
    -0.08812764286994934,
    0.07359302788972855,
    -0.03156864643096924,
    0.023322943598031998,
    -0.052542172372341156,
    -0.041016533970832825,
    -0.063913993537426,
    0.018663890659809113,
    0.05180515721440315,
    -0.06468015909194946,
    -0.08297497034072876,
    -0.06106729060411453,
    0.03894675150513649,
    -0.06322523951530457,
    -0.007582826539874077,
    0.05736763775348663,
    -0.02974610961973667,
    -0.04643027484416962,
    0.02546028606593609,
    -0.04389461874961853,
    -0.055381838232278824,
    -0.009708876721560955,
    -0.027138367295265198,
    0.01719008944928646,
    0.07503604143857956,
    -0.008608927950263023,
    0.022800086066126823,
    -0.007339504547417164,
    -0.005135067272931337,
    -0.011889344081282616,
    0.0022825945634394884,
    -0.046703554689884186,
    0.0015064605977386236,
    0.029957616701722145,
    -0.044724270701408386,
    0.025535577908158302,
    0.10953019559383392,
    0.04604538902640343,
    -0.003411464160308242,
    -0.05766076594591141,
    0.01794378086924553,
    -0.032512910664081573,
    -0.064896360039711,
    0.014581219293177128,
    0.06374267488718033,
    -0.032957736402750015,
    0.008077416568994522,
    -0.011768976226449013,
    -0.027535492554306984,
    0.0950232669711113,
    -0.0017116209492087364,
    -0.027634305879473686,
    0.0979660153388977,
    0.006108464207500219,
    -0.025794915854930878,
    0.044628582894802094,
    -0.004914784338325262,
    -0.008011933416128159,
    0.09328719973564148,
    -0.032821815460920334,
    0.004272399935871363,
    -0.03296980261802673,
    0.0020905863493680954,
    0.016793878749012947,
    -0.017902497202157974,
    -0.06435439735651016,
    0.07778329402208328,
    -0.022137897089123726,
    -0.043607763946056366,
    0.07592824101448059,
    0.07359455525875092,
    -0.06635526567697525,
    0.00019227125449106097,
    0.012712105177342892,
    -0.07087216526269913,
    -0.024878650903701782,
    -0.07002971321344376,
    0.0011411550221964717,
    0.003680940018966794,
    -0.04112624377012253,
    -0.008848004043102264,
    0.049887314438819885,
    0.05186331644654274,
    -0.02377219684422016,
    0.006086918991059065,
    -0.034778621047735214,
    0.05641975998878479,
    -0.02377740852534771,
    -0.09245836734771729,
    0.02961953543126583,
    -0.014061440713703632,
    0.04231717810034752,
    -0.012676965445280075,
    0.025180406868457794,
    -0.09575575590133667,
    -0.04285014048218727,
    0.037602707743644714,
    -0.030537199229002,
    -0.04090803116559982,
    0.06906720250844955,
    0.0034874891862273216,
    0.0011573298834264278,
    -0.004061367362737656,
    0.045516904443502426,
    -0.04448958858847618,
    0.010633286088705063,
    -0.017432192340493202,
    -0.03796912357211113,
    0.07277145236730576,
    -0.016357451677322388,
    -0.0025294634979218245,
    -0.013277697376906872,
    0.029218420386314392,
    -0.025982566177845,
    0.0272690262645483,
    -0.032767683267593384,
    0.012961381115019321,
    0.018599336966872215,
    -0.03725414350628853,
    -0.002046252368018031,
    0.16523794829845428,
    0.047415003180503845,
    0.012529034167528152,
    -0.08980821073055267,
    -0.0049746898002922535,
    0.01772923581302166,
    0.016761168837547302,
    0.030007177963852882,
    0.05519546940922737,
    0.060976918786764145,
    -0.030867937952280045,
    0.03566063195466995,
    0.04779108241200447,
    -0.03331305831670761,
    -0.05376604199409485,
    0.021261898800730705,
    0.015003833919763565,
    0.03639999032020569,
    -0.020800089463591576,
    0.005951207596808672,
    -0.02398732490837574,
    0.02702639438211918,
    -0.01863867975771427,
    0.058920904994010925,
    -0.007360126357525587,
    0.04822705313563347,
    -0.0009839639533311129,
    0.008964785374701023,
    0.019219744950532913,
    -0.0782848596572876,
    -0.02735133469104767,
    -0.006042852066457272,
    -0.0016515998868271708,
    -0.025063687935471535,
    -0.08130750805139542,
    0.04430650174617767,
    -0.015086920000612736,
    -0.025915570557117462,
    0.007739295717328787,
    0.019920462742447853,
    -0.028635168448090553,
    0.007578774355351925,
    -0.034442413598299026,
    -0.031101882457733154,
    -0.008620329201221466,
    0.03900909423828125,
