{
  "embedding_files": [
    "gt_219.5s_f8.jpg",
    "gt_534.6s_f113.jpg",
    "gt_26.2s_f17.jpg",
    "gt_384.7s_f71.jpg",
    "gt_80.2s_f44.jpg"
  ],
  "backup_files": [
    "new_1776234524291_gt_1051.3s_f135.jpg",
    "new_1776234524291_gt_589.5s_f66.jpg",
    "new_1776234524291_gt_310.5s_f18.jpg",
    "gt_132.1s_f63.jpg"
  ],
  "scores": {
    "gt_26.2s_f17.jpg": 6.8604,
    "gt_80.2s_f44.jpg": 4.7609,
    "gt_132.1s_f63.jpg": 2.9344,
    "gt_219.5s_f8.jpg": 96.7829,
    "gt_534.6s_f113.jpg": 11.0433,
    "gt_384.7s_f71.jpg": 6.7088
  },
  "approved_files": [
    "gt_219.5s_f8.jpg",
    "gt_534.6s_f113.jpg",
    "gt_26.2s_f17.jpg",
    "gt_384.7s_f71.jpg",
    "gt_80.2s_f44.jpg",
    "gt_132.1s_f63.jpg",
    "new_1776234524291_gt_1051.3s_f135.jpg",
    "new_1776234524291_gt_310.5s_f18.jpg",
    "new_1776234524291_gt_589.5s_f66.jpg"
  ],
  "mean_embedding": [
    -0.020199276506900787,
    -0.025723842903971672,
    0.05249635502696037,
    0.019464988261461258,
    -0.014775225892663002,
    -0.02028784155845642,
    0.003820637008175254,
    0.0077965217642486095,
    0.08041121810674667,
    0.013495752587914467,
    0.0538957379758358,
    -0.04616321250796318,
    -0.0836004689335823,
    0.02750909887254238,
    -0.04609397426247597,
    -0.018306538462638855,
    -0.036296769976615906,
    -0.036259736865758896,
    -0.021332619711756706,
    -0.017380964010953903,
    0.05186469480395317,
    -0.006053991615772247,
    -0.040542732924222946,
    0.061927083879709244,
    0.027304353192448616,
    0.015937965363264084,
    -0.04625910148024559,
    -0.10313338041305542,
    0.015556163154542446,
    0.023639194667339325,
    -0.013743631541728973,
    -0.013456323184072971,
    -0.013574803248047829,
    0.04046725854277611,
    0.010014494881033897,
    0.04716668277978897,
    0.0003679576038848609,
    -0.02090195193886757,
    -0.03942985087633133,
    0.012088981457054615,
    0.004876717925071716,
    0.06469380110502243,
    -0.05358268693089485,
    -0.0357891321182251,
    0.023581961169838905,
    0.025318631902337074,
    -0.0936773419380188,
    -0.037398479878902435,
    -0.03126964718103409,
    -0.08017700165510178,
    -0.06865556538105011,
    -0.014083799906075,
    -0.0011057447409257293,
    -0.015387834049761295,
    0.021566227078437805,
    0.03536885976791382,
    0.11116087436676025,
    -0.0266068484634161,
    0.04971574991941452,
    -0.0711410865187645,
    0.010949468240141869,
    0.043603766709566116,
    0.04247225075960159,
    0.09843189269304276,
    0.0432531014084816,
    0.004555694293230772,
    -0.035397887229919434,
    -0.04654226824641228,
    0.11332870274782181,
    -0.015792131423950195,
    0.011583649553358555,
    -0.01718820445239544,
    -0.015384921804070473,
    -0.05752037465572357,
    -0.10148727893829346,
    0.029682902619242668,
    0.06075533851981163,
    0.008751271292567253,
    0.006051741074770689,
    -0.022380419075489044,
    -0.03641033172607422,
    -0.053445689380168915,
    0.010731954127550125,
    -0.039385221898555756,
    0.01489285659044981,
    0.04789593443274498,
    0.061724793165922165,
    0.03842981904745102,
    0.006573223043233156,
    -0.04615330323576927,
    0.025296052917838097,
    0.0024942681193351746,
    0.010997761972248554,
    -0.05590253323316574,
    -0.06386740505695343,
    0.05633072555065155,
    -0.017673509195446968,
    0.02869960479438305,
    -0.06880510598421097,
    -0.000977233168669045,
    -0.04011641442775726,
    0.004025647882372141,
    0.014489498920738697,
    0.06315100938081741,
    0.07530364394187927,
    0.015021841041743755,
    0.011661146767437458,
    -0.07115554809570312,
    0.057137247174978256,
    -0.057564981281757355,
    -0.022499049082398415,
    -0.03516571968793869,
    -0.046167392283678055,
    -0.07260844856500626,
    0.0061838082037866116,
    0.058121487498283386,
    -0.07187706232070923,
    -0.049233946949243546,
    -0.06788226217031479,
    0.017105164006352425,
    -0.06474700570106506,
    -0.021581897512078285,
    0.03076176531612873,
    -0.045063529163599014,
    -0.022692449390888214,
    0.02481265738606453,
    -0.04285066947340965,
    -0.04803771153092384,
    -0.026683323085308075,
    -0.010048260912299156,
    0.000532272330019623,
    0.05662678927183151,
    -0.0026813698932528496,
    0.04097936674952507,
    -0.014089004136621952,
    0.014539504423737526,
    -0.004952792543917894,
    0.03733494132757187,
    -0.07305069267749786,
    -0.025410376489162445,
    -0.009507830254733562,
    -0.03861505165696144,
    0.020323200151324272,
    0.09425682574510574,
    0.033707428723573685,
    -0.012297560460865498,
    -0.055404890328645706,
    0.018386811017990112,
    -0.046807512640953064,
    -0.06425078958272934,
    -0.0005003903061151505,
    0.05878855660557747,
    -0.027895547449588776,
    0.029100511223077774,
    -0.01999429613351822,
    0.005280533339828253,
    0.10160847753286362,
    -0.028464924544095993,
    -0.015380781143903732,
    0.06771804392337799,
    -0.02532639168202877,
    -0.016764618456363678,
    0.07596427947282791,
    -0.009699749760329723,
    -0.022217940539121628,
    0.08235447853803635,
    -0.07351599633693695,
    -0.026604313403367996,
    -0.0478505939245224,
    -0.02309466525912285,
    0.030318478122353554,
    -0.010180880315601826,
    -0.05653371289372444,
    0.07022503763437271,
    -0.036460451781749725,
    -0.013733035884797573,
    0.04755111411213875,
    0.0727209746837616,
    -0.07372258603572845,
    -0.014098499901592731,
    -0.012675357982516289,
    -0.05493736267089844,
    -0.04069330915808678,
    -0.046952489763498306,
    0.003082126844674349,
    0.011738351546227932,
    -0.022890381515026093,
    -0.014435072429478168,
    0.04687345772981644,
    0.03294882923364639,
    -0.0008206649217754602,
    0.00848490372300148,
    -0.03393510729074478,
    0.07478179037570953,
    0.014766610227525234,
    -0.0677574872970581,
    0.04198557510972023,
    -0.004402182064950466,
    0.04085652530193329,
    -0.0036991029046475887,
    0.02279341034591198,
    -0.05114749073982239,
    -0.029782934114336967,
    0.03031112812459469,
    -0.021379999816417694,
    -0.019676338881254196,
    0.06234697625041008,
    0.0001662929862504825,
    -0.018735937774181366,
    0.018535977229475975,
    0.07177846878767014,
    -0.06869256496429443,
    0.02469179406762123,
    -0.014209924265742302,
    -0.0335225835442543,
    0.0455908365547657,
    -0.013877145946025848,
    0.012773850932717323,
    -0.02133929915726185,
    0.029489614069461823,
    -0.017215540632605553,
    0.048398811370134354,
    -0.00020796853641513735,
    0.019623707979917526,
    0.003518451703712344,
    -0.005879757460206747,
    -0.032375410199165344,
    0.14772266149520874,
    0.07529167830944061,
    -0.00636358093470335,
    -0.11133374273777008,
    -0.004184968303889036,
    -0.0011643972247838974,
    -0.02453584037721157,
    0.02908029593527317,
    0.07641339302062988,
    0.06122523173689842,
    -0.05492936074733734,
    0.03445304557681084,
    0.05909382924437523,
    -0.04406622052192688,
    -0.061459314078092575,
    0.008364473469555378,
    -0.003463535336777568,
    0.032217156141996384,
    -0.031891681253910065,
    0.02667919546365738,
    -0.0660257413983345,
    0.035157911479473114,
    -0.028385473415255547,
    0.05271176993846893,
    0.013029851019382477,
    0.04191586375236511,
    -0.02023841254413128,
    -0.02330717071890831,
    0.04377373680472374,
    -0.07283131033182144,
    -0.010972635820508003,
    0.017799600958824158,
    -0.011112571693956852,
    -0.013644411228597164,
    -0.06925422698259354,
    0.019990507513284683,
    0.028998931869864464,
    -0.009641292504966259,
    0.02842390164732933,
    0.028561413288116455,
    -0.025612900033593178,
    0.03406331688165665,
    -0.03685258328914642,
    -0.023893406614661217,
    0.015477587468922138,
    0.06104563921689987,
