{
  "embedding_files": [
    "gt_219.5s_f8.jpg",
    "gt_534.6s_f113.jpg",
    "gt_26.2s_f17.jpg",
    "gt_384.7s_f71.jpg",
    "gt_80.2s_f44.jpg"
  ],
  "backup_files": [
    "gt_132.1s_f63.jpg",
    "new_1776234524291_gt_1051.3s_f135.jpg",
    "new_1776234524291_gt_310.5s_f18.jpg",
    "new_1776234524291_gt_589.5s_f66.jpg"
  ],
  "scores": {
    "gt_26.2s_f17.jpg": 6.8604,
    "gt_80.2s_f44.jpg": 4.7609,
    "gt_132.1s_f63.jpg": 2.9344,
    "gt_219.5s_f8.jpg": 96.7829,
    "gt_534.6s_f113.jpg": 11.0433,
    "gt_384.7s_f71.jpg": 6.7088
  },
  "approved_files": [
    "gt_219.5s_f8.jpg",
    "gt_534.6s_f113.jpg",
    "gt_26.2s_f17.jpg",
    "gt_384.7s_f71.jpg",
    "gt_80.2s_f44.jpg",
    "gt_132.1s_f63.jpg",
    "new_1776234524291_gt_1051.3s_f135.jpg",
    "new_1776234524291_gt_310.5s_f18.jpg",
    "new_1776234524291_gt_589.5s_f66.jpg"
  ],
  "mean_embedding": [
    -0.02019190602004528,
    -0.02574806660413742,
    0.05251645669341087,
    0.019472140818834305,
    -0.014769529923796654,
    -0.020321350544691086,
    0.00380318914540112,
    0.007786008529365063,
    0.08041170239448547,
    0.013431712985038757,
    0.05388475954532623,
    -0.046170175075531006,
    -0.08360125124454498,
    0.027456466108560562,
    -0.04607154428958893,
    -0.01829442009329796,
    -0.03631017357110977,
    -0.036264728754758835,
    -0.021300872787833214,
    -0.01735244318842888,
    0.05184002220630646,
    -0.006101734470576048,
    -0.04052172601222992,
    0.06191658601164818,
    0.02733186073601246,
    0.01595422253012657,
    -0.04627901315689087,
    -0.10313770920038223,
    0.015589370392262936,
    0.02369203045964241,
    -0.013703717850148678,
    -0.013430766761302948,
    -0.013550631701946259,
    0.04048420116305351,
    0.010013001970946789,
    0.04716092720627785,
    0.0003449035284575075,
    -0.020931173115968704,
    -0.03946123272180557,
    0.012016910128295422,
    0.004847425036132336,
    0.06468645483255386,
    -0.05360933393239975,
    -0.03578001633286476,
    0.023581339046359062,
    0.025334568694233894,
    -0.09367124736309052,
    -0.03740839660167694,
    -0.031261418014764786,
    -0.08016035705804825,
    -0.06868147850036621,
    -0.014046471565961838,
    -0.0010659421095624566,
    -0.015383142046630383,
    0.021535880863666534,
    0.035379763692617416,
    0.11117718368768692,
    -0.02663319930434227,
    0.049720074981451035,
    -0.07114117592573166,
    0.010968759655952454,
    0.04362653195858002,
    0.042481787502765656,
    0.09840988367795944,
    0.04330188035964966,
    0.004550386220216751,
    -0.03537983074784279,
    -0.04657057300209999,
    0.11333177983760834,
    -0.01576903648674488,
    0.011597580276429653,
    -0.01716122031211853,
    -0.015334219671785831,
    -0.057535320520401,
    -0.10149499028921127,
    0.029659371823072433,
    0.06068029627203941,
    0.008752393536269665,
    0.006076137535274029,
    -0.02235681377351284,
    -0.03641119971871376,
    -0.05341161787509918,
    0.010684912092983723,
    -0.03935324028134346,
    0.014847129583358765,
    0.04786186292767525,
    0.061737168580293655,
    0.03845428302884102,
    0.0065780458971858025,
    -0.04620255157351494,
    0.02532152645289898,
    0.0025044430512934923,
    0.011028798297047615,
    -0.05588933080434799,
    -0.06388384103775024,
    0.056298449635505676,
    -0.017677458003163338,
    0.02869240567088127,
    -0.06879212707281113,
    -0.0009743409464135766,
    -0.04008715972304344,
    0.00400707870721817,
    0.01451338455080986,
    0.06318598240613937,
    0.07525224983692169,
    0.015046484768390656,
    0.011645444668829441,
    -0.0711996778845787,
    0.057125482708215714,
    -0.05752161890268326,
    -0.022507531568408012,
    -0.03517130762338638,
    -0.04617578536272049,
    -0.07261594384908676,
    0.0061577800661325455,
    0.05814874917268753,
    -0.07188067585229874,
    -0.049226947128772736,
    -0.06787333637475967,
    0.01709817163646221,
    -0.06470577418804169,
    -0.021580055356025696,
    0.030770588666200638,
    -0.04506620764732361,
    -0.022749995812773705,
    0.024818971753120422,
    -0.04287770763039589,
    -0.04804369807243347,
    -0.026668731123209,
    -0.010025497525930405,
    0.0005603139870800078,
    0.056669238954782486,
    -0.002724930876865983,
    0.04098934680223465,
    -0.014144059270620346,
    0.014526765793561935,
    -0.004933945834636688,
    0.03732015937566757,
    -0.07304326444864273,
    -0.02543177641928196,
    -0.00952301174402237,
    -0.03865016624331474,
    0.020327500998973846,
    0.09424994885921478,
    0.03371741622686386,
    -0.012278870679438114,
    -0.055407844483852386,
    0.0183977372944355,
    -0.04684259742498398,
    -0.06427785009145737,
    -0.0005232020048424602,
    0.05875936523079872,
    -0.027858547866344452,
    0.029122572392225266,
    -0.01999705471098423,
    0.0052911629900336266,
    0.10157676786184311,
    -0.028465643525123596,
    -0.015338828787207603,
    0.0676804631948471,
    -0.02531498484313488,
    -0.01680801622569561,
    0.07596757262945175,
    -0.009712058119475842,
    -0.02220129780471325,
    0.08231725543737411,
    -0.07352262735366821,
    -0.02667766809463501,
    -0.04783565178513527,
    -0.023071274161338806,
    0.030304234474897385,
    -0.010155264288187027,
    -0.05651015788316727,
    0.0702492743730545,
    -0.036455243825912476,
    -0.013745264150202274,
    0.04760013148188591,
    0.07273110002279282,
    -0.0736818015575409,
    -0.014102209359407425,
    -0.012668830342590809,
    -0.05492941290140152,
    -0.04070954769849777,
    -0.046957749873399734,
    0.0030467314645648003,
    0.01176304742693901,
    -0.02287953719496727,
    -0.014472316950559616,
    0.04685600847005844,
    0.03293788433074951,
    -0.0007963955868035555,
    0.008478318341076374,
    -0.03393491730093956,
    0.07476404309272766,
    0.014712134376168251,
    -0.06774791330099106,
    0.0420018769800663,
    -0.0043692998588085175,
    0.040834251791238785,
    -0.0037673383485525846,
    0.022811193019151688,
    -0.05113277956843376,
    -0.029757698997855186,
    0.03028659150004387,
    -0.02139597199857235,
    -0.01968948356807232,
    0.062339507043361664,
    0.0001657085813349113,
    -0.018698135390877724,
    0.018502099439501762,
    0.07179689407348633,
    -0.06871310621500015,
    0.02472679503262043,
    -0.014211765490472317,
    -0.03354166820645332,
    0.04558292031288147,
    -0.013882272876799107,
    0.012798161245882511,
    -0.021324273198843002,
    0.029484208673238754,
    -0.017190011218190193,
    0.04839981347322464,
    -0.00024281853984575719,
    0.019645515829324722,
    0.0035060381051152945,
    -0.005880618002265692,
    -0.032400574535131454,
    0.14775025844573975,
    0.075291708111763,
    -0.006356033030897379,
    -0.1113080084323883,
    -0.004197460133582354,
    -0.001172807184047997,
    -0.02452399767935276,
    0.02904856577515602,
    0.07640649378299713,
    0.061255790293216705,
    -0.05494718998670578,
    0.034478411078453064,
    0.059100452810525894,
    -0.0440426804125309,
    -0.06146041676402092,
    0.008319432847201824,
    -0.003501142608001828,
    0.03223205357789993,
    -0.03186566010117531,
    0.026729945093393326,
    -0.06610673666000366,
    0.03516064211726189,
    -0.028391238301992416,
    0.052767857909202576,
    0.013004448264837265,
    0.04188552871346474,
    -0.02027779072523117,
    -0.023319842293858528,
    0.043773751705884933,
    -0.07282062619924545,
    -0.01095628459006548,
    0.017795909196138382,
    -0.011079519055783749,
    -0.01364531647413969,
    -0.06925320625305176,
    0.020002616569399834,
    0.02902568131685257,
    -0.009609953500330448,
    0.02842636965215206,
    0.028597893193364143,
    -0.0256035178899765,
    0.03408793732523918,
    -0.036858879029750824,
    -0.023884886875748634,
    0.015502821654081345,
    0.061093248426914215,
