{
  "embedding_files": [
    "gt_589.5s_f61.jpg",
    "gt_310.5s_f6.jpg",
    "gt_431.4s_f31.jpg",
    "new_1776234587132_gt_300.2s_f23.jpg",
    "new_1776234587132_gt_399.0s_f45.jpg"
  ],
  "backup_files": [
    "new_1776234587132_gt_499.6s_f71.jpg"
  ],
  "scores": {
    "gt_589.5s_f61.jpg": 4.5707,
    "gt_310.5s_f6.jpg": 3.3795,
    "gt_431.4s_f31.jpg": 3.0025
  },
  "approved_files": [
    "gt_589.5s_f61.jpg",
    "gt_310.5s_f6.jpg",
    "gt_431.4s_f31.jpg",
    "new_1776234587132_gt_300.2s_f23.jpg",
    "new_1776234587132_gt_399.0s_f45.jpg",
    "new_1776234587132_gt_499.6s_f71.jpg"
  ],
  "mean_embedding": [
    0.03631710633635521,
    0.01860826276242733,
    -0.026439478620886803,
    -0.014885486103594303,
    -0.032507024705410004,
    0.002691813977435231,
    -0.0123911052942276,
    -0.003325570607557893,
    -0.0480806902050972,
    -0.0032057403586804867,
    -0.06275270134210587,
    -0.09031753242015839,
    0.019521618261933327,
    0.00537928007543087,
    0.10643886029720306,
    -0.08882509917020798,
    0.10384432226419449,
    -0.0035205234307795763,
    -0.01699233241379261,
    -0.05085485056042671,
    -0.010409359820187092,
    0.005489661358296871,
    -0.07306608557701111,
    -0.031808845698833466,
    0.09787891805171967,
    -0.023237083107233047,
    -0.011400967836380005,
    -0.07314657419919968,
    -0.040253207087516785,
    0.04534260556101799,
    -0.07248648256063461,
    0.04066813737154007,
    -0.029584424570202827,
    0.027344917878508568,
    0.06580334901809692,
    -0.024521254003047943,
    -0.024556519463658333,
    0.06570758670568466,
    0.0037859848234802485,
    -0.002404392696917057,
    0.03832623362541199,
    0.014498516917228699,
    -0.004693285096436739,
    -0.06628035753965378,
    -0.08301696181297302,
    0.02292274869978428,
    0.013094405643641949,
    0.017806414514780045,
    -0.027469007298350334,
    0.06048819422721863,
    0.0617215521633625,
    0.03630829602479935,
    0.007160770241171122,
    0.029079599305987358,
    0.09112630039453506,
    -0.019560564309358597,
    0.024060634896159172,
    -0.046066764742136,
    -0.002957715652883053,
    0.11691169440746307,
    0.044509001076221466,
    0.06388379633426666,
    0.03711533918976784,
    -0.010102487169206142,
    0.00917673297226429,
    0.002765919780358672,
    -0.028204742819070816,
    -0.06520409137010574,
    0.05770106986165047,
    0.043412260711193085,
    -0.0038310165982693434,
    -0.015240072272717953,
    0.05249026417732239,
    -0.04485277459025383,
    -0.004735780414193869,
    0.0018090923549607396,
    0.046334538608789444,
    -0.007195324171334505,
    0.09359580278396606,
    -0.019039934501051903,
    0.04120092839002609,
    -0.11720878630876541,
    0.004756012000143528,
    0.00630178302526474,
    0.08752920478582382,
    0.01993989758193493,
    0.015191788785159588,
    0.0029504571575671434,
    0.055629465728998184,
    -0.06616543233394623,
    0.009668123908340931,
    0.037129711359739304,
    0.06556829810142517,
    0.0185872633010149,
    0.03201209381222725,
    -0.04633837565779686,
    0.023591088131070137,
    0.008731652982532978,
    0.027444712817668915,
    0.07637113332748413,
    -0.04850545898079872,
    0.05602782219648361,
    0.007081064395606518,
    -0.06345683336257935,
    0.004367452580481768,
    -0.028957180678844452,
    -0.0025923082139343023,
    -0.017899634316563606,
    0.012338010594248772,
    -0.08164209872484207,
    0.11397835612297058,
    0.08146528899669647,
    0.022511804476380348,
    -0.007851650007069111,
    -0.0358770415186882,
    -0.0016490522539243102,
    0.010096270591020584,
    0.011666364036500454,
    -0.07518882304430008,
    0.10044806450605392,
    0.024955298751592636,
    -0.03306477144360542,
    0.00635629752650857,
    -0.010050341486930847,
    -0.003118243534117937,
    0.020060673356056213,
    0.021059632301330566,
    0.07455548644065857,
    0.048470430076122284,
    0.018704967573285103,
    -0.01615903340280056,
    0.03247660771012306,
    -0.01109297014772892,
    -0.058262281119823456,
    0.007156492676585913,
    -0.023452037945389748,
    0.07310612499713898,
    0.009391202591359615,
    0.028634224086999893,
    -0.01508818008005619,
    0.0027292403392493725,
    0.06361968070268631,
    0.020496882498264313,
    -0.028079424053430557,
    -0.03676619380712509,
    -0.036781299859285355,
    0.07498631626367569,
    0.008423646911978722,
    -0.009613723494112492,
    0.08649808913469315,
    -0.0114278020337224,
    0.015540744177997112,
    -0.01215387787669897,
    -0.0474797785282135,
    -0.07877816259860992,
    -0.02856828272342682,
    -0.04861878603696823,
    0.06986323744058609,
    -0.004344855435192585,
    0.11474373191595078,
    0.061249807476997375,
    -0.013244129717350006,
    0.029920093715190887,
    -0.02529916912317276,
    -0.02789751999080181,
    0.05560141056776047,
    -0.023404592648148537,
    0.008527098223567009,
    0.033569417893886566,
    0.01444600336253643,
    -0.029613502323627472,
    0.0034218146465718746,
    0.03211659938097,
    0.019847780466079712,
    -0.017479704692959785,
    -0.00642202515155077,
    0.034570738673210144,
    -0.045942001044750214,
    -0.0015475250547751784,
    0.04354935884475708,
    -0.016760241240262985,
    0.024455219507217407,
    -0.04690149798989296,
    -0.028126874938607216,
    -0.008257071487605572,
    -0.038025084882974625,
    0.004795459099113941,
    -0.026186944916844368,
    0.012761120684444904,
    0.007904787547886372,
    -0.012167067267000675,
    0.017505591735243797,
    0.02608278952538967,
    -0.02610446698963642,
    -0.05706949904561043,
    -0.04860999062657356,
    0.026757454499602318,
    -0.007138455286622047,
    -0.026160208508372307,
    0.022704923525452614,
    -0.03477546572685242,
    -0.008311299607157707,
    0.02312830463051796,
    0.0038728322833776474,
    0.04474093019962311,
    0.05354659631848335,
    -0.011149941012263298,
    -0.010591982863843441,
    0.09132465720176697,
    -0.005080605391412973,
    -0.00034126275568269193,
    -0.04435344412922859,
    -0.025852840393781662,
    -0.02841617912054062,
    -0.08983994275331497,
    -0.0311311986297369,
    0.013560518622398376,
    0.03313041850924492,
    -0.021806634962558746,
    0.04795227199792862,
    0.04999081790447235,
    -0.007762369234114885,
    -0.03179650753736496,
    -0.015903832390904427,
    -0.006310826633125544,
    -0.04854681342840195,
    0.044872403144836426,
    0.09143271297216415,
    0.022133363410830498,
    0.008071393705904484,
    0.011266253888607025,
    -0.026269081979990005,
    0.012290331535041332,
    0.007655513938516378,
    -0.024511586874723434,
    0.044503066688776016,
    -0.004019199404865503,
    0.026472004130482674,
    -0.04184124618768692,
    -0.030810121446847916,
    -0.02233113721013069,
    -0.06170767545700073,
    -0.041241127997636795,
    -0.04285522177815437,
    0.013790708966553211,
    0.029202299192547798,
    0.014826972037553787,
    -0.05488933250308037,
    -0.10393368452787399,
    0.01667744293808937,
    0.007072330918163061,
    -0.04930609464645386,
    0.008589912205934525,
    0.08905673772096634,
    -0.02083262801170349,
    0.002480341587215662,
    0.08091410249471664,
    0.07677195966243744,
    0.0014621642185375094,
    0.00787185039371252,
    -0.04525159299373627,
    -0.060226719826459885,
    0.060507722198963165,
    0.0728982537984848,
    0.04531363025307655,
    0.051981888711452484,
    0.0025511744897812605,
    -0.09622637182474136,
    -0.03743484616279602,
    -0.06285768002271652,
    -0.0336894616484642,
    0.009256784804165363,
    -0.04187769070267677,
    -0.07605365663766861,
    -0.04312952235341072,
    -0.0834810808300972,
    -0.04741280898451805,
    -0.018768619745969772,
    0.02878110483288765,
    -0.003636086592450738,
    0.057664904743433,
    0.000704000995028764,
    -0.044935908168554306,
