{
  "embedding_files": [
    "gt_589.5s_f61.jpg",
    "gt_310.5s_f6.jpg",
    "gt_431.4s_f31.jpg",
    "new_1776234587132_gt_300.2s_f23.jpg",
    "new_1776234587132_gt_399.0s_f45.jpg"
  ],
  "backup_files": [
    "new_1776234587132_gt_499.6s_f71.jpg"
  ],
  "scores": {
    "gt_589.5s_f61.jpg": 4.5707,
    "gt_310.5s_f6.jpg": 3.3795,
    "gt_431.4s_f31.jpg": 3.0025
  },
  "approved_files": [
    "gt_589.5s_f61.jpg",
    "gt_310.5s_f6.jpg",
    "gt_431.4s_f31.jpg",
    "new_1776234587132_gt_300.2s_f23.jpg",
    "new_1776234587132_gt_399.0s_f45.jpg",
    "new_1776234587132_gt_499.6s_f71.jpg"
  ],
  "mean_embedding": [
    0.019906476140022278,
    0.036319199949502945,
    -0.015473236329853535,
    -0.009913875721395016,
    -0.03335901349782944,
    0.013492335565388203,
    -0.024013902992010117,
    0.004517136141657829,
    -0.04863276332616806,
    -0.0005133156664669514,
    -0.05622173845767975,
    -0.08691096305847168,
    0.020861901342868805,
    -0.0017037270590662956,
    0.1046488955616951,
    -0.0874294638633728,
    0.09291952848434448,
    -0.0036332812160253525,
    -0.00947593990713358,
    -0.04671415686607361,
    -0.012022469192743301,
    0.0012181127676740289,
    -0.06826969981193542,
    -0.038839492946863174,
    0.11195961385965347,
    -0.03396829590201378,
    -0.013854698278009892,
    -0.06592760235071182,
    -0.03022441640496254,
    0.04864012077450752,
    -0.06817474216222763,
    0.032386116683483124,
    -0.041046660393476486,
    0.017309702932834625,
    0.059247005730867386,
    -0.01746818795800209,
    -0.03502286225557327,
    0.06462990492582321,
    -0.0037144667003303766,
    -0.014115652069449425,
    0.0395277664065361,
    0.010791508480906487,
    -0.0009500065352767706,
    -0.056016672402620316,
    -0.08175384253263474,
    0.019690411165356636,
    0.009842929430305958,
    0.02676512859761715,
    -0.015169673599302769,
    0.03762132301926613,
    0.05496702715754509,
    0.049416087567806244,
    -0.00491940975189209,
    0.03883729130029678,
    0.0910484790802002,
    -0.015176084823906422,
    0.02515793778002262,
    -0.03343593701720238,
    0.0010882668429985642,
    0.12605464458465576,
    0.05451503023505211,
    0.07291554659605026,
    0.04292065277695656,
    -0.005307674873620272,
    0.01427573710680008,
    0.004068742971867323,
    -0.028408581390976906,
    -0.07932063937187195,
    0.05408197641372681,
    0.045204535126686096,
    -0.002907874295488,
    -0.0238144863396883,
    0.05281731113791466,
    -0.036869488656520844,
    -0.0006737735820934176,
    0.0024566510692238808,
    0.0593525655567646,
    0.005705269984900951,
    0.10661908239126205,
    -0.0003625440294854343,
    0.028156762942671776,
    -0.10853326320648193,
    -0.00136142922565341,
    -0.009307877160608768,
    0.09229777008295059,
    0.019548136740922928,
    -0.001487396308220923,
    -0.002505808835849166,
    0.057265058159828186,
    -0.06076314300298691,
    0.012628338299691677,
    0.05469619482755661,
    0.06570837646722794,
    0.0261717326939106,
    0.02715981751680374,
    -0.029173990711569786,
    0.030826551839709282,
    0.01833662949502468,
    0.027848457917571068,
    0.07368482649326324,
    -0.039413224905729294,
    0.055642224848270416,
    0.012448222376406193,
    -0.06461796909570694,
    0.014955884777009487,
    -0.028783652931451797,
    0.005837529897689819,
    -0.03360854089260101,
    0.01326239388436079,
    -0.08247003704309464,
    0.10855643451213837,
    0.08141390979290009,
    0.017286600545048714,
    -0.0111617436632514,
    -0.05742064118385315,
    -0.006972066592425108,
    -0.004461837932467461,
    0.012155975215137005,
    -0.051411475986242294,
    0.10668781399726868,
    0.008193287998437881,
    -0.017582282423973083,
    0.0010079510975629091,
    0.003931371960788965,
    -0.012753005139529705,
    0.010206470265984535,
    0.008365754969418049,
    0.0672517791390419,
    0.05347995087504387,
    0.015252306126058102,
    0.00024637801107019186,
    0.03455659747123718,
    0.005746060982346535,
    -0.05097462609410286,
    0.010562409646809101,
    -0.02641335502266884,
    0.06601715832948685,
    0.01722465455532074,
    0.04213738068938255,
    -0.004287441726773977,
    -0.0013695154339075089,
    0.058987535536289215,
    0.01955808326601982,
    -0.03349168971180916,
    -0.038475874811410904,
    -0.050715845078229904,
    0.07692974805831909,
    0.005352411884814501,
    -0.02012590877711773,
    0.09413450956344604,
    -0.021145816892385483,
    0.006557536777108908,
    -0.028452133759856224,
    -0.04458014667034149,
    -0.07341057062149048,
    -0.028815213590860367,
    -0.05901125445961952,
    0.08412350714206696,
    -0.004856885876506567,
    0.1270686686038971,
    0.059403445571660995,
    -0.004220609553158283,
    0.035776156932115555,
    -0.017378658056259155,
    -0.034487657248973846,
    0.0696190893650055,
    -0.025025172159075737,
    0.005061387084424496,
    0.02426772378385067,
    0.023119542747735977,
    0.007487391121685505,
    0.0004424752260092646,
    0.027468696236610413,
    0.024414794519543648,
    -0.01545878779143095,
    -0.015539643354713917,
    0.03904837742447853,
    -0.03946327045559883,
    0.008188128471374512,
    0.05720266327261925,
    -0.040468402206897736,
    0.022376827895641327,
    -0.033729929476976395,
    -0.0394933819770813,
    -0.025069022551178932,
    -0.05076208710670471,
    -0.003254701616242528,
    -0.031670015305280685,
    0.022894203662872314,
    0.007619987241923809,
    -0.016373658552765846,
    0.00831676460802555,
    0.029484953731298447,
    -0.03433331102132797,
    -0.07458000630140305,
    -0.035676077008247375,
    0.04761073738336563,
    -0.003960069734603167,
    -0.02650054730474949,
    0.011692415922880173,
    -0.019728371873497963,
    -0.022866003215312958,
    0.019773349165916443,
    0.012855986133217812,
    0.034300073981285095,
    0.028395002707839012,
    -0.03771079704165459,
    -0.010868088342249393,
    0.07682068645954132,
    -0.008419879712164402,
    -0.009000041522085667,
    -0.04064076021313667,
    -0.01572992652654648,
    -0.030800119042396545,
    -0.09453220665454865,
    -0.03890371322631836,
    0.018408244475722313,
    0.043122757226228714,
    -0.0282138641923666,
    0.04565124958753586,
    0.05408750846982002,
    0.0008760708151385188,
    -0.03317894786596298,
    -0.007196921389549971,
    -0.004387382883578539,
    -0.03824252262711525,
    0.049049071967601776,
    0.09008743613958359,
    0.030846238136291504,
    0.014971893280744553,
    0.011265577748417854,
    -0.015674231573939323,
    -0.0042390781454741955,
    0.011955102905631065,
    -0.022000417113304138,
    0.05425030365586281,
    -0.0034150031860917807,
    0.016920560970902443,
    -0.038581348955631256,
    -0.04661594331264496,
    -0.010457996279001236,
    -0.05769726261496544,
    -0.0396612174808979,
    -0.04880174994468689,
    0.032964032143354416,
    0.02074771374464035,
    0.034821029752492905,
    -0.06203688681125641,
    -0.10326264053583145,
    0.0296160951256752,
    -0.00377467880025506,
    -0.05979212746024132,
    0.0059495000168681145,
    0.09961436688899994,
    -0.01587529107928276,
    -0.0010739037534222007,
    0.0660235658288002,
    0.06337634474039078,
    0.0013691948261111975,
    -0.008556151762604713,
    -0.04695238918066025,
    -0.057809531688690186,
    0.0610831156373024,
    0.06858589500188828,
    0.03817439079284668,
    0.059027448296546936,
    0.009359410963952541,
    -0.08879752457141876,
    -0.043345093727111816,
    -0.060993436723947525,
    -0.027201015502214432,
    0.0036068784538656473,
    -0.04364275187253952,
    -0.08525815606117249,
    -0.04179266095161438,
    -0.06087452545762062,
    -0.0373789519071579,
    -0.0010370654053986073,
    0.046074364334344864,
    -0.002997920149937272,
    0.05119123309850693,
    0.0016472128918394446,
    -0.03477523475885391,
