{
  "embedding_files": [
    "gt_589.5s_f61.jpg",
    "gt_310.5s_f6.jpg",
    "gt_431.4s_f31.jpg",
    "new_1776234587132_gt_300.2s_f23.jpg",
    "new_1776234587132_gt_399.0s_f45.jpg"
  ],
  "backup_files": [
    "new_1776234587132_gt_499.6s_f71.jpg",
    "new_1777919080010_gt_111.1s_f86.jpg",
    "new_1777919080010_gt_162.7s_f157.jpg",
    "new_1777919080010_gt_179.4s_f182.jpg",
    "new_1777919080010_gt_194.9s_f207.jpg",
    "new_1777919080010_gt_210.8s_f149.jpg",
    "new_1777919080010_gt_212.6s_f236.jpg",
    "new_1777919080010_gt_241.4s_f174.jpg",
    "new_1777919080010_gt_77.5s_f32.jpg",
    "new_1777919080010_gt_86.3s_f30.jpg",
    "new_1777919080010_gt_93.8s_f63.jpg"
  ],
  "scores": {
    "gt_589.5s_f61.jpg": 4.5707,
    "gt_310.5s_f6.jpg": 3.3795,
    "gt_431.4s_f31.jpg": 3.0025
  },
  "approved_files": [
    "gt_589.5s_f61.jpg",
    "gt_310.5s_f6.jpg",
    "gt_431.4s_f31.jpg",
    "new_1776234587132_gt_300.2s_f23.jpg",
    "new_1776234587132_gt_399.0s_f45.jpg",
    "new_1776234587132_gt_499.6s_f71.jpg",
    "new_1777919080010_gt_111.1s_f86.jpg",
    "new_1777919080010_gt_162.7s_f157.jpg",
    "new_1777919080010_gt_179.4s_f182.jpg",
    "new_1777919080010_gt_194.9s_f207.jpg",
    "new_1777919080010_gt_210.8s_f149.jpg",
    "new_1777919080010_gt_212.6s_f236.jpg",
    "new_1777919080010_gt_241.4s_f174.jpg",
    "new_1777919080010_gt_77.5s_f32.jpg",
    "new_1777919080010_gt_86.3s_f30.jpg",
    "new_1777919080010_gt_93.8s_f63.jpg"
  ],
  "mean_embedding": [
    0.036348652094602585,
    0.018633201718330383,
    -0.026435498148202896,
    -0.014876696281135082,
    -0.03247200325131416,
    0.002671926049515605,
    -0.012399294413626194,
    -0.0033440210390836,
    -0.048101045191287994,
    -0.0032005130778998137,
    -0.06273946166038513,
    -0.09031900763511658,
    0.01952100358903408,
    0.005390373524278402,
    0.10645273327827454,
    -0.08884216845035553,
    0.10385358333587646,
    -0.00348086329177022,
    -0.016996975988149643,
    -0.05082962289452553,
    -0.010418323799967766,
    0.005445263348519802,
    -0.07306958734989166,
    -0.0317896232008934,
    0.09786316752433777,
    -0.02324056066572666,
    -0.011393321678042412,
    -0.07316648960113525,
    -0.04026271775364876,
    0.04532827064394951,
    -0.07247957587242126,
    0.04065531864762306,
    -0.029592197388410568,
    0.02737577073276043,
    0.06581670790910721,
    -0.024562114849686623,
    -0.024572111666202545,
    0.06570464372634888,
    0.003793109441176057,
    -0.0024111566599458456,
    0.038320332765579224,
    0.014493050053715706,
    -0.004676148295402527,
    -0.06630758941173553,
    -0.08300549536943436,
    0.022933488711714745,
    0.013064725324511528,
    0.017850443720817566,
    -0.02745927684009075,
    0.06045975908637047,
    0.061690498143434525,
    0.0363013856112957,
    0.007146382238715887,
    0.029072195291519165,
    0.09112975746393204,
    -0.01958451420068741,
    0.024021117016673088,
    -0.04607531800866127,
    -0.002954502124339342,
    0.11692991107702255,
    0.04451299086213112,
    0.06391583383083344,
    0.03712330386042595,
    -0.010071836411952972,
    0.009167526848614216,
    0.0027551783714443445,
    -0.02820841781795025,
    -0.06523071229457855,
    0.05772165581583977,
    0.04342687502503395,
    -0.003831133246421814,
    -0.015221526846289635,
    0.05248264968395233,
    -0.044887784868478775,
    -0.004712054971605539,
    0.0018102475441992283,
    0.046349067240953445,
    -0.007167971692979336,
    0.09362020343542099,
    -0.019075362011790276,
    0.041188351809978485,
    -0.11721037328243256,
    0.004776873160153627,
    0.006306941621005535,
    0.08751741796731949,
    0.019930990412831306,
    0.015164466574788094,
    0.0029551235493272543,
    0.05562412366271019,
    -0.06614763289690018,
    0.009639672935009003,
    0.037085216492414474,
    0.0655653327703476,
    0.01859024539589882,
    0.03199668973684311,
    -0.04633086174726486,
    0.02358580194413662,
    0.008706643246114254,
    0.027437420561909676,
    0.07632799446582794,
    -0.04851389676332474,
    0.05601828172802925,
    0.007088138721883297,
    -0.0634407252073288,
    0.004389866720885038,
    -0.028950005769729614,
    -0.0025941405910998583,
    -0.01793084107339382,
    0.01233652327209711,
    -0.08162222057580948,
    0.11398623138666153,
    0.08147253841161728,
    0.022518573328852654,
    -0.00788276456296444,
    -0.035872526466846466,
    -0.0016269974876195192,
    0.010098480619490147,
    0.011672602966427803,
    -0.07519283890724182,
    0.10043046623468399,
    0.024985672906041145,
    -0.03308820724487305,
    0.006344476714730263,
    -0.010035084560513496,
    -0.0031336266547441483,
    0.020061498507857323,
    0.021061839535832405,
    0.07456156611442566,
    0.048471685498952866,
    0.018734754994511604,
    -0.01619025319814682,
    0.032462894916534424,
    -0.011068448424339294,
    -0.05825195461511612,
    0.0071429358795285225,
    -0.023434128612279892,
    0.07309278100728989,
    0.00941251777112484,
    0.02861899510025978,
    -0.015107007697224617,
    0.002719542942941189,
    0.06360950320959091,
    0.020512210205197334,
    -0.028104888275265694,
    -0.03677796944975853,
    -0.036818765103816986,
    0.07501696050167084,
    0.008453729562461376,
    -0.009564141742885113,
    0.08648743480443954,
    -0.011463903822004795,
    0.015540010295808315,
    -0.012147558853030205,
    -0.047493088990449905,
    -0.07877936959266663,
    -0.02857169136404991,
    -0.0486009307205677,
    0.06987887620925903,
    -0.004327909555286169,
    0.11474382132291794,
    0.06120021641254425,
    -0.013235517777502537,
    0.029927564784884453,
    -0.025325799360871315,
    -0.02790190279483795,
    0.05558790639042854,
    -0.023409849032759666,
    0.008538697846233845,
    0.03357584401965141,
    0.014444766566157341,
    -0.029615633189678192,
    0.0034548358526080847,
    0.032097503542900085,
    0.01984589546918869,
    -0.017470840364694595,
    -0.006411257665604353,
    0.03455503284931183,
    -0.045950617641210556,
    -0.001526286592707038,
    0.04353034123778343,
    -0.016778459772467613,
    0.02444785088300705,
    -0.04691087082028389,
    -0.02815324254333973,
    -0.00824084784835577,
    -0.03807832673192024,
    0.0047921594232320786,
    -0.026206480339169502,
    0.01277205441147089,
    0.007917914539575577,
    -0.012173518538475037,
    0.017532313242554665,
    0.026106391102075577,
    -0.026104088872671127,
    -0.05707547441124916,
    -0.04859979823231697,
    0.026749175041913986,
    -0.007152850739657879,
    -0.026165246963500977,
    0.022712580859661102,
    -0.03478069230914116,
    -0.008300426416099072,
    0.023115644231438637,
    0.003887277329340577,
    0.04475109279155731,
    0.0535491518676281,
    -0.011187905445694923,
    -0.010590986348688602,
    0.09132323414087296,
    -0.005094979889690876,
    -0.00032112799817696214,
    -0.044344112277030945,
    -0.025849279016256332,
    -0.028426889330148697,
    -0.08986049145460129,
    -0.031141726300120354,
    0.013553588651120663,
    0.03313177078962326,
    -0.021815577521920204,
    0.04793922230601311,
    0.05000242963433266,
    -0.007802913431078196,
    -0.03180040046572685,
    -0.015919767320156097,
    -0.006275560241192579,
    -0.04854564741253853,
    0.044874005019664764,
    0.09141582250595093,
    0.022135235369205475,
    0.00806581974029541,
    0.011231355369091034,
    -0.02627466432750225,
    0.01230565831065178,
    0.0076424493454396725,
    -0.024516919627785683,
    0.04452075809240341,
    -0.0040331254713237286,
    0.02648148126900196,
    -0.041812293231487274,
    -0.030824346467852592,
    -0.022342633455991745,
    -0.06170028820633888,
    -0.04122978448867798,
    -0.04285438358783722,
    0.01380343921482563,
    0.029202625155448914,
    0.01479340996593237,
    -0.0548926517367363,
    -0.10391692817211151,
