{
  "embedding_files": [
    "gt_69.1s_f67.jpg",
    "gt_213.3s_f177.jpg",
    "gt_2.0s_f7.jpg",
    "gt_102.8s_f109.jpg",
    "gt_179.3s_f151.jpg"
  ],
  "backup_files": [
    "gt_140.2s_f119.jpg",
    "gt_35.4s_f37.jpg"
  ],
  "scores": {
    "gt_69.1s_f67.jpg": 22.123,
    "gt_2.0s_f7.jpg": 18.3904,
    "gt_35.4s_f37.jpg": 17.4513,
    "gt_102.8s_f109.jpg": 18.1032,
    "gt_140.2s_f119.jpg": 16.9862,
    "gt_179.3s_f151.jpg": 17.6707,
    "gt_213.3s_f177.jpg": 19.9645
  },
  "approved_files": [
    "gt_69.1s_f67.jpg",
    "gt_213.3s_f177.jpg",
    "gt_2.0s_f7.jpg",
    "gt_102.8s_f109.jpg",
    "gt_179.3s_f151.jpg",
    "gt_35.4s_f37.jpg",
    "gt_140.2s_f119.jpg"
  ],
  "mean_embedding": [
    -0.022206909954547882,
    -0.07934799045324326,
    -0.002268189564347267,
    0.06593689322471619,
    -0.0473671518266201,
    0.08786138147115707,
    -0.0534488782286644,
    0.0013070475542917848,
    -0.02068660594522953,
    -0.05888914316892624,
    0.09826329350471497,
    -0.016233675181865692,
    0.010226337239146233,
    0.003481682389974594,
    -0.030698111280798912,
    -0.035424403846263885,
    -0.006414498668164015,
    -0.08252298831939697,
    0.07170003652572632,
    -0.005287574604153633,
    -0.0018295543268322945,
    -0.0531533882021904,
    0.11040108650922775,
    0.04273715615272522,
    -0.030113978311419487,
    0.03758848458528519,
    -0.03506363555788994,
    -0.05721680447459221,
    0.09001367539167404,
    -0.045469075441360474,
    0.0040427749045193195,
    -0.02342275157570839,
    -0.04552420228719711,
    0.03698750585317612,
    0.02852269634604454,
    -0.003471881616860628,
    -0.10667350143194199,
    0.004059166181832552,
    -0.029772266745567322,
    0.008123851381242275,
    0.014127771370112896,
    -0.016319112852215767,
    -0.0078108180314302444,
    -0.012013060040771961,
    0.04639308527112007,
    0.0580163300037384,
    -0.009409131482243538,
    -0.004374110139906406,
    -0.044249147176742554,
    0.03376620635390282,
    0.003744331654161215,
    0.013911052606999874,
    -0.07709455490112305,
    0.01548079028725624,
    -0.04148009046912193,
    -0.008047422394156456,
    0.008557787165045738,
    -0.012673976831138134,
    0.0711284726858139,
    -0.06788035482168198,
    0.049815867096185684,
    -0.030607130378484726,
    -0.0555151142179966,
    0.0242855753749609,
    0.09117069095373154,
    0.03996671363711357,
    0.0459185428917408,
    -0.049439676105976105,
    0.05354813113808632,
    -0.06250086426734924,
    0.053076162934303284,
    0.03227447345852852,
    -0.0034212972968816757,
    0.015203672461211681,
    -0.013692142441868782,
    -0.01926470175385475,
    0.025902317836880684,
    0.04127974063158035,
    0.06536946445703506,
    0.032519616186618805,
    0.0025576306506991386,
    0.012006759643554688,
    0.06933300197124481,
    -0.0055652339942753315,
    -0.05645750090479851,
    -0.01096286065876484,
    -0.0033165679778903723,
    -0.015336458571255207,
    -0.017988694831728935,
    0.010838775895535946,
    0.10924220830202103,
    -0.0696069672703743,
    -0.007102624513208866,
    -0.05694098770618439,
    -0.03207499906420708,
    -0.06421411782503128,
    -0.04126669466495514,
    -0.06727609038352966,
    -0.03220808133482933,
    0.07800642400979996,
    -0.008486035279929638,
    -0.006459588184952736,
    0.10367225855588913,
    0.11745229363441467,
    0.009724660776555538,
    0.005255696829408407,
    -0.0077303252182900906,
    0.0017673230031505227,
    0.038947101682424545,
    0.08357635140419006,
    -0.07382655143737793,
    -0.06012262776494026,
    0.054885704070329666,
    0.036436181515455246,
    0.026216961443424225,
    -0.07845637202262878,
    0.07397367805242538,
    0.00610690051689744,
    -0.05011638253927231,
    -0.05382635444402695,
    -0.03202011436223984,
    0.036758504807949066,
    0.03917815908789635,
    0.058562323451042175,
    -0.02401612140238285,
    -0.0033571687527000904,
    -0.045652296394109726,
    -0.01672186329960823,
    0.04755748435854912,
    -0.039932891726493835,
    -0.018212825059890747,
    -0.03305976465344429,
    -0.027351034805178642,
    0.04731016978621483,
    0.0424194261431694,
    -0.013879841193556786,
    0.010964821092784405,
    -0.06352323293685913,
    -0.018829351291060448,
    -0.045113831758499146,
    -0.013120956718921661,
    -0.04579826816916466,
    -0.015603525564074516,
    0.015815163031220436,
    -0.005896614398807287,
    -0.028083674609661102,
    -0.01835096813738346,
    0.02159174531698227,
    0.001098180771805346,
    0.028120944276452065,
    -0.02807457372546196,
    -0.039682786911726,
    -0.009535479359328747,
    -0.028677023947238922,
    0.03259054198861122,
    0.017453419044613838,
    0.04440014436841011,
    -0.02594229020178318,
    -0.04669668897986412,
    0.026145972311496735,
    0.01710793748497963,
    -0.0008021246758289635,
    0.013042332604527473,
    -0.013141633942723274,
    -0.013408184982836246,
    0.008119615726172924,
    -0.07858996838331223,
    0.00020391249563544989,
    0.014094033278524876,
    0.01686769537627697,
    0.00596739212051034,
    0.08733874559402466,
    -0.009812873788177967,
    0.03298746049404144,
    0.03005540557205677,
    -0.01503758504986763,
    0.0013206532457843423,
    0.004041336011141539,
    0.06848099827766418,
    0.011380570009350777,
    -0.0028308620676398277,
    0.011460350826382637,
    0.008724250830709934,
    0.06148114427924156,
    0.058093585073947906,
    0.0020740076433867216,
    -0.0006061161402612925,
    0.005218592006713152,
    0.053477026522159576,
    -0.033322423696517944,
    -0.056177668273448944,
    0.0034880032762885094,
    -0.08586388826370239,
    0.11690431088209152,
    -0.022756896913051605,
    -0.046728964895009995,
    0.05146728456020355,
    -0.06077858433127403,
    -0.0376313254237175,
    0.00788772851228714,
    0.06576471775770187,
    -0.014917694963514805,
    -0.09252876043319702,
    -0.041396889835596085,
    0.02411937713623047,
    -0.0264790877699852,
    -0.02214677259325981,
    -0.04684846103191376,
    -0.06612612307071686,
    -0.02115725912153721,
    0.08692175894975662,
    0.052631184458732605,
    0.03881675750017166,
    -0.031176159158349037,
    -0.05446025729179382,
    -0.08039266616106033,
    -0.0117667680606246,
    0.019228126853704453,
    0.0058232457377016544,
    -0.05430908501148224,
    0.01711246185004711,
    -0.1046530231833458,
    0.04515722766518593,
    -0.060638368129730225,
    0.014473428949713707,
    -0.0022517135366797447,
    -0.02095695398747921,
    0.0707780122756958,
    -0.011368975974619389,
    -0.05926899611949921,
    -0.0497727207839489,
    -0.045426033437252045,
    0.0009002250735647976,
    0.010856350883841515,
    0.037928320467472076,
    0.023329755291342735,
    0.02698553539812565,
    -0.057032737880945206,
    0.07520250231027603,
    -0.03321849927306175,
    -0.033624108880758286,
    -0.039794035255908966,
    0.040655702352523804,
    -0.033708006143569946,
    0.029917234554886818,
    0.022018052637577057,
    -0.008428676053881645,
    0.06151856854557991,
    -0.012537249363958836,
    -0.06312929093837738,
    0.0056691039353609085,
    0.003914064262062311,
    0.005840383004397154,
    0.0238953810185194,
    -0.09116251766681671,
    0.01892668381333351,
    -0.050515737384557724,
    -0.041606515645980835,
    -0.05216147005558014,
    0.026971159502863884,
    0.043749503791332245,
    0.010081596672534943,
    -0.02969355508685112,
    -0.01807468757033348,
    0.051225315779447556,
    -0.012264225631952286,
    0.04308699816465378,
    -0.01197214424610138,
    -0.0008532287902198732,
    -0.0017131234053522348,
    -0.03868343308568001,
    -0.0013588063884526491,
    0.016816021874547005,
    0.053142987191677094,
    -0.01121037732809782,
    0.039114538580179214,
    -0.04190446436405182,
    0.0012845917372033,
    0.05300527811050415,
    -0.05710025504231453,
