{
  "embedding_files": [
    "gt_68.7s_f2.jpg",
    "gt_105.3s_f66.jpg",
    "gt_54.7s_f4.jpg",
    "gt_168.8s_f153.jpg",
    "gt_89.2s_f44.jpg",
    "gt_119.7s_f23.jpg",
    "gt_126.9s_f4.jpg",
    "gt_144.4s_f10.jpg",
    "gt_160.5s_f20.jpg",
    "gt_71.4s_f0.jpg",
    "gt_73.5s_f21.jpg",
    "gt_87.6s_f36.jpg",
    "gt_90.6s_f4.jpg"
  ],
  "backup_files": [
    "gt_26.2s_f14.jpg"
  ],
  "scores": {
    "gt_26.2s_f14.jpg": 10.4356,
    "gt_54.7s_f4.jpg": 21.5616,
    "gt_89.2s_f44.jpg": 21.2929,
    "gt_73.5s_f21.jpg": 18.9083,
    "gt_105.3s_f66.jpg": 24.442,
    "gt_168.8s_f153.jpg": 21.5192,
    "gt_68.7s_f2.jpg": 43.3916,
    "gt_87.6s_f36.jpg": 18.4898,
    "gt_90.6s_f4.jpg": 20.0598,
    "gt_119.7s_f23.jpg": 11.7113
  },
  "approved_files": [
    "gt_26.2s_f14.jpg",
    "gt_105.3s_f66.jpg",
    "gt_119.7s_f23.jpg",
    "gt_126.9s_f4.jpg",
    "gt_144.4s_f10.jpg",
    "gt_160.5s_f20.jpg",
    "gt_168.8s_f153.jpg",
    "gt_54.7s_f4.jpg",
    "gt_68.7s_f2.jpg",
    "gt_71.4s_f0.jpg",
    "gt_73.5s_f21.jpg",
    "gt_87.6s_f36.jpg",
    "gt_89.2s_f44.jpg",
    "gt_90.6s_f4.jpg"
  ],
  "mean_embedding": [
    -0.07506947219371796,
    0.05647335574030876,
    0.05928116664290428,
    0.01812737248837948,
    -0.05448268726468086,
    0.019258007407188416,
    0.008455917239189148,
    -0.047172900289297104,
    0.04993552342057228,
    0.07103307545185089,
    -0.029883582144975662,
    0.02202984131872654,
    0.035970356315374374,
    -0.004042693413794041,
    0.09130080789327621,
    0.0016805515624582767,
    0.03274737671017647,
    0.03350994363427162,
    0.003089197911322117,
    -0.02316906489431858,
    -0.02090374194085598,
    -0.05762697756290436,
    -0.016019092872738838,
    -0.02367435023188591,
    0.002321910113096237,
    -0.0037932931445538998,
    -0.009083946235477924,
    -0.08623511344194412,
    -0.05578076094388962,
    0.017724018543958664,
    -0.07796717435121536,
    0.038899604231119156,
    0.0032046884298324585,
    -0.03352288529276848,
    0.060565438121557236,
    -0.060379013419151306,
    0.015000974759459496,
    -0.05730796232819557,
    -0.02116577699780464,
    0.005815013311803341,
    0.020199397578835487,
    0.013665599748492241,
    0.07711932063102722,
    -0.0672459676861763,
    -0.018301861360669136,
    -0.03243064507842064,
    0.016245149075984955,
    0.02741212025284767,
    0.015283236280083656,
    -0.018937645480036736,
    0.010457158088684082,
    0.01147815864533186,
    0.011324421502649784,
    0.02671061083674431,
    0.04400745406746864,
    0.016191694885492325,
    -0.04046965762972832,
    -0.002017996972426772,
    0.09134971350431442,
    0.017640233039855957,
    0.028628403320908546,
    0.07179335504770279,
    0.03590114042162895,
    0.0030513794627040625,
    0.020130369812250137,
    -0.06231755390763283,
    -0.06292030960321426,
    0.05987904965877533,
    0.014072559773921967,
    0.004062126390635967,
    -0.008878874592483044,
    -0.05421227589249611,
    0.05739922076463699,
    0.008644556626677513,
    0.014521343633532524,
    0.03269345685839653,
    0.048508286476135254,
    -0.060854218900203705,
    0.06078067421913147,
    0.009799855761229992,
    -0.00015690895088482648,
    -0.02506757155060768,
    0.0487065352499485,
    -0.06893511116504669,
    0.013535735197365284,
    -0.04961938410997391,
    -0.024002540856599808,
    -0.049763549119234085,
    -0.018300622701644897,
    -0.05205943062901497,
    0.05849051475524902,
    0.021613627672195435,
    -0.0122069725766778,
    0.02423849143087864,
    -0.005095427390187979,
    -0.07507128268480301,
    -0.02106943167746067,
    -0.024757003411650658,
    -0.04058287665247917,
    0.003673163242638111,
    0.05293703079223633,
    -0.006256163120269775,
    0.024773607030510902,
    -0.02202748693525791,
    0.014262638054788113,
    0.028507888317108154,
    -0.04506309702992439,
    -0.04053865000605583,
    0.0244457870721817,
    -0.04504333436489105,
    0.04543733224272728,
    0.0017114246729761362,
    0.028647862374782562,
    -0.02836686559021473,
    0.008026073686778545,
    -0.0003063378680963069,
    -0.002601683372631669,
    0.010789620690047741,
    -0.05234123021364212,
    0.14960971474647522,
    -0.009003027342259884,
    0.0759112760424614,
    0.10034959018230438,
    -0.05948767438530922,
    -0.035679567605257034,
    0.034994978457689285,
    0.03022383525967598,
    0.050668466836214066,
    0.010614842176437378,
    -0.008427783846855164,
    -0.09825710952281952,
    0.04393432289361954,
    -0.008700627833604813,
    0.02065887488424778,
    0.005294842645525932,
    0.024164939299225807,
    0.0751628428697586,
    0.0775848850607872,
    0.011228898540139198,
    0.006858055014163256,
    0.0044819675385952,
    0.009861261583864689,
    -0.0031173478346318007,
    0.017352376133203506,
    -0.04104562848806381,
    0.041414543986320496,
    0.005015270318835974,
    0.015828527510166168,
    -0.07594037801027298,
    -0.007897267118096352,
    0.051138073205947876,
    0.04334193095564842,
    -0.05529671162366867,
    -0.019413746893405914,
    0.02369997464120388,
    0.06641080230474472,
    -0.0321681909263134,
    0.03604292497038841,
    0.01702517829835415,
    0.023808304220438004,
    -0.02131633460521698,
    -0.04328460618853569,
    -0.043791066855192184,
    -0.06258738785982132,
    -0.03879951313138008,
    0.0676087811589241,
    0.04151460528373718,
    -0.04585007578134537,
    -0.023045796900987625,
    0.03537430614233017,
    -0.0783768966794014,
    -0.017365114763379097,
    0.03245910257101059,
    0.1290292888879776,
    -0.05940711125731468,
    0.047713253647089005,
    0.012870032340288162,
    -0.0306338369846344,
    0.002008427632972598,
    0.03682393208146095,
    0.0037121737841516733,
    0.050270725041627884,
    -0.05916786938905716,
    -0.050404731184244156,
    -0.0677555575966835,
    0.04062313586473465,
    -0.02032281830906868,
    -0.051498521119356155,
    -0.08194945752620697,
    0.102947898209095,
    0.0025841803289949894,
    -0.040953539311885834,
    0.028079122304916382,
    -0.00868243258446455,
    -0.022363778203725815,
    -0.0176966805011034,
    -0.046947628259658813,
    0.03173235058784485,
    0.06947525590658188,
    0.045729849487543106,
    0.015332587994635105,
    -0.05300500616431236,
    -0.014354945160448551,
    -0.06410889327526093,
    -0.040944911539554596,
    -0.017235223203897476,
    0.0378042608499527,
    0.018441827967762947,
    0.04719967767596245,
    0.03923671692609787,
    0.03231895714998245,
    0.0008526796591468155,
    0.02800917811691761,
    0.09495645761489868,
    0.0010484420927241445,
    0.009573915041983128,
    -0.08970512449741364,
    0.03077308088541031,
    -0.03345916047692299,
    0.05721092224121094,
    0.03688585385680199,
    -0.03126486390829086,
    0.011064854450523853,
    0.04721960797905922,
    -0.014401113614439964,
    -0.041106414049863815,
    0.013018776662647724,
    0.0004809067468158901,
    -0.08033329248428345,
    -0.0269243773072958,
    -0.016754694283008575,
    -0.03957239165902138,
    0.10021151602268219,
    0.02676745317876339,
    -0.013201449066400528,
    0.05031067132949829,
    0.027598589658737183,
    0.015307579189538956,
    -0.005061836913228035,
    -0.002288104733452201,
    0.010871315374970436,
    0.01070866733789444,
    -0.0017919152742251754,
    0.01447385735809803,
    0.0370362289249897,
    -0.06400271505117416,
    0.01517454907298088,
    0.0015673814341425896,
    -0.10505219548940659,
    -0.04741157218813896,
    0.023599233478307724,
    -0.014837204478681087,
    0.05041167140007019,
    0.041463453322649,
    0.05555180460214615,
    -0.03507554903626442,
    -0.005783464293926954,
    0.02727164886891842,
    -0.002402475569397211,
    0.050695814192295074,
    0.0005556640098802745,
    -0.0767514780163765,
    0.05252204090356827,
    0.04902462661266327,
    0.004851505160331726,
