{
  "embedding_files": [
    "gt_69.1s_f74.jpg",
    "gt_2.0s_f14.jpg",
    "gt_140.2s_f138.jpg",
    "gt_35.4s_f44.jpg",
    "gt_179.3s_f161.jpg"
  ],
  "backup_files": [
    "gt_102.8s_f100.jpg"
  ],
  "scores": {
    "gt_69.1s_f74.jpg": 8.6047,
    "gt_2.0s_f14.jpg": 7.9437,
    "gt_35.4s_f44.jpg": 6.6286,
    "gt_102.8s_f100.jpg": 3.5663,
    "gt_140.2s_f138.jpg": 7.7623,
    "gt_179.3s_f161.jpg": 3.6228
  },
  "approved_files": [
    "gt_69.1s_f74.jpg",
    "gt_2.0s_f14.jpg",
    "gt_140.2s_f138.jpg",
    "gt_35.4s_f44.jpg",
    "gt_179.3s_f161.jpg",
    "gt_102.8s_f100.jpg"
  ],
  "mean_embedding": [
    -0.04158644378185272,
    -0.0220014825463295,
    -0.009427565149962902,
    -0.0348338857293129,
    -0.02854328043758869,
    0.025894351303577423,
    -0.039199862629175186,
    0.0236577857285738,
    -0.04557081311941147,
    0.06767018139362335,
    0.025080163031816483,
    0.012909880839288235,
    -0.029490036889910698,
    -0.03772347420454025,
    -0.08101087063550949,
    -0.029034798964858055,
    0.02751181274652481,
    -0.03683449327945709,
    -0.016762197017669678,
    0.01584811508655548,
    0.06474265456199646,
    0.02573864348232746,
    -0.024331947788596153,
    -0.04692782461643219,
    0.12122930586338043,
    0.012925904244184494,
    -0.06256642937660217,
    -0.008638434112071991,
    0.08370819687843323,
    0.006331394426524639,
    0.038603704422712326,
    -0.029471449553966522,
    0.015302726067602634,
    -0.0013404088094830513,
    0.06869455426931381,
    0.02242155186831951,
    -0.023959185928106308,
    0.019016921520233154,
    0.021518927067518234,
    0.026995781809091568,
    -0.012332814745604992,
    0.0262982826679945,
    -0.0635460689663887,
    0.04359762370586395,
    0.07295723259449005,
    -0.03566117212176323,
    0.010130847804248333,
    0.04717507213354111,
    0.0193933192640543,
    0.05580378323793411,
    -0.004658919759094715,
    0.03988426551222801,
    -0.04289035499095917,
    0.03234907239675522,
    0.007572431582957506,
    0.09928751736879349,
    0.012873196043074131,
    -0.10681793838739395,
    0.013893648982048035,
    -0.013380104675889015,
    -0.02332146279513836,
    -0.025546954944729805,
    -0.027459241449832916,
    0.059292472898960114,
    0.03176193684339523,
    0.05392761901021004,
    0.0037923373747617006,
    -0.029660090804100037,
    0.039563488215208054,
    0.0313885323703289,
    -0.07563982158899307,
    0.03220020607113838,
    0.05175727605819702,
    0.009497265331447124,
    -0.05377979949116707,
    -0.03437769412994385,
    -0.04566669464111328,
    0.05268801748752594,
    0.0005036346847191453,
    0.03957394137978554,
    0.0469108410179615,
    -0.08225280791521072,
    -0.02314171940088272,
    -0.0634857565164566,
    -0.005895697046071291,
    -0.00709820631891489,
    0.021749522536993027,
    0.0314929373562336,
    0.03619581088423729,
    -0.015881070867180824,
    0.06153349578380585,
    0.02227250300347805,
    -0.01669909432530403,
    -0.07376411557197571,
    -0.09456023573875427,
    -0.036290593445301056,
    -0.04802903160452843,
    0.015450406819581985,
    0.0011674532433971763,
    0.06857539713382721,
    0.015370829962193966,
    -0.06027720868587494,
    0.04686633124947548,
    0.02247880958020687,
    0.04625159129500389,
    0.04519478976726532,
    0.034963831305503845,
    -0.09996610134840012,
    0.05781164765357971,
    -0.01776176132261753,
    -0.014614604413509369,
    -0.07590559124946594,
    -0.025084802880883217,
    -0.04150622710585594,
    -0.011104107834398746,
    0.005935650784522295,
    0.0425700768828392,
    0.006080806255340576,
    -0.03146146982908249,
    0.08182165771722794,
    -0.050130948424339294,
    0.03688353672623634,
    -0.04771953821182251,
    -0.0374293252825737,
    0.004642235115170479,
    0.058706242591142654,
    -0.013537288643419743,
    -0.06334284693002701,
    -0.011699370108544827,
    -0.05420098081231117,
    -0.04137657582759857,
    0.002934984862804413,
    0.003544122213497758,
    0.004200474824756384,
    -0.08463606983423233,
    -0.06363067030906677,
    0.01862233318388462,
    0.027051420882344246,
    -0.003738698549568653,
    0.013118193484842777,
    0.0075246915221214294,
    -0.053722918033599854,
    -0.012800084426999092,
    0.07727167755365372,
    0.050999950617551804,
    -0.0513196624815464,
    -0.04289107024669647,
    -0.06885390728712082,
    -0.00824535172432661,
    -0.027962032705545425,
    0.04724615439772606,
    0.016666388139128685,
    -0.010336937382817268,
    -0.07975980639457703,
    0.005719315260648727,
    -0.015540926717221737,
    0.025020744651556015,
    0.007521737366914749,
    0.039785463362932205,
    0.08151493221521378,
    0.007665869314223528,
    0.021190159022808075,
    -0.016474919393658638,
    0.09023776650428772,
    -0.013590929098427296,
    0.05377427488565445,
    -0.10902725160121918,
    -0.006889264099299908,
    -0.03384441137313843,
    -0.0254233218729496,
    -0.0381755530834198,
    0.03163661062717438,
    0.06447213143110275,
    0.028874322772026062,
    -0.004003130830824375,
    -0.1071397066116333,
    -0.004629168659448624,
    0.06008072942495346,
    0.049619462341070175,
    0.033493608236312866,
    -0.07640206813812256,
    0.00547078438103199,
    0.022659488022327423,
    -0.030294833704829216,
    0.001257814117707312,
    -0.0007413601269945502,
    -0.08043523132801056,
    0.00009931370004778728,
    -0.03124319016933441,
    -0.009036635048687458,
    -0.04737130180001259,
    0.060953784734010696,
    -0.015972767025232315,
    0.08345038443803787,
    -0.020080706104636192,
    -0.03344094753265381,
    0.1282411813735962,
    -0.014345354400575161,
    -0.002628105226904154,
    -0.06343355774879456,
    -0.02503603883087635,
    -0.0426502600312233,
    0.03571869432926178,
    0.07127533853054047,
    0.0619286373257637,
    0.02198481746017933,
    -0.013811051845550537,
    -0.030072391033172607,
    0.020422326400876045,
    -0.01416870392858982,
    0.05636876821517944,
    -0.0335579589009285,
    -0.05444706231355667,
    0.06032166630029678,
    -0.08792933076620102,
    0.0647369846701622,
    -0.008385270833969116,
    0.02657894976437092,
    0.0017558870604261756,
    0.022797808051109314,
    -0.019429082050919533,
    0.016330799087882042,
    -0.05971555411815643,
    0.01392989419400692,
    0.06429103761911392,
    -0.029900576919317245,
    -0.03444334492087364,
    0.09548069536685944,
    0.032165851444005966,
    0.024539265781641006,
    0.03301488235592842,
    0.024117913097143173,
    -0.05094800144433975,
    -0.08843015879392624,
    0.09106596559286118,
    0.04918535426259041,
    -0.0319499671459198,
    -0.011530566029250622,
    -0.02959543466567993,
    0.053827110677957535,
    -0.01912606507539749,
    -0.005473440047353506,
    -0.011446965858340263,
    0.034006353467702866,
    0.05714385583996773,
    -0.019971953704953194,
    0.04252896457910538,
    -0.008619042113423347,
    0.040278974920511246,
    0.015501422807574272,
    0.052202947437763214,
    -0.03505941480398178,
    0.04090454801917076,
    0.031224051490426064,
    -0.00622407253831625,
    0.041671328246593475,
    -0.02389979548752308,
    -0.08868522197008133,
    0.03978770971298218,
    0.0004581768298521638,
    0.027836468070745468,
    -0.06424378603696823,
    -0.0211613941937685,
    0.020793858915567398,
    -0.10689692944288254,
    0.0035588445607572794,
    0.030168896540999413,
    0.08070583641529083,
    0.011550713330507278,
    0.03284831717610359,
    -0.020713377743959427,
    -0.06045088917016983,
    0.047931402921676636,
    -0.04571815952658653,
    0.01670234277844429,
    -0.010935221798717976,
    -0.044569652527570724,
    0.030155140906572342,
    -0.01690116710960865,
    0.010588324628770351,
    0.015391053631901741,
    -0.058444514870643616,
    0.017125260084867477,
    0.009518229402601719,
    -0.030064506456255913,
