{
  "embedding_files": [
    "gt_310.5s_f5.jpg",
    "gt_1051.3s_f139.jpg",
    "gt_589.5s_f56.jpg",
    "gt_742.8s_f79.jpg",
    "gt_890.5s_f105.jpg"
  ],
  "backup_files": [
    "gt_431.4s_f28.jpg"
  ],
  "scores": {
    "gt_310.5s_f5.jpg": 46.1928,
    "gt_589.5s_f56.jpg": 31.5712,
    "gt_431.4s_f28.jpg": 9.6758,
    "gt_742.8s_f79.jpg": 29.9018,
    "gt_890.5s_f105.jpg": 10.2291,
    "gt_1051.3s_f139.jpg": 31.7393
  },
  "approved_files": [
    "gt_310.5s_f5.jpg",
    "gt_1051.3s_f139.jpg",
    "gt_589.5s_f56.jpg",
    "gt_742.8s_f79.jpg",
    "gt_890.5s_f105.jpg",
    "gt_431.4s_f28.jpg"
  ],
  "mean_embedding": [
    0.022048095241189003,
    -0.02355661615729332,
    0.05431249365210533,
    -0.021938851103186607,
    0.055343400686979294,
    -0.03621833026409149,
    -0.06261706352233887,
    0.01925778202712536,
    -0.037592869251966476,
    -0.03663334622979164,
    -0.04709943011403084,
    0.0129748759791255,
    -0.022247346118092537,
    -0.04000072553753853,
    0.038689158856868744,
    -0.003431049408391118,
    0.015509868040680885,
    0.0074925352819263935,
    0.03681068867444992,
    -0.028779249638319016,
    0.026107124984264374,
    0.009852900169789791,
    -0.058866947889328,
    0.013636361807584763,
    0.06034316122531891,
    -0.02900521829724312,
    -0.0761185884475708,
    -0.05870075896382332,
    0.06450989097356796,
    -0.08548834174871445,
    -0.03336930647492409,
    -0.06979294121265411,
    0.04691749066114426,
    -0.01005108654499054,
    0.002244665753096342,
    0.041328564286231995,
    -0.07763960212469101,
    -0.04552812874317169,
    -0.05064573511481285,
    0.08107732981443405,
    0.031332869082689285,
    -0.04086926206946373,
    -0.04322844371199608,
    0.01603054255247116,
    0.004702994134277105,
    -0.0070859272964298725,
    0.05710532143712044,
    0.08780987560749054,
    0.01734071411192417,
    0.03813421353697777,
    0.024094128981232643,
    0.016774361953139305,
    -0.010975361801683903,
    0.014309617690742016,
    0.012708527036011219,
    0.08910425007343292,
    -0.035750050097703934,
    -0.0016193962655961514,
    -0.010624872520565987,
    -0.05896439403295517,
    -0.05670733004808426,
    0.011231780052185059,
    -0.059797145426273346,
    0.0006669817375950515,
    0.06180509179830551,
    -0.002571979770436883,
    -0.01665116287767887,
    -0.027845190837979317,
    0.038474034518003464,
    -0.043521422892808914,
    -0.0037164143286645412,
    -0.016607485711574554,
    0.03747041895985603,
    0.01743953488767147,
    -0.03756517916917801,
    0.02778051048517227,
    0.03209628164768219,
    -0.03927170857787132,
    0.03987912833690643,
    -0.0283043310046196,
    -0.003150325734168291,
    -0.07995696365833282,
    -0.03736471012234688,
    0.024580392986536026,
    -0.07265689224004745,
    -0.00506227370351553,
    -0.003585444763302803,
    -0.046812526881694794,
    0.07179628312587738,
    -0.04428813233971596,
    0.0637212023139,
    -0.005062502343207598,
    -0.06914481520652771,
    -0.06541239470243454,
    -0.05417976528406143,
    -0.033979836851358414,
    -0.003132629906758666,
    -0.025422818958759308,
    -0.053988825529813766,
    -0.04400664567947388,
    -0.03932619094848633,
    0.046845220029354095,
    0.018652837723493576,
    0.05537448078393936,
    0.1215694397687912,
    0.04510815814137459,
    0.04547438025474548,
    -0.009030193090438843,
    0.02899336814880371,
    -0.04746679589152336,
    -0.015055697411298752,
    0.03840293735265732,
    0.021437352523207664,
    -0.07884818315505981,
    0.037138842046260834,
    0.005157443694770336,
    0.027519768103957176,
    0.06120464205741882,
    -0.0875181257724762,
    0.02752203308045864,
    0.039487991482019424,
    0.035451922565698624,
    -0.006010148674249649,
    0.02354278415441513,
    -0.02011222019791603,
    0.09554988145828247,
    0.004459383897483349,
    0.010324223898351192,
    0.04479283094406128,
    -0.004503379110246897,
    0.027332916855812073,
    0.04768100380897522,
    -0.034167446196079254,
    -0.03348696976900101,
    -0.005089962389320135,
    -0.04293041676282883,
    0.01831214502453804,
    0.021020356565713882,
    -0.014494717121124268,
    0.02325158379971981,
    0.044949039816856384,
    -0.03194885328412056,
    -0.020884186029434204,
    -0.040711574256420135,
    -0.03146994113922119,
    0.0375492237508297,
    -0.02846309170126915,
    -0.004435183480381966,
    0.06024838238954544,
    -0.005553357768803835,
    -0.021081451326608658,
    -0.038873545825481415,
    -0.016884543001651764,
    -0.05565668269991875,
    0.05189002305269241,
    0.022906724363565445,
    -0.08410464227199554,
    -0.03489658236503601,
    0.02278740704059601,
    0.09846778213977814,
    0.0017453256295993924,
    0.031867630779743195,
    -0.045888010412454605,
    0.04928969219326973,
    -0.06344600766897202,
    0.08175589889287949,
    0.010813633911311626,
    -0.01073066983371973,
    -0.009300087578594685,
    -0.04813813045620918,
    0.056500472128391266,
    0.01542250718921423,
    -0.032202839851379395,
    0.023538369685411453,
    0.006768230814486742,
    -0.007921304553747177,
    -0.015831954777240753,
    0.017648322507739067,
    0.05613141506910324,
    0.06816840916872025,
    -0.0178367979824543,
    -0.042029157280921936,
    -0.049963850528001785,
    -0.009034602902829647,
    -0.0867999792098999,
    -0.04389761760830879,
    0.017137223854660988,
    -0.05496631935238838,
    0.046247079968452454,
    -0.03903742507100105,
    -0.051983870565891266,
    -0.013011087663471699,
    -0.031317539513111115,
    0.01661115512251854,
    0.057740747928619385,
    -0.057638175785541534,
    0.048339951783418655,
    -0.10256768763065338,
    -0.007804185152053833,
    0.0034479647874832153,
    0.06386221945285797,
    -0.05310925841331482,
    -0.071300208568573,
    0.042462676763534546,
    0.08070152252912521,
    0.05532094091176987,
    -0.004256285727024078,
    0.05724630504846573,
    -0.08861713856458664,
    0.0072517008520662785,
    0.05407387390732765,
    0.04693662375211716,
    0.006074087228626013,
    0.008052715100347996,
    0.03593040257692337,
    0.04071316495537758,
    -0.026835469529032707,
    0.0020544123835861683,
    -0.02387833781540394,
    -0.006140164565294981,
    -0.006873871199786663,
    -0.013902031816542149,
    -0.04914138838648796,
    -0.02531908079981804,
    0.09909186512231827,
    -0.007163919508457184,
    -0.02431272342801094,
    0.12377369403839111,
    0.06519000977277756,
    -0.04043646901845932,
    -0.09002047777175903,
    -0.06448867917060852,
    0.04659658670425415,
    -0.05779151991009712,
    0.001259139273315668,
    0.03232995793223381,
    0.010329860262572765,
    -0.03992288559675217,
    -0.003909449093043804,
    -0.0017377061303704977,
    -0.02830527350306511,
    -0.0077034481801092625,
    -0.03549696505069733,
    -0.05395307391881943,
    0.011207048781216145,
    -0.042818330228328705,
    -0.0015098047442734241,
    -0.034236472100019455,
    0.06506365537643433,
    -0.024596381932497025,
    0.09163833409547806,
    0.027620071545243263,
    0.021766964346170425,
    0.06512772291898727,
    0.02698892168700695,
    0.021909544244408607,
    -0.006742843426764011,
    0.028837738558650017,
    0.01822907105088234,
    -0.03706150874495506,
    0.04178044945001602,
    -0.05136916786432266,
    -0.01724511943757534,
    -0.04457126557826996,
    0.008850888349115849,
    0.008581654168665409,
    -0.028981255367398262,
    -0.027875231578946114,
    0.036522481590509415,
    0.01799747906625271,
    -0.005998507607728243,
    0.08702254295349121,
    0.07104866951704025,
    -0.03303804248571396,
    -0.008081446401774883,
    0.025710677728056908,
    -0.03667950630187988,
    0.01485269796103239,
    0.005980806890875101,
    0.11159709095954895,
    -0.04826812446117401,
    -0.01919676549732685,
    -0.0070955208502709866,
