{
  "embedding_files": [
    "gt_310.5s_f5.jpg",
    "gt_1051.3s_f139.jpg",
    "gt_589.5s_f56.jpg",
    "gt_742.8s_f79.jpg",
    "gt_890.5s_f105.jpg"
  ],
  "backup_files": [
    "gt_431.4s_f28.jpg"
  ],
  "scores": {
    "gt_310.5s_f5.jpg": 46.1928,
    "gt_589.5s_f56.jpg": 31.5712,
    "gt_431.4s_f28.jpg": 9.6758,
    "gt_742.8s_f79.jpg": 29.9018,
    "gt_890.5s_f105.jpg": 10.2291,
    "gt_1051.3s_f139.jpg": 31.7393
  },
  "approved_files": [
    "gt_310.5s_f5.jpg",
    "gt_1051.3s_f139.jpg",
    "gt_589.5s_f56.jpg",
    "gt_742.8s_f79.jpg",
    "gt_890.5s_f105.jpg",
    "gt_431.4s_f28.jpg"
  ],
  "mean_embedding": [
    0.02337372675538063,
    -0.020874056965112686,
    0.05604592338204384,
    -0.009498447179794312,
    0.05568981543183327,
    -0.03747869282960892,
    -0.05821327492594719,
    0.011640558019280434,
    -0.038363710045814514,
    -0.023674657568335533,
    -0.046430811285972595,
    -0.005859690718352795,
    -0.027388114482164383,
    -0.042904987931251526,
    0.03259842097759247,
    -0.004817423410713673,
    0.019634515047073364,
    0.01366821676492691,
    0.03557887300848961,
    -0.02631334401667118,
    0.032731976360082626,
    0.009753015823662281,
    -0.057747144252061844,
    0.03173260763287544,
    0.07329977303743362,
    -0.033046118915081024,
    -0.07192854583263397,
    -0.05886685475707054,
    0.0530712716281414,
    -0.07942654192447662,
    -0.0407659076154232,
    -0.0763624906539917,
    0.04162374883890152,
    -0.021801184862852097,
    0.0037292432971298695,
    0.034471165388822556,
    -0.07747542858123779,
    -0.04821183159947395,
    -0.0524459034204483,
    0.08311131596565247,
    0.02330458164215088,
    -0.038378339260816574,
    -0.05106319114565849,
    0.013026551343500614,
    -0.0028702670242637396,
    0.000601284671574831,
    0.059410884976387024,
    0.0768173336982727,
    0.01810077205300331,
    0.03649572283029556,
    0.031491514295339584,
    0.012922334484755993,
    0.0031526261009275913,
    0.020590193569660187,
    0.01205605361610651,
    0.09821532666683197,
    -0.03703802824020386,
    -0.003959229215979576,
    -0.006792615167796612,
    -0.05687379837036133,
    -0.06349186599254608,
    0.01202299166470766,
    -0.05991275608539581,
    -0.00737591041252017,
    0.06199027970433235,
    -0.002185738179832697,
    -0.01210580300539732,
    -0.01663162000477314,
    0.04050819203257561,
    -0.036525264382362366,
    0.009379724971950054,
    -0.00824413076043129,
    0.04241703450679779,
    0.019097475335001945,
    -0.03876292333006859,
    0.027040215209126472,
    0.028585560619831085,
    -0.04734903201460838,
    0.048483956605196,
    -0.03370248153805733,
    0.0022727318573743105,
    -0.07367099821567535,
    -0.03735796734690666,
    0.02301958203315735,
    -0.07791738957166672,
    -0.011892317794263363,
    0.002078174613416195,
    -0.04493784159421921,
    0.0691719576716423,
    -0.03452947363257408,
    0.085091732442379,
    0.003409831551834941,
    -0.06648480892181396,
    -0.06436353176832199,
    -0.0641348585486412,
    -0.03211887553334236,
    -0.005636393558233976,
    -0.02223583497107029,
    -0.05776948481798172,
    -0.02846497856080532,
    -0.033953405916690826,
    0.05268777161836624,
    0.026406405493617058,
    0.060465555638074875,
    0.11020654439926147,
    0.05420461669564247,
    0.040682192891836166,
    -0.013004623353481293,
    0.02270478755235672,
    -0.04269403964281082,
    -0.020478656515479088,
    0.02835511602461338,
    0.020886000245809555,
    -0.0884256586432457,
    0.03787476569414139,
    0.015495329163968563,
    0.030023274943232536,
    0.06414242088794708,
    -0.08018238097429276,
    0.019827671349048615,
    0.03826400265097618,
    0.03619459643959999,
    -0.008390365168452263,
    0.008864246308803558,
    -0.008032520301640034,
    0.08637689799070358,
    0.0051951962523162365,
    -0.0003686094132717699,
    0.05302689969539642,
    -0.0019556423649191856,
    0.02138223871588707,
    0.037105657160282135,
    -0.030657144263386726,
    -0.03735166788101196,
    -0.024875210598111153,
    -0.03939778730273247,
    0.008520038798451424,
    0.022272717207670212,
    -0.022799912840127945,
    0.015267113223671913,
    0.05032280087471008,
    -0.0398939773440361,
    -0.022244730964303017,
    -0.04248363897204399,
    -0.031780581921339035,
    0.030120819807052612,
    -0.028565140441060066,
    -0.00539500592276454,
    0.051754992455244064,
    -0.004076986573636532,
    -0.02605782449245453,
    -0.03994166478514671,
    -0.018373290076851845,
    -0.06597714126110077,
    0.05324490740895271,
    0.021787749603390694,
    -0.08632220327854156,
    -0.04040994867682457,
    0.01615276373922825,
    0.09635154157876968,
    0.002411633962765336,
    0.03246580436825752,
    -0.03245147690176964,
    0.04344869777560234,
    -0.07280329614877701,
    0.08120116591453552,
    0.002875123405829072,
    -0.003640880575403571,
    -0.013272000476717949,
    -0.05293814465403557,
    0.04396761208772659,
    0.014922374859452248,
    -0.02307932823896408,
    0.01356894988566637,
    0.009030095301568508,
    -0.009536124765872955,
    -0.013005810789763927,
    0.014986513182520866,
    0.0634930208325386,
    0.07631851732730865,
    -0.019908908754587173,
    -0.03784329444169998,
    -0.048386670649051666,
    -0.00970421265810728,
    -0.0840849056839943,
    -0.030062129721045494,
    0.019548624753952026,
    -0.05182557553052902,
    0.03716328367590904,
    -0.04327107593417168,
    -0.040238864719867706,
    -0.020118530839681625,
    -0.03338466212153435,
    0.022983094677329063,
    0.0505174957215786,
    -0.05466149002313614,
    0.053780097514390945,
    -0.0990782231092453,
    -0.008214296773076057,
    -0.0015466985059902072,
    0.07895719259977341,
    -0.05190768465399742,
    -0.068214051425457,
    0.030307816341519356,
    0.0893656462430954,
    0.04483283683657646,
    -0.0037788068875670433,
    0.0657399445772171,
    -0.0813937559723854,
    0.018546605482697487,
    0.05667897313833237,
    0.052956659346818924,
    0.00446733133867383,
    0.019424481317400932,
    0.027380941435694695,
    0.032622430473566055,
    -0.029524067416787148,
    -0.0014134636148810387,
    -0.008480586111545563,
    -0.010718507692217827,
    -0.020046861842274666,
    -0.006509277503937483,
    -0.046657368540763855,
    -0.013656203635036945,
    0.08912146836519241,
    -0.004925318527966738,
    -0.02698858082294464,
    0.1277756243944168,
    0.06587638705968857,
    -0.03962084278464317,
    -0.09074856340885162,
    -0.05574967712163925,
    0.0550314299762249,
    -0.0547713041305542,
    0.010388343594968319,
    0.03247546777129173,
    -0.004085713066160679,
    -0.041975945234298706,
    -0.008279410190880299,
    0.0186641626060009,
    -0.025274010375142097,
    -0.016315704211592674,
    -0.03746132552623749,
    -0.05899998918175697,
    0.021312762051820755,
    -0.03223966062068939,
    0.010707174427807331,
    -0.03355473279953003,
    0.05885505676269531,
    -0.034654200077056885,
    0.09384185075759888,
    0.023411104455590248,
    0.024295680224895477,
    0.048876285552978516,
    0.019101940095424652,
    0.022615468129515648,
    0.0015220107743516564,
    0.04156499728560448,
    0.021964481100440025,
    -0.03921550139784813,
    0.048405662178993225,
    -0.058085545897483826,
    -0.018902847543358803,
    -0.04306149482727051,
    -0.00010356874554418027,
    0.016858691349625587,
    -0.031121641397476196,
    -0.026603318750858307,
    0.04030739143490791,
    0.017257343977689743,
    -0.018266715109348297,
    0.08311047405004501,
    0.07888910919427872,
    -0.04833319038152695,
    -0.002294400008395314,
    0.03592637553811073,
    -0.033519115298986435,
    0.011997099034488201,
    0.016495876014232635,
    0.11118734627962112,
    -0.05216248333454132,
    -0.025072965770959854,
    -0.005976586602628231,
    0.03854412958025932,
