{
  "embedding_files": [
    "gt_67.2s_f13.jpg",
    "gt_310.5s_f5.jpg",
    "gt_212.6s_f221.jpg",
    "gt_101.7s_f58.jpg",
    "gt_1051.3s_f139.jpg",
    "gt_128.3s_f92.jpg",
    "gt_145.3s_f126.jpg",
    "gt_86.3s_f36.jpg"
  ],
  "backup_files": [
    "gt_589.5s_f56.jpg",
    "gt_742.8s_f79.jpg"
  ],
  "scores": {
    "gt_310.5s_f5.jpg": 46.1928,
    "gt_589.5s_f56.jpg": 31.5712,
    "gt_742.8s_f79.jpg": 29.9018,
    "gt_1051.3s_f139.jpg": 31.7393,
    "gt_145.3s_f126.jpg": 27.0503,
    "gt_128.3s_f92.jpg": 25.9535,
    "gt_212.6s_f221.jpg": 44.0927,
    "gt_67.2s_f13.jpg": 53.5444,
    "gt_101.7s_f58.jpg": 36.1473,
    "gt_86.3s_f36.jpg": 27.6975
  },
  "approved_files": [
    "gt_310.5s_f5.jpg",
    "gt_1051.3s_f139.jpg",
    "gt_589.5s_f56.jpg",
    "gt_742.8s_f79.jpg",
    "gt_101.7s_f58.jpg",
    "gt_128.3s_f92.jpg",
    "gt_145.3s_f126.jpg",
    "gt_212.6s_f221.jpg",
    "gt_67.2s_f13.jpg",
    "gt_86.3s_f36.jpg"
  ],
  "mean_embedding": [
    0.040774863213300705,
    -0.03915831819176674,
    0.04548543691635132,
    -0.015280554071068764,
    0.061850983649492264,
    -0.045605581253767014,
    -0.053812939673662186,
    -0.00010694067896110937,
    -0.06271767616271973,
    -0.009433140978217125,
    -0.039268601685762405,
    0.0096325958147645,
    -0.04529479891061783,
    -0.03769447281956673,
    0.03335953876376152,
    -0.00020508019952103496,
    0.02984708920121193,
    -0.0107154231518507,
    0.03438711538910866,
    -0.026241911575198174,
    0.011851041577756405,
    0.015672549605369568,
    -0.026870185509324074,
    0.02007216401398182,
    0.06157348304986954,
    -0.03689635172486305,
    -0.07980392873287201,
    -0.06704311817884445,
    0.07630300521850586,
    -0.0667203813791275,
    -0.03740927204489708,
    -0.043435972183942795,
    0.0389273464679718,
    -0.012733136303722858,
    -0.00777052529156208,
    0.039868712425231934,
    -0.0727623924612999,
    -0.04960893094539642,
    -0.06330107897520065,
    0.07521803677082062,
    0.02026321552693844,
    -0.06427972763776779,
    -0.07416215538978577,
    0.023776516318321228,
    0.006543227471411228,
    -0.017004676163196564,
    0.026309264823794365,
    0.06793063879013062,
    -0.01651758886873722,
    0.0422355942428112,
    0.0370822548866272,
    0.0014917285880073905,
    -0.002670722082257271,
    0.03864074870944023,
    -0.00609919149428606,
    0.0895470529794693,
    -0.025497078895568848,
    0.015569192357361317,
    0.012598363682627678,
    -0.056699272245168686,
    -0.041928138583898544,
    0.010529858991503716,
    -0.0740649476647377,
    -0.009790180251002312,
    0.0726732611656189,
    -0.023224161937832832,
    -0.009437368251383305,
    -0.028989262878894806,
    0.02841372787952423,
    -0.043645989149808884,
    -0.0007974794716574252,
    0.01633988879621029,
    0.033473752439022064,
    0.017564617097377777,
    -0.043141838163137436,
    0.03261912241578102,
    0.0360262505710125,
    -0.03325636684894562,
    0.03887166455388069,
    -0.01779671385884285,
    -0.006493031047284603,
    -0.08112737536430359,
    -0.0680355355143547,
    0.006110373884439468,
    -0.08791574835777283,
    0.022915927693247795,
    0.02178793027997017,
    -0.04891020059585571,
    0.04264120012521744,
    -0.04055102542042732,
    0.07715919613838196,
    -0.007832948118448257,
    -0.043103817850351334,
    -0.04705390706658363,
    -0.06309450417757034,
    -0.036396339535713196,
    0.012247215956449509,
    -0.02918335609138012,
    -0.0552988201379776,
    -0.05002861097455025,
    -0.045042507350444794,
    0.058726195245981216,
    0.021396838128566742,
    0.07877003401517868,
    0.10966267436742783,
    0.05468960106372833,
    0.022504841908812523,
    0.0011986367171630263,
    0.01686185598373413,
    0.0028375021647661924,
    -0.020269373431801796,
    0.022250188514590263,
    0.05202265456318855,
    -0.08009050786495209,
    0.047744784504175186,
    0.02062743715941906,
    0.022206872701644897,
    0.03979862481355667,
    -0.0884614884853363,
    0.009765657596290112,
    0.029416551813483238,
    0.024339282885193825,
    -0.012052524834871292,
    0.004332191310822964,
    -2.4275521354866214e-05,
    0.07233879715204239,
    -0.016941366717219353,
    -0.0026352289132773876,
    0.0339188426733017,
    0.016830667853355408,
    0.042619429528713226,
    0.0509125292301178,
    -0.06651651114225388,
    -0.05607478320598602,
    -0.03272880241274834,
    -0.05211055651307106,
    0.017728764563798904,
    0.0019239159300923347,
    -0.03279593586921692,
    0.035864297300577164,
    0.03956437483429909,
    -0.043479882180690765,
    -0.015018756501376629,
    -0.032431889325380325,
    -0.02853230945765972,
    0.050940368324518204,
    -0.0510600320994854,
    -0.0006952554685994983,
    0.022091012448072433,
    -0.028958501294255257,
    0.0038256768602877855,
    -0.04375811293721199,
    0.0027903171721845865,
    -0.06276866048574448,
    0.04258430749177933,
    0.03689179569482803,
    -0.07771018147468567,
    -0.06799934804439545,
    0.011099837720394135,
    0.06468869000673294,
    0.011516271159052849,
    0.055367033928632736,
    -0.06407350301742554,
    0.024699566885828972,
    -0.04817342013120651,
    0.07017911970615387,
    -0.0025635298807173967,
    -0.0076643358916044235,
    -0.03638354688882828,
    -0.037113700062036514,
    0.04791583865880966,
    0.028002366423606873,
    -0.010894511826336384,
    0.02469128742814064,
    0.02374282293021679,
    -0.02890397235751152,
    0.0009171288111247122,
    0.023519137874245644,
    0.05868125706911087,
    0.0764922946691513,
    0.009131183847784996,
    -0.030444305390119553,
    -0.06925652921199799,
    0.00029576217639259994,
    -0.09304671734571457,
    -0.022538404911756516,
    0.0025878343731164932,
    -0.06708143651485443,
    0.022628575563430786,
    -0.0287706907838583,
    -0.01730937510728836,
    0.0003089224628638476,
    -0.046275246888399124,
    0.035108208656311035,
    0.04395156726241112,
    -0.07307839393615723,
    0.06806917488574982,
    -0.09840475022792816,
    -0.022491374984383583,
    -0.013721741735935211,
    0.06831833720207214,
    -0.022627735510468483,
    -0.06915657967329025,
    0.01615331321954727,
    0.06915532797574997,
    0.048921696841716766,
    0.0015668594278395176,
    0.05675169453024864,
    -0.07873637229204178,
    -0.01608610898256302,
    0.06098444014787674,
    0.03180575370788574,
    0.022315358743071556,
    -0.0068474882282316685,
    0.015245331451296806,
    0.02655627392232418,
    -0.02436123415827751,
    -0.009530298411846161,
    -0.008873535320162773,
    0.0038158546667546034,
    -0.006293425336480141,
    0.005259931553155184,
    -0.04724368825554848,
    -0.02160092070698738,
    0.08753996342420578,
    -0.0004478279151953757,
    -0.01107324380427599,
    0.1304640769958496,
    0.06543612480163574,
    -0.05185878276824951,
    -0.06820400059223175,
    -0.05189570039510727,
    0.047142136842012405,
    -0.02386588416993618,
    0.0574842244386673,
    0.03659426420927048,
    0.002799216890707612,
    -0.057440731674432755,
    -0.012641165405511856,
    -0.008113173767924309,
    -0.023719090968370438,
    -0.022264137864112854,
    -0.030166827142238617,
    -0.030868764966726303,
    0.02503846026957035,
    -0.02938433550298214,
    0.023415176197886467,
    -0.027820371091365814,
    0.0750662311911583,
    -0.04414953291416168,
    0.11236775666475296,
    0.022892914712429047,
    0.03230902925133705,
    0.03270653635263443,
    -0.023855598643422127,
    0.02983200177550316,
    -0.011406449601054192,
    0.03257529437541962,
    0.04147825017571449,
    -0.0025376109406352043,
    0.030573638156056404,
    -0.03499249741435051,
    -0.02249160036444664,
    -0.0150710204616189,
    0.015458735637366772,
    0.03752532973885536,
    -0.026006318628787994,
    -0.023487605154514313,
    0.04530273750424385,
    0.025127552449703217,
