{
  "embedding_files": [
    "gt_300.2s_f26.jpg",
    "gt_499.6s_f66.jpg",
    "gt_399.0s_f44.jpg",
    "gt_324.5s_f82.jpg",
    "gt_211.2s_f10.jpg"
  ],
  "backup_files": [
    "gt_117.2s_f1.jpg",
    "gt_217.1s_f44.jpg"
  ],
  "scores": {
    "gt_324.5s_f82.jpg": 22.4304,
    "gt_217.1s_f44.jpg": 4.3923,
    "gt_117.2s_f1.jpg": 2.9492,
    "gt_300.2s_f26.jpg": 35.5769,
    "gt_399.0s_f44.jpg": 23.7329,
    "gt_211.2s_f10.jpg": 14.4837,
    "gt_499.6s_f66.jpg": 26.9239
  },
  "approved_files": [
    "gt_324.5s_f82.jpg",
    "gt_217.1s_f44.jpg",
    "gt_117.2s_f1.jpg",
    "gt_211.2s_f10.jpg",
    "gt_300.2s_f26.jpg",
    "gt_399.0s_f44.jpg",
    "gt_499.6s_f66.jpg"
  ],
  "mean_embedding": [
    0.04282020404934883,
    0.036189962178468704,
    -0.03186973184347153,
    0.09062512218952179,
    -0.028083544224500656,
    0.04495542123913765,
    -0.04025578126311302,
    0.07803834229707718,
    -0.0762755498290062,
    0.005120465997606516,
    0.03400696441531181,
    -0.05967506393790245,
    -0.042281970381736755,
    -0.007328360341489315,
    0.021394746378064156,
    -0.009457170031964779,
    0.003195900935679674,
    -0.009188051335513592,
    -0.015841763466596603,
    -0.051882121711969376,
    0.032961856573820114,
    -0.022528449073433876,
    0.0034910617396235466,
    0.008954554796218872,
    0.0017747192177921534,
    -0.006149225868284702,
    0.0306373480707407,
    -0.0023992580827325583,
    -0.04495707526803017,
    0.0014900799142196774,
    0.01584392599761486,
    -0.03742083162069321,
    -0.0027818146627396345,
    0.056818559765815735,
    0.04253305867314339,
    0.007672513369470835,
    -0.021804053336381912,
    0.01570713520050049,
    0.08001575618982315,
    -0.000474615691928193,
    -0.009150722064077854,
    -0.06766848266124725,
    0.05080811679363251,
    0.044264595955610275,
    -0.033056240528821945,
    0.0064152562990784645,
    -0.06880738586187363,
    -0.04950699210166931,
    0.03739132359623909,
    -0.020343977957963943,
    0.016222812235355377,
    0.007872601971030235,
    -0.06130834296345711,
    0.05664968490600586,
    0.042048368602991104,
    -0.037501100450754166,
    -0.002576881553977728,
    -0.040324099361896515,
    0.01703518256545067,
    0.040161214768886566,
    -0.00040625224937684834,
    -0.015363040380179882,
    -0.052917201071977615,
    0.009008346125483513,
    0.008744507096707821,
    0.05427569895982742,
    0.06966379284858704,
    -0.0567660816013813,
    0.038930028676986694,
    0.03452169522643089,
    0.04016033560037613,
    -0.030031291767954826,
    0.044127605855464935,
    -0.015604832209646702,
    -0.03342347964644432,
    -0.12677820026874542,
    -0.05115003138780594,
    -0.025783883407711983,
    0.06088188290596008,
    0.050116438418626785,
    0.0014985722955316305,
    -0.007079986855387688,
    -0.03354218602180481,
    -0.022367114201188087,
    0.007690794765949249,
    -0.05401993915438652,
    -0.014105884358286858,
    0.03063630312681198,
    -0.003103004302829504,
    0.028791652992367744,
    -0.015066850930452347,
    0.04758763313293457,
    -0.03183317556977272,
    0.07930060476064682,
    -0.01518456544727087,
    0.00426869373768568,
    -0.012498567812144756,
    -0.05612551048398018,
    -0.034601230174303055,
    0.030549749732017517,
    0.05390061438083649,
    -0.0192438755184412,
    0.06497297435998917,
    0.018808884546160698,
    -0.0350046306848526,
    -0.005767669528722763,
    -0.0062653739005327225,
    -0.0002066316083073616,
    0.06707994639873505,
    -0.03369864821434021,
    0.03999217227101326,
    -0.0539613775908947,
    0.0041262684389948845,
    0.05763183906674385,
    -0.03836361691355705,
    -0.0708342045545578,
    0.06846058368682861,
    -0.03214505314826965,
    0.028115317225456238,
    -0.02093510329723358,
    0.027194460853934288,
    0.00926828384399414,
    -0.05404128134250641,
    0.04916945472359657,
    0.0413658507168293,
    0.06099662184715271,
    0.04473448917269707,
    -0.04745246469974518,
    -0.0030424136202782393,
    -0.025110986083745956,
    -0.05394693464040756,
    -0.0338774211704731,
    -0.046815257519483566,
    -0.008103305473923683,
    0.03990395367145538,
    -0.07054945826530457,
    0.019487934187054634,
    -0.05023815110325813,
    0.05876414105296135,
    -0.002113874303176999,
    0.07992588728666306,
    0.04620105028152466,
    -0.02101229690015316,
    0.026272790506482124,
    -0.010693867690861225,
    -0.016567785292863846,
    -0.034243881702423096,
    -0.014895169995725155,
    -0.06434682756662369,
    0.11841285228729248,
    0.011970004998147488,
    -0.0319947823882103,
    0.0013561868108808994,
    0.0032807833049446344,
    -0.03789927065372467,
    -0.026125872507691383,
    0.04667259007692337,
    -0.07048175483942032,
    -0.03437022492289543,
    0.006146338302642107,
    0.06273961812257767,
    -0.041996028274297714,
    0.0660436823964119,
    0.037034206092357635,
    -0.04575779289007187,
    -0.003636357607319951,
    -0.08159481734037399,
    0.1629161685705185,
    -0.021300597116351128,
    0.015715379267930984,
    -0.010880164802074432,
    0.005055235233157873,
    0.04236368462443352,
    0.05967748537659645,
    0.029130982235074043,
    -0.07917312532663345,
    0.12980446219444275,
    -0.06394834071397781,
    0.006726850289851427,
    0.019477201625704765,
    0.0305696539580822,
    -0.0382661446928978,
    -0.027826989069581032,
    0.017401350662112236,
    0.024968700483441353,
    0.006696245167404413,
    0.0017074751667678356,
    0.03311832621693611,
    -0.03190610557794571,
    0.05141347646713257,
    -0.03930472210049629,
    -0.026086030527949333,
    0.01682175137102604,
    -0.005265232641249895,
    -0.024257013574242592,
    0.06411070376634598,
    0.08014045655727386,
    0.031019404530525208,
    -0.09525366872549057,
    0.05074853077530861,
    -0.014856289140880108,
    0.007704135496169329,
    -0.004504174459725618,
    -0.10385964810848236,
    0.003081123810261488,
    -0.033858977258205414,
    -0.06639404594898224,
    -0.05832095816731453,
    0.0005797610501758754,
    0.038010373711586,
    0.01860128901898861,
    0.04062940552830696,
    -0.012473671697080135,
    0.004967584274709225,
    -0.12915265560150146,
    -0.009486133232712746,
    -0.0714208260178566,
    0.034150779247283936,
    -0.006280769128352404,
    -0.03755784034729004,
    -0.012086511589586735,
    -0.05370477959513664,
    -0.029088277369737625,
    -0.04606246203184128,
    0.03063751570880413,
    0.006014897953718901,
    -0.06428995728492737,
    0.022799860686063766,
    0.05335439741611481,
    0.004242619499564171,
    0.04443613439798355,
    -0.025794437155127525,
    -0.03426003083586693,
    -0.08395574986934662,
    0.060296282172203064,
    0.03531378135085106,
    -0.0041277604177594185,
    0.034347373992204666,
    -0.11978160589933395,
    0.024179229512810707,
    -0.027432287111878395,
    -0.03664753586053848,
    0.004471068736165762,
    -0.05455207824707031,
    0.009556304663419724,
    -0.023211495950818062,
    0.02104388177394867,
    0.030242877081036568,
    0.006307017989456654,
    0.01925749145448208,
    -0.032608527690172195,
    0.007539757993072271,
    0.013335539028048515,
    0.057472627609968185,
    -0.030079849064350128,
    -0.02290693111717701,
    -0.008882644586265087,
    -0.031002400442957878,
    -0.03194437175989151,
    -0.0639302209019661,
    -0.03232739120721817,
    -0.08493632078170776,
    0.053092364221811295,
    0.00016280797717627138,
    0.02508976124227047,
    -0.011132561601698399,
    0.04249997437000275,
    0.04358358308672905,
    -0.013580353930592537,
    -0.044851236045360565,
    -0.06150438264012337,
    0.03234202787280083,
    0.005735908169299364,
    0.01750367321074009,
    -0.0191660076379776,
    0.01039531733840704,
    -0.015720875933766365,
    0.06828746199607849,
    0.015549525618553162,
    -0.07290378957986832,
