{
  "embedding_files": [
    "gt_300.2s_f26.jpg",
    "gt_499.6s_f66.jpg",
    "gt_399.0s_f44.jpg",
    "gt_324.5s_f82.jpg",
    "gt_211.2s_f10.jpg"
  ],
  "backup_files": [
    "gt_117.2s_f1.jpg",
    "gt_217.1s_f44.jpg"
  ],
  "scores": {
    "gt_324.5s_f82.jpg": 22.4304,
    "gt_217.1s_f44.jpg": 4.3923,
    "gt_117.2s_f1.jpg": 2.9492,
    "gt_300.2s_f26.jpg": 35.5769,
    "gt_399.0s_f44.jpg": 23.7329,
    "gt_211.2s_f10.jpg": 14.4837,
    "gt_499.6s_f66.jpg": 26.9239
  },
  "approved_files": [
    "gt_324.5s_f82.jpg",
    "gt_217.1s_f44.jpg",
    "gt_117.2s_f1.jpg",
    "gt_211.2s_f10.jpg",
    "gt_300.2s_f26.jpg",
    "gt_399.0s_f44.jpg",
    "gt_499.6s_f66.jpg"
  ],
  "mean_embedding": [
    0.038630567491054535,
    0.041137874126434326,
    -0.03652980923652649,
    0.0817771926522255,
    -0.026136618107557297,
    0.04756562039256096,
    -0.04194234684109688,
    0.06912952661514282,
    -0.07628770172595978,
    0.009699872694909573,
    0.03902239724993706,
    -0.06715202331542969,
    -0.036386165767908096,
    -0.006030531134456396,
    0.017118021845817566,
    -0.007586211431771517,
    0.0014596899272873998,
    -0.004366367124021053,
    -0.014049746096134186,
    -0.05433078110218048,
    0.03269423544406891,
    -0.028904102742671967,
    0.007239471655339003,
    0.009777793660759926,
    0.002193709369748831,
    -0.0006117782322689891,
    0.03358113393187523,
    -0.009293798357248306,
    -0.03539486974477768,
    0.007399765308946371,
    0.017774993553757668,
    -0.031417880207300186,
    -0.0027651784475892782,
    0.05567743629217148,
    0.04304809123277664,
    0.01183946244418621,
    -0.02342505380511284,
    0.00852908380329609,
    0.07911508530378342,
    0.00042976130498573184,
    -0.009229983203113079,
    -0.06889823079109192,
    0.05139823630452156,
    0.04104583337903023,
    -0.03563057258725166,
    0.002095672534778714,
    -0.07027669250965118,
    -0.0427413135766983,
    0.03799387067556381,
    -0.024052375927567482,
    0.02525346353650093,
    0.006470171734690666,
    -0.06309393048286438,
    0.05457519367337227,
    0.04337448999285698,
    -0.03375212103128433,
    -0.00634833425283432,
    -0.043020982295274734,
    0.018001245334744453,
    0.03987637907266617,
    -0.0002207458164775744,
    -0.029100686311721802,
    -0.060010772198438644,
    0.01590121164917946,
    0.005094959866255522,
    0.053675875067710876,
    0.07245702296495438,
    -0.052028726786375046,
    0.039317164570093155,
    0.035508111119270325,
    0.038981638848781586,
    -0.03082701936364174,
    0.043533142656087875,
    -0.01566583290696144,
    -0.03068896010518074,
    -0.12707535922527313,
    -0.04949747025966644,
    -0.02276414819061756,
    0.061501480638980865,
    0.04417307302355766,
    -0.005905086640268564,
    -0.003518905723467469,
    -0.02936566062271595,
    -0.01950550451874733,
    0.009607390500605106,
    -0.05735452473163605,
    -0.02065541222691536,
    0.029040254652500153,
    -0.003640513401478529,
    0.03171521797776222,
    -0.012176678515970707,
    0.05284017324447632,
    -0.02198842726647854,
    0.07694995403289795,
    -0.008667826652526855,
    0.009829355403780937,
    -0.011678562499582767,
    -0.054687872529029846,
    -0.03353593870997429,
    0.029729455709457397,
    0.05485699698328972,
    -0.02489723637700081,
    0.06615288555622101,
    0.018363768234848976,
    -0.0353076234459877,
    -0.002050295937806368,
    -0.005222025327384472,
    -0.0057162391021847725,
    0.06852420419454575,
    -0.030517227947711945,
    0.03127916157245636,
    -0.05424698814749718,
    -0.0008635069243609905,
    0.05769122764468193,
    -0.038408249616622925,
    -0.07030486315488815,
    0.06828474998474121,
    -0.04018575698137283,
    0.03230460360646248,
    -0.022512221708893776,
    0.025697311386466026,
    0.01591302827000618,
    -0.0599573478102684,
    0.05318407714366913,
    0.03489278629422188,
    0.061053112149238586,
    0.042367588728666306,
    -0.04503164812922478,
    -0.004666904453188181,
    -0.027112387120723724,
    -0.06090754643082619,
    -0.03569520637392998,
    -0.04861805588006973,
    -0.011916185729205608,
    0.038248177617788315,
    -0.06959698349237442,
    0.020356057211756706,
    -0.04894999414682388,
    0.05888897553086281,
    0.0016401488101109862,
    0.07628527283668518,
    0.04529278725385666,
    -0.0300921443849802,
    0.021872101351618767,
    -0.013305366970598698,
    -0.023235727101564407,
    -0.034721724689006805,
    -0.014104090631008148,
    -0.06517787277698517,
    0.12250002473592758,
    0.005559919402003288,
    -0.025503063574433327,
    9.15792043088004e-05,
    0.0018002953147515655,
    -0.03824181109666824,
    -0.023566627874970436,
    0.04113250598311424,
    -0.06715989112854004,
    -0.03589519113302231,
    0.005977163091301918,
    0.07180733233690262,
    -0.04117533192038536,
    0.06602969020605087,
    0.043660882860422134,
    -0.046654220670461655,
    -0.002200721763074398,
    -0.0799354687333107,
    0.1630765199661255,
    -0.017874974757432938,
    0.016389096155762672,
    -0.012737360782921314,
    0.00041183200664818287,
    0.03518170118331909,
    0.05886358767747879,
    0.027890438213944435,
    -0.0829552486538887,
    0.12662841379642487,
    -0.06229120120406151,
    0.0017502623377367854,
    0.01951153576374054,
    0.040381986647844315,
    -0.03520616143941879,
    -0.02587280422449112,
    0.017164772376418114,
    0.034305717796087265,
    0.007241129409521818,
    0.0007044767844490707,
    0.028452562168240547,
    -0.03479169309139252,
    0.050378505140542984,
    -0.04052554443478584,
    -0.027980448678135872,
    0.02018623985350132,
    -0.011200277134776115,
    -0.032005924731492996,
    0.06362415105104446,
    0.08095549792051315,
    0.02602127566933632,
    -0.0953586995601654,
    0.05064014345407486,
    -0.013264945708215237,
    0.0049127256497740746,
    -0.0007426035008393228,
    -0.1058841198682785,
    0.010129057802259922,
    -0.037012893706560135,
    -0.06899867951869965,
    -0.0592784658074379,
    -0.00262348516844213,
    0.03617813438177109,
    0.0185162965208292,
    0.043745800852775574,
    -0.010925018228590488,
    0.008418623358011246,
    -0.12795604765415192,
    -0.009746639989316463,
    -0.06784725934267044,
    0.030883362516760826,
    -0.003110995516180992,
    -0.047387778759002686,
    -0.01492692157626152,
    -0.060045186430215836,
    -0.035409584641456604,
    -0.0474943183362484,
    0.02680792100727558,
    0.008783549070358276,
    -0.06512613594532013,
    0.025653619319200516,
    0.049087174236774445,
    0.0051485090516507626,
    0.04308890923857689,
    -0.0318877175450325,
    -0.0316835455596447,
    -0.08469202369451523,
    0.06137029081583023,
    0.037013038992881775,
    -0.009167234413325787,
    0.028106220066547394,
    -0.12021934986114502,
    0.020158039405941963,
    -0.024905050173401833,
    -0.0418437235057354,
    0.010003337636590004,
    -0.05263994634151459,
    0.005344131961464882,
    -0.02629314735531807,
    0.021199829876422882,
    0.027659446001052856,
    -0.00047687406186014414,
    0.020163416862487793,
    -0.03432055935263634,
    0.002394873881712556,
    0.010736067779362202,
    0.058441031724214554,
    -0.03674568980932236,
    -0.02521314099431038,
    -0.004152420908212662,
    -0.033430762588977814,
    -0.034336499869823456,
    -0.06140677630901337,
    -0.03134150430560112,
    -0.09296049922704697,
    0.0531318373978138,
    0.004935596138238907,
    0.017309146001935005,
    -0.016631094738841057,
    0.041273366659879684,
    0.04257592931389809,
    -0.013479476794600487,
    -0.042596131563186646,
    -0.06438605487346649,
    0.03444196283817291,
    0.0016175475902855396,
    0.011524165980517864,
    -0.019579803571105003,
    0.010836432687938213,
    -0.022394709289073944,
    0.07009019702672958,
    0.01272312831133604,
    -0.07161916047334671,
