{
  "embedding_files": [
    "gt_300.2s_f26.jpg",
    "gt_499.6s_f66.jpg",
    "gt_399.0s_f44.jpg",
    "gt_324.5s_f82.jpg",
    "gt_211.2s_f10.jpg"
  ],
  "backup_files": [
    "gt_217.1s_f44.jpg",
    "gt_117.2s_f1.jpg"
  ],
  "scores": {
    "gt_324.5s_f82.jpg": 22.4304,
    "gt_217.1s_f44.jpg": 4.3923,
    "gt_117.2s_f1.jpg": 2.9492,
    "gt_300.2s_f26.jpg": 35.5769,
    "gt_399.0s_f44.jpg": 23.7329,
    "gt_211.2s_f10.jpg": 14.4837,
    "gt_499.6s_f66.jpg": 26.9239
  },
  "approved_files": [
    "gt_324.5s_f82.jpg",
    "gt_217.1s_f44.jpg",
    "gt_117.2s_f1.jpg",
    "gt_211.2s_f10.jpg",
    "gt_300.2s_f26.jpg",
    "gt_399.0s_f44.jpg",
    "gt_499.6s_f66.jpg"
  ],
  "mean_embedding": [
    0.042815640568733215,
    0.03618548437952995,
    -0.03186614066362381,
    0.09065090119838715,
    -0.028073662891983986,
    0.04495185986161232,
    -0.04023792967200279,
    0.07802221924066544,
    -0.07624483108520508,
    0.005113234743475914,
    0.03402633219957352,
    -0.05968095362186432,
    -0.04228500649333,
    -0.007316237315535545,
    0.021398432552814484,
    -0.009470978751778603,
    0.0031855145934969187,
    -0.009210494346916676,
    -0.01587238535284996,
    -0.05192478373646736,
    0.032995596528053284,
    -0.02254731021821499,
    0.003474624827504158,
    0.008935236372053623,
    0.0017788517288863659,
    -0.006155251991003752,
    0.030634528025984764,
    -0.002384036313742399,
    -0.04493500292301178,
    0.001488932641223073,
    0.015826772898435593,
    -0.037423454225063324,
    -0.0027795545756816864,
    0.05681449547410011,
    0.04251670464873314,
    0.007651282008737326,
    -0.0218032393604517,
    0.015689030289649963,
    0.08002474159002304,
    -0.00047034892486408353,
    -0.009157826192677021,
    -0.06764937192201614,
    0.05079898238182068,
    0.04424989968538284,
    -0.03305383026599884,
    0.006406447384506464,
    -0.06883183866739273,
    -0.049526747316122055,
    0.03740738332271576,
    -0.02034660615026951,
    0.01622367650270462,
    0.007858442142605782,
    -0.06129375845193863,
    0.05665947496891022,
    0.04207292199134827,
    -0.037479884922504425,
    -0.00260087288916111,
    -0.04034676402807236,
    0.01701696775853634,
    0.040160760283470154,
    -0.0004041532229166478,
    -0.015373104251921177,
    -0.05288872867822647,
    0.009004796855151653,
    0.008756681345403194,
    0.054265353828668594,
    0.06963713467121124,
    -0.05676984786987305,
    0.03894936293363571,
    0.03452597185969353,
    0.04019201174378395,
    -0.03001648746430874,
    0.04411328583955765,
    -0.015639565885066986,
    -0.03342156112194061,
    -0.12677425146102905,
    -0.05115828290581703,
    -0.025774801149964333,
    0.060885295271873474,
    0.050111234188079834,
    0.001514144940301776,
    -0.007097301539033651,
    -0.033539123833179474,
    -0.022368354722857475,
    0.0076878550462424755,
    -0.05404286086559296,
    -0.014077254571020603,
    0.030621659010648727,
    -0.0030850854236632586,
    0.028791090473532677,
    -0.015069018118083477,
    0.04758637398481369,
    -0.031840384006500244,
    0.07930969446897507,
    -0.015173313207924366,
    0.004281570669263601,
    -0.012501508928835392,
    -0.0561351478099823,
    -0.03463653102517128,
    0.030544038861989975,
    0.05387570336461067,
    -0.019222265109419823,
    0.0650114044547081,
    0.018821869045495987,
    -0.034993015229701996,
    -0.005760577507317066,
    -0.006253787316381931,
    -0.00022216384240891784,
    0.06707186251878738,
    -0.03369402512907982,
    0.039983149617910385,
    -0.053953491151332855,
    0.004118154291063547,
    0.0576067790389061,
    -0.038370292633771896,
    -0.07083424180746078,
    0.06846077740192413,
    -0.03214222192764282,
    0.028119774535298347,
    -0.020947525277733803,
    0.02719777636229992,
    0.009279591962695122,
    -0.05404483526945114,
    0.049175843596458435,
    0.04138729348778725,
    0.06099072843790054,
    0.04473092779517174,
    -0.04745805263519287,
    -0.0030581860337406397,
    -0.025090886279940605,
    -0.053956784307956696,
    -0.03387584537267685,
    -0.04682176932692528,
    -0.00813039019703865,
    0.03989376127719879,
    -0.07055460661649704,
    0.019495099782943726,
    -0.05025794357061386,
    0.05873258784413338,
    -0.0021203160285949707,
    0.07992184162139893,
    0.04618779569864273,
    -0.021023960784077644,
    0.026267513632774353,
    -0.010703138075768948,
    -0.01655309647321701,
    -0.0342596061527729,
    -0.014888330362737179,
    -0.06432157009840012,
    0.11838990449905396,
    0.011975361965596676,
    -0.03199058026075363,
    0.0013883315259590745,
    0.0032512566540390253,
    -0.03790850564837456,
    -0.026135701686143875,
    0.046670690178871155,
    -0.07044469565153122,
    -0.03438403457403183,
    0.006166304461658001,
    0.06273301690816879,
    -0.04199964180588722,
    0.06606606394052505,
    0.0370367169380188,
    -0.04577818512916565,
    -0.0036580644082278013,
    -0.08158601075410843,
    0.16292978823184967,
    -0.021310806274414062,
    0.015684571117162704,
    -0.010905229486525059,
    0.005072978790849447,
    0.042368870228528976,
    0.05966571345925331,
    0.029121650382876396,
    -0.0791827142238617,
    0.12982961535453796,
    -0.06396540999412537,
    0.006750219501554966,
    0.01948513649404049,
    0.030571168288588524,
    -0.03827638551592827,
    -0.02779056876897812,
    0.017398497089743614,
    0.02493695169687271,
    0.006675181444734335,
    0.0017220762092620134,
    0.03312608227133751,
    -0.03191189467906952,
    0.05139736086130142,
    -0.039299242198467255,
    -0.026079917326569557,
    0.01678973250091076,
    -0.005247721914201975,
    -0.024246089160442352,
    0.06408292800188065,
    0.08014794439077377,
    0.031012985855340958,
    -0.09522713720798492,
    0.05075955018401146,
    -0.014835447072982788,
    0.007691779639571905,
    -0.004508841782808304,
    -0.10386177897453308,
    0.003105740761384368,
    -0.03384614363312721,
    -0.06639832258224487,
    -0.05830075219273567,
    0.0005663992487825453,
    0.038016822189092636,
    0.018626101315021515,
    0.0406307727098465,
    -0.01246306486427784,
    0.004948242101818323,
    -0.1291552186012268,
    -0.009467627853155136,
    -0.07140185683965683,
    0.034154243767261505,
    -0.006289664190262556,
    -0.03754620626568794,
    -0.012099171057343483,
    -0.05368543788790703,
    -0.029106296598911285,
    -0.04605438932776451,
    0.03063865192234516,
    0.006007532123476267,
    -0.06429719924926758,
    0.022816671058535576,
    0.053323641419410706,
    0.00422950042411685,
    0.04443828761577606,
    -0.02579796500504017,
    -0.03426660969853401,
    -0.08395057916641235,
    0.06027396395802498,
    0.03531692922115326,
    -0.004108338616788387,
    0.03434399142861366,
    -0.11978980153799057,
    0.024181412532925606,
    -0.027455955743789673,
    -0.03666853904724121,
    0.004485274665057659,
    -0.05455252528190613,
    0.009546920657157898,
    -0.023203376680612564,
    0.021036900579929352,
    0.03023056499660015,
    0.006317082326859236,
    0.01925359107553959,
    -0.03260552138090134,
    0.0075338855385780334,
    0.013317899778485298,
    0.05748053640127182,
    -0.030093224719166756,
    -0.022901207208633423,
    -0.008898437023162842,
    -0.030998708680272102,
    -0.03193855285644531,
    -0.06393671780824661,
    -0.03232516348361969,
    -0.08494735509157181,
    0.053068701177835464,
    0.00012846013123635203,
    0.025095826014876366,
    -0.011133339256048203,
    0.042488135397434235,
    0.04358525946736336,
    -0.0135775962844491,
    -0.0448688380420208,
    -0.0615079440176487,
    0.032347410917282104,
    0.005714135710150003,
    0.01749940775334835,
    -0.019161637872457504,
    0.010408304631710052,
    -0.015730740502476692,
    0.06828498095273972,
    0.01554715633392334,
    -0.07292376458644867,
