{
  "embedding_files": [
    "new_1776234311011_gt_184.5s_f37.jpg",
    "new_1776234311011_gt_933.4s_f132.jpg",
    "new_1776234311011_gt_383.1s_f52.jpg",
    "new_1776234311011_gt_2.1s_f16.jpg",
    "gt_147.6s_f48.jpg",
    "gt_119.7s_f31.jpg",
    "gt_54.7s_f5.jpg",
    "gt_73.5s_f27.jpg",
    "gt_76.0s_f21.jpg",
    "gt_89.2s_f60.jpg"
  ],
  "backup_files": [],
  "scores": {
    "gt_76.0s_f21.jpg": 39.9363,
    "new_1776234311011_gt_184.5s_f37.jpg": 314.6427,
    "new_1776234311011_gt_2.1s_f16.jpg": 243.4109,
    "new_1776234311011_gt_383.1s_f52.jpg": 255.4362,
    "new_1776234311011_gt_933.4s_f132.jpg": 312.9426,
    "gt_54.7s_f5.jpg": 47.5607,
    "gt_73.5s_f27.jpg": 46.5762,
    "gt_89.2s_f60.jpg": 42.9534,
    "gt_147.6s_f48.jpg": 49.4494,
    "gt_119.7s_f31.jpg": 41.055
  },
  "approved_files": [
    "new_1776234311011_gt_184.5s_f37.jpg",
    "new_1776234311011_gt_2.1s_f16.jpg",
    "new_1776234311011_gt_383.1s_f52.jpg",
    "new_1776234311011_gt_933.4s_f132.jpg",
    "gt_119.7s_f31.jpg",
    "gt_147.6s_f48.jpg",
    "gt_54.7s_f5.jpg",
    "gt_73.5s_f27.jpg",
    "gt_76.0s_f21.jpg",
    "gt_89.2s_f60.jpg"
  ],
  "mean_embedding": [
    -0.0076485383324325085,
    0.08963315933942795,
    -0.04167792946100235,
    -0.008160848170518875,
    0.012326961383223534,
    0.008312119171023369,
    -0.0314677432179451,
    0.07531934976577759,
    -0.014843522571027279,
    0.0233750082552433,
    0.02084568329155445,
    0.014820324257016182,
    -0.006228734273463488,
    0.008458425290882587,
    0.07185085862874985,
    0.005463780835270882,
    0.0075187222100794315,
    0.045110780745744705,
    0.029570719227194786,
    -0.01222293172031641,
    -0.009474053978919983,
    0.032899510115385056,
    -0.002942864317446947,
    -0.019513454288244247,
    0.0790230929851532,
    -0.053247880190610886,
    -0.06093360856175423,
    -0.01355789415538311,
    0.05492497980594635,
    0.03838003799319267,
    -0.04914971813559532,
    0.04447673261165619,
    0.023506570607423782,
    0.07105787098407745,
    0.07829863578081131,
    0.01864340528845787,
    -0.04593716934323311,
    -0.040797486901283264,
    -0.007940862327814102,
    -0.04023026302456856,
    -0.02358832210302353,
    0.014525250531733036,
    0.00476417550817132,
    -0.048094697296619415,
    -0.031651679426431656,
    0.04695655032992363,
    -0.04878362640738487,
    -0.01355072297155857,
    0.05870981514453888,
    -0.0002982559963129461,
    -0.052013494074344635,
    0.07402205467224121,
    0.015829069539904594,
    0.003877925220876932,
    0.025517402216792107,
    0.032675594091415405,
    -0.0014519146643579006,
    -0.10883790999650955,
    -0.0258405152708292,
    0.00468915281817317,
    -0.014127468690276146,
    -0.010738496668636799,
    0.036379773169755936,
    0.04899138584733009,
    0.03585248067975044,
    -0.03627010062336922,
    0.042441483587026596,
    0.01214190199971199,
    0.02362980879843235,
    0.034814223647117615,
    -0.023716606199741364,
    0.015018935315310955,
    0.004997298587113619,
    -0.06045787036418915,
    0.005988717079162598,
    -0.022475620731711388,
    -0.0007834999705664814,
    0.0332796648144722,
    0.01467846054583788,
    -0.012667413800954819,
    0.061356205493211746,
    -0.045730359852313995,
    -0.0276072695851326,
    -0.03378213196992874,
    -0.015385604463517666,
    0.02064209058880806,
    -0.017423583194613457,
    -0.05677955970168114,
    0.012918833643198013,
    0.013233773410320282,
    -0.005230703391134739,
    0.08534203469753265,
    -0.04304760321974754,
    0.02013302408158779,
    -0.08263899385929108,
    0.030850671231746674,
    0.0005689174868166447,
    0.046507593244314194,
    0.0737319216132164,
    0.04092038422822952,
    -0.04763054475188255,
    0.03522251173853874,
    0.039077676832675934,
    -0.002915271557867527,
    0.047972388565540314,
    -0.08710944652557373,
    0.015312510542571545,
    -0.10728752613067627,
    -0.030993185937404633,
    -0.007338573224842548,
    0.034483157098293304,
    0.009700785391032696,
    -0.005214502569288015,
    0.01230685506016016,
    -0.00669445376843214,
    0.011591021902859211,
    -0.007371767424046993,
    0.06511615961790085,
    0.005363864824175835,
    0.089506134390831,
    -0.0029544071294367313,
    0.02319527231156826,
    0.06998428702354431,
    -0.02027776837348938,
    -0.03541884943842888,
    0.023218434303998947,
    0.025756705552339554,
    0.07945127785205841,
    0.02100616879761219,
    -0.01762877032160759,
    -0.06910648196935654,
    0.045633018016815186,
    -0.04154621809720993,
    -0.03914065659046173,
    -0.008290261030197144,
    -0.1113477274775505,
    0.0051040928810834885,
    -0.04216131940484047,
    -0.015337100252509117,
    9.099100134335458e-05,
    -0.01857481151819229,
    0.02104138396680355,
    0.01732099987566471,
    0.12248390167951584,
    -0.03072827309370041,
    -0.040084052830934525,
    0.032825224101543427,
    -0.03931763395667076,
    0.00870016124099493,
    0.011883152648806572,
    -0.05105404555797577,
    -0.06690160185098648,
    -0.008199216797947884,
    -0.02839859388768673,
    -0.0042940001003444195,
    0.04479876533150673,
    0.0024894392117857933,
    -0.010737906210124493,
    0.022059060633182526,
    0.0729527696967125,
    0.09227428585290909,
    0.06103036552667618,
    0.055652227252721786,
    0.02692771703004837,
    -0.11966872215270996,
    0.07529281079769135,
    -0.09116199612617493,
    -0.055570732802152634,
    -0.015069019049406052,
    0.04328186437487602,
    0.054554570466279984,
    -0.03734089806675911,
    -0.014199154451489449,
    -0.051210127770900726,
    -0.07186871767044067,
    -0.059033967554569244,
    0.06164766848087311,
    -0.021895598620176315,
    -0.007141200825572014,
    -0.06468818336725235,
    -0.039671462029218674,
    0.012914538383483887,
    0.028084801509976387,
    -0.11760785430669785,
    -0.046030811965465546,
    -0.025056805461645126,
    0.0451580174267292,
    0.01236704271286726,
    0.05999569222331047,
    0.020687522366642952,
    -0.03242848441004753,
    0.004676704294979572,
    0.06058822572231293,
    0.018098196014761925,
    -0.036009542644023895,
    0.0064222561195492744,
    0.07741861045360565,
    0.010754706338047981,
    -0.00946007389575243,
    -0.05902528390288353,
    0.029275111854076385,
    -0.06842024624347687,
    -0.08988958597183228,
    0.01193224173039198,
    0.049283649772405624,
    0.01919351890683174,
    -0.037931300699710846,
    -0.029554814100265503,
    0.043023206293582916,
    0.049716055393218994,
    0.028445415198802948,
    0.0006645884132012725,
    0.05083148926496506,
    0.022140979766845703,
    -0.02434691973030567,
    -0.06096735596656799,
    0.014987442642450333,
    0.04219718649983406,
    -0.011718939058482647,
    -0.08080650866031647,
    0.06424347311258316,
    0.008993164636194706,
    0.01578523777425289,
    -0.054541610181331635,
    0.03411978483200073,
    0.022568725049495697,
    0.0781823918223381,
    0.03495918959379196,
    -0.028062431141734123,
    -0.015178523026406765,
    0.06119014322757721,
    -0.047835495322942734,
    -0.0442737452685833,
    -0.00891164131462574,
    -0.07217445969581604,
    0.06566009670495987,
    0.04760309308767319,
    -0.08480053395032883,
    0.03930450603365898,
    0.018271200358867645,
    0.048788879066705704,
    -0.07873835414648056,
    0.027522316202521324,
    -0.00581003911793232,
    0.08019722998142242,
    -0.1347271054983139,
    0.08454154431819916,
    0.024506360292434692,
    0.021789535880088806,
    -0.0008068914175964892,
    0.03938997536897659,
    -0.07829286903142929,
    0.0022943660151213408,
    -0.004618975333869457,
    0.00539146875962615,
    0.0829206332564354,
    0.032330598682165146,
    0.055160630494356155,
    -0.030383717268705368,
    -0.01318900566548109,
    -0.0017313164426013827,
    0.011732326820492744,
    0.06213211268186569,
