{
  "embedding_files": [
    "gt_890.5s_f113.jpg",
    "gt_589.5s_f62.jpg",
    "gt_431.4s_f37.jpg",
    "gt_1051.3s_f138.jpg",
    "gt_742.8s_f89.jpg"
  ],
  "backup_files": [],
  "scores": {
    "gt_589.5s_f62.jpg": 11.7051,
    "gt_431.4s_f37.jpg": 4.6044,
    "gt_742.8s_f89.jpg": 3.5582,
    "gt_890.5s_f113.jpg": 12.8347,
    "gt_1051.3s_f138.jpg": 4.3216
  },
  "approved_files": [
    "gt_890.5s_f113.jpg",
    "gt_589.5s_f62.jpg",
    "gt_431.4s_f37.jpg",
    "gt_1051.3s_f138.jpg",
    "gt_742.8s_f89.jpg"
  ],
  "mean_embedding": [
    0.020961936563253403,
    0.03714665770530701,
    -0.010549345053732395,
    0.03240334987640381,
    0.0005776887410320342,
    0.014594742096960545,
    -0.06697992980480194,
    0.06973975151777267,
    0.015046600252389908,
    0.01642647013068199,
    0.010278847999870777,
    -0.026100926101207733,
    -0.013778988271951675,
    0.02125096507370472,
    -0.039050862193107605,
    -0.03308580070734024,
    0.02793978899717331,
    0.024995530024170876,
    -0.02281182073056698,
    -0.01645246148109436,
    -0.03606310486793518,
    -0.07401871681213379,
    -0.052396442741155624,
    0.038504280149936676,
    0.07683704793453217,
    0.0016289708437398076,
    -0.0456717424094677,
    0.005238736979663372,
    0.006663888692855835,
    0.05250471085309982,
    -0.01961045153439045,
    -0.04434299096465111,
    0.038768425583839417,
    -0.07841915637254715,
    -0.062108393758535385,
    -0.06437630951404572,
    -0.03892902284860611,
    -0.054107680916786194,
    0.08711056411266327,
    0.01460194867104292,
    0.008229371160268784,
    0.022389456629753113,
    -0.021883070468902588,
    -0.00788037572056055,
    -0.04169844090938568,
    0.04691014066338539,
    -0.03230450302362442,
    0.048121534287929535,
    0.09224715083837509,
    -0.06683830171823502,
    -0.031224733218550682,
    -0.021710515022277832,
    -0.03533795475959778,
    0.07071386277675629,
    0.01874493807554245,
    -0.012339036911725998,
    0.03404559940099716,
    -0.025835780426859856,
    -0.03494842350482941,
    0.08524778485298157,
    0.010554550215601921,
    0.0671011283993721,
    0.00978825706988573,
    -0.019970932975411415,
    0.07300843298435211,
    0.06267520785331726,
    -0.0710720643401146,
    0.013280711136758327,
    -0.002282376866787672,
    0.043260958045721054,
    0.02473936788737774,
    -0.027799837291240692,
    -0.008017104119062424,
    -0.08821789175271988,
    -0.07841159403324127,
    -0.007291609887033701,
    0.0275511983782053,
    -0.041884709149599075,
    0.06175895780324936,
    -0.02837173268198967,
    -0.026772616431117058,
    -0.021643975749611855,
    -0.05541042611002922,
    0.06810244917869568,
    0.010702596046030521,
    0.019807271659374237,
    0.07345107942819595,
    -0.039545655250549316,
    0.004969280678778887,
    0.020457306876778603,
    -0.014531072229146957,
    0.06165975332260132,
    0.03744301572442055,
    -0.01435888186097145,
    0.003781378734856844,
    -0.005501473788172007,
    -0.07692497968673706,
    -0.05603206530213356,
    -0.012437835335731506,
    -0.052735257893800735,
    0.012453561648726463,
    0.04249786213040352,
    -0.004425087012350559,
    0.002126385923475027,
    -0.0398985929787159,
    0.015739327296614647,
    0.03192109987139702,
    -0.07578852772712708,
    -0.021746598184108734,
    0.020902913063764572,
    -0.0014806775143370032,
    -0.006670791655778885,
    -0.06059408187866211,
    -0.0290072038769722,
    0.019821129739284515,
    0.04034099727869034,
    -0.021804537624120712,
    0.01657799445092678,
    -0.06278634816408157,
    0.0720108151435852,
    0.015248142182826996,
    0.006932527758181095,
    0.01048743724822998,
    -0.0008696875884197652,
    -0.00839084479957819,
    0.02378593012690544,
    0.06499914824962616,
    0.017470771446824074,
    -0.01965431682765484,
    -0.03198007866740227,
    -0.01469647791236639,
    0.0798107236623764,
    0.04308750480413437,
    0.033300213515758514,
    0.024247068911790848,
    -0.008837354369461536,
    -0.0011692645493894815,
    -0.01550725381821394,
    0.053401850163936615,
    0.06778373569250107,
    0.12069646269083023,
    0.026131153106689453,
    -0.12937471270561218,
    -0.025547616183757782,
    -0.02746952511370182,
    -0.05213581770658493,
    0.025918949395418167,
    0.09958670288324356,
    0.000260428583715111,
    0.017490575090050697,
    -0.0030977551359683275,
    0.006685877684503794,
    0.001950422883965075,
    -0.020439859479665756,
    -0.012740560807287693,
    -0.021456491202116013,
    0.025113221257925034,
    0.08613041788339615,
    0.009110622107982635,
    0.025260163471102715,
    0.09447232633829117,
    0.021596109494566917,
    -0.002281550085172057,
    0.0381389856338501,
    -0.09316469728946686,
    -0.0050223092548549175,
    -0.06719929724931717,
    0.028556687757372856,
    -0.04714161902666092,
    -0.028139572590589523,
    0.029848167672753334,
    0.0155678391456604,
    0.046634577214717865,
    0.06012740731239319,
    -0.02636595256626606,
    0.06150289624929428,
    -0.052875470370054245,
    -0.00024767412105575204,
    -0.05220407992601395,
    -0.004813642241060734,
    0.016373857855796814,
    -0.10961656272411346,
    -0.05209800973534584,
    -0.00899490062147379,
    -0.017351333051919937,
    0.09071577340364456,
    -0.04474756121635437,
    -0.07867003232240677,
    0.022981803864240646,
    -0.04205247759819031,
    -0.04542703554034233,
    -0.004132258705794811,
    0.015472492203116417,
    0.02269778400659561,
    -0.03951231390237808,
    -0.006128690205514431,
    0.003711920930072665,
    -0.09032394737005234,
    0.014602752402424812,
    -0.03852977231144905,
    -0.022046377882361412,
    0.04476121813058853,
    0.026188870891928673,
    0.03502422198653221,
    0.015314456075429916,
    0.06379528343677521,
    0.012794039212167263,
    -0.031737715005874634,
    0.07939349859952927,
    -0.0634172186255455,
    -0.09182889759540558,
    0.07934461534023285,
    0.07388915121555328,
    -0.02427714318037033,
    -0.005358322989195585,
    -0.02348872274160385,
    -0.11480703949928284,
    0.02649191953241825,
    -0.02344348095357418,
    -0.05173756554722786,
    0.01625356450676918,
    0.0439629964530468,
    0.05678023397922516,
    -0.017157703638076782,
    0.01376287266612053,
    -0.06933098286390305,
    -0.028006885200738907,
    0.03378644958138466,
    -0.015529628843069077,
    -0.12561184167861938,
    -0.006608459632843733,
    0.0069173783995211124,
    0.027549654245376587,
    -0.00839581061154604,
    0.04135685786604881,
    0.015084882266819477,
    0.03051997721195221,
    -0.05411824211478233,
    0.06153372302651405,
    0.028773805126547813,
    -0.033182114362716675,
    -0.06943812966346741,
    -0.013552633114159107,
    -0.004790255334228277,
    0.04844300448894501,
    0.04211925342679024,
    0.02253068797290325,
    0.013047518208622932,
    -0.029327336698770523,
    0.055802345275878906,
    0.027282724156975746,
    0.020034970715641975,
    0.0007068421109579504,
    0.06494300067424774,
    -0.03840693086385727,
    -0.02429126761853695,
    0.006766089703887701,
    -0.02562042698264122,
    -0.05685502290725708,
    -0.037653036415576935,
    -0.09185387194156647,
    -0.1104639321565628,
    0.021559255197644234,
    0.01723736897110939,
    0.009564496576786041,
    -0.008223984390497208,
    0.05324007570743561,
    -0.040283214300870895,
    -0.06322623789310455,
    -0.02251438796520233,
    0.05702407285571098,
    0.011617211624979973,
    -0.002556275576353073,
    0.07985877990722656,
    -0.0045641628094017506,
    -0.004245451185852289,
    0.020309312269091606,
    0.006216807756572962,
    0.001387085416354239,
    -0.0818151980638504,
    0.0494045689702034,
    0.02592484839260578,
    -0.052060652524232864,
    0.05291846767067909,
    0.020143350586295128,
    0.07668028026819229,
    -0.005021555349230766,
