{
  "embedding_files": [
    "gt_213.3s_f178.jpg",
    "gt_2.0s_f2.jpg",
    "gt_179.3s_f149.jpg",
    "gt_35.4s_f35.jpg",
    "gt_69.1s_f68.jpg"
  ],
  "backup_files": [
    "gt_140.2s_f132.jpg",
    "gt_102.8s_f94.jpg"
  ],
  "scores": {
    "gt_2.0s_f2.jpg": 15.5243,
    "gt_35.4s_f35.jpg": 9.0582,
    "gt_69.1s_f68.jpg": 5.2824,
    "gt_102.8s_f94.jpg": 5.1835,
    "gt_140.2s_f132.jpg": 4.5674,
    "gt_179.3s_f149.jpg": 14.3683,
    "gt_213.3s_f178.jpg": 30.1261
  },
  "approved_files": [
    "gt_213.3s_f178.jpg",
    "gt_2.0s_f2.jpg",
    "gt_179.3s_f149.jpg",
    "gt_35.4s_f35.jpg",
    "gt_69.1s_f68.jpg",
    "gt_102.8s_f94.jpg",
    "gt_140.2s_f132.jpg"
  ],
  "mean_embedding": [
    -0.014608718454837799,
    0.030561458319425583,
    0.07013054192066193,
    0.023949583992362022,
    0.07239089161157608,
    -0.011641259305179119,
    -0.05573605000972748,
    -0.022095799446105957,
    0.010984886437654495,
    -0.05288222059607506,
    0.019479813054203987,
    0.01648864336311817,
    -0.08327648788690567,
    0.0023629695642739534,
    0.06657274812459946,
    -0.07267166674137115,
    0.08708928525447845,
    0.009835569187998772,
    0.05843402072787285,
    -0.07419875264167786,
    0.04841578006744385,
    0.002806976204738021,
    0.029840508475899696,
    -0.013046418316662312,
    0.0733645111322403,
    0.001299918396398425,
    0.023873981088399887,
    -0.015197506174445152,
    0.005866206716746092,
    -0.04326106980443001,
    -0.04162351414561272,
    -0.07106480002403259,
    0.03328312560915947,
    0.023687349632382393,
    0.004920435603708029,
    -0.030293405055999756,
    0.0020803522784262896,
    0.005116823595017195,
    -0.05379272252321243,
    0.0398605614900589,
    0.030697721987962723,
    -0.11421756446361542,
    0.0034631635062396526,
    0.033240992575883865,
    0.062268488109111786,
    0.06561841815710068,
    0.040366996079683304,
    0.036227039992809296,
    0.0073387534357607365,
    0.08998958766460419,
    -0.021700434386730194,
    -0.019266296178102493,
    0.051037538796663284,
    0.07711618393659592,
    0.002715683775022626,
    0.05447530001401901,
    0.07881305366754532,
    -0.05963187664747238,
    0.01126075815409422,
    -0.01745310239493847,
    -0.0018489224603399634,
    0.047743864357471466,
    -0.03798596188426018,
    -0.03282158449292183,
    -0.022817160934209824,
    0.049195241183042526,
    -0.019803181290626526,
    -0.033398959785699844,
    0.06380899995565414,
    -0.059712331742048264,
    0.054250624030828476,
    -0.02421010471880436,
    0.0789114236831665,
    0.047560617327690125,
    -0.024200918152928352,
    0.06303554028272629,
    -0.02031099423766136,
    0.027067963033914566,
    0.016695819795131683,
    0.02293146587908268,
    0.03611566871404648,
    0.010767892934381962,
    -0.022791316732764244,
    0.02604476362466812,
    -0.013770895078778267,
    -0.03721927851438522,
    0.05709945783019066,
    0.019789928570389748,
    -0.003336075460538268,
    -0.05549044534564018,
    0.018610326573252678,
    0.03126518428325653,
    -0.058533214032649994,
    -0.0012196894967928529,
    0.05184488371014595,
    0.0046030678786337376,
    0.05244315788149834,
    -0.030658911913633347,
    -0.004424775019288063,
    0.06553909927606583,
    0.04086435213685036,
    0.020279163494706154,
    0.06852183490991592,
    0.019049139693379402,
    0.0909203290939331,
    -0.08606008440256119,
    -0.05271946266293526,
    -0.01705338805913925,
    0.02121853455901146,
    0.010031960904598236,
    -0.011500085704028606,
    0.014009988866746426,
    0.005482430104166269,
    -0.02011222206056118,
    0.024731481447815895,
    0.006392725743353367,
    0.09067057073116302,
    -0.009062598459422588,
    -0.04808180034160614,
    -0.028770968317985535,
    -0.00385579327121377,
    0.052662916481494904,
    -0.011620190925896168,
    -0.0030305683612823486,
    0.004220800474286079,
    0.07812749594449997,
    0.06802487373352051,
    0.057811886072158813,
    0.03484639525413513,
    0.007033277302980423,
    -0.054813943803310394,
    0.02625867910683155,
    -0.03971374034881592,
    0.014620857313275337,
    -0.048141058534383774,
    -0.02034837380051613,
    -0.05066457390785217,
    0.019201258197426796,
    -0.016029924154281616,
    0.0774138867855072,
    0.026317976415157318,
    -0.02568773180246353,
    0.0007661814452148974,
    0.022279340773820877,
    -0.05995888262987137,
    0.016192812472581863,
    -0.013111218810081482,
    -0.029184002429246902,
    0.010421871207654476,
    0.05519882217049599,
    -0.026057198643684387,
    -0.026305828243494034,
    -0.03139415755867958,
    0.033740583807229996,
    -0.048204317688941956,
    -0.08635865151882172,
    -0.018120985478162766,
    -0.062137044966220856,
    0.01388837955892086,
    0.006576523184776306,
    0.06062386557459831,
    0.05656011775135994,
    0.06338851153850555,
    0.03926542028784752,
    -0.06756767630577087,
    0.06030327081680298,
    -0.012682865373790264,
    -0.03783605620265007,
    -0.033462703227996826,
    -0.0873112827539444,
    0.029755257070064545,
    0.10767510533332825,
    0.0756118893623352,
    0.027009449899196625,
    -0.014330171048641205,
    0.02703195996582508,
    0.052469249814748764,
    -0.03339507430791855,
    0.08654335886240005,
    0.006533221807330847,
    -0.04253973811864853,
    -0.012221970595419407,
    0.006068581249564886,
    0.04946247115731239,
    -0.05401160195469856,
    0.0020997573155909777,
    -0.03430503234267235,
    0.004901396110653877,
    0.04930310323834419,
    -0.0757300853729248,
    -0.056634824723005295,
    0.024009671062231064,
    -0.06033270061016083,
    0.06417520344257355,
    -0.04157215356826782,
    0.09063149243593216,
    0.11602108925580978,
    0.06022908538579941,
    -0.007748388219624758,
    0.011885370127856731,
    -0.05559539049863815,
    -0.02501794509589672,
    -0.025623559951782227,
    -0.05401415377855301,
    0.0018382748821750283,
    0.050001759082078934,
    0.01568060927093029,
    -0.044740863144397736,
    0.009607029147446156,
    -0.04435929283499718,
    0.09529807418584824,
    -0.03776974603533745,
    -0.04175258427858353,
    -0.001236011739820242,
    -0.08060957491397858,
    -0.011429067701101303,
    -0.01730966940522194,
    -0.018063493072986603,
    -0.023891938850283623,
    -0.01669325679540634,
    -0.02907761000096798,
    -0.04133410379290581,
    -0.06293529272079468,
    0.0021173160057514906,
    0.08265460282564163,
    -0.009952720254659653,
    -0.06583765149116516,
    0.09316172450780869,
    0.020567677915096283,
    -0.004737467970699072,
    -0.041615281254053116,
    -0.020323526114225388,
    0.02861400507390499,
    -0.04059014096856117,
    -0.0408172644674778,
    -0.040731873363256454,
    -0.04374995827674866,
    0.025510478764772415,
    -0.006374674383550882,
    -0.02497250959277153,
    -0.055207859724760056,
    -0.036531366407871246,
    0.008030139841139317,
    -0.11259869486093521,
    0.15120267868041992,
    0.04226706922054291,
    0.027668865397572517,
    0.04702583700418472,
    0.02099747583270073,
    0.0006810780032537878,
    -0.015203162096440792,
    0.05039380490779877,
    0.03469790518283844,
    0.018551940098404884,
    -0.023667750880122185,
    0.06446172297000885,
    -0.020391952246427536,
    0.0319133885204792,
    -0.00433235801756382,
    -0.04797803610563278,
    0.009466744028031826,
    -0.017397603020071983,
    -0.05656324699521065,
    0.008002378977835178,
    0.0647570937871933,
    0.005696294363588095,
    -0.005880226381123066,
    0.02113623358309269,
    -0.025245822966098785,
    -0.00020260768360458314,
    0.04157305881381035,
    -0.03719567880034447,
    0.03332746773958206,
    -0.035812411457300186,
    0.0002948451437987387,
    0.015614470466971397,
    -0.0008312101708725095,
    -0.028017429634928703,
    0.018126361072063446,
    -0.047740910202264786,
