{
  "embedding_files": [
    "gt_2.3s_f1.jpg",
    "gt_26.2s_f5.jpg",
    "gt_33.8s_f23.jpg",
    "gt_80.2s_f25.jpg",
    "gt_132.1s_f66.jpg"
  ],
  "backup_files": [
    "new_1776234253382_gt_184.5s_f24.jpg",
    "gt_73.0s_f41.jpg",
    "new_1776234253382_gt_589.1s_f96.jpg",
    "new_1776234253382_gt_383.1s_f64.jpg",
    "new_1776234253382_gt_2.1s_f4.jpg"
  ],
  "scores": {
    "gt_2.3s_f1.jpg": 16.5023,
    "gt_33.8s_f23.jpg": 15.6211,
    "gt_73.0s_f41.jpg": 7.7823,
    "gt_26.2s_f5.jpg": 16.1008,
    "gt_80.2s_f25.jpg": 9.2936,
    "gt_132.1s_f66.jpg": 7.83
  },
  "approved_files": [
    "gt_2.3s_f1.jpg",
    "gt_26.2s_f5.jpg",
    "gt_33.8s_f23.jpg",
    "gt_80.2s_f25.jpg",
    "gt_132.1s_f66.jpg",
    "gt_73.0s_f41.jpg",
    "new_1776234253382_gt_184.5s_f24.jpg",
    "new_1776234253382_gt_2.1s_f4.jpg",
    "new_1776234253382_gt_383.1s_f64.jpg",
    "new_1776234253382_gt_589.1s_f96.jpg"
  ],
  "mean_embedding": [
    0.005004174541682005,
    0.02890644781291485,
    0.005630789790302515,
    -0.025189004838466644,
    0.03832694888114929,
    0.06724575161933899,
    -0.04671488329768181,
    -0.07792377471923828,
    -0.06658092141151428,
    0.00764978164806962,
    0.04239287227392197,
    -0.0010844318894669414,
    0.01696810871362686,
    0.03943042457103729,
    0.0610765665769577,
    0.02817689999938011,
    -0.007919874042272568,
    -0.0030014379881322384,
    0.043398745357990265,
    -0.08102045208215714,
    0.024673201143741608,
    -0.022409753873944283,
    -0.008175734430551529,
    0.020630937069654465,
    0.013133409433066845,
    -0.07084470242261887,
    -0.07803233712911606,
    -0.021994173526763916,
    -0.029436057433485985,
    0.06675409525632858,
    0.05327548459172249,
    0.015528305433690548,
    0.010681062005460262,
    -0.008781451731920242,
    0.05334729701280594,
    0.043010953813791275,
    -0.03409866616129875,
    -0.04499373212456703,
    0.016908153891563416,
    0.0785178393125534,
    -0.019135646522045135,
    0.06382409483194351,
    0.04505318030714989,
    0.05931355804204941,
    -0.0034541809000074863,
    0.06489678472280502,
    -0.01867281086742878,
    -0.02565917558968067,
    0.037547048181295395,
    -0.08520306646823883,
    -0.028140131384134293,
    -0.02070542611181736,
    -0.0847417339682579,
    0.009337695315480232,
    0.014000974595546722,
    0.029391150921583176,
    -0.04696725308895111,
    -0.013599861413240433,
    0.05483514070510864,
    -0.020773939788341522,
    0.03191186860203743,
    0.013966848142445087,
    -0.020023927092552185,
    -0.004396423697471619,
    -0.0025056679733097553,
    0.008492860943078995,
    -0.03599881753325462,
    0.016474831849336624,
    0.03624667972326279,
    -0.004168662242591381,
    -0.013682443648576736,
    -0.014722111634910107,
    0.02959384210407734,
    0.015475494787096977,
    0.05694537237286568,
    0.019982142373919487,
    0.015833277255296707,
    -0.09493937343358994,
    0.10814178735017776,
    0.04290058836340904,
    0.005058825947344303,
    -0.04742847755551338,
    0.008622203953564167,
    0.07237564027309418,
    0.04811376705765724,
    -0.010491076856851578,
    -0.017129043117165565,
    -0.029920881614089012,
    -0.0028485041111707687,
    0.009924457408487797,
    -0.007663838565349579,
    0.12083923816680908,
    -0.051870010793209076,
    -0.038141097873449326,
    -0.0041302465833723545,
    -0.006073398049920797,
    -0.003814870258793235,
    0.08111711591482162,
    -0.0904887318611145,
    0.03179728612303734,
    -0.010534962639212608,
    0.017294129356741905,
    0.06366489082574844,
    0.07531561702489853,
    -0.038143340498209,
    0.04113706946372986,
    -0.0019048138055950403,
    -0.10427944362163544,
    0.03725968301296234,
    -0.05534367635846138,
    0.08331231027841568,
    0.047505177557468414,
    -0.03477463871240616,
    -0.05659499391913414,
    -0.03416453301906586,
    0.0372193343937397,
    -0.06202986091375351,
    0.0410725362598896,
    -0.01485294010490179,
    0.11134941875934601,
    -0.04072961583733559,
    0.048361342400312424,
    0.03438686579465866,
    -0.039384860545396805,
    -0.045896805822849274,
    0.02047393098473549,
    -0.0020502449478954077,
    -0.07161541283130646,
    -0.03949626535177231,
    -0.014420385472476482,
    -0.05054699257016182,
    0.005332529079169035,
    -0.03860287368297577,
    0.0694381520152092,
    -0.034040965139865875,
    -0.04602443799376488,
    0.034764666110277176,
    0.02279810793697834,
    -0.018250782042741776,
    -0.03042866662144661,
    0.05490461364388466,
    0.056078385561704636,
    0.037503547966480255,
    0.01002155989408493,
    -0.03966938331723213,
    -0.007542948704212904,
    0.024481264874339104,
    -0.05467429384589195,
    0.007340649142861366,
    0.025386827066540718,
    -0.035397619009017944,
    -0.014348519034683704,
    0.03737179562449455,
    -0.03500862047076225,
    0.03044840693473816,
    0.00978977233171463,
    0.04097780957818031,
    0.04477459192276001,
    -0.07689216732978821,
    0.015454486012458801,
    0.04894621670246124,
    0.03239993005990982,
    -0.10065232962369919,
    -0.004202973563224077,
    -0.06327809393405914,
    -0.005407974123954773,
    -0.0554366372525692,
    0.02765500545501709,
    -0.05207235366106033,
    -0.02250383049249649,
    0.02786879800260067,
    0.022696899250149727,
    -0.10190273076295853,
    0.07563711702823639,
    -0.07596512883901596,
    -0.00846251193434,
    -0.01026775874197483,
    -0.056039996445178986,
    0.13425739109516144,
    -0.005566253326833248,
    0.006103656254708767,
    -0.01714402250945568,
    0.0014728773385286331,
    -0.07971715182065964,
    -0.012220170348882675,
    -0.07124991714954376,
    0.03897735849022865,
    -0.019543685019016266,
    0.05104614049196243,
    0.02058994770050049,
    0.004900495987385511,
    0.0320688858628273,
    -0.013391448184847832,
    -0.0845721885561943,
    0.00832851231098175,
    -0.0004711732908617705,
    0.002181683201342821,
    -0.00364723801612854,
    0.04505821689963341,
    -0.008545325137674809,
    -0.0073846485465765,
    0.03589363768696785,
    -0.026492949575185776,
    0.019214972853660583,
    0.01417552586644888,
    0.0235170666128397,
    0.0145034808665514,
    -0.006185697391629219,
    0.030602602288126945,
    0.02946453168988228,
    -0.006530436221510172,
    0.025504646822810173,
    0.01228392031043768,
    0.1029166430234909,
    0.003721753368154168,
    -0.013322458602488041,
    0.003038607304915786,
    0.005302973557263613,
    0.010438775643706322,
    0.04496754705905914,
    0.05205831676721573,
    -0.006582944188266993,
    0.018169907853007317,
    -0.04957633092999458,
    0.00201356946490705,
    -0.0027988881338387728,
    0.06551727652549744,
    0.0025457802694290876,
    0.0008294059080071747,
    -0.06801074743270874,
    0.0352664515376091,
    -0.02244853787124157,
    0.05633961781859398,
    0.015935692936182022,
    -0.05154762044548988,
    0.03137674555182457,
    0.03282085061073303,
    0.004301382228732109,
    -0.010575708001852036,
    0.030694203451275826,
    -0.0467509888112545,
    -0.011822642758488655,
    -0.06778550893068314,
    -0.001941645285114646,
    0.032685425132513046,
    -0.06265489012002945,
    0.001607248093932867,
    0.047816723585128784,
    -0.07615116238594055,
    -0.002343348925933242,
    0.0017339310143142939,
    0.035676177591085434,
    0.0998024120926857,
    0.008330284617841244,
    0.017599985003471375,
    -0.03550088033080101,
    0.013878476805984974,
    -0.027846477925777435,
    0.06421758979558945,
    0.0004402983176987618,
    -0.06288773566484451,
    -0.09115665405988693,
    0.03718356788158417,
    0.03988716006278992,
    -0.013520771637558937,
    -0.002665912499651313,
    0.005276616662740707,
    0.008667954243719578,
    0.03035181574523449,
    0.06312856823205948,
    0.04792093113064766,
    -0.02176300622522831,
