{
  "embedding_files": [
    "gt_2.3s_f1.jpg",
    "gt_26.2s_f5.jpg",
    "gt_33.8s_f23.jpg",
    "gt_80.2s_f25.jpg",
    "gt_132.1s_f66.jpg"
  ],
  "backup_files": [
    "gt_73.0s_f41.jpg",
    "new_1776234253382_gt_184.5s_f24.jpg",
    "new_1776234253382_gt_2.1s_f4.jpg",
    "new_1776234253382_gt_383.1s_f64.jpg",
    "new_1776234253382_gt_589.1s_f96.jpg"
  ],
  "scores": {
    "gt_2.3s_f1.jpg": 16.5023,
    "gt_33.8s_f23.jpg": 15.6211,
    "gt_73.0s_f41.jpg": 7.7823,
    "gt_26.2s_f5.jpg": 16.1008,
    "gt_80.2s_f25.jpg": 9.2936,
    "gt_132.1s_f66.jpg": 7.83
  },
  "approved_files": [
    "gt_2.3s_f1.jpg",
    "gt_26.2s_f5.jpg",
    "gt_33.8s_f23.jpg",
    "gt_80.2s_f25.jpg",
    "gt_132.1s_f66.jpg",
    "gt_73.0s_f41.jpg",
    "new_1776234253382_gt_184.5s_f24.jpg",
    "new_1776234253382_gt_2.1s_f4.jpg",
    "new_1776234253382_gt_383.1s_f64.jpg",
    "new_1776234253382_gt_589.1s_f96.jpg"
  ],
  "mean_embedding": [
    0.0024493408855050802,
    0.029932184144854546,
    0.012965102680027485,
    -0.02217673324048519,
    0.03334382548928261,
    0.06036671623587608,
    -0.05251209810376167,
    -0.07933545112609863,
    -0.07234494388103485,
    0.011415038257837296,
    0.05086077004671097,
    -0.004130812361836433,
    0.019567666575312614,
    0.03862740099430084,
    0.05784560367465019,
    0.02069864049553871,
    -0.005688916426151991,
    -0.006883160211145878,
    0.03782559558749199,
    -0.0825970247387886,
    0.030507318675518036,
    -0.022157568484544754,
    -0.0048206583596765995,
    0.022764654830098152,
    0.0011783342342823744,
    -0.07731956243515015,
    -0.07028551399707794,
    -0.021636156365275383,
    -0.03395901247859001,
    0.07466604560613632,
    0.05243685469031334,
    0.013466475531458855,
    0.007087220437824726,
    -0.00958603248000145,
    0.05317997187376022,
    0.042873404920101166,
    -0.035204995423555374,
    -0.04250876605510712,
    0.013903957791626453,
    0.08040639758110046,
    -0.01717645488679409,
    0.06548760086297989,
    0.04952850565314293,
    0.056810420006513596,
    -0.006222544237971306,
    0.061983492225408554,
    -0.014952454715967178,
    -0.019628137350082397,
    0.03223337605595589,
    -0.0789635181427002,
    -0.02945621684193611,
    -0.017368977889418602,
    -0.08904280513525009,
    0.011667251586914062,
    0.017093248665332794,
    0.02775946632027626,
    -0.048542607575654984,
    -0.0170857273042202,
    0.04952678456902504,
    -0.016085194423794746,
    0.03772769868373871,
    0.017978213727474213,
    -0.019918294623494148,
    -0.007773830089718103,
    0.00026268139481544495,
    0.008673685602843761,
    -0.03755752369761467,
    0.015259615145623684,
    0.032165832817554474,
    -0.0039249444380402565,
    -0.01390677597373724,
    -0.01484112162142992,
    0.03303926810622215,
    0.011363818310201168,
    0.05476021394133568,
    0.013411012478172779,
    0.02002437226474285,
    -0.10817211866378784,
    0.10265805572271347,
    0.04370865598320961,
    -0.00019432457338552922,
    -0.04043305665254593,
    0.006957988254725933,
    0.07322441786527634,
    0.04105301573872566,
    -0.005947916302829981,
    -0.024033889174461365,
    -0.031531307846307755,
    -0.002413213485851884,
    0.01013832539319992,
    -0.013231907039880753,
    0.1240776851773262,
    -0.05349411070346832,
    -0.03721025958657265,
    0.00024420488625764847,
    -0.003664285410195589,
    0.0011855545453727245,
    0.07640010863542557,
    -0.09818114340305328,
    0.03235432133078575,
    -0.011474576778709888,
    0.017020590603351593,
    0.06453579664230347,
    0.06883247941732407,
    -0.028307316824793816,
    0.03291549161076546,
    -0.0009648962295614183,
    -0.09736131876707077,
    0.04117831215262413,
    -0.058072756975889206,
    0.09328139573335648,
    0.04127884283661842,
    -0.03244933858513832,
    -0.04796857014298439,
    -0.02925502508878708,
    0.03559901937842369,
    -0.060310088098049164,
    0.04225465655326843,
    -0.013299872167408466,
    0.11407610028982162,
    -0.03790758177638054,
    0.05245412141084671,
    0.03607425093650818,
    -0.036141473799943924,
    -0.04536593705415726,
    0.02088039368391037,
    -0.007296503521502018,
    -0.07892479747533798,
    -0.032886605709791183,
    -0.011477951891720295,
    -0.05330141633749008,
    -0.004138334188610315,
    -0.03868909925222397,
    0.06843116134405136,
    -0.03354698792099953,
    -0.04487454146146774,
    0.034453824162483215,
    0.026150142773985863,
    -0.017975499853491783,
    -0.039115406572818756,
    0.06035169959068298,
    0.05355914309620857,
    0.038595277816057205,
    0.0045838127844035625,
    -0.04159339517354965,
    -0.012120038270950317,
    0.029705286026000977,
    -0.05418967083096504,
    0.009647236205637455,
    0.012867867015302181,
    -0.03381403908133507,
    -0.010073824785649776,
    0.03043910674750805,
    -0.032552581280469894,
    0.03652108460664749,
    0.010377899743616581,
    0.03882278874516487,
    0.0494585856795311,
    -0.07890433073043823,
    0.013144204393029213,
    0.05434268340468407,
    0.038774486631155014,
    -0.09943326562643051,
    -0.002747343620285392,
    -0.05816744267940521,
    0.002025844296440482,
    -0.05718797445297241,
    0.031279485672712326,
    -0.04842111095786095,
    -0.02244608849287033,
    0.028511129319667816,
    0.026855777949094772,
    -0.09943699091672897,
    0.07274140417575836,
    -0.08379878103733063,
    -0.007400544360280037,
    -0.018529558554291725,
    -0.06610281765460968,
    0.12759888172149658,
    0.002609770279377699,
    0.004413362126797438,
    -0.016983674839138985,
    -0.00013029396359343082,
    -0.08270386606454849,
    -0.005968745797872543,
    -0.07360997051000595,
    0.037322573363780975,
    -0.020940227434039116,
    0.05564473569393158,
    0.01801355741918087,
    0.00546766072511673,
    0.02701897919178009,
    -0.021126270294189453,
    -0.0873594731092453,
    0.00939805805683136,
    -0.0035056096967309713,
    0.0008246200741268694,
    -0.006690557114779949,
    0.048416923731565475,
    -0.012071139179170132,
    -0.010977602563798428,
    0.03537212684750557,
    -0.026668211445212364,
    0.01977279968559742,
    0.010057436302304268,
    0.022627796977758408,
    0.0049600983038544655,
    -0.015929630026221275,
    0.032694581896066666,
    0.026503683999180794,
    -0.001112452824600041,
    0.021653082221746445,
    0.01597747951745987,
    0.09478382766246796,
    0.00407218374311924,
    -0.01081724651157856,
    7.613492925884202e-05,
    0.002845579758286476,
    0.012564519420266151,
    0.041204895824193954,
    0.0548219308257103,
    -0.0004994227201677859,
    0.017006898298859596,
    -0.0472828671336174,
    0.00041409232653677464,
    -0.002206925069913268,
    0.0658026710152626,
    0.006195794325321913,
    0.0013070165878161788,
    -0.06687815487384796,
    0.030848247930407524,
    -0.025838984176516533,
    0.05790325626730919,
    0.014963180758059025,
    -0.04062102735042572,
    0.0299086831510067,
    0.032572440803050995,
    0.008163024671375751,
    -0.009201123379170895,
    0.02776920422911644,
    -0.054884422570466995,
    -0.009168862365186214,
    -0.0597384087741375,
    -0.00018618503236211836,
    0.026944614946842194,
    -0.06464118510484695,
    0.0029168869368731976,
    0.048722535371780396,
    -0.06986167281866074,
    -0.01016199216246605,
    0.0007569192675873637,
    0.02984035387635231,
    0.10173211991786957,
    0.007974505424499512,
    0.01811354048550129,
    -0.04244966059923172,
    0.014861056581139565,
    -0.030741611495614052,
    0.06152387335896492,
    0.0015732630854472518,
    -0.06309076398611069,
    -0.09007160365581512,
    0.043667376041412354,
    0.04682105779647827,
    -0.007983947172760963,
    0.0003143728245049715,
    0.004613217897713184,
    0.009954811073839664,
    0.026600979268550873,
    0.057630762457847595,
    0.05015740916132927,
