{
  "embedding_files": [
    "gt_217.1s_f41.jpg",
    "gt_117.2s_f33.jpg",
    "gt_324.5s_f115.jpg",
    "gt_215.4s_f20.jpg",
    "gt_248.1s_f40.jpg",
    "gt_275.0s_f64.jpg",
    "gt_312.9s_f346.jpg",
    "gt_344.4s_f393.jpg",
    "gt_377.1s_f444.jpg",
    "gt_393.1s_f468.jpg"
  ],
  "backup_files": [],
  "scores": {
    "gt_217.1s_f41.jpg": 141.8268,
    "gt_117.2s_f33.jpg": 88.1906,
    "gt_324.5s_f115.jpg": 63.8883
  },
  "approved_files": [
    "gt_217.1s_f41.jpg",
    "gt_117.2s_f33.jpg",
    "gt_324.5s_f115.jpg",
    "gt_215.4s_f20.jpg",
    "gt_248.1s_f40.jpg",
    "gt_275.0s_f64.jpg",
    "gt_312.9s_f346.jpg",
    "gt_344.4s_f393.jpg",
    "gt_377.1s_f444.jpg",
    "gt_393.1s_f468.jpg"
  ],
  "mean_embedding": [
    -0.0601888969540596,
    0.011772684752941132,
    -0.003388049080967903,
    -0.0766177698969841,
    0.04908965900540352,
    -0.005382150411605835,
    -0.028167612850666046,
    0.05805715173482895,
    0.008355794474482536,
    0.05804065614938736,
    0.03287378326058388,
    0.05656951293349266,
    -0.06128278374671936,
    -0.05073941498994827,
    -0.033100027590990067,
    0.05205901712179184,
    -0.01444166712462902,
    0.013024591840803623,
    0.047582536935806274,
    -0.014489107765257359,
    0.049756623804569244,
    -0.01709909364581108,
    0.041191715747117996,
    -0.048413895070552826,
    0.016229314729571342,
    -0.0014885812997817993,
    0.05095004290342331,
    -0.032014988362789154,
    0.00541321886703372,
    0.08297788351774216,
    0.0012745839776471257,
    0.024501880630850792,
    -0.04081398993730545,
    0.04224060848355293,
    0.10261170566082001,
    -0.018490629270672798,
    -0.002744171302765608,
    0.02788837067782879,
    0.06780549883842468,
    0.030075229704380035,
    0.05157117173075676,
    -0.02699817530810833,
    -0.04498631879687309,
    0.050715651363134384,
    0.014516036957502365,
    -0.04337673261761665,
    -0.014603981748223305,
    -0.020662004128098488,
    0.014509261585772038,
    -0.015118677169084549,
    -0.00038345486973412335,
    0.07793271541595459,
    -0.03330470249056816,
    0.011585993692278862,
    0.027415942400693893,
    0.02499515935778618,
    -0.005690380465239286,
    -0.07847534120082855,
    -0.05053311958909035,
    -0.020907457917928696,
    0.01089049968868494,
    -0.018493756651878357,
    -0.06022385135293007,
    0.09551212936639786,
    0.07492552697658539,
    0.026803087443113327,
    0.015747560188174248,
    -0.03695276752114296,
    -0.04283042997121811,
    0.008381812833249569,
    -0.014791036024689674,
    -0.020301474258303642,
    0.02359522320330143,
    -0.023769844323396683,
    -0.03054567612707615,
    -0.062219224870204926,
    0.013213256374001503,
    -0.022954974323511124,
    0.01245790347456932,
    0.09165338426828384,
    -0.017457177862524986,
    0.0001779050362529233,
    -0.006206931546330452,
    0.047936394810676575,
    0.05551363527774811,
    0.01818258874118328,
    0.028395090252161026,
    -0.06287994235754013,
    -0.006813747808337212,
    0.10170754790306091,
    -0.06147973984479904,
    0.031375523656606674,
    0.016609130427241325,
    -0.05898365378379822,
    0.08221177756786346,
    0.025331417098641396,
    -0.03434314206242561,
    -0.06506063044071198,
    -0.10586489737033844,
    0.001781606930308044,
    0.06655046343803406,
    -0.08717385679483414,
    0.07205972075462341,
    0.05831066146492958,
    0.04533212259411812,
    0.018075058236718178,
    0.0330367386341095,
    -0.05397536978125572,
    -0.009148305281996727,
    0.03208789974451065,
    -0.057659778743982315,
    0.018713001161813736,
    0.028005821630358696,
    -0.026398027315735817,
    0.0008173126261681318,
    0.01302671991288662,
    -0.0013059922493994236,
    -0.06358424574136734,
    -0.0021543141920119524,
    0.07066211104393005,
    -0.006806776858866215,
    0.02624269761145115,
    0.03260354697704315,
    -0.027314169332385063,
    0.032261863350868225,
    -0.0130917401984334,
    0.03503052517771721,
    0.0028211104217916727,
    -0.010905850678682327,
    -0.021694906055927277,
    0.004083287436515093,
    0.0031945325899869204,
    -0.0983763039112091,
    0.018781960010528564,
    -0.0151752270758152,
    -0.021675776690244675,
    0.08275218307971954,
    0.005179320462048054,
    0.04166707769036293,
    -0.01351040881127119,
    -0.004278418142348528,
    0.014087655581533909,
    -0.01783883385360241,
    0.059909217059612274,
    0.028449036180973053,
    0.06389830261468887,
    0.014344844967126846,
    -0.021730640903115273,
    -0.11013271659612656,
    0.008898762054741383,
    0.002561720088124275,
    0.02502005733549595,
    -0.0211873110383749,
    0.08699985593557358,
    -0.03114328905940056,
    0.016868922859430313,
    0.07534319907426834,
    -0.023395271971821785,
    0.032192084938287735,
    0.011193422600626945,
    -0.006426437757909298,
    0.03345944359898567,
    -0.0008556341053918004,
    -0.003999092150479555,
    -0.0067565287463366985,
    0.02719651535153389,
    -0.019963771104812622,
    -0.023344915360212326,
    -0.1132623627781868,
    -0.06986616551876068,
    -0.00787880178540945,
    0.045654863119125366,
    0.0408276729285717,
    0.05348321422934532,
    -0.023496480658650398,
    -0.02971547842025757,
    -0.042179472744464874,
    0.004763992503285408,
    0.04818553477525711,
    -0.00401879521086812,
    0.02110360562801361,
    -0.034000203013420105,
    -0.11346928775310516,
    -0.042901113629341125,
    -0.032629482448101044,
    -0.03313266858458519,
    -0.009549569338560104,
    -0.004017709754407406,
    0.060804691165685654,
    0.07067081332206726,
    -0.00787683017551899,
    -0.013396354392170906,
    -0.04535824805498123,
    0.031069869175553322,
    -0.012346908450126648,
    -0.03995446488261223,
    0.05780046805739403,
    -0.01863175258040428,
    0.0054464819841086864,
    -0.0649321898818016,
    -0.007439050357788801,
    -0.06612055003643036,
    0.07570824772119522,
    0.10678575187921524,
    0.009303507395088673,
    0.01607431471347809,
    0.051973145455121994,
    -0.06374774873256683,
    -0.015063859522342682,
    -0.0842314288020134,
    -0.03006269596517086,
    0.10227477550506592,
    -0.06867581605911255,
    0.015081983059644699,
    -0.011070637963712215,
    0.036858879029750824,
    -0.024618664756417274,
    -0.03346974402666092,
    -0.010820899158716202,
    0.01794479601085186,
    0.01520258653908968,
    0.08917410671710968,
    -0.03460635617375374,
    0.0030299557838588953,
    -0.005205739289522171,
    -0.11164990812540054,
    -0.039086125791072845,
    0.06809915602207184,
    0.0634617805480957,
    0.011549719609320164,
    0.06975757330656052,
    -0.030254967510700226,
    -0.044447168707847595,
    -0.0029502727556973696,
    0.08854863047599792,
    0.0007199841202236712,
    0.03979138657450676,
    -0.027846165001392365,
    -0.02157752774655819,
    -0.02672862820327282,
    0.016514724120497704,
    -0.04465996101498604,
    0.013661506585776806,
    0.0027341872919350863,
    0.06977459788322449,
    0.08970790356397629,
    0.05327441915869713,
    -0.011223907582461834,
    -0.025697115808725357,
    0.002358335768803954,
    0.025867970660328865,
    -0.02934030257165432,
    0.009275014512240887,
    0.01899775303900242,
    0.012479019351303577,
    -0.06637807935476303,
    -0.014161094091832638,
    -0.04335346445441246,
    -0.003407283453270793,
    0.016943586990237236,
    0.0017971459310501814,
    -0.028319362550973892,
    0.011054235510528088,
    0.01494680717587471,
    0.03904086351394653,
    -0.021711790934205055,
    0.02486494369804859,
    0.03680399805307388,
    -0.05092867836356163,
    -0.011246629059314728,
    0.0337124802172184,
    -0.012155982665717602,
    -0.0014981647254899144,
    -0.004942483268678188,
    -0.04248522222042084,
    0.010346511378884315,
    -0.045987170189619064,
    0.005577596370130777,
    0.01523696817457676,
