{
  "embedding_files": [
    "gt_217.1s_f41.jpg",
    "gt_117.2s_f33.jpg",
    "gt_324.5s_f115.jpg",
    "gt_215.4s_f20.jpg",
    "gt_248.1s_f40.jpg",
    "gt_275.0s_f64.jpg",
    "gt_312.9s_f346.jpg",
    "gt_344.4s_f393.jpg",
    "gt_377.1s_f444.jpg",
    "gt_393.1s_f468.jpg"
  ],
  "backup_files": [],
  "scores": {
    "gt_217.1s_f41.jpg": 141.8268,
    "gt_117.2s_f33.jpg": 88.1906,
    "gt_324.5s_f115.jpg": 63.8883
  },
  "approved_files": [
    "gt_217.1s_f41.jpg",
    "gt_117.2s_f33.jpg",
    "gt_324.5s_f115.jpg",
    "gt_215.4s_f20.jpg",
    "gt_248.1s_f40.jpg",
    "gt_275.0s_f64.jpg",
    "gt_312.9s_f346.jpg",
    "gt_344.4s_f393.jpg",
    "gt_377.1s_f444.jpg",
    "gt_393.1s_f468.jpg"
  ],
  "mean_embedding": [
    -0.06019498407840729,
    0.011771950870752335,
    -0.0033906027674674988,
    -0.07661838084459305,
    0.04908648505806923,
    -0.005383328069001436,
    -0.028159718960523605,
    0.05806444212794304,
    0.008347908034920692,
    0.058036498725414276,
    0.03288690000772476,
    0.05658417567610741,
    -0.06129531189799309,
    -0.05073658004403114,
    -0.0330992266535759,
    0.05205519497394562,
    -0.014440265484154224,
    0.013015152886509895,
    0.047586243599653244,
    -0.014483514241874218,
    0.049756888300180435,
    -0.01710374467074871,
    0.0411832295358181,
    -0.048409055918455124,
    0.01622261106967926,
    -0.0014954438665881753,
    0.050948116928339005,
    -0.032019391655921936,
    0.005409471690654755,
    0.08297055214643478,
    0.0012710669543594122,
    0.024508578702807426,
    -0.04082475230097771,
    0.04224243760108948,
    0.10261248052120209,
    -0.018491830676794052,
    -0.0027485638856887817,
    0.027881914749741554,
    0.06781501322984695,
    0.030089423060417175,
    0.051571138203144073,
    -0.02700147032737732,
    -0.04496987536549568,
    0.050717223435640335,
    0.014509005472064018,
    -0.04338045418262482,
    -0.014613980427384377,
    -0.02065536566078663,
    0.014516143128275871,
    -0.015127432532608509,
    -0.00037873812834732234,
    0.07793636620044708,
    -0.03330928459763527,
    0.01159229688346386,
    0.02742638625204563,
    0.02498774230480194,
    -0.005690508522093296,
    -0.0784662738442421,
    -0.05053336173295975,
    -0.02090497687458992,
    0.010892179794609547,
    -0.018485095351934433,
    -0.06021680310368538,
    0.09552013874053955,
    0.074934221804142,
    0.026800965890288353,
    0.01575016789138317,
    -0.036948297172784805,
    -0.042823947966098785,
    0.008382681757211685,
    -0.014792384579777718,
    -0.020296480506658554,
    0.023599762469530106,
    -0.023766569793224335,
    -0.030553849413990974,
    -0.06222658231854439,
    0.013207214884459972,
    -0.022962460294365883,
    0.012463631108403206,
    0.09165497124195099,
    -0.01746058650314808,
    0.00018369896861258894,
    -0.006208749953657389,
    0.04794320464134216,
    0.05550563707947731,
    0.018170688301324844,
    0.0284062959253788,
    -0.06287358701229095,
    -0.006805534940212965,
    0.10170222818851471,
    -0.06148608401417732,
    0.03137070685625076,
    0.01660361886024475,
    -0.058977194130420685,
    0.08221790939569473,
    0.02533870004117489,
    -0.03433772549033165,
    -0.06507085263729095,
    -0.10586997866630554,
    0.0017829767893999815,
    0.0665544718503952,
    -0.08717211335897446,
    0.07206255197525024,
    0.05831247940659523,
    0.045333411544561386,
    0.018065886572003365,
    0.03303540125489235,
    -0.05397535488009453,
    -0.00915668997913599,
    0.03208967298269272,
    -0.057660095393657684,
    0.018724344670772552,
    0.028009792789816856,
    -0.026401087641716003,
    0.0008197560673579574,
    0.013016870245337486,
    -0.0013150438899174333,
    -0.06358686834573746,
    -0.002157574752345681,
    0.07066092640161514,
    -0.006813795305788517,
    0.026240333914756775,
    0.032598789781332016,
    -0.02731451392173767,
    0.03226758539676666,
    -0.013100570999085903,
    0.03503503277897835,
    0.0028184805996716022,
    -0.01089662779122591,
    -0.021694421768188477,
    0.004085037857294083,
    0.00318162702023983,
    -0.09836792200803757,
    0.018776526674628258,
    -0.01518414355814457,
    -0.021670997142791748,
    0.08275394886732101,
    0.00518003897741437,
    0.041673269122838974,
    -0.013505217619240284,
    -0.004279791843146086,
    0.014087234623730183,
    -0.01784193143248558,
    0.05991185083985329,
    0.028447041288018227,
    0.06389251351356506,
    0.014345965348184109,
    -0.021727632731199265,
    -0.11013045161962509,
    0.008903827518224716,
    0.002555594313889742,
    0.02502882108092308,
    -0.021179720759391785,
    0.08699183166027069,
    -0.031145453453063965,
    0.016875457018613815,
    0.0753488689661026,
    -0.023388158529996872,
    0.032203271985054016,
    0.011200785636901855,
    -0.00642732298001647,
    0.033457234501838684,
    -0.0008628737996332347,
    -0.003993022255599499,
    -0.006754225119948387,
    0.02719503827393055,
    -0.01996692456305027,
    -0.023348763585090637,
    -0.11325827240943909,
    -0.06986167281866074,
    -0.00788109004497528,
    0.04566345363855362,
    0.040832579135894775,
    0.0534837506711483,
    -0.023496821522712708,
    -0.029719293117523193,
    -0.04218405485153198,
    0.00476185092702508,
    0.048194464296102524,
    -0.004016488790512085,
    0.02109801396727562,
    -0.033993471413850784,
    -0.11347169429063797,
    -0.04289206489920616,
    -0.03263624384999275,
    -0.03313747048377991,
    -0.009544095024466515,
    -0.004025568254292011,
    0.06081794202327728,
    0.07067551463842392,
    -0.007887131534516811,
    -0.0133957015350461,
    -0.045360781252384186,
    0.03107651323080063,
    -0.012346645817160606,
    -0.03995300829410553,
    0.05780364200472832,
    -0.01862560398876667,
    0.005452351178973913,
    -0.0649389922618866,
    -0.007430804893374443,
    -0.06612592190504074,
    0.07569852471351624,
    0.10679201781749725,
    0.009310231544077396,
    0.016073688864707947,
    0.051973938941955566,
    -0.063743457198143,
    -0.015068892389535904,
    -0.08422773331403732,
    -0.030059706419706345,
    0.10228350758552551,
    -0.06867717206478119,
    0.015068400651216507,
    -0.011075968854129314,
    0.03685614466667175,
    -0.024623360484838486,
    -0.033470410853624344,
    -0.010810870677232742,
    0.017947256565093994,
    0.015200958587229252,
    0.0891757383942604,
    -0.0346093587577343,
    0.0030301876831799746,
    -0.005204983055591583,
    -0.11164820939302444,
    -0.03906959295272827,
    0.06809131056070328,
    0.06345831602811813,
    0.011546178720891476,
    0.06975829601287842,
    -0.030245205387473106,
    -0.04445626586675644,
    -0.002947345608845353,
    0.08855648338794708,
    0.0007177185616455972,
    0.03979937359690666,
    -0.027837568894028664,
    -0.02157849632203579,
    -0.026737403124570847,
    0.016512302681803703,
    -0.04465785622596741,
    0.013659064657986164,
    0.0027319882065057755,
    0.06977083534002304,
    0.08971190452575684,
    0.053276047110557556,
    -0.0112271998077631,
    -0.025705697014927864,
    0.002359436359256506,
    0.025876084342598915,
    -0.029344046488404274,
    0.009270397014915943,
    0.018992815166711807,
    0.012482238933444023,
    -0.06638020277023315,
    -0.014156472869217396,
    -0.04334458336234093,
    -0.003412948688492179,
    0.01694107986986637,
    0.0018023744923993945,
    -0.028324225917458534,
    0.01106258574873209,
    0.01494983397424221,
    0.03904014453291893,
    -0.021716449409723282,
    0.02485620602965355,
    0.03679606318473816,
    -0.05092315003275871,
    -0.01123661920428276,
    0.033711690455675125,
    -0.012143340893089771,
    -0.001495025004260242,
    -0.004954134114086628,
    -0.04248084872961044,
    0.010346350260078907,
    -0.04599855840206146,
    0.005583807360380888,
    0.015251952223479748,
