{
  "embedding_files": [
    "gt_217.1s_f40.jpg",
    "gt_117.2s_f8.jpg",
    "gt_324.5s_f84.jpg",
    "new_1776234311011_gt_184.5s_f37.jpg",
    "new_1776234311011_gt_2.1s_f16.jpg"
  ],
  "backup_files": [
    "new_1776234311011_gt_383.1s_f52.jpg",
    "new_1776234311011_gt_933.4s_f132.jpg"
  ],
  "scores": {
    "gt_217.1s_f40.jpg": 19.5239,
    "gt_117.2s_f8.jpg": 13.7248,
    "gt_324.5s_f84.jpg": 11.159
  },
  "approved_files": [
    "gt_217.1s_f40.jpg",
    "gt_117.2s_f8.jpg",
    "gt_324.5s_f84.jpg",
    "new_1776234311011_gt_184.5s_f37.jpg",
    "new_1776234311011_gt_2.1s_f16.jpg",
    "new_1776234311011_gt_383.1s_f52.jpg",
    "new_1776234311011_gt_933.4s_f132.jpg"
  ],
  "mean_embedding": [
    0.0016805266495794058,
    0.06928026676177979,
    -0.03088427148759365,
    0.0037014896515756845,
    -0.0018635231535881758,
    0.0030891508795320988,
    -0.006676166318356991,
    0.05336666479706764,
    -0.018972167745232582,
    0.059229400008916855,
    0.0034710776526480913,
    0.011581250466406345,
    -0.01674637198448181,
    -0.014821261167526245,
    0.07123637944459915,
    0.010764614678919315,
    0.022489750757813454,
    0.06851533055305481,
    0.01945464126765728,
    0.00999011006206274,
    -0.004264021757990122,
    0.012803923338651657,
    -0.027214400470256805,
    0.01902281865477562,
    0.06224861741065979,
    -0.06715117394924164,
    -0.07703118771314621,
    -0.04860808700323105,
    0.02928771823644638,
    0.015261691063642502,
    -0.07125652581453323,
    0.036667853593826294,
    0.011679468676447868,
    0.10311506688594818,
    0.05647072568535805,
    0.030834540724754333,
    -0.038110457360744476,
    -0.03639262542128563,
    0.012853379361331463,
    -0.029872486367821693,
    -0.025967365130782127,
    0.017510483041405678,
    0.008169181644916534,
    -0.027568722143769264,
    -0.046252764761447906,
    0.050620611757040024,
    -0.020841175690293312,
    -0.030065709725022316,
    0.06568115949630737,
    -0.0036612844560295343,
    -0.020672408863902092,
    0.07543636858463287,
    0.009942077100276947,
    -0.0027685118839144707,
    0.027522794902324677,
    0.0054208361543715,
    -0.01704203151166439,
    -0.0972026139497757,
    -0.004879978019744158,
    -0.005251482129096985,
    -0.023579608649015427,
    -0.03279401734471321,
    0.039947107434272766,
    0.049888886511325836,
    0.03177551180124283,
    -0.06300069391727448,
    0.02417619712650776,
    0.02876640483736992,
    0.013465709052979946,
    0.02117750234901905,
    -0.026887934654951096,
    0.006007148418575525,
    -0.007109381258487701,
    -0.07894539833068848,
    -0.003074735403060913,
    -0.03669590502977371,
    0.020168395712971687,
    0.03697622939944267,
    -0.00621056230738759,
    -0.02078862488269806,
    0.06579214334487915,
    -0.03501478582620621,
    -0.03607429936528206,
    -0.044640276581048965,
    0.0020981987472623587,
    0.05850556492805481,
    -0.021094217896461487,
    -0.04759244620800018,
    0.008033921010792255,
    0.011783561669290066,
    -0.010022057220339775,
    0.07864058017730713,
    -0.04520696401596069,
    -0.01236071065068245,
    -0.08825414627790451,
    0.03605228289961815,
    -0.008596057072281837,
    0.042381059378385544,
    0.05769560858607292,
    0.020452871918678284,
    -0.0519353523850441,
    0.028708023950457573,
    0.05867583677172661,
    0.008215141482651234,
    0.04415598511695862,
    -0.08762118965387344,
    0.022092290222644806,
    -0.10371365398168564,
    -0.04490157961845398,
    0.0019161758245900273,
    0.032654523849487305,
    0.02129419334232807,
    -0.025486096739768982,
    0.04221465438604355,
    0.0052154287695884705,
    0.006566416472196579,
    -0.00643081683665514,
    0.0709618404507637,
    0.00034815791877917945,
    0.06808794289827347,
    -0.002708002459257841,
    0.03320777788758278,
    0.08157623559236526,
    0.006237260065972805,
    -0.03267476707696915,
    0.011378156952559948,
    0.019809531047940254,
    0.057821787893772125,
    0.025037888437509537,
    -0.021801402792334557,
    -0.06160034239292145,
    0.043736644089221954,
    -0.055894412100315094,
    -0.06006394326686859,
    -0.008439905941486359,
    -0.0790867730975151,
    -0.0034911681432276964,
    -0.05418337509036064,
    -0.03313067927956581,
    -0.00214625196531415,
    0.007542312145233154,
    0.0363168828189373,
    0.023459626361727715,
    0.12296613305807114,
    -0.02733888477087021,
    -0.05001461133360863,
    0.04336046054959297,
    -0.06063002347946167,
    -0.0012969215167686343,
    0.029382379725575447,
    -0.03773995488882065,
    -0.08004927635192871,
    -0.0022440520115196705,
    -0.04567578434944153,
    -0.004967378452420235,
    0.026105081662535667,
    0.014450613409280777,
    -0.018263936042785645,
    0.02687768265604973,
    0.07084421068429947,
    0.09064725041389465,
    0.04852628707885742,
    0.08215930312871933,
    -0.006791926454752684,
    -0.13586142659187317,
    0.055241700261831284,
    -0.0680205300450325,
    -0.07039161771535873,
    -0.02784399315714836,
    0.04583975672721863,
    0.06264836341142654,
    -0.01764562353491783,
    -0.017118435353040695,
    -0.06369296461343765,
    -0.08070538192987442,
    -0.04450395330786705,
    0.058277275413274765,
    -0.043692026287317276,
    -0.029404286295175552,
    -0.08693981915712357,
    -0.05598984286189079,
    0.011399553157389164,
    0.0015571098774671555,
    -0.11812219023704529,
    -0.04767755791544914,
    -0.02723444066941738,
    0.02171008475124836,
    0.02020811289548874,
    0.043024785816669464,
    0.05631975457072258,
    -0.02783624269068241,
    9.293156836065464e-06,
    0.11002808064222336,
    0.0075086187571287155,
    -0.029260622337460518,
    0.02130887471139431,
    0.06318575143814087,
    -0.0101495161652565,
    -0.02291756309568882,
    -0.05730924382805824,
    0.010922295041382313,
    -0.09163670241832733,
    -0.11038801074028015,
    0.007779757026582956,
    0.04273197427392006,
    0.027203189209103584,
    -0.016123000532388687,
    -0.02148568257689476,
    0.05628124251961708,
    0.019154170528054237,
    0.02207084745168686,
    -0.01589927263557911,
    0.039774030447006226,
    0.03372994065284729,
    -0.031687453389167786,
    -0.03024035133421421,
    0.00516184838488698,
    0.015165863558650017,
    -0.013138815760612488,
    -0.06494413316249847,
    0.05753115564584732,
    0.001878688228316605,
    0.032766472548246384,
    -0.06354857981204987,
    0.025947170332074165,
    0.010638171806931496,
    0.07308851182460785,
    0.006321680266410112,
    -0.046761710196733475,
    -0.01634998805820942,
    0.08156274259090424,
    -0.07401379197835922,
    -0.05101277306675911,
    0.025952065363526344,
    -0.07954315841197968,
    0.08221922814846039,
    0.052217405289411545,
    -0.06740939617156982,
    0.03342203050851822,
    0.01123233325779438,
    0.045849815011024475,
    -0.07060741633176804,
    0.02730545960366726,
    0.004005468916147947,
    0.032453373074531555,
    -0.12891706824302673,
    0.05994776263833046,
    0.002730721840634942,
    0.0007109518628567457,
    0.0006908028153702617,
    0.03619874268770218,
    -0.07780229300260544,
    0.01543522160500288,
    -0.02755286730825901,
    0.019620265811681747,
    0.07019145786762238,
    0.02246016263961792,
    0.06329327821731567,
    -0.04648331180214882,
    -0.03377959877252579,
    -0.01275084912776947,
    -0.008380910381674767,
    0.06723475456237793,
    0.024583864957094193,
    -0.01351751759648323,
    0.016621120274066925,
    -0.018360141664743423,
    -0.01169204618781805,
    -0.027406463399529457,
    -0.09004165977239609,
    -0.03999713808298111,
    -0.0752185732126236,
    0.029697386547923088,
    -0.02105918899178505,
    -0.00244777905754745,
    0.004963712766766548,
    -0.04553459957242012,
    -0.04061650484800339,
    0.037623703479766846,
    0.007828731089830399,
