{
  "embedding_files": [
    "gt_300.2s_f39.jpg",
    "gt_750.2s_f147.jpg",
    "gt_399.0s_f60.jpg",
    "gt_658.0s_f118.jpg",
    "gt_499.6s_f78.jpg",
    "gt_107.2s_f57.jpg",
    "gt_138.2s_f97.jpg",
    "gt_215.4s_f17.jpg",
    "gt_248.1s_f34.jpg",
    "gt_275.0s_f63.jpg",
    "gt_73.2s_f18.jpg",
    "gt_91.9s_f41.jpg"
  ],
  "backup_files": [
    "gt_579.2s_f99.jpg"
  ],
  "scores": {
    "gt_658.0s_f118.jpg": 15.8153,
    "gt_499.6s_f78.jpg": 14.6947,
    "gt_579.2s_f99.jpg": 9.0897,
    "gt_300.2s_f39.jpg": 19.2584,
    "gt_750.2s_f147.jpg": 17.2165,
    "gt_399.0s_f60.jpg": 15.9505
  },
  "approved_files": [
    "gt_300.2s_f39.jpg",
    "gt_750.2s_f147.jpg",
    "gt_399.0s_f60.jpg",
    "gt_658.0s_f118.jpg",
    "gt_499.6s_f78.jpg",
    "gt_579.2s_f99.jpg",
    "gt_107.2s_f57.jpg",
    "gt_138.2s_f97.jpg",
    "gt_215.4s_f17.jpg",
    "gt_248.1s_f34.jpg",
    "gt_275.0s_f63.jpg",
    "gt_73.2s_f18.jpg",
    "gt_91.9s_f41.jpg"
  ],
  "mean_embedding": [
    0.018852898851037025,
    -0.03484390676021576,
    0.019015131518244743,
    -0.008796554058790207,
    -0.0036507227923721075,
    -0.0383266918361187,
    0.05617080628871918,
    0.045567598193883896,
    -0.07921183854341507,
    0.0024753562174737453,
    0.03136368840932846,
    -0.05996716022491455,
    0.010513820685446262,
    0.05139169096946716,
    0.0038424506783485413,
    -0.010687327943742275,
    0.042119912803173065,
    0.11847825348377228,
    -0.04787131026387215,
    -0.07676395773887634,
    -0.04935666173696518,
    -0.04105949401855469,
    0.04171249642968178,
    -0.011101603507995605,
    0.05866958573460579,
    0.015754954889416695,
    0.02405586652457714,
    -0.05311087518930435,
    0.011309643276035786,
    0.028461715206503868,
    -0.0011150067439302802,
    0.011653558351099491,
    -0.05307735130190849,
    -0.03331640735268593,
    0.01967240497469902,
    0.08706630766391754,
    0.06551972031593323,
    0.03266078233718872,
    0.016826143488287926,
    0.01131859328597784,
    -0.05994192883372307,
    -0.035860978066921234,
    -0.07989095151424408,
    -0.07393655925989151,
    -0.029104849323630333,
    0.009823071770370007,
    -0.0017959220567718148,
    0.02637913078069687,
    0.007371353451162577,
    0.030056359246373177,
    0.006641267798841,
    0.009124334901571274,
    0.06031004711985588,
    0.09327086806297302,
    0.034147486090660095,
    -0.07857906818389893,
    0.0524882972240448,
    0.06502259522676468,
    0.005686589982360601,
    0.04350610822439194,
    0.036319877952337265,
    -0.03170520067214966,
    -0.02509813755750656,
    0.03184332698583603,
    -0.013492525555193424,
    0.09090223163366318,
    0.019577139988541603,
    -0.06694645434617996,
    -0.03289423882961273,
    0.02346927300095558,
    0.0372060090303421,
    -0.0633874163031578,
    0.0409364253282547,
    0.0012898319400846958,
    -0.09570646286010742,
    0.016500554978847504,
    -0.06453772634267807,
    -0.03149237111210823,
    -0.013115905225276947,
    0.017023378983139992,
    0.01137499138712883,
    -0.060447242110967636,
    -0.009561566635966301,
    -0.0422520749270916,
    0.0985322818160057,
    0.011086972430348396,
    0.05669042095541954,
    0.05420515686273575,
    0.04246733710169792,
    0.030461033806204796,
    -0.01836714707314968,
    0.013652527704834938,
    0.003944552503526211,
    -0.031456273049116135,
    0.04461953416466713,
    0.06338842213153839,
    -0.01506046298891306,
    -0.010841364040970802,
    0.023957226425409317,
    -0.008867516182363033,
    0.009659486822783947,
    0.043173179030418396,
    -0.018048197031021118,
    0.0435507707297802,
    -0.04989849030971527,
    -0.009768753312528133,
    -0.06569723039865494,
    -0.025297200307250023,
    -0.05648144707083702,
    0.015815814957022667,
    0.009814536198973656,
    -0.023854108527302742,
    0.011743679642677307,
    0.004463854245841503,
    0.03318331390619278,
    -0.04727228730916977,
    0.028079167008399963,
    -0.03613649308681488,
    -0.022332604974508286,
    0.026245666667819023,
    0.02528122253715992,
    0.030454715713858604,
    0.011014913208782673,
    -0.03381902351975441,
    0.015839725732803345,
    -0.07686246931552887,
    -0.13503772020339966,
    -0.00987858884036541,
    0.056978337466716766,
    0.037050142884254456,
    -0.007861150428652763,
    0.009483156725764275,
    0.016737766563892365,
    -0.05725009739398956,
    0.06231389194726944,
    -0.027077067643404007,
    -0.016780070960521698,
    -0.019893869757652283,
    0.043495845049619675,
    -0.013922587037086487,
    0.03190593048930168,
    0.0625038743019104,
    -0.022753436118364334,
    -0.03931271657347679,
    -0.0437881276011467,
    0.07833226770162582,
    -0.0041635045781731606,
    0.007329994812607765,
    -0.07056105136871338,
    0.058348532766103745,
    -0.0012374862562865019,
    0.03268950432538986,
    0.0014337380416691303,
    0.006280559115111828,
    0.0509314201772213,
    -0.052383966743946075,
    -0.010073216632008553,
    0.047742411494255066,
    0.004799330607056618,
    -0.025668354704976082,
    0.0008747394313104451,
    0.017650436609983444,
    0.03436026722192764,
    0.016635386273264885,
    0.007530967704951763,
    -0.007607479579746723,
    0.015916891396045685,
    0.028604963794350624,
    -0.03961773216724396,
    0.012294015847146511,
    0.01797790452837944,
    -0.04215369001030922,
    0.08444530516862869,
    -0.02775397337973118,
    -0.048227764666080475,
    -0.028952419757843018,
    -0.004697966389358044,
    -0.03698403015732765,
    0.04603353142738342,
    0.04132797196507454,
    -0.03234929218888283,
    -0.013533915393054485,
    0.023218313232064247,
    -0.018767761066555977,
    -0.0062224240973591805,
    0.01563609018921852,
    -0.02098076231777668,
    0.05843597650527954,
    0.03477158397436142,
    0.021626360714435577,
    0.03862275183200836,
    -0.017943283542990685,
    0.028643561527132988,
    0.02081221528351307,
    -0.025898698717355728,
    -0.03710441291332245,
    -0.012423206120729446,
    0.009383058175444603,
    -0.06574796140193939,
    0.015033763833343983,
    -0.039596568793058395,
    -0.09424611181020737,
    -0.020870579406619072,
    0.002033788478001952,
    -0.012977386824786663,
    0.028089573606848717,
    -0.04427462816238403,
    -0.010780008509755135,
    -0.06230790540575981,
    -0.01321687176823616,
    -0.01788490265607834,
    -0.010477440431714058,
    0.017629006877541542,
    0.04021698981523514,
    -0.030715515837073326,
    0.05002756789326668,
    0.00239281402900815,
    -0.04501105472445488,
    -0.035820670425891876,
    0.000964211008977145,
    -0.06691013276576996,
    0.0707281306385994,
    -0.0961545780301094,
    -0.019335968419909477,
    -0.021476291120052338,
    -0.015959590673446655,
    0.06940104812383652,
    -0.06334669888019562,
    0.05278737097978592,
    0.07898129522800446,
    0.07638446986675262,
    -0.028585370630025864,
    0.06622160226106644,
    -0.002260365057736635,
    0.018638884648680687,
    0.009432312101125717,
    0.01137489639222622,
    0.07047571986913681,
    -0.02245394140481949,
    0.04217713698744774,
    0.0386517159640789,
    -0.05839318782091141,
    -0.02464638464152813,
    -0.028136204928159714,
    -0.01548617985099554,
    0.025009265169501305,
    -0.021056512370705605,
    -0.018030816689133644,
    -0.08896403759717941,
    -0.081366166472435,
    0.003059782786294818,
    -0.020513365045189857,
    -0.04284735396504402,
    0.015092747285962105,
    -0.07271434366703033,
    0.014933467842638493,
    0.014628217555582523,
    0.030107911676168442,
    0.017445016652345657,
    0.026131268590688705,
    -0.012723694555461407,
    -0.09434270113706589,
    0.04437921196222305,
    -0.0037099102046340704,
    -0.04869828745722771,
    -0.00753062916919589,
    0.010801992379128933,
    -0.022300980985164642,
    0.04941239953041077,
    -0.01491632405668497,
