{
  "embedding_files": [
    "gt_300.2s_f39.jpg",
    "gt_750.2s_f147.jpg",
    "gt_399.0s_f60.jpg",
    "gt_658.0s_f118.jpg",
    "gt_499.6s_f78.jpg",
    "gt_107.2s_f57.jpg",
    "gt_138.2s_f97.jpg",
    "gt_215.4s_f17.jpg",
    "gt_248.1s_f34.jpg",
    "gt_275.0s_f63.jpg",
    "gt_73.2s_f18.jpg",
    "gt_91.9s_f41.jpg"
  ],
  "backup_files": [
    "gt_579.2s_f99.jpg"
  ],
  "scores": {
    "gt_658.0s_f118.jpg": 15.8153,
    "gt_499.6s_f78.jpg": 14.6947,
    "gt_579.2s_f99.jpg": 9.0897,
    "gt_300.2s_f39.jpg": 19.2584,
    "gt_750.2s_f147.jpg": 17.2165,
    "gt_399.0s_f60.jpg": 15.9505
  },
  "approved_files": [
    "gt_300.2s_f39.jpg",
    "gt_750.2s_f147.jpg",
    "gt_399.0s_f60.jpg",
    "gt_658.0s_f118.jpg",
    "gt_499.6s_f78.jpg",
    "gt_579.2s_f99.jpg",
    "gt_107.2s_f57.jpg",
    "gt_138.2s_f97.jpg",
    "gt_215.4s_f17.jpg",
    "gt_248.1s_f34.jpg",
    "gt_275.0s_f63.jpg",
    "gt_73.2s_f18.jpg",
    "gt_91.9s_f41.jpg"
  ],
  "mean_embedding": [
    0.018854834139347076,
    -0.034859661012887955,
    0.01901177503168583,
    -0.008798390626907349,
    -0.00364010501652956,
    -0.03833210468292236,
    0.056166622787714005,
    0.04556896165013313,
    -0.07920722663402557,
    0.0024621416814625263,
    0.03136047348380089,
    -0.059974830597639084,
    0.01052127592265606,
    0.051406897604465485,
    0.003840712131932378,
    -0.010678127408027649,
    0.042115941643714905,
    0.11845318228006363,
    -0.047868143767118454,
    -0.07675284892320633,
    -0.049354858696460724,
    -0.04104513302445412,
    0.04169926047325134,
    -0.01109552476555109,
    0.05867104232311249,
    0.015750661492347717,
    0.024055099114775658,
    -0.053088195621967316,
    0.01133017335087061,
    0.02846929058432579,
    -0.0011213254183530807,
    0.011652475222945213,
    -0.05306055024266243,
    -0.033336568623781204,
    0.019690755754709244,
    0.0870678573846817,
    0.06549769639968872,
    0.03266597166657448,
    0.016843434423208237,
    0.011319364421069622,
    -0.059936460107564926,
    -0.03585772588849068,
    -0.07990263402462006,
    -0.07393068075180054,
    -0.02911195158958435,
    0.009819009341299534,
    -0.0017830574652180076,
    0.026389753445982933,
    0.007368611171841621,
    0.030040662735700607,
    0.006644566077739,
    0.009128499776124954,
    0.06030881777405739,
    0.09326760470867157,
    0.03414277732372284,
    -0.07855812460184097,
    0.05248555541038513,
    0.06501717865467072,
    0.005678990855813026,
    0.04352092370390892,
    0.036323174834251404,
    -0.03169660642743111,
    -0.025104112923145294,
    0.03185931220650673,
    -0.013493024744093418,
    0.09089886397123337,
    0.01956872083246708,
    -0.06694746762514114,
    -0.032914627343416214,
    0.023468324914574623,
    0.03719247505068779,
    -0.06338326632976532,
    0.040928758680820465,
    0.001290634972974658,
    -0.09569760411977768,
    0.016499945893883705,
    -0.06454339623451233,
    -0.03149280324578285,
    -0.013114726170897484,
    0.017039071768522263,
    0.01138523779809475,
    -0.06042786315083504,
    -0.009549818001687527,
    -0.04225926846265793,
    0.09852851182222366,
    0.011080930009484291,
    0.05667983740568161,
    0.05419468879699707,
    0.04245585948228836,
    0.030460068956017494,
    -0.018361687660217285,
    0.013658753596246243,
    0.003955917898565531,
    -0.031459610909223557,
    0.04462236911058426,
    0.0633806437253952,
    -0.015059021301567554,
    -0.010837799869477749,
    0.023978790268301964,
    -0.008872502483427525,
    0.009658962488174438,
    0.04316628351807594,
    -0.018049702048301697,
    0.04357078671455383,
    -0.04990627244114876,
    -0.009762120433151722,
    -0.06572052836418152,
    -0.025301003828644753,
    -0.05646701902151108,
    0.01582500897347927,
    0.009820938110351562,
    -0.02385532297194004,
    0.011766104958951473,
    0.004448451101779938,
    0.03319748863577843,
    -0.04727344959974289,
    0.028071343898773193,
    -0.03615480661392212,
    -0.02236122637987137,
    0.026266444474458694,
    0.025260934606194496,
    0.030481770634651184,
    0.01101807039231062,
    -0.03382814675569534,
    0.015827305614948273,
    -0.07686346024274826,
    -0.13504137098789215,
    -0.009859050624072552,
    0.05700170248746872,
    0.03705369308590889,
    -0.00786897074431181,
    0.009483174420893192,
    0.016744067892432213,
    -0.05725022777915001,
    0.06229616329073906,
    -0.027083218097686768,
    -0.01677313633263111,
    -0.01988968998193741,
    0.04350484535098076,
    -0.013906363397836685,
    0.03191077336668968,
    0.0624966137111187,
    -0.02275671437382698,
    -0.03931340575218201,
    -0.04377910867333412,
    0.07832727581262589,
    -0.004148817155510187,
    0.007325810845941305,
    -0.07056929916143417,
    0.05834537371993065,
    -0.0012235000031068921,
    0.032673902809619904,
    0.0014342052163556218,
    0.006277244072407484,
    0.05093720182776451,
    -0.05238191783428192,
    -0.010074160993099213,
    0.04775781184434891,
    0.004822215531021357,
    -0.025666385889053345,
    0.0008848736761137843,
    0.01764414831995964,
    0.0343511588871479,
    0.01664092391729355,
    0.007541470229625702,
    -0.007607090286910534,
    0.01591743342578411,
    0.028610993176698685,
    -0.03962814435362816,
    0.012307168915867805,
    0.017983773723244667,
    -0.04213521257042885,
    0.08445654064416885,
    -0.027762841433286667,
    -0.04822360724210739,
    -0.028937993571162224,
    -0.004686713218688965,
    -0.03698747605085373,
    0.04601950943470001,
    0.04132600873708725,
    -0.032342419028282166,
    -0.013544338755309582,
    0.023218560963869095,
    -0.01874646171927452,
    -0.0062310583889484406,
    0.015642628073692322,
    -0.020971722900867462,
    0.058458466082811356,
    0.03478125110268593,
    0.021627312526106834,
    0.03861124813556671,
    -0.01794321835041046,
    0.0286199152469635,
    0.020831989124417305,
    -0.025896579027175903,
    -0.037101615220308304,
    -0.01240970753133297,
    0.009382273070514202,
    -0.06576130539178848,
    0.015028134919703007,
    -0.039585039019584656,
    -0.09424307197332382,
    -0.020859776064753532,
    0.002054207492619753,
    -0.012967965565621853,
    0.02809586562216282,
    -0.044266894459724426,
    -0.010794749483466148,
    -0.06232148036360741,
    -0.013229550793766975,
    -0.017899535596370697,
    -0.010484553873538971,
    0.01763215847313404,
    0.04021836072206497,
    -0.030727315694093704,
    0.050042152404785156,
    0.002391878282651305,
    -0.045004379004240036,
    -0.03582550585269928,
    0.0009721083333715796,
    -0.06691886484622955,
    0.07073809951543808,
    -0.09615280479192734,
    -0.01933511346578598,
    -0.02147681824862957,
    -0.01596697047352791,
    0.06939538568258286,
    -0.06337179988622665,
    0.05279666930437088,
    0.07898645848035812,
    0.07638068497180939,
    -0.028575267642736435,
    0.0662226751446724,
    -0.0022514970041811466,
    0.01863328367471695,
    0.009424257092177868,
    0.011377221904695034,
    0.07046465575695038,
    -0.022438978776335716,
    0.042157914489507675,
    0.038651637732982635,
    -0.05838523060083389,
    -0.02465806156396866,
    -0.028152287006378174,
    -0.01548269297927618,
    0.02502552978694439,
    -0.0210393276065588,
    -0.018022682517766953,
    -0.08896343410015106,
    -0.08137841522693634,
    0.0030461277347058058,
    -0.020513365045189857,
    -0.04283732920885086,
    0.015085102990269661,
    -0.07273031771183014,
    0.014951163902878761,
    0.014638309367001057,
    0.030110204592347145,
    0.017422983422875404,
    0.026125075295567513,
    -0.012702712789177895,
    -0.09434403479099274,
    0.044391416013240814,
    -0.0037153647281229496,
    -0.04869123175740242,
    -0.007523148320615292,
    0.010793831199407578,
    -0.022296665236353874,
    0.049428414553403854,
    -0.014910560101270676,
