{
  "embedding_files": [
    "gt_211.2s_f0.jpg",
    "gt_217.1s_f59.jpg",
    "gt_324.5s_f106.jpg",
    "gt_117.2s_f6.jpg",
    "gt_579.2s_f85.jpg",
    "gt_300.2s_f32.jpg",
    "gt_399.0s_f53.jpg",
    "gt_107.2s_f48.jpg",
    "gt_215.4s_f10.jpg",
    "gt_275.0s_f53.jpg",
    "gt_73.2s_f4.jpg",
    "gt_91.9s_f29.jpg"
  ],
  "backup_files": [],
  "scores": {
    "gt_217.1s_f59.jpg": 23.1144,
    "gt_324.5s_f106.jpg": 17.7615,
    "gt_117.2s_f6.jpg": 14.4601,
    "gt_211.2s_f0.jpg": 29.053,
    "gt_399.0s_f53.jpg": 6.3957,
    "gt_300.2s_f32.jpg": 6.3606,
    "gt_579.2s_f85.jpg": 6.7553
  },
  "approved_files": [
    "gt_217.1s_f59.jpg",
    "gt_324.5s_f106.jpg",
    "gt_117.2s_f6.jpg",
    "gt_211.2s_f0.jpg",
    "gt_300.2s_f32.jpg",
    "gt_399.0s_f53.jpg",
    "gt_579.2s_f85.jpg",
    "gt_107.2s_f48.jpg",
    "gt_215.4s_f10.jpg",
    "gt_275.0s_f53.jpg",
    "gt_73.2s_f4.jpg",
    "gt_91.9s_f29.jpg"
  ],
  "mean_embedding": [
    0.0014062441186979413,
    -0.050801731646060944,
    -0.07387951016426086,
    0.01364856120198965,
    -0.03239245340228081,
    -0.0016684753354638815,
    0.05314357951283455,
    0.04456137865781784,
    0.017150208353996277,
    -0.04353221133351326,
    -0.00044712444650940597,
    -0.027668675407767296,
    -0.05959396809339523,
    -0.02648586593568325,
    -0.0018806983716785908,
    0.025948962196707726,
    -0.03600948303937912,
    -0.026616375893354416,
    -0.14501924812793732,
    -0.04168478026986122,
    -0.024528365582227707,
    0.02682078629732132,
    -0.01674805022776127,
    -0.0030586367938667536,
    -0.004750214517116547,
    -0.01950421743094921,
    -0.0638081356883049,
    -0.07186584919691086,
    0.02147434651851654,
    -0.07408036291599274,
    -0.07383856177330017,
    0.00933776143938303,
    -0.028778212144970894,
    0.016451306641101837,
    -0.060837581753730774,
    -0.030232826247811317,
    0.04106605798006058,
    0.03111586719751358,
    -0.08301245421171188,
    0.046266864985227585,
    -0.025685135275125504,
    -0.029098086059093475,
    -0.07016854733228683,
    -0.06934277713298798,
    0.017190715298056602,
    -0.031561411917209625,
    0.021793941035866737,
    0.056117597967386246,
    -0.02428792417049408,
    0.012833713553845882,
    0.044259797781705856,
    -0.007729224860668182,
    -0.021593311801552773,
    0.06984347105026245,
    0.06594716757535934,
    0.04093285650014877,
    0.032742470502853394,
    -0.02827506512403488,
    0.03111288696527481,
    -0.015046115964651108,
    0.0006183364894241095,
    0.06477849930524826,
    -0.010832482017576694,
    -0.04341188445687294,
    0.019171828404068947,
    0.004526463802903891,
    -0.042995721101760864,
    0.041495103389024734,
    0.031763799488544464,
    -0.028281187638640404,
    0.0387897714972496,
    -0.036079589277505875,
    -0.003953644074499607,
    0.015085358172655106,
    0.009131187573075294,
    -0.0031310319900512695,
    0.024967530742287636,
    0.04125610738992691,
    0.0733647346496582,
    0.020581645891070366,
    -0.012757252901792526,
    -0.04374872148036957,
    0.129796102643013,
    -0.05294911935925484,
    -0.02311280183494091,
    0.005396736785769463,
    -0.044452689588069916,
    -0.04852620139718056,
    0.009770900942385197,
    0.021119870245456696,
    0.06799144297838211,
    0.03879627212882042,
    0.023940453305840492,
    0.0232989601790905,
    -0.028061991557478905,
    -0.04869779571890831,
    -0.09577859193086624,
    -0.09268377721309662,
    -0.12086030840873718,
    -0.015694448724389076,
    -0.05569617822766304,
    -0.023713599890470505,
    0.058772869408130646,
    0.10333767533302307,
    0.04884517937898636,
    0.01708347536623478,
    -0.0006390999769791961,
    -0.06406106054782867,
    0.033788785338401794,
    0.05563362315297127,
    0.0137857086956501,
    -0.06829723715782166,
    -0.0010651870397850871,
    -0.05390867590904236,
    -0.059361908584833145,
    -0.05791708454489708,
    0.06498871743679047,
    -0.00020995044906158,
    -0.028077516704797745,
    -0.00012188401888124645,
    -0.020794114097952843,
    0.03558668494224548,
    0.06877727806568146,
    -0.021499864757061005,
    0.031473688781261444,
    -0.04059387743473053,
    0.012567223981022835,
    -0.011047559790313244,
    -0.012436175718903542,
    0.00781550258398056,
    0.016199925914406776,
    -0.028576096519827843,
    -0.014735707081854343,
    -0.050358038395643234,
    -0.025767948478460312,
    -0.007115503773093224,
    -0.0679304301738739,
    -0.030812963843345642,
    -0.08822707831859589,
    -0.029188938438892365,
    0.07047785818576813,
    0.03462044522166252,
    -0.06624621897935867,
    0.008052466437220573,
    0.005450447555631399,
    -0.015939753502607346,
    0.0231147650629282,
    0.022723186761140823,
    0.006608033552765846,
    0.017920875921845436,
    0.03655213490128517,
    -0.019270529970526695,
    0.00832961406558752,
    -0.09618951380252838,
    -0.03944648057222366,
    0.005724955350160599,
    0.0349537692964077,
    0.06121396645903587,
    -0.011596834287047386,
    0.06480615586042404,
    0.00921439379453659,
    -0.023774035274982452,
    0.016115138307213783,
    -0.03984192758798599,
    -0.09731651842594147,
    0.03569689765572548,
    0.007824511267244816,
    0.0630149319767952,
    -0.008725513704121113,
    -0.05751057341694832,
    -0.05444948002696037,
    -0.0010576295899227262,
    -0.028843875974416733,
    0.02511170133948326,
    0.05545985698699951,
    -0.06770292669534683,
    -0.012106449343264103,
    -0.0019100065110251307,
    -0.04590701684355736,
    0.03361198306083679,
    -0.07284490019083023,
    -0.053606607019901276,
    -0.024205978959798813,
    0.017802618443965912,
    0.043778449296951294,
    0.07921668887138367,
    0.027079595252871513,
    -0.06308844685554504,
    0.0010938209015876055,
    -0.04097616672515869,
    -0.04691970720887184,
    0.01743696630001068,
    -0.07151175290346146,
    0.02409404143691063,
    0.005548061337321997,
    -0.0653437152504921,
    0.08276962488889694,
    -0.051978446543216705,
    0.08258336782455444,
    0.020914793014526367,
    0.057449180632829666,
    -0.04535321146249771,
    -0.07616011053323746,
    -0.013709240593016148,
    0.08898301422595978,
    0.0026392373256385326,
    0.008466041646897793,
    0.01206191349774599,
    -0.08336716145277023,
    0.01010892353951931,
    0.01045962143689394,
    0.058482248336076736,
    0.01171051524579525,
    0.05332721769809723,
    -0.09416543692350388,
    0.023327460512518883,
    -0.036839667707681656,
    -0.005402097012847662,
    -0.018720386549830437,
    -0.0022809302899986506,
    -0.10807651281356812,
    -0.09879054129123688,
    0.013158592395484447,
    -0.00469120591878891,
    0.06898625940084457,
    0.01743733137845993,
    -0.018511926755309105,
    0.08243212103843689,
    -0.004726825747638941,
    -0.011713842861354351,
    -0.09476034343242645,
    0.02950742468237877,
    0.1705789417028427,
    -0.01664181426167488,
    0.036625687032938004,
    -0.03516210988163948,
    -0.026391450315713882,
    -0.04337255284190178,
    -0.012459170073270798,
    0.019838713109493256,
    -0.058821793645620346,
    -0.02838917262852192,
    -0.034185606986284256,
    -0.04520932957530022,
    -0.02789502590894699,
    -0.024119596928358078,
    -0.01536322571337223,
    -0.008579873479902744,
    -0.019697528332471848,
    -0.048729460686445236,
    0.052349936217069626,
    0.05856382101774216,
    0.09214875102043152,
    0.045707058161497116,
    -0.043154437094926834,
    0.07061607390642166,
    0.023388473317027092,
    -0.0006950281094759703,
    0.00575453694909811,
    0.026693563908338547,
    0.018263448029756546,
    -0.041829656809568405,
    -0.056955575942993164,
    -0.006504342425614595,
    -0.06209006905555725,
    0.030550068244338036,
    -0.0728657990694046,
    -0.014194865711033344,
    0.013540931046009064,
    0.08827834576368332,
